Start Time,End Time,Text,Cleaned Text,Cluster,Workflow Step
00:00:01.829000,00:00:01.839000,so in the series of learning object,series learning object,2,Context Setting
00:00:01.839000,00:00:03.669000,so in the series of learning object oriented programming in c plus plus from,series learning object oriented programming c plus plus,4,Recap
00:00:03.669000,00:00:03.679000,oriented programming in c plus plus from,oriented programming c plus plus,4,Recap
00:00:03.679000,00:00:05.590000,oriented programming in c plus plus from this video i'm going to start c plus,oriented programming c plus plus video im going start c plus,4,Recap
00:00:05.590000,00:00:05.600000,this video i'm going to start c plus,video im going start c plus,4,Recap
00:00:05.600000,00:00:07.110000,this video i'm going to start c plus plus programming language this video,video im going start c plus plus programming language video,4,Recap
00:00:07.110000,00:00:07.120000,plus programming language this video,plus programming language video,4,Recap
00:00:07.120000,00:00:09.030000,plus programming language this video will be about introduction to c plus,plus programming language video introduction c plus,4,Recap
00:00:09.030000,00:00:09.040000,will be about introduction to c plus,introduction c plus,4,Recap
00:00:09.040000,00:00:09.910000,will be about introduction to c plus plus,introduction c plus plus,4,Recap
00:00:09.910000,00:00:09.920000,plus,plus,4,Recap
00:00:09.920000,00:00:11.350000,plus in the previous videos till now we have,plus previous videos till,2,Context Setting
00:00:11.350000,00:00:11.360000,in the previous videos till now we have,previous videos till,2,Context Setting
00:00:11.360000,00:00:12.870000,in the previous videos till now we have discussed what is object oriented,previous videos till discussed object oriented,2,Context Setting
00:00:12.870000,00:00:12.880000,discussed what is object oriented,discussed object oriented,2,Context Setting
00:00:12.880000,00:00:14.789000,discussed what is object oriented programming how it is different from pop,discussed object oriented programming different pop,3,Transitions
00:00:14.789000,00:00:14.799000,programming how it is different from pop,programming different pop,3,Transitions
00:00:14.799000,00:00:17.269000,programming how it is different from pop processor oriented programming and,programming different pop processor oriented programming,3,Transitions
00:00:17.269000,00:00:17.279000,processor oriented programming and,processor oriented programming,3,Transitions
00:00:17.279000,00:00:19.990000,processor oriented programming and basic oops concept six concepts classes,processor oriented programming basic oops concept six concepts classes,0,Introduction
00:00:19.990000,00:00:20,basic oops concept six concepts classes,basic oops concept six concepts classes,0,Introduction
00:00:20,00:00:22.230000,basic oops concept six concepts classes objects abstraction encapsulation,basic oops concept six concepts classes objects abstraction encapsulation,0,Introduction
00:00:22.230000,00:00:22.240000,objects abstraction encapsulation,objects abstraction encapsulation,2,Context Setting
00:00:22.240000,00:00:24.230000,objects abstraction encapsulation inheritance polymorphism in brief we,objects abstraction encapsulation inheritance polymorphism brief,0,Introduction
00:00:24.230000,00:00:24.240000,inheritance polymorphism in brief we,inheritance polymorphism brief,0,Introduction
00:00:24.240000,00:00:26.470000,inheritance polymorphism in brief we have discussed these concepts right just,inheritance polymorphism brief discussed concepts right,0,Introduction
00:00:26.470000,00:00:26.480000,have discussed these concepts right just,discussed concepts right,6,Conclusion
00:00:26.480000,00:00:28.070000,have discussed these concepts right just to get you an overview about these oops,discussed concepts right get overview oops,0,Introduction
00:00:28.070000,00:00:28.080000,to get you an overview about these oops,get overview oops,0,Introduction
00:00:28.080000,00:00:29.589000,to get you an overview about these oops concepts not in detail in detail we'll,get overview oops concepts detail detail well,0,Introduction
00:00:29.589000,00:00:29.599000,concepts not in detail in detail we'll,concepts detail detail well,2,Context Setting
00:00:29.599000,00:00:31.750000,concepts not in detail in detail we'll discuss one by one in later videos right,concepts detail detail well discuss one one later videos right,2,Context Setting
00:00:31.750000,00:00:31.760000,discuss one by one in later videos right,discuss one one later videos right,6,Conclusion
00:00:31.760000,00:00:33.590000,discuss one by one in later videos right so this in this video we'll be,discuss one one later videos right video well,6,Conclusion
00:00:33.590000,00:00:33.600000,so this in this video we'll be,video well,2,Context Setting
00:00:33.600000,00:00:34.870000,so this in this video we'll be discussing,video well discussing,2,Context Setting
00:00:34.870000,00:00:34.880000,discussing,discussing,2,Context Setting
00:00:34.880000,00:00:36.709000,discussing some basic points so you can say,discussing basic points say,2,Context Setting
00:00:36.709000,00:00:36.719000,some basic points so you can say,basic points say,2,Context Setting
00:00:36.719000,00:00:38.630000,some basic points so you can say introduction to c plus plus programming,basic points say introduction c plus plus programming,4,Recap
00:00:38.630000,00:00:38.640000,introduction to c plus plus programming,introduction c plus plus programming,4,Recap
00:00:38.640000,00:00:39.670000,introduction to c plus plus programming language,introduction c plus plus programming language,4,Recap
00:00:39.670000,00:00:39.680000,language,language,2,Context Setting
00:00:39.680000,00:00:41.270000,language first of all why we need a programming,language first need programming,3,Transitions
00:00:41.270000,00:00:41.280000,first of all why we need a programming,first need programming,3,Transitions
00:00:41.280000,00:00:43.830000,first of all why we need a programming language see if you want to communicate,first need programming language see want communicate,3,Transitions
00:00:43.830000,00:00:43.840000,language see if you want to communicate,language see want communicate,2,Context Setting
00:00:43.840000,00:00:45.510000,language see if you want to communicate with your friend if you want to give,language see want communicate friend want give,2,Context Setting
00:00:45.510000,00:00:45.520000,with your friend if you want to give,friend want give,2,Context Setting
00:00:45.520000,00:00:47.029000,with your friend if you want to give some instruction to your friend like,friend want give instruction friend like,5,Practical Application
00:00:47.029000,00:00:47.039000,some instruction to your friend like,instruction friend like,5,Practical Application
00:00:47.039000,00:00:49.190000,some instruction to your friend like bring me a glass of water then you will,instruction friend like bring glass water,5,Practical Application
00:00:49.190000,00:00:49.200000,bring me a glass of water then you will,bring glass water,2,Context Setting
00:00:49.200000,00:00:51.430000,bring me a glass of water then you will say how do you communicate with your,bring glass water say communicate,2,Context Setting
00:00:51.430000,00:00:51.440000,say how do you communicate with your,say communicate,2,Context Setting
00:00:51.440000,00:00:52.470000,say how do you communicate with your friend,say communicate friend,2,Context Setting
00:00:52.470000,00:00:52.480000,friend,friend,2,Context Setting
00:00:52.480000,00:00:53.990000,friend maybe you will say a language that could,friend maybe say language could,2,Context Setting
00:00:53.990000,00:00:54,maybe you will say a language that could,maybe say language could,2,Context Setting
00:00:54,00:00:56.310000,maybe you will say a language that could be understood by your friend in hindi or,maybe say language could understood friend hindi,2,Context Setting
00:00:56.310000,00:00:56.320000,be understood by your friend in hindi or,understood friend hindi,2,Context Setting
00:00:56.320000,00:00:58.069000,be understood by your friend in hindi or english like panic a glass law or being,understood friend hindi english like panic glass law,5,Practical Application
00:00:58.069000,00:00:58.079000,english like panic a glass law or being,english like panic glass law,5,Practical Application
00:00:58.079000,00:01:00.549000,english like panic a glass law or being a glass of water right a language you,english like panic glass law glass water right language,5,Practical Application
00:01:00.549000,00:01:00.559000,a glass of water right a language you,glass water right language,6,Conclusion
00:01:00.559000,00:01:01.750000,a glass of water right a language you need to communicate with your friend,glass water right language need communicate friend,6,Conclusion
00:01:01.750000,00:01:01.760000,need to communicate with your friend,need communicate friend,3,Transitions
00:01:01.760000,00:01:03.910000,need to communicate with your friend right so same we cannot say like hey,need communicate friend right say like hey,6,Conclusion
00:01:03.910000,00:01:03.920000,right so same we cannot say like hey,right say like hey,6,Conclusion
00:01:03.920000,00:01:05.350000,right so same we cannot say like hey laptop please add two numbers the,right say like hey laptop please add two numbers,6,Conclusion
00:01:05.350000,00:01:05.360000,laptop please add two numbers the,laptop please add two numbers,2,Context Setting
00:01:05.360000,00:01:07.750000,laptop please add two numbers the numbers are five and four,laptop please add two numbers numbers five four,2,Context Setting
00:01:07.750000,00:01:07.760000,numbers are five and four,numbers five four,2,Context Setting
00:01:07.760000,00:01:09.270000,numbers are five and four please find out the number is even old,numbers five four please find number even old,2,Context Setting
00:01:09.270000,00:01:09.280000,please find out the number is even old,please find number even old,2,Context Setting
00:01:09.280000,00:01:10.789000,please find out the number is even old no computer is not able to understand,please find number even old computer able understand,2,Context Setting
00:01:10.789000,00:01:10.799000,no computer is not able to understand,computer able understand,2,Context Setting
00:01:10.799000,00:01:14.390000,no computer is not able to understand these things the language of computer is,computer able understand things language computer,2,Context Setting
00:01:14.390000,00:01:14.400000,these things the language of computer is,things language computer,2,Context Setting
00:01:14.400000,00:01:17.429000,these things the language of computer is binary language only zeros and ones,things language computer binary language zeros ones,2,Context Setting
00:01:17.429000,00:01:17.439000,binary language only zeros and ones,binary language zeros ones,2,Context Setting
00:01:17.439000,00:01:19.830000,binary language only zeros and ones so we have to say that thing in zeros,binary language zeros ones say thing zeros,2,Context Setting
00:01:19.830000,00:01:19.840000,so we have to say that thing in zeros,say thing zeros,2,Context Setting
00:01:19.840000,00:01:21.670000,so we have to say that thing in zeros and ones in binary language that,say thing zeros ones binary language,2,Context Setting
00:01:21.670000,00:01:21.680000,and ones in binary language that,ones binary language,2,Context Setting
00:01:21.680000,00:01:23.429000,and ones in binary language that computer can understand but we don't,ones binary language computer understand dont,2,Context Setting
00:01:23.429000,00:01:23.439000,computer can understand but we don't,computer understand dont,2,Context Setting
00:01:23.439000,00:01:27.350000,computer can understand but we don't know how to say it in zero and one right,computer understand dont know say zero one right,6,Conclusion
00:01:27.350000,00:01:27.360000,know how to say it in zero and one right,know say zero one right,6,Conclusion
00:01:27.360000,00:01:29.670000,know how to say it in zero and one right but yeah if there is someone between,know say zero one right yeah someone,6,Conclusion
00:01:29.670000,00:01:29.680000,but yeah if there is someone between,yeah someone,2,Context Setting
00:01:29.680000,00:01:33.030000,but yeah if there is someone between us and like our laptop who can convert,yeah someone us like laptop convert,5,Practical Application
00:01:33.030000,00:01:33.040000,us and like our laptop who can convert,us like laptop convert,5,Practical Application
00:01:33.040000,00:01:34.870000,us and like our laptop who can convert we are saying add two numbers the,us like laptop convert saying add two numbers,5,Practical Application
00:01:34.870000,00:01:34.880000,we are saying add two numbers the,saying add two numbers,2,Context Setting
00:01:34.880000,00:01:37.190000,we are saying add two numbers the numbers are five and four and that that,saying add two numbers numbers five four,2,Context Setting
00:01:37.190000,00:01:37.200000,numbers are five and four and that that,numbers five four,2,Context Setting
00:01:37.200000,00:01:39.350000,numbers are five and four and that that thing or that person the intermediate,numbers five four thing person intermediate,2,Context Setting
00:01:39.350000,00:01:39.360000,thing or that person the intermediate,thing person intermediate,2,Context Setting
00:01:39.360000,00:01:41.190000,thing or that person the intermediate can convert that thing into machine code,thing person intermediate convert thing machine code,2,Context Setting
00:01:41.190000,00:01:41.200000,can convert that thing into machine code,convert thing machine code,2,Context Setting
00:01:41.200000,00:01:43.910000,can convert that thing into machine code like zeros and ones and then give it to,convert thing machine code like zeros ones give,5,Practical Application
00:01:43.910000,00:01:43.920000,like zeros and ones and then give it to,like zeros ones give,5,Practical Application
00:01:43.920000,00:01:46.230000,like zeros and ones and then give it to you can say your computer then it would,like zeros ones give say computer would,5,Practical Application
00:01:46.230000,00:01:46.240000,you can say your computer then it would,say computer would,2,Context Setting
00:01:46.240000,00:01:48.389000,you can say your computer then it would be easy like a translator we have,say computer would easy like translator,5,Practical Application
00:01:48.389000,00:01:48.399000,be easy like a translator we have,easy like translator,5,Practical Application
00:01:48.399000,00:01:50.950000,be easy like a translator we have generally not we have but whenever some,easy like translator generally whenever,5,Practical Application
00:01:50.950000,00:01:50.960000,generally not we have but whenever some,generally whenever,2,Context Setting
00:01:50.960000,00:01:52.630000,generally not we have but whenever some delegates come from like,generally whenever delegates come like,5,Practical Application
00:01:52.630000,00:01:52.640000,delegates come from like,delegates come like,5,Practical Application
00:01:52.640000,00:01:54.550000,delegates come from like any other country then they come with,delegates come like country come,1,Step-by-Step Instruction
00:01:54.550000,00:01:54.560000,any other country then they come with,country come,1,Step-by-Step Instruction
00:01:54.560000,00:01:56.630000,any other country then they come with their translators,country come translators,1,Step-by-Step Instruction
00:01:56.630000,00:01:56.640000,their translators,translators,2,Context Setting
00:01:56.640000,00:01:58.230000,their translators like if we speak in hindi they can,translators like speak hindi,5,Practical Application
00:01:58.230000,00:01:58.240000,like if we speak in hindi they can,like speak hindi,5,Practical Application
00:01:58.240000,00:01:59.830000,like if we speak in hindi they can translate it in according to their,like speak hindi translate according,5,Practical Application
00:01:59.830000,00:01:59.840000,translate it in according to their,translate according,2,Context Setting
00:01:59.840000,00:02:01.030000,translate it in according to their language and,translate according language,2,Context Setting
00:02:01.030000,00:02:01.040000,language and,language,2,Context Setting
00:02:01.040000,00:02:02.789000,language and if russian comes then according to their,language russian comes according,2,Context Setting
00:02:02.789000,00:02:02.799000,if russian comes then according to their,russian comes according,2,Context Setting
00:02:02.799000,00:02:04.550000,if russian comes then according to their language and something like that this,russian comes according language something like,5,Practical Application
00:02:04.550000,00:02:04.560000,language and something like that this,language something like,5,Practical Application
00:02:04.560000,00:02:05.830000,language and something like that this like,language something like like,5,Practical Application
00:02:05.830000,00:02:05.840000,like,like,5,Practical Application
00:02:05.840000,00:02:08.790000,like so to communicate with our computers to,like communicate computers,5,Practical Application
00:02:08.790000,00:02:08.800000,so to communicate with our computers to,communicate computers,2,Context Setting
00:02:08.800000,00:02:11.029000,so to communicate with our computers to give instruction to your system your,communicate computers give instruction system,3,Transitions
00:02:11.029000,00:02:11.039000,give instruction to your system your,give instruction system,3,Transitions
00:02:11.039000,00:02:13.350000,give instruction to your system your laptop we need a language programming,give instruction system laptop need language programming,3,Transitions
00:02:13.350000,00:02:13.360000,laptop we need a language programming,laptop need language programming,3,Transitions
00:02:13.360000,00:02:15.670000,laptop we need a language programming language right and there are multiple,laptop need language programming language right multiple,3,Transitions
00:02:15.670000,00:02:15.680000,language right and there are multiple,language right multiple,6,Conclusion
00:02:15.680000,00:02:18.070000,language right and there are multiple programming languages,language right multiple programming languages,6,Conclusion
00:02:18.070000,00:02:18.080000,programming languages,programming languages,3,Transitions
00:02:18.080000,00:02:20.470000,programming languages fine before c and c plus plus java c,programming languages fine c c plus plus java c,4,Recap
00:02:20.470000,00:02:20.480000,fine before c and c plus plus java c,fine c c plus plus java c,4,Recap
00:02:20.480000,00:02:22.150000,fine before c and c plus plus java c there are multiple programming languages,fine c c plus plus java c multiple programming languages,4,Recap
00:02:22.150000,00:02:22.160000,there are multiple programming languages,multiple programming languages,3,Transitions
00:02:22.160000,00:02:23.510000,there are multiple programming languages also,multiple programming languages also,3,Transitions
00:02:23.510000,00:02:23.520000,also,also,2,Context Setting
00:02:23.520000,00:02:27.350000,also right fortran pascal leda and bcpl basic,also right fortran pascal leda bcpl basic,6,Conclusion
00:02:27.350000,00:02:27.360000,right fortran pascal leda and bcpl basic,right fortran pascal leda bcpl basic,6,Conclusion
00:02:27.360000,00:02:29.750000,right fortran pascal leda and bcpl basic many languages were there right so now,right fortran pascal leda bcpl basic many languages right,6,Conclusion
00:02:29.750000,00:02:29.760000,many languages were there right so now,many languages right,6,Conclusion
00:02:29.760000,00:02:31.430000,many languages were there right so now in this video we'll be discussing about,many languages right video well discussing,6,Conclusion
00:02:31.430000,00:02:31.440000,in this video we'll be discussing about,video well discussing,2,Context Setting
00:02:31.440000,00:02:33.110000,in this video we'll be discussing about c plus plus,video well discussing c plus plus,4,Recap
00:02:33.110000,00:02:33.120000,c plus plus,c plus plus,4,Recap
00:02:33.120000,00:02:35.030000,c plus plus programming language so i hope this is,c plus plus programming language hope,4,Recap
00:02:35.030000,00:02:35.040000,programming language so i hope this is,programming language hope,3,Transitions
00:02:35.040000,00:02:37.509000,programming language so i hope this is clear to you why we need a programming,programming language hope clear need programming,3,Transitions
00:02:37.509000,00:02:37.519000,clear to you why we need a programming,clear need programming,3,Transitions
00:02:37.519000,00:02:39.110000,clear to you why we need a programming language,clear need programming language,3,Transitions
00:02:39.110000,00:02:39.120000,language,language,2,Context Setting
00:02:39.120000,00:02:41.270000,language right and see obviously some tasks human,language right see obviously tasks human,6,Conclusion
00:02:41.270000,00:02:41.280000,right and see obviously some tasks human,right see obviously tasks human,6,Conclusion
00:02:41.280000,00:02:43.110000,right and see obviously some tasks human being cannot do better your system and,right see obviously tasks human better system,6,Conclusion
00:02:43.110000,00:02:43.120000,being cannot do better your system and,better system,3,Transitions
00:02:43.120000,00:02:44.550000,being cannot do better your system and your machine can do it better,better system machine better,2,Context Setting
00:02:44.550000,00:02:44.560000,your machine can do it better,machine better,2,Context Setting
00:02:44.560000,00:02:45.750000,your machine can do it better efficiently,machine better efficiently,2,Context Setting
00:02:45.750000,00:02:45.760000,efficiently,efficiently,2,Context Setting
00:02:45.760000,00:02:47.509000,efficiently right so obviously we need and why we,efficiently right obviously need,6,Conclusion
00:02:47.509000,00:02:47.519000,right so obviously we need and why we,right obviously need,6,Conclusion
00:02:47.519000,00:02:48.229000,right so obviously we need and why we need,right obviously need need,6,Conclusion
00:02:48.229000,00:02:48.239000,need,need,3,Transitions
00:02:48.239000,00:02:51.030000,need system or computers in our life that i,need system computers life,3,Transitions
00:02:51.030000,00:02:51.040000,system or computers in our life that i,system computers life,3,Transitions
00:02:51.040000,00:02:53.670000,system or computers in our life that i hope you are aware about that thing,system computers life hope aware thing,2,Context Setting
00:02:53.670000,00:02:53.680000,hope you are aware about that thing,hope aware thing,2,Context Setting
00:02:53.680000,00:02:54.790000,hope you are aware about that thing fine,hope aware thing fine,2,Context Setting
00:02:54.790000,00:02:54.800000,fine,fine,2,Context Setting
00:02:54.800000,00:02:58.550000,fine these are making our life easy,fine making life easy,2,Context Setting
00:02:58.550000,00:02:58.560000,these are making our life easy,making life easy,2,Context Setting
00:02:58.560000,00:02:59.589000,these are making our life easy so,making life easy,2,Context Setting
00:02:59.589000,00:02:59.599000,so,,2,Context Setting
00:02:59.599000,00:03:01.750000,so some basics about first of all,basics first,2,Context Setting
00:03:01.750000,00:03:01.760000,some basics about first of all,basics first,2,Context Setting
00:03:01.760000,00:03:04.710000,some basics about first of all who invent we invented this c plus plus,basics first invent invented c plus plus,4,Recap
00:03:04.710000,00:03:04.720000,who invent we invented this c plus plus,invent invented c plus plus,4,Recap
00:03:04.720000,00:03:08.790000,who invent we invented this c plus plus who developed c plus plus it was bjorn,invent invented c plus plus developed c plus plus bjorn,4,Recap
00:03:08.790000,00:03:08.800000,who developed c plus plus it was bjorn,developed c plus plus bjorn,4,Recap
00:03:08.800000,00:03:11.910000,who developed c plus plus it was bjorn and he was a danish computer scientist,developed c plus plus bjorn danish computer scientist,4,Recap
00:03:11.910000,00:03:11.920000,and he was a danish computer scientist,danish computer scientist,2,Context Setting
00:03:11.920000,00:03:15.350000,and he was a danish computer scientist since 1979 he was working on this,danish computer scientist since 1979 working,2,Context Setting
00:03:15.350000,00:03:15.360000,since 1979 he was working on this,since 1979 working,2,Context Setting
00:03:15.360000,00:03:16.390000,since 1979 he was working on this language,since 1979 working language,2,Context Setting
00:03:16.390000,00:03:16.400000,language,language,2,Context Setting
00:03:16.400000,00:03:18.309000,language implementation of this language since,language implementation language since,2,Context Setting
00:03:18.309000,00:03:18.319000,implementation of this language since,implementation language since,2,Context Setting
00:03:18.319000,00:03:20.390000,implementation of this language since 1979,implementation language since 1979,2,Context Setting
00:03:20.390000,00:03:20.400000,1979,1979,2,Context Setting
00:03:20.400000,00:03:22.790000,1979 so first of all it was known as c with,1979 first known c,2,Context Setting
00:03:22.790000,00:03:22.800000,so first of all it was known as c with,first known c,2,Context Setting
00:03:22.800000,00:03:24.869000,so first of all it was known as c with classes he was working,first known c classes working,2,Context Setting
00:03:24.869000,00:03:24.879000,classes he was working,classes working,2,Context Setting
00:03:24.879000,00:03:27.750000,classes he was working on his phd you know thesis,classes working phd know thesis,2,Context Setting
00:03:27.750000,00:03:27.760000,on his phd you know thesis,phd know thesis,2,Context Setting
00:03:27.760000,00:03:28.869000,on his phd you know thesis and,phd know thesis,2,Context Setting
00:03:28.869000,00:03:28.879000,and,,2,Context Setting
00:03:28.879000,00:03:31.030000,and he wants a language which also have,wants language also,2,Context Setting
00:03:31.030000,00:03:31.040000,he wants a language which also have,wants language also,2,Context Setting
00:03:31.040000,00:03:32.470000,he wants a language which also have features of c as well as some,wants language also features c well,2,Context Setting
00:03:32.470000,00:03:32.480000,features of c as well as some,features c well,2,Context Setting
00:03:32.480000,00:03:34.869000,features of c as well as some object-oriented programming concepts now,features c well objectoriented programming concepts,3,Transitions
00:03:34.869000,00:03:34.879000,object-oriented programming concepts now,objectoriented programming concepts,3,Transitions
00:03:34.879000,00:03:36.390000,object-oriented programming concepts now how he was aware about these oops,objectoriented programming concepts aware oops,0,Introduction
00:03:36.390000,00:03:36.400000,how he was aware about these oops,aware oops,0,Introduction
00:03:36.400000,00:03:37.750000,how he was aware about these oops concept inheritance obstruction,aware oops concept inheritance obstruction,0,Introduction
00:03:37.750000,00:03:37.760000,concept inheritance obstruction,concept inheritance obstruction,0,Introduction
00:03:37.760000,00:03:39.509000,concept inheritance obstruction polymorphism because there was one,concept inheritance obstruction polymorphism one,0,Introduction
00:03:39.509000,00:03:39.519000,polymorphism because there was one,polymorphism one,2,Context Setting
00:03:39.519000,00:03:41.750000,polymorphism because there was one language similar 67,polymorphism one language similar 67,2,Context Setting
00:03:41.750000,00:03:41.760000,language similar 67,language similar 67,2,Context Setting
00:03:41.760000,00:03:44.309000,language similar 67 similar 67 is known as the first,language similar 67 similar 67 known first,2,Context Setting
00:03:44.309000,00:03:44.319000,similar 67 is known as the first,similar 67 known first,2,Context Setting
00:03:44.319000,00:03:47.910000,similar 67 is known as the first object-oriented programming language,similar 67 known first objectoriented programming language,3,Transitions
00:03:48.789000,00:03:48.799000,but,,2,Context Setting
00:03:48.799000,00:03:50.149000,but that was,,2,Context Setting
00:03:50.149000,00:03:50.159000,that was,,2,Context Setting
00:03:50.159000,00:03:51.030000,that was very,,2,Context Setting
00:03:51.030000,00:03:51.040000,very,,2,Context Setting
00:03:51.040000,00:03:53.990000,very you know slow for practical use that,know slow practical use,2,Context Setting
00:03:53.990000,00:03:54,you know slow for practical use that,know slow practical use,2,Context Setting
00:03:54,00:03:56.789000,you know slow for practical use that language and c was first fast language,know slow practical use language c first fast language,2,Context Setting
00:03:56.789000,00:03:56.799000,language and c was first fast language,language c first fast language,2,Context Setting
00:03:56.799000,00:04:00.470000,language and c was first fast language so he wants to combine c features plus,language c first fast language wants combine c features plus,2,Context Setting
00:04:00.470000,00:04:00.480000,so he wants to combine c features plus,wants combine c features plus,4,Recap
00:04:00.480000,00:04:01.350000,so he wants to combine c features plus the,wants combine c features plus,4,Recap
00:04:01.350000,00:04:01.360000,the,,2,Context Setting
00:04:01.360000,00:04:04.229000,the only the oops features of similar 67,oops features similar 67,0,Introduction
00:04:04.229000,00:04:04.239000,only the oops features of similar 67,oops features similar 67,0,Introduction
00:04:04.239000,00:04:05.589000,only the oops features of similar 67 combined,oops features similar 67 combined,0,Introduction
00:04:05.589000,00:04:05.599000,combined,combined,2,Context Setting
00:04:05.599000,00:04:07.990000,combined and that language was firstly known as,combined language firstly known,2,Context Setting
00:04:07.990000,00:04:08,and that language was firstly known as,language firstly known,2,Context Setting
00:04:08,00:04:10.630000,and that language was firstly known as named as c with classes,language firstly known named c classes,2,Context Setting
00:04:10.630000,00:04:10.640000,named as c with classes,named c classes,2,Context Setting
00:04:10.640000,00:04:15.190000,named as c with classes now when it was renamed c plus in 1983,named c classes renamed c plus 1983,4,Recap
00:04:15.190000,00:04:15.200000,now when it was renamed c plus in 1983,renamed c plus 1983,4,Recap
00:04:15.200000,00:04:16.069000,now when it was renamed c plus in 1983 right,renamed c plus 1983 right,6,Conclusion
00:04:16.069000,00:04:16.079000,right,right,6,Conclusion
00:04:16.079000,00:04:17.990000,right let me just write down some points here,right let write points,6,Conclusion
00:04:17.990000,00:04:18,let me just write down some points here,let write points,2,Context Setting
00:04:18,00:04:20.870000,let me just write down some points here so where at a t and t bell laboratories,let write points bell laboratories,2,Context Setting
00:04:20.870000,00:04:20.880000,so where at a t and t bell laboratories,bell laboratories,2,Context Setting
00:04:20.880000,00:04:23.909000,so where at a t and t bell laboratories where c was developed in new jersey,bell laboratories c developed new jersey,2,Context Setting
00:04:23.909000,00:04:23.919000,where c was developed in new jersey,c developed new jersey,2,Context Setting
00:04:23.919000,00:04:26.150000,where c was developed in new jersey usa and the name given was c with,c developed new jersey usa name given c,2,Context Setting
00:04:26.150000,00:04:26.160000,usa and the name given was c with,usa name given c,2,Context Setting
00:04:26.160000,00:04:29.270000,usa and the name given was c with classes and it was just an extension of,usa name given c classes extension,2,Context Setting
00:04:29.270000,00:04:29.280000,classes and it was just an extension of,classes extension,2,Context Setting
00:04:29.280000,00:04:31.510000,classes and it was just an extension of c language or you can say it's a super,classes extension c language say super,2,Context Setting
00:04:31.510000,00:04:31.520000,c language or you can say it's a super,c language say super,2,Context Setting
00:04:31.520000,00:04:34.790000,c language or you can say it's a super set of c language right,c language say super set c language right,6,Conclusion
00:04:34.790000,00:04:34.800000,set of c language right,set c language right,6,Conclusion
00:04:34.800000,00:04:36.710000,set of c language right means it contains all the features of c,set c language right means contains features c,6,Conclusion
00:04:36.710000,00:04:36.720000,means it contains all the features of c,means contains features c,2,Context Setting
00:04:36.720000,00:04:38.390000,means it contains all the features of c as well as some additional features like,means contains features c well additional features like,5,Practical Application
00:04:38.390000,00:04:38.400000,as well as some additional features like,well additional features like,5,Practical Application
00:04:38.400000,00:04:40.070000,as well as some additional features like oops concept,well additional features like oops concept,0,Introduction
00:04:40.070000,00:04:40.080000,oops concept,oops concept,0,Introduction
00:04:40.080000,00:04:42.870000,oops concept right but it is not purely,oops concept right purely,0,Introduction
00:04:42.870000,00:04:42.880000,right but it is not purely,right purely,6,Conclusion
00:04:42.880000,00:04:45.189000,right but it is not purely object-oriented programming language,right purely objectoriented programming language,6,Conclusion
00:04:45.189000,00:04:45.199000,object-oriented programming language,objectoriented programming language,3,Transitions
00:04:45.199000,00:04:46.790000,object-oriented programming language because some features like friend and,objectoriented programming language features like friend,5,Practical Application
00:04:46.790000,00:04:46.800000,because some features like friend and,features like friend,5,Practical Application
00:04:46.800000,00:04:49.590000,because some features like friend and virtual classes i guess they violate,features like friend virtual classes guess violate,5,Practical Application
00:04:49.590000,00:04:49.600000,virtual classes i guess they violate,virtual classes guess violate,2,Context Setting
00:04:49.600000,00:04:52.390000,virtual classes i guess they violate those oops features right how,virtual classes guess violate oops features right,6,Conclusion
00:04:52.390000,00:04:52.400000,those oops features right how,oops features right,0,Introduction
00:04:52.400000,00:04:53.830000,those oops features right how that will be discussing later sessions,oops features right discussing later sessions,6,Conclusion
00:04:53.830000,00:04:53.840000,that will be discussing later sessions,discussing later sessions,2,Context Setting
00:04:53.840000,00:04:55.670000,that will be discussing later sessions when we will discuss friend and about,discussing later sessions discuss friend,2,Context Setting
00:04:55.670000,00:04:55.680000,when we will discuss friend and about,discuss friend,2,Context Setting
00:04:55.680000,00:04:58.150000,when we will discuss friend and about friend and virtual classes right,discuss friend friend virtual classes right,6,Conclusion
00:04:58.150000,00:04:58.160000,friend and virtual classes right,friend virtual classes right,6,Conclusion
00:04:58.160000,00:04:59.749000,friend and virtual classes right so it is not purely objective,friend virtual classes right purely objective,6,Conclusion
00:04:59.749000,00:04:59.759000,so it is not purely objective,purely objective,2,Context Setting
00:04:59.759000,00:05:01.909000,so it is not purely objective object-oriented programming language so,purely objective objectoriented programming language,3,Transitions
00:05:01.909000,00:05:01.919000,object-oriented programming language so,objectoriented programming language,3,Transitions
00:05:01.919000,00:05:03.189000,object-oriented programming language so it supports,objectoriented programming language supports,3,Transitions
00:05:03.189000,00:05:03.199000,it supports,supports,2,Context Setting
00:05:03.199000,00:05:05.670000,it supports like it is just extension of c superset,supports like extension c superset,5,Practical Application
00:05:05.670000,00:05:05.680000,like it is just extension of c superset,like extension c superset,5,Practical Application
00:05:05.680000,00:05:08.230000,like it is just extension of c superset of c so c is what you can say comes,like extension c superset c c say comes,5,Practical Application
00:05:08.230000,00:05:08.240000,of c so c is what you can say comes,c c say comes,2,Context Setting
00:05:08.240000,00:05:09.590000,of c so c is what you can say comes under pop,c c say comes pop,2,Context Setting
00:05:09.590000,00:05:09.600000,under pop,pop,2,Context Setting
00:05:09.600000,00:05:13.189000,under pop so it supports multiple paradigms,pop supports multiple paradigms,2,Context Setting
00:05:13.189000,00:05:13.199000,so it supports multiple paradigms,supports multiple paradigms,2,Context Setting
00:05:13.199000,00:05:15.189000,so it supports multiple paradigms processor oriented programming also and,supports multiple paradigms processor oriented programming also,3,Transitions
00:05:15.189000,00:05:15.199000,processor oriented programming also and,processor oriented programming also,3,Transitions
00:05:15.199000,00:05:17.670000,processor oriented programming also and object oriented programming as well as,processor oriented programming also object oriented programming well,3,Transitions
00:05:17.670000,00:05:17.680000,object oriented programming as well as,object oriented programming well,3,Transitions
00:05:17.680000,00:05:19.110000,object oriented programming as well as right,object oriented programming well right,6,Conclusion
00:05:19.110000,00:05:19.120000,right,right,6,Conclusion
00:05:19.120000,00:05:20.790000,right like in c we have structure in c plus,right like c structure c plus,5,Practical Application
00:05:20.790000,00:05:20.800000,like in c we have structure in c plus,like c structure c plus,5,Practical Application
00:05:20.800000,00:05:23.350000,like in c we have structure in c plus plus also we have structure and classes,like c structure c plus plus also structure classes,4,Recap
00:05:23.350000,00:05:23.360000,plus also we have structure and classes,plus also structure classes,4,Recap
00:05:23.360000,00:05:25.189000,plus also we have structure and classes as well but in c we don't have classes,plus also structure classes well c dont classes,2,Context Setting
00:05:25.189000,00:05:25.199000,as well but in c we don't have classes,well c dont classes,2,Context Setting
00:05:25.199000,00:05:27.909000,as well but in c we don't have classes so it is a general purpose programming,well c dont classes general purpose programming,3,Transitions
00:05:27.909000,00:05:27.919000,so it is a general purpose programming,general purpose programming,3,Transitions
00:05:27.919000,00:05:30.870000,so it is a general purpose programming language,general purpose programming language,3,Transitions
00:05:32.469000,00:05:32.479000,now what is this general purpose,general purpose,3,Transitions
00:05:32.479000,00:05:35.029000,now what is this general purpose programming language see general,general purpose programming language see general,3,Transitions
00:05:35.029000,00:05:35.039000,programming language see general,programming language see general,3,Transitions
00:05:35.039000,00:05:37.029000,programming language see general we can say general store when you go to,programming language see general say general store go,3,Transitions
00:05:37.029000,00:05:37.039000,we can say general store when you go to,say general store go,2,Context Setting
00:05:37.039000,00:05:38.710000,we can say general store when you go to a general store you will find everything,say general store go general store find everything,2,Context Setting
00:05:38.710000,00:05:38.720000,a general store you will find everything,general store find everything,2,Context Setting
00:05:38.720000,00:05:39.749000,a general store you will find everything there,general store find everything,2,Context Setting
00:05:39.749000,00:05:39.759000,there,,2,Context Setting
00:05:39.759000,00:05:41.749000,there so general purpose programming language,general purpose programming language,3,Transitions
00:05:41.749000,00:05:41.759000,so general purpose programming language,general purpose programming language,3,Transitions
00:05:41.759000,00:05:42.710000,so general purpose programming language means,general purpose programming language means,3,Transitions
00:05:42.710000,00:05:42.720000,means,means,2,Context Setting
00:05:42.720000,00:05:44.390000,means you can write software here you can,means write software,2,Context Setting
00:05:44.390000,00:05:44.400000,you can write software here you can,write software,2,Context Setting
00:05:44.400000,00:05:47.270000,you can write software here you can build software or applications,write software build software applications,2,Context Setting
00:05:47.270000,00:05:47.280000,build software or applications,build software applications,2,Context Setting
00:05:47.280000,00:05:49.430000,build software or applications for any domain,build software applications domain,2,Context Setting
00:05:49.430000,00:05:49.440000,for any domain,domain,2,Context Setting
00:05:49.440000,00:05:50.469000,for any domain like,domain like,5,Practical Application
00:05:50.469000,00:05:50.479000,like,like,5,Practical Application
00:05:50.479000,00:05:51.270000,like like,like like,5,Practical Application
00:05:51.270000,00:05:51.280000,like,like,5,Practical Application
00:05:51.280000,00:05:53.670000,like in c plus you can write you can use it,like c plus write use,5,Practical Application
00:05:53.670000,00:05:53.680000,in c plus you can write you can use it,c plus write use,4,Recap
00:05:53.680000,00:05:55.670000,in c plus you can write you can use it for system programming as well as system,c plus write use system programming well system,3,Transitions
00:05:55.670000,00:05:55.680000,for system programming as well as system,system programming well system,3,Transitions
00:05:55.680000,00:05:57.110000,for system programming as well as system programming as well as high level,system programming well system programming well high level,3,Transitions
00:05:57.110000,00:05:57.120000,programming as well as high level,programming well high level,3,Transitions
00:05:57.120000,00:05:59.590000,programming as well as high level programming like you can uh implement,programming well high level programming like uh implement,3,Transitions
00:05:59.590000,00:05:59.600000,programming like you can uh implement,programming like uh implement,5,Practical Application
00:05:59.600000,00:06:00.469000,programming like you can uh implement here,programming like uh implement,5,Practical Application
00:06:00.469000,00:06:00.479000,here,,2,Context Setting
00:06:00.479000,00:06:03.270000,here uh or os operating system low level,uh os operating system low level,3,Transitions
00:06:03.270000,00:06:03.280000,uh or os operating system low level,uh os operating system low level,3,Transitions
00:06:03.280000,00:06:04.950000,uh or os operating system low level programming you can also do kernels,uh os operating system low level programming also kernels,3,Transitions
00:06:04.950000,00:06:04.960000,programming you can also do kernels,programming also kernels,3,Transitions
00:06:04.960000,00:06:08.150000,programming you can also do kernels drivers you can also write down editors,programming also kernels drivers also write editors,3,Transitions
00:06:08.150000,00:06:08.160000,drivers you can also write down editors,drivers also write editors,2,Context Setting
00:06:08.160000,00:06:11.990000,drivers you can also write down editors in c plus and see as well as it is used,drivers also write editors c plus see well used,2,Context Setting
00:06:11.990000,00:06:12,in c plus and see as well as it is used,c plus see well used,4,Recap
00:06:12,00:06:15.029000,in c plus and see as well as it is used to build translators your compilers,c plus see well used build translators compilers,2,Context Setting
00:06:15.029000,00:06:15.039000,to build translators your compilers,build translators compilers,2,Context Setting
00:06:15.039000,00:06:17.189000,to build translators your compilers interpreter these things as well as some,build translators compilers interpreter things well,2,Context Setting
00:06:17.189000,00:06:17.199000,interpreter these things as well as some,interpreter things well,2,Context Setting
00:06:17.199000,00:06:20.629000,interpreter these things as well as some games the ui desktop applications,interpreter things well games ui desktop applications,2,Context Setting
00:06:20.629000,00:06:20.639000,games the ui desktop applications,games ui desktop applications,2,Context Setting
00:06:20.639000,00:06:21.590000,games the ui desktop applications right,games ui desktop applications right,6,Conclusion
00:06:21.590000,00:06:21.600000,right,right,6,Conclusion
00:06:21.600000,00:06:24.070000,right for every domain there is something in,right every domain something,6,Conclusion
00:06:24.070000,00:06:24.080000,for every domain there is something in,every domain something,2,Context Setting
00:06:24.080000,00:06:25.830000,for every domain there is something in this language for every domain you can,every domain something language every domain,2,Context Setting
00:06:25.830000,00:06:25.840000,this language for every domain you can,language every domain,2,Context Setting
00:06:25.840000,00:06:27.830000,this language for every domain you can create a software with the help of this,language every domain create software help,2,Context Setting
00:06:27.830000,00:06:27.840000,create a software with the help of this,create software help,2,Context Setting
00:06:27.840000,00:06:29.590000,create a software with the help of this language that is why it is known as,create software help language known,2,Context Setting
00:06:29.590000,00:06:29.600000,language that is why it is known as,language known,2,Context Setting
00:06:29.600000,00:06:32.469000,language that is why it is known as general purpose programming language,language known general purpose programming language,3,Transitions
00:06:32.469000,00:06:32.479000,general purpose programming language,general purpose programming language,3,Transitions
00:06:32.479000,00:06:34.790000,general purpose programming language right and it supports multiple paradigms,general purpose programming language right supports multiple paradigms,3,Transitions
00:06:34.790000,00:06:34.800000,right and it supports multiple paradigms,right supports multiple paradigms,6,Conclusion
00:06:34.800000,00:06:37.189000,right and it supports multiple paradigms as well as it is you can say a,right supports multiple paradigms well say,6,Conclusion
00:06:37.189000,00:06:37.199000,as well as it is you can say a,well say,2,Context Setting
00:06:37.199000,00:06:39.110000,as well as it is you can say a middle level language,well say middle level language,2,Context Setting
00:06:39.110000,00:06:39.120000,middle level language,middle level language,2,Context Setting
00:06:39.120000,00:06:41.350000,middle level language or you can say intermediate language it,middle level language say intermediate language,2,Context Setting
00:06:41.350000,00:06:41.360000,or you can say intermediate language it,say intermediate language,2,Context Setting
00:06:41.360000,00:06:43.029000,or you can say intermediate language it supports both the features of low level,say intermediate language supports features low level,2,Context Setting
00:06:43.029000,00:06:43.039000,supports both the features of low level,supports features low level,2,Context Setting
00:06:43.039000,00:06:44.469000,supports both the features of low level language as well as high level language,supports features low level language well high level language,2,Context Setting
00:06:44.469000,00:06:44.479000,language as well as high level language,language well high level language,2,Context Setting
00:06:44.479000,00:06:45.830000,language as well as high level language you can do also,language well high level language also,2,Context Setting
00:06:45.830000,00:06:45.840000,you can do also,also,2,Context Setting
00:06:45.840000,00:06:47.510000,you can do also system programming with the help of c,also system programming help c,3,Transitions
00:06:47.510000,00:06:47.520000,system programming with the help of c,system programming help c,3,Transitions
00:06:47.520000,00:06:48.950000,system programming with the help of c plus plus you can,system programming help c plus plus,4,Recap
00:06:48.950000,00:06:48.960000,plus plus you can,plus plus,4,Recap
00:06:48.960000,00:06:50.230000,plus plus you can write down you can create operating,plus plus write create operating,4,Recap
00:06:50.230000,00:06:50.240000,write down you can create operating,write create operating,2,Context Setting
00:06:50.240000,00:06:52.629000,write down you can create operating system and for do system programming you,write create operating system system programming,3,Transitions
00:06:52.629000,00:06:52.639000,system and for do system programming you,system system programming,3,Transitions
00:06:52.639000,00:06:55.270000,system and for do system programming you need an extensive you know very high,system system programming need extensive know high,3,Transitions
00:06:55.270000,00:06:55.280000,need an extensive you know very high,need extensive know high,3,Transitions
00:06:55.280000,00:06:56.629000,need an extensive you know very high level of,need extensive know high level,3,Transitions
00:06:56.629000,00:06:56.639000,level of,level,2,Context Setting
00:06:56.639000,00:06:59.110000,level of knowledge of your hardware,level knowledge hardware,2,Context Setting
00:06:59.110000,00:06:59.120000,knowledge of your hardware,knowledge hardware,2,Context Setting
00:06:59.120000,00:07:00.230000,knowledge of your hardware right because you are if you are,knowledge hardware right,6,Conclusion
00:07:00.230000,00:07:00.240000,right because you are if you are,right,6,Conclusion
00:07:00.240000,00:07:01.670000,right because you are if you are creating an operating system obviously,right creating operating system obviously,6,Conclusion
00:07:01.670000,00:07:01.680000,creating an operating system obviously,creating operating system obviously,3,Transitions
00:07:01.680000,00:07:02.710000,creating an operating system obviously you need,creating operating system obviously need,3,Transitions
00:07:02.710000,00:07:02.720000,you need,need,3,Transitions
00:07:02.720000,00:07:04.150000,you need you need to be very close to the,need need close,3,Transitions
00:07:04.150000,00:07:04.160000,you need to be very close to the,need close,3,Transitions
00:07:04.160000,00:07:05.270000,you need to be very close to the hardware,need close hardware,3,Transitions
00:07:05.270000,00:07:05.280000,hardware,hardware,2,Context Setting
00:07:05.280000,00:07:08.150000,hardware you need knowledge of hardware in deep,hardware need knowledge hardware deep,3,Transitions
00:07:08.150000,00:07:08.160000,you need knowledge of hardware in deep,need knowledge hardware deep,3,Transitions
00:07:08.160000,00:07:08.950000,you need knowledge of hardware in deep right,need knowledge hardware deep right,6,Conclusion
00:07:08.950000,00:07:08.960000,right,right,6,Conclusion
00:07:08.960000,00:07:10.950000,right so it is close to,right close,6,Conclusion
00:07:10.950000,00:07:10.960000,so it is close to,close,2,Context Setting
00:07:10.960000,00:07:13.670000,so it is close to a lower level programming as well,close lower level programming well,3,Transitions
00:07:13.670000,00:07:13.680000,a lower level programming as well,lower level programming well,3,Transitions
00:07:13.680000,00:07:15.110000,a lower level programming as well right,lower level programming well right,6,Conclusion
00:07:15.110000,00:07:15.120000,right,right,6,Conclusion
00:07:15.120000,00:07:16.390000,right so it is,right,6,Conclusion
00:07:16.390000,00:07:16.400000,so it is,,2,Context Setting
00:07:16.400000,00:07:17.909000,so it is middle level language as well as high,middle level language well high,2,Context Setting
00:07:17.909000,00:07:17.919000,middle level language as well as high,middle level language well high,2,Context Setting
00:07:17.919000,00:07:19.670000,middle level language as well as high level language application we can create,middle level language well high level language application create,2,Context Setting
00:07:19.670000,00:07:19.680000,level language application we can create,level language application create,2,Context Setting
00:07:19.680000,00:07:21.589000,level language application we can create like gui games desktop based,level language application create like gui games desktop based,5,Practical Application
00:07:21.589000,00:07:21.599000,like gui games desktop based,like gui games desktop based,5,Practical Application
00:07:21.599000,00:07:23.589000,like gui games desktop based applications right those things we can,like gui games desktop based applications right things,5,Practical Application
00:07:23.589000,00:07:23.599000,applications right those things we can,applications right things,6,Conclusion
00:07:23.599000,00:07:25.430000,applications right those things we can also do with the help of c plus,applications right things also help c plus,6,Conclusion
00:07:25.430000,00:07:25.440000,also do with the help of c plus,also help c plus,4,Recap
00:07:25.440000,00:07:27.990000,also do with the help of c plus they don't need uh like knowledge of,also help c plus dont need uh like knowledge,5,Practical Application
00:07:27.990000,00:07:28,they don't need uh like knowledge of,dont need uh like knowledge,5,Practical Application
00:07:28,00:07:29.430000,they don't need uh like knowledge of hardware,dont need uh like knowledge hardware,5,Practical Application
00:07:29.430000,00:07:29.440000,hardware,hardware,2,Context Setting
00:07:29.440000,00:07:31.430000,hardware fine if you are creating,hardware fine creating,2,Context Setting
00:07:31.430000,00:07:31.440000,fine if you are creating,fine creating,2,Context Setting
00:07:31.440000,00:07:32.550000,fine if you are creating operating system you are writing,fine creating operating system writing,3,Transitions
00:07:32.550000,00:07:32.560000,operating system you are writing,operating system writing,3,Transitions
00:07:32.560000,00:07:34.550000,operating system you are writing programs for drivers for networking you,operating system writing programs drivers networking,3,Transitions
00:07:34.550000,00:07:34.560000,programs for drivers for networking you,programs drivers networking,2,Context Setting
00:07:34.560000,00:07:36.629000,programs for drivers for networking you need that level of knowledge but for,programs drivers networking need level knowledge,3,Transitions
00:07:36.629000,00:07:36.639000,need that level of knowledge but for,need level knowledge,3,Transitions
00:07:36.639000,00:07:38.070000,need that level of knowledge but for creating these type of applications you,need level knowledge creating type applications,3,Transitions
00:07:38.070000,00:07:38.080000,creating these type of applications you,creating type applications,2,Context Setting
00:07:38.080000,00:07:39.350000,creating these type of applications you don't need that kind of hardware,creating type applications dont need kind hardware,3,Transitions
00:07:39.350000,00:07:39.360000,don't need that kind of hardware,dont need kind hardware,3,Transitions
00:07:39.360000,00:07:41.830000,don't need that kind of hardware knowledge so that is why it is used for,dont need kind hardware knowledge used,3,Transitions
00:07:41.830000,00:07:41.840000,knowledge so that is why it is used for,knowledge used,2,Context Setting
00:07:41.840000,00:07:43.589000,knowledge so that is why it is used for both low level,knowledge used low level,2,Context Setting
00:07:43.589000,00:07:43.599000,both low level,low level,2,Context Setting
00:07:43.599000,00:07:45.350000,both low level you know creating low level application,low level know creating low level application,2,Context Setting
00:07:45.350000,00:07:45.360000,you know creating low level application,know creating low level application,2,Context Setting
00:07:45.360000,00:07:46.950000,you know creating low level application as well as high level application so it,know creating low level application well high level application,2,Context Setting
00:07:46.950000,00:07:46.960000,as well as high level application so it,well high level application,2,Context Setting
00:07:46.960000,00:07:47.749000,as well as high level application so it is,well high level application,2,Context Setting
00:07:47.749000,00:07:47.759000,is,,2,Context Setting
00:07:47.759000,00:07:49.990000,is middle level language fine,middle level language fine,2,Context Setting
00:07:49.990000,00:07:50,middle level language fine,middle level language fine,2,Context Setting
00:07:50,00:07:52.390000,middle level language fine now next point about c plus plus is,middle level language fine next point c plus plus,4,Recap
00:07:52.390000,00:07:52.400000,now next point about c plus plus is,next point c plus plus,4,Recap
00:07:52.400000,00:07:55.029000,now next point about c plus plus is and as i have told you named as,next point c plus plus told named,4,Recap
00:07:55.029000,00:07:55.039000,and as i have told you named as,told named,2,Context Setting
00:07:55.039000,00:07:56.710000,and as i have told you named as c plus plus,told named c plus plus,4,Recap
00:07:56.710000,00:07:56.720000,c plus plus,c plus plus,4,Recap
00:07:56.720000,00:07:59.189000,c plus plus in 1983,c plus plus 1983,4,Recap
00:07:59.189000,00:07:59.199000,in 1983,1983,2,Context Setting
00:07:59.199000,00:08:02.070000,in 1983 right now why this c plus plus as you,1983 right c plus plus,4,Recap
00:08:02.070000,00:08:02.080000,right now why this c plus plus as you,right c plus plus,4,Recap
00:08:02.080000,00:08:04.469000,right now why this c plus plus as you know plus plus is an increment operator,right c plus plus know plus plus increment operator,4,Recap
00:08:04.469000,00:08:04.479000,know plus plus is an increment operator,know plus plus increment operator,4,Recap
00:08:04.479000,00:08:07.430000,know plus plus is an increment operator which means we are adding one value,know plus plus increment operator means adding one value,4,Recap
00:08:07.430000,00:08:07.440000,which means we are adding one value,means adding one value,2,Context Setting
00:08:07.440000,00:08:08.950000,which means we are adding one value suppose i am writing,means adding one value suppose writing,2,Context Setting
00:08:08.950000,00:08:08.960000,suppose i am writing,suppose writing,2,Context Setting
00:08:08.960000,00:08:11.110000,suppose i am writing int a is equal to five and i am doing a,suppose writing int equal five,2,Context Setting
00:08:11.110000,00:08:11.120000,int a is equal to five and i am doing a,int equal five,2,Context Setting
00:08:11.120000,00:08:13.990000,int a is equal to five and i am doing a plus plus it means it becomes 6 means,int equal five plus plus means becomes 6 means,4,Recap
00:08:13.990000,00:08:14,plus plus it means it becomes 6 means,plus plus means becomes 6 means,4,Recap
00:08:14,00:08:15.830000,plus plus it means it becomes 6 means adding something we are increasing the,plus plus means becomes 6 means adding something increasing,4,Recap
00:08:15.830000,00:08:15.840000,adding something we are increasing the,adding something increasing,2,Context Setting
00:08:15.840000,00:08:17.670000,adding something we are increasing the value that's why,adding something increasing value thats,2,Context Setting
00:08:17.670000,00:08:17.680000,value that's why,value thats,2,Context Setting
00:08:17.680000,00:08:20.390000,value that's why we are adding some extra features in c,value thats adding extra features c,2,Context Setting
00:08:20.390000,00:08:20.400000,we are adding some extra features in c,adding extra features c,2,Context Setting
00:08:20.400000,00:08:22.550000,we are adding some extra features in c that is why it is known as c plus plus,adding extra features c known c plus plus,4,Recap
00:08:22.550000,00:08:22.560000,that is why it is known as c plus plus,known c plus plus,4,Recap
00:08:22.560000,00:08:24.710000,that is why it is known as c plus plus the idea comes from this,known c plus plus idea comes,4,Recap
00:08:24.710000,00:08:24.720000,the idea comes from this,idea comes,2,Context Setting
00:08:24.720000,00:08:26.550000,the idea comes from this this operator increment operator which,idea comes operator increment operator,2,Context Setting
00:08:26.550000,00:08:26.560000,this operator increment operator which,operator increment operator,2,Context Setting
00:08:26.560000,00:08:28.869000,this operator increment operator which we are having in c right and it is,operator increment operator c right,6,Conclusion
00:08:28.869000,00:08:28.879000,we are having in c right and it is,c right,6,Conclusion
00:08:28.879000,00:08:32.149000,we are having in c right and it is compiled language,c right compiled language,6,Conclusion
00:08:35.110000,00:08:35.120000,means we need a compiler to convert the,means need compiler convert,2,Context Setting
00:08:35.120000,00:08:37.110000,means we need a compiler to convert the whatever we write in this c plus plus,means need compiler convert whatever write c plus plus,4,Recap
00:08:37.110000,00:08:37.120000,whatever we write in this c plus plus,whatever write c plus plus,4,Recap
00:08:37.120000,00:08:38.949000,whatever we write in this c plus plus into machine code we need a compiler,whatever write c plus plus machine code need compiler,4,Recap
00:08:38.949000,00:08:38.959000,into machine code we need a compiler,machine code need compiler,2,Context Setting
00:08:38.959000,00:08:40.709000,into machine code we need a compiler right not an interpreter,machine code need compiler right interpreter,6,Conclusion
00:08:40.709000,00:08:40.719000,right not an interpreter,right interpreter,6,Conclusion
00:08:40.719000,00:08:42.870000,right not an interpreter compiler means the complete code at once,right interpreter compiler means complete code,6,Conclusion
00:08:42.870000,00:08:42.880000,compiler means the complete code at once,compiler means complete code,2,Context Setting
00:08:42.880000,00:08:45.509000,compiler means the complete code at once will be compiled and converted into the,compiler means complete code compiled converted,2,Context Setting
00:08:45.509000,00:08:45.519000,will be compiled and converted into the,compiled converted,2,Context Setting
00:08:45.519000,00:08:47.829000,will be compiled and converted into the machine code so it is a compiled,compiled converted machine code compiled,2,Context Setting
00:08:47.829000,00:08:47.839000,machine code so it is a compiled,machine code compiled,2,Context Setting
00:08:47.839000,00:08:50.389000,machine code so it is a compiled language and it is object oriented,machine code compiled language object oriented,2,Context Setting
00:08:50.389000,00:08:50.399000,language and it is object oriented,language object oriented,2,Context Setting
00:08:50.399000,00:08:52.630000,language and it is object oriented programming language why so,language object oriented programming language,3,Transitions
00:08:52.630000,00:08:52.640000,programming language why so,programming language,3,Transitions
00:08:52.640000,00:08:55.910000,programming language why so because it follows the oops concept and,programming language follows oops concept,0,Introduction
00:08:55.910000,00:08:55.920000,because it follows the oops concept and,follows oops concept,0,Introduction
00:08:55.920000,00:08:58.070000,because it follows the oops concept and what are oops concept we have discussed,follows oops concept oops concept discussed,0,Introduction
00:08:58.070000,00:08:58.080000,what are oops concept we have discussed,oops concept discussed,0,Introduction
00:08:58.080000,00:09:00.550000,what are oops concept we have discussed in previous video right,oops concept discussed previous video right,0,Introduction
00:09:00.550000,00:09:00.560000,in previous video right,previous video right,6,Conclusion
00:09:00.560000,00:09:03.269000,in previous video right classes objects abstraction polymorphism,previous video right classes objects abstraction polymorphism,6,Conclusion
00:09:03.269000,00:09:03.279000,classes objects abstraction polymorphism,classes objects abstraction polymorphism,2,Context Setting
00:09:03.279000,00:09:05.430000,classes objects abstraction polymorphism inheritance encapsulation,classes objects abstraction polymorphism inheritance encapsulation,0,Introduction
00:09:05.430000,00:09:05.440000,inheritance encapsulation,inheritance encapsulation,0,Introduction
00:09:05.440000,00:09:07.190000,inheritance encapsulation and the latest version of c plus pluses,inheritance encapsulation latest version c plus pluses,0,Introduction
00:09:07.190000,00:09:07.200000,and the latest version of c plus pluses,latest version c plus pluses,4,Recap
00:09:07.200000,00:09:09.430000,and the latest version of c plus pluses c plus plus 20,latest version c plus pluses c plus plus 20,4,Recap
00:09:09.430000,00:09:09.440000,c plus plus 20,c plus plus 20,4,Recap
00:09:09.440000,00:09:11.590000,c plus plus 20 which came in here 20,c plus plus 20 came 20,1,Step-by-Step Instruction
00:09:11.590000,00:09:11.600000,which came in here 20,came 20,1,Step-by-Step Instruction
00:09:11.600000,00:09:15.190000,which came in here 20 20. four major release was there c plus,came 20 20 four major release c plus,1,Step-by-Step Instruction
00:09:15.190000,00:09:15.200000,20. four major release was there c plus,20 four major release c plus,1,Step-by-Step Instruction
00:09:15.200000,00:09:17.430000,20. four major release was there c plus plus,20 four major release c plus plus,1,Step-by-Step Instruction
00:09:17.430000,00:09:17.440000,plus,plus,4,Recap
00:09:17.440000,00:09:21.110000,plus 11 c plus plus 14 c plus plus 17 and c,plus 11 c plus plus 14 c plus plus 17 c,4,Recap
00:09:21.110000,00:09:21.120000,11 c plus plus 14 c plus plus 17 and c,11 c plus plus 14 c plus plus 17 c,4,Recap
00:09:21.120000,00:09:22.630000,11 c plus plus 14 c plus plus 17 and c plus plus,11 c plus plus 14 c plus plus 17 c plus plus,4,Recap
00:09:22.630000,00:09:22.640000,plus plus,plus plus,4,Recap
00:09:22.640000,00:09:28.150000,plus plus 20 in 2011 2014 2017 and 2020 now next,plus plus 20 2011 2014 2017 2020 next,1,Step-by-Step Instruction
00:09:28.150000,00:09:28.160000,20 in 2011 2014 2017 and 2020 now next,20 2011 2014 2017 2020 next,1,Step-by-Step Instruction
00:09:28.160000,00:09:30.949000,20 in 2011 2014 2017 and 2020 now next come will be coming in c plus plus 23 in,20 2011 2014 2017 2020 next come coming c plus plus 23,1,Step-by-Step Instruction
00:09:30.949000,00:09:30.959000,come will be coming in c plus plus 23 in,come coming c plus plus 23,1,Step-by-Step Instruction
00:09:30.959000,00:09:32.230000,come will be coming in c plus plus 23 in 20,come coming c plus plus 23 20,1,Step-by-Step Instruction
00:09:32.230000,00:09:32.240000,20,20,1,Step-by-Step Instruction
00:09:32.240000,00:09:33.670000,20 23,20 23,1,Step-by-Step Instruction
00:09:33.670000,00:09:33.680000,23,23,1,Step-by-Step Instruction
00:09:33.680000,00:09:36.070000,23 so the history will be discussing in a,23 history discussing,2,Context Setting
00:09:36.070000,00:09:36.080000,so the history will be discussing in a,history discussing,2,Context Setting
00:09:36.080000,00:09:38.310000,so the history will be discussing in a separate video so this is all about,history discussing separate video,2,Context Setting
00:09:38.310000,00:09:38.320000,separate video so this is all about,separate video,2,Context Setting
00:09:38.320000,00:09:40.790000,separate video so this is all about introduction to c plus plus language and,separate video introduction c plus plus language,4,Recap
00:09:40.790000,00:09:40.800000,introduction to c plus plus language and,introduction c plus plus language,4,Recap
00:09:40.800000,00:09:42.630000,introduction to c plus plus language and the next video will be c,introduction c plus plus language next video c,4,Recap
00:09:42.630000,00:09:42.640000,the next video will be c,next video c,2,Context Setting
00:09:42.640000,00:09:44.790000,the next video will be c will be you know discussing history of c,next video c know discussing history c,2,Context Setting
00:09:44.790000,00:09:44.800000,will be you know discussing history of c,know discussing history c,2,Context Setting
00:09:44.800000,00:09:46.310000,will be you know discussing history of c plus plus as well as we'll see some,know discussing history c plus plus well well see,4,Recap
00:09:46.310000,00:09:46.320000,plus plus as well as we'll see some,plus plus well well see,4,Recap
00:09:46.320000,00:09:49.030000,plus plus as well as we'll see some features of c plus plus language right,plus plus well well see features c plus plus language right,4,Recap
00:09:49.030000,00:09:49.040000,features of c plus plus language right,features c plus plus language right,4,Recap
00:09:49.040000,00:09:50.870000,features of c plus plus language right you can see how this is different from c,features c plus plus language right see different c,4,Recap
00:09:50.870000,00:09:50.880000,you can see how this is different from c,see different c,2,Context Setting
00:09:50.880000,00:09:52.150000,you can see how this is different from c language,see different c language,2,Context Setting
00:09:52.150000,00:09:52.160000,language,language,2,Context Setting
00:09:52.160000,00:09:53.670000,language what differentiate it from the c,language differentiate c,2,Context Setting
00:09:53.670000,00:09:53.680000,what differentiate it from the c,differentiate c,2,Context Setting
00:09:53.680000,00:09:54.949000,what differentiate it from the c language so now i'll see in the next,differentiate c language ill see next,2,Context Setting
00:09:54.949000,00:09:54.959000,language so now i'll see in the next,language ill see next,2,Context Setting
00:09:54.959000,00:09:58.440000,language so now i'll see in the next video till then bye,language ill see next video till bye,2,Context Setting
