Start Time,End Time,Text,Cleaned Text,Cluster,Workflow Step
00:00:02.230000,00:00:02.240000,so in the series of learning c plus plus,series learning c plus plus,0,Introduction
00:00:02.240000,00:00:03.830000,so in the series of learning c plus plus programming language in the previous,series learning c plus plus programming language previous,0,Introduction
00:00:03.830000,00:00:03.840000,programming language in the previous,programming language previous,2,Context Setting
00:00:03.840000,00:00:05.590000,programming language in the previous video we have discussed features of c,programming language previous video discussed features c,2,Context Setting
00:00:05.590000,00:00:05.600000,video we have discussed features of c,video discussed features c,5,Practical Application
00:00:05.600000,00:00:07.430000,video we have discussed features of c plus plus in this video we'll talk about,video discussed features c plus plus video well talk,5,Practical Application
00:00:07.430000,00:00:07.440000,plus plus in this video we'll talk about,plus plus video well talk,0,Introduction
00:00:07.440000,00:00:09.509000,plus plus in this video we'll talk about history of c plus plus before moving,plus plus video well talk history c plus plus moving,0,Introduction
00:00:09.509000,00:00:09.519000,history of c plus plus before moving,history c plus plus moving,0,Introduction
00:00:09.519000,00:00:11.110000,history of c plus plus before moving further in this course at least you,history c plus plus moving course least,0,Introduction
00:00:11.110000,00:00:11.120000,further in this course at least you,course least,1,Step-by-Step Instruction
00:00:11.120000,00:00:12.950000,further in this course at least you should have some you know basic idea,course least know basic idea,4,Recap
00:00:12.950000,00:00:12.960000,should have some you know basic idea,know basic idea,4,Recap
00:00:12.960000,00:00:15.509000,should have some you know basic idea about history of this language like the,know basic idea history language like,4,Recap
00:00:15.509000,00:00:15.519000,about history of this language like the,history language like,2,Context Setting
00:00:15.519000,00:00:16.950000,about history of this language like the versions the latest version the,history language like versions latest version,2,Context Setting
00:00:16.950000,00:00:16.960000,versions the latest version the,versions latest version,1,Step-by-Step Instruction
00:00:16.960000,00:00:18.550000,versions the latest version the improvement made in this language time,versions latest version improvement made language time,2,Context Setting
00:00:18.550000,00:00:18.560000,improvement made in this language time,improvement made language time,2,Context Setting
00:00:18.560000,00:00:20.550000,improvement made in this language time by time so these things will discuss,improvement made language time time things discuss,2,Context Setting
00:00:20.550000,00:00:20.560000,by time so these things will discuss,time things discuss,1,Step-by-Step Instruction
00:00:20.560000,00:00:22.790000,by time so these things will discuss briefly in this video right but before,time things discuss briefly video right,5,Practical Application
00:00:22.790000,00:00:22.800000,briefly in this video right but before,briefly video right,5,Practical Application
00:00:22.800000,00:00:24.230000,briefly in this video right but before that i just want to tell you one thing,briefly video right want tell one thing,5,Practical Application
00:00:24.230000,00:00:24.240000,that i just want to tell you one thing,want tell one thing,1,Step-by-Step Instruction
00:00:24.240000,00:00:25.750000,that i just want to tell you one thing if you are interested in competitive,want tell one thing interested competitive,1,Step-by-Step Instruction
00:00:25.750000,00:00:25.760000,if you are interested in competitive,interested competitive,1,Step-by-Step Instruction
00:00:25.760000,00:00:27.589000,if you are interested in competitive programming then dx4 weeks has come up,interested competitive programming dx4 weeks come,1,Step-by-Step Instruction
00:00:27.589000,00:00:27.599000,programming then dx4 weeks has come up,programming dx4 weeks come,1,Step-by-Step Instruction
00:00:27.599000,00:00:28.950000,programming then dx4 weeks has come up with something really exciting for you,programming dx4 weeks come something really exciting,1,Step-by-Step Instruction
00:00:28.950000,00:00:28.960000,with something really exciting for you,something really exciting,1,Step-by-Step Instruction
00:00:28.960000,00:00:30.870000,with something really exciting for you guys that you cannot miss out they're,something really exciting guys miss theyre,1,Step-by-Step Instruction
00:00:30.870000,00:00:30.880000,guys that you cannot miss out they're,guys miss theyre,1,Step-by-Step Instruction
00:00:30.880000,00:00:32.950000,guys that you cannot miss out they're going to start a summer training batch,guys miss theyre going start summer training batch,1,Step-by-Step Instruction
00:00:32.950000,00:00:32.960000,going to start a summer training batch,going start summer training batch,1,Step-by-Step Instruction
00:00:32.960000,00:00:35.670000,going to start a summer training batch from 21st of may so it is a great,going start summer training batch 21st may great,1,Step-by-Step Instruction
00:00:35.670000,00:00:35.680000,from 21st of may so it is a great,21st may great,1,Step-by-Step Instruction
00:00:35.680000,00:00:38.229000,from 21st of may so it is a great opportunity for you guys to enhance your,21st may great opportunity guys enhance,1,Step-by-Step Instruction
00:00:38.229000,00:00:38.239000,opportunity for you guys to enhance your,opportunity guys enhance,1,Step-by-Step Instruction
00:00:38.239000,00:00:40.790000,opportunity for you guys to enhance your skills during your summer vacations,opportunity guys enhance skills summer vacations,1,Step-by-Step Instruction
00:00:40.790000,00:00:40.800000,skills during your summer vacations,skills summer vacations,1,Step-by-Step Instruction
00:00:40.800000,00:00:42.549000,skills during your summer vacations whether you want to be a programmer in,skills summer vacations whether want programmer,1,Step-by-Step Instruction
00:00:42.549000,00:00:42.559000,whether you want to be a programmer in,whether want programmer,1,Step-by-Step Instruction
00:00:42.559000,00:00:44.470000,whether you want to be a programmer in top company or you wish to drop the,whether want programmer top company wish drop,1,Step-by-Step Instruction
00:00:44.470000,00:00:44.480000,top company or you wish to drop the,top company wish drop,1,Step-by-Step Instruction
00:00:44.480000,00:00:46.630000,top company or you wish to drop the charts of leading coding competitions,top company wish drop charts leading coding competitions,1,Step-by-Step Instruction
00:00:46.630000,00:00:46.640000,charts of leading coding competitions,charts leading coding competitions,1,Step-by-Step Instruction
00:00:46.640000,00:00:48.310000,charts of leading coding competitions you have come to write please,charts leading coding competitions come write please,1,Step-by-Step Instruction
00:00:48.310000,00:00:48.320000,you have come to write please,come write please,1,Step-by-Step Instruction
00:00:48.320000,00:00:49.190000,you have come to write please a,come write please,1,Step-by-Step Instruction
00:00:49.190000,00:00:49.200000,a,,1,Step-by-Step Instruction
00:00:49.200000,00:00:51.830000,a live weekend classroom program designed,live weekend classroom program designed,1,Step-by-Step Instruction
00:00:51.830000,00:00:51.840000,live weekend classroom program designed,live weekend classroom program designed,1,Step-by-Step Instruction
00:00:51.840000,00:00:53.510000,live weekend classroom program designed for the people who wish to excel in,live weekend classroom program designed people wish excel,1,Step-by-Step Instruction
00:00:53.510000,00:00:53.520000,for the people who wish to excel in,people wish excel,1,Step-by-Step Instruction
00:00:53.520000,00:00:55.189000,for the people who wish to excel in competitive programming and sd,people wish excel competitive programming sd,1,Step-by-Step Instruction
00:00:55.189000,00:00:55.199000,competitive programming and sd,competitive programming sd,1,Step-by-Step Instruction
00:00:55.199000,00:00:56.709000,competitive programming and sd interviews so now you can learn,competitive programming sd interviews learn,1,Step-by-Step Instruction
00:00:56.709000,00:00:56.719000,interviews so now you can learn,interviews learn,1,Step-by-Step Instruction
00:00:56.719000,00:00:58.150000,interviews so now you can learn competitive programming through a live,interviews learn competitive programming live,1,Step-by-Step Instruction
00:00:58.150000,00:00:58.160000,competitive programming through a live,competitive programming live,1,Step-by-Step Instruction
00:00:58.160000,00:01:00.470000,competitive programming through a live course designed by industry experts to,competitive programming live course designed industry experts,1,Step-by-Step Instruction
00:01:00.470000,00:01:00.480000,course designed by industry experts to,course designed industry experts,1,Step-by-Step Instruction
00:01:00.480000,00:01:02.310000,course designed by industry experts to help you enhance your problem solving,course designed industry experts help enhance problem solving,1,Step-by-Step Instruction
00:01:02.310000,00:01:02.320000,help you enhance your problem solving,help enhance problem solving,1,Step-by-Step Instruction
00:01:02.320000,00:01:04.789000,help you enhance your problem solving skills and prerequisite for this courses,help enhance problem solving skills prerequisite courses,1,Step-by-Step Instruction
00:01:04.789000,00:01:04.799000,skills and prerequisite for this courses,skills prerequisite courses,1,Step-by-Step Instruction
00:01:04.799000,00:01:06.310000,skills and prerequisite for this courses basic knowledge of programming language,skills prerequisite courses basic knowledge programming language,2,Context Setting
00:01:06.310000,00:01:06.320000,basic knowledge of programming language,basic knowledge programming language,2,Context Setting
00:01:06.320000,00:01:07.910000,basic knowledge of programming language and basic knowledge of data structure,basic knowledge programming language basic knowledge data structure,4,Recap
00:01:07.910000,00:01:07.920000,and basic knowledge of data structure,basic knowledge data structure,4,Recap
00:01:07.920000,00:01:09.830000,and basic knowledge of data structure and algorithm and in this course will be,basic knowledge data structure algorithm course,4,Recap
00:01:09.830000,00:01:09.840000,and algorithm and in this course will be,algorithm course,1,Step-by-Step Instruction
00:01:09.840000,00:01:12.149000,and algorithm and in this course will be mentored by the experts and this also,algorithm course mentored experts also,1,Step-by-Step Instruction
00:01:12.149000,00:01:12.159000,mentored by the experts and this also,mentored experts also,1,Step-by-Step Instruction
00:01:12.159000,00:01:14.469000,mentored by the experts and this also includes dsa course quizzes more,mentored experts also includes dsa course quizzes,1,Step-by-Step Instruction
00:01:14.469000,00:01:14.479000,includes dsa course quizzes more,includes dsa course quizzes,1,Step-by-Step Instruction
00:01:14.479000,00:01:16.870000,includes dsa course quizzes more contests and much more so what you will,includes dsa course quizzes contests much,1,Step-by-Step Instruction
00:01:16.870000,00:01:16.880000,contests and much more so what you will,contests much,1,Step-by-Step Instruction
00:01:16.880000,00:01:18.789000,contests and much more so what you will learn in this course all the important,contests much learn course important,1,Step-by-Step Instruction
00:01:18.789000,00:01:18.799000,learn in this course all the important,learn course important,1,Step-by-Step Instruction
00:01:18.799000,00:01:20.550000,learn in this course all the important concepts of data structure and,learn course important concepts data structure,1,Step-by-Step Instruction
00:01:20.550000,00:01:20.560000,concepts of data structure and,concepts data structure,1,Step-by-Step Instruction
00:01:20.560000,00:01:22.710000,concepts of data structure and algorithms how to improve your problem,concepts data structure algorithms improve problem,1,Step-by-Step Instruction
00:01:22.710000,00:01:22.720000,algorithms how to improve your problem,algorithms improve problem,1,Step-by-Step Instruction
00:01:22.720000,00:01:24.070000,algorithms how to improve your problem solving skills,algorithms improve problem solving skills,1,Step-by-Step Instruction
00:01:24.070000,00:01:24.080000,solving skills,solving skills,1,Step-by-Step Instruction
00:01:24.080000,00:01:27.350000,solving skills various efficient techniques uh for,solving skills various efficient techniques uh,1,Step-by-Step Instruction
00:01:27.350000,00:01:27.360000,various efficient techniques uh for,various efficient techniques uh,1,Step-by-Step Instruction
00:01:27.360000,00:01:29.670000,various efficient techniques uh for competitive programming and efficient,various efficient techniques uh competitive programming efficient,1,Step-by-Step Instruction
00:01:29.670000,00:01:29.680000,competitive programming and efficient,competitive programming efficient,1,Step-by-Step Instruction
00:01:29.680000,00:01:31.190000,competitive programming and efficient implementation of mathematical,competitive programming efficient implementation mathematical,1,Step-by-Step Instruction
00:01:31.190000,00:01:31.200000,implementation of mathematical,implementation mathematical,1,Step-by-Step Instruction
00:01:31.200000,00:01:33.510000,implementation of mathematical algorithms so as i have told you this,implementation mathematical algorithms told,1,Step-by-Step Instruction
00:01:33.510000,00:01:33.520000,algorithms so as i have told you this,algorithms told,1,Step-by-Step Instruction
00:01:33.520000,00:01:34.789000,algorithms so as i have told you this training batch is going to be started,algorithms told training batch going started,1,Step-by-Step Instruction
00:01:34.789000,00:01:34.799000,training batch is going to be started,training batch going started,1,Step-by-Step Instruction
00:01:34.799000,00:01:37.270000,training batch is going to be started from 21st of may so go and get yourself,training batch going started 21st may go get,5,Practical Application
00:01:37.270000,00:01:37.280000,from 21st of may so go and get yourself,21st may go get,5,Practical Application
00:01:37.280000,00:01:39.670000,from 21st of may so go and get yourself registered to get counseling the and you,21st may go get registered get counseling,5,Practical Application
00:01:39.670000,00:01:39.680000,registered to get counseling the and you,registered get counseling,1,Step-by-Step Instruction
00:01:39.680000,00:01:42.550000,registered to get counseling the and you can use my code jenny10 to get 10,registered get counseling use code jenny10 get 10,1,Step-by-Step Instruction
00:01:42.550000,00:01:42.560000,can use my code jenny10 to get 10,use code jenny10 get 10,1,Step-by-Step Instruction
00:01:42.560000,00:01:44.789000,can use my code jenny10 to get 10 discount for the same so the,use code jenny10 get 10 discount,1,Step-by-Step Instruction
00:01:44.789000,00:01:44.799000,discount for the same so the,discount,1,Step-by-Step Instruction
00:01:44.799000,00:01:46.469000,discount for the same so the registration link and all the relevant,discount registration link relevant,1,Step-by-Step Instruction
00:01:46.469000,00:01:46.479000,registration link and all the relevant,registration link relevant,1,Step-by-Step Instruction
00:01:46.479000,00:01:47.990000,registration link and all the relevant details i'll put in the description box,registration link relevant details ill put description box,5,Practical Application
00:01:47.990000,00:01:48,details i'll put in the description box,details ill put description box,5,Practical Application
00:01:48,00:01:50.230000,details i'll put in the description box of this video you can go and check out,details ill put description box video go check,5,Practical Application
00:01:50.230000,00:01:50.240000,of this video you can go and check out,video go check,5,Practical Application
00:01:50.240000,00:01:52.389000,of this video you can go and check out now as we know c was developed by dennis,video go check know c developed dennis,5,Practical Application
00:01:52.389000,00:01:52.399000,now as we know c was developed by dennis,know c developed dennis,4,Recap
00:01:52.399000,00:01:55.590000,now as we know c was developed by dennis richie in 1970 at atnt bell laboratories,know c developed dennis richie 1970 atnt bell laboratories,4,Recap
00:01:55.590000,00:01:55.600000,richie in 1970 at atnt bell laboratories,richie 1970 atnt bell laboratories,1,Step-by-Step Instruction
00:01:55.600000,00:01:58.230000,richie in 1970 at atnt bell laboratories to develop unix operating system right,richie 1970 atnt bell laboratories develop unix operating system right,1,Step-by-Step Instruction
00:01:58.230000,00:01:58.240000,to develop unix operating system right,develop unix operating system right,1,Step-by-Step Instruction
00:01:58.240000,00:02:00.709000,to develop unix operating system right so c plus plus was developed by bjornik,develop unix operating system right c plus plus developed bjornik,0,Introduction
00:02:00.709000,00:02:00.719000,so c plus plus was developed by bjornik,c plus plus developed bjornik,0,Introduction
00:02:00.719000,00:02:03.429000,so c plus plus was developed by bjornik straustra he was a computer scientist at,c plus plus developed bjornik straustra computer scientist,0,Introduction
00:02:03.429000,00:02:03.439000,straustra he was a computer scientist at,straustra computer scientist,1,Step-by-Step Instruction
00:02:03.439000,00:02:06.149000,straustra he was a computer scientist at atnt bell laboratories it was developed,straustra computer scientist atnt bell laboratories developed,1,Step-by-Step Instruction
00:02:06.149000,00:02:06.159000,atnt bell laboratories it was developed,atnt bell laboratories developed,1,Step-by-Step Instruction
00:02:06.159000,00:02:08.309000,atnt bell laboratories it was developed and he started working on the,atnt bell laboratories developed started working,1,Step-by-Step Instruction
00:02:08.309000,00:02:08.319000,and he started working on the,started working,1,Step-by-Step Instruction
00:02:08.319000,00:02:11.150000,and he started working on the development of this language since,started working development language since,2,Context Setting
00:02:11.150000,00:02:11.160000,development of this language since,development language since,2,Context Setting
00:02:11.160000,00:02:14.949000,development of this language since 1979 1979.,development language since 1979 1979,2,Context Setting
00:02:14.949000,00:02:14.959000,1979 1979.,1979 1979,1,Step-by-Step Instruction
00:02:14.959000,00:02:17.670000,1979 1979. he was working on his phd you know,1979 1979 working phd know,4,Recap
00:02:17.670000,00:02:17.680000,he was working on his phd you know,working phd know,4,Recap
00:02:17.680000,00:02:19.110000,he was working on his phd you know thesis work,working phd know thesis work,4,Recap
00:02:19.110000,00:02:19.120000,thesis work,thesis work,1,Step-by-Step Instruction
00:02:19.120000,00:02:20.550000,thesis work at that time,thesis work time,1,Step-by-Step Instruction
00:02:20.550000,00:02:20.560000,at that time,time,1,Step-by-Step Instruction
00:02:20.560000,00:02:22.790000,at that time he you know got a chance to work in,time know got chance work,4,Recap
00:02:22.790000,00:02:22.800000,he you know got a chance to work in,know got chance work,4,Recap
00:02:22.800000,00:02:24.869000,he you know got a chance to work in similar language,know got chance work similar language,4,Recap
00:02:24.869000,00:02:24.879000,similar language,similar language,2,Context Setting
00:02:24.879000,00:02:28.790000,similar language similar programming language,similar language similar programming language,2,Context Setting
00:02:32.150000,00:02:32.160000,and similar 67 was the first,similar 67 first,3,Transitions
00:02:32.160000,00:02:34.309000,and similar 67 was the first object-oriented programming language it,similar 67 first objectoriented programming language,2,Context Setting
00:02:34.309000,00:02:34.319000,object-oriented programming language it,objectoriented programming language,2,Context Setting
00:02:34.319000,00:02:37.190000,object-oriented programming language it was the first language who supported,objectoriented programming language first language supported,2,Context Setting
00:02:37.190000,00:02:37.200000,was the first language who supported,first language supported,2,Context Setting
00:02:37.200000,00:02:39.910000,was the first language who supported oops concepts,first language supported oops concepts,2,Context Setting
00:02:39.910000,00:02:39.920000,oops concepts,oops concepts,1,Step-by-Step Instruction
00:02:39.920000,00:02:41.750000,oops concepts right,oops concepts right,1,Step-by-Step Instruction
00:02:41.750000,00:02:41.760000,right,right,1,Step-by-Step Instruction
00:02:41.760000,00:02:43.750000,right so he thought that,right thought,1,Step-by-Step Instruction
00:02:43.750000,00:02:43.760000,so he thought that,thought,1,Step-by-Step Instruction
00:02:43.760000,00:02:46.790000,so he thought that these concepts these oops concepts,thought concepts oops concepts,1,Step-by-Step Instruction
00:02:46.790000,00:02:46.800000,these concepts these oops concepts,concepts oops concepts,1,Step-by-Step Instruction
00:02:46.800000,00:02:50.070000,these concepts these oops concepts would be you know very beneficial,concepts oops concepts would know beneficial,4,Recap
00:02:50.070000,00:02:50.080000,would be you know very beneficial,would know beneficial,4,Recap
00:02:50.080000,00:02:52.790000,would be you know very beneficial to develop large softwares,would know beneficial develop large softwares,4,Recap
00:02:52.790000,00:02:52.800000,to develop large softwares,develop large softwares,1,Step-by-Step Instruction
00:02:52.800000,00:02:55.270000,to develop large softwares so these concepts he thought that can be,develop large softwares concepts thought,1,Step-by-Step Instruction
00:02:55.270000,00:02:55.280000,so these concepts he thought that can be,concepts thought,1,Step-by-Step Instruction
00:02:55.280000,00:02:57.910000,so these concepts he thought that can be used in software development,concepts thought used software development,1,Step-by-Step Instruction
00:02:57.910000,00:02:57.920000,used in software development,used software development,1,Step-by-Step Instruction
00:02:57.920000,00:03:00.229000,used in software development but this language was similar language,used software development language similar language,2,Context Setting
00:03:00.229000,00:03:00.239000,but this language was similar language,language similar language,2,Context Setting
00:03:00.239000,00:03:01.190000,but this language was similar language was,language similar language,2,Context Setting
00:03:01.190000,00:03:01.200000,was,,1,Step-by-Step Instruction
00:03:01.200000,00:03:03.430000,was it was used for simulation purpose and,used simulation purpose,1,Step-by-Step Instruction
00:03:03.430000,00:03:03.440000,it was used for simulation purpose and,used simulation purpose,1,Step-by-Step Instruction
00:03:03.440000,00:03:06.149000,it was used for simulation purpose and it was too slow for practical use,used simulation purpose slow practical use,1,Step-by-Step Instruction
00:03:06.149000,00:03:06.159000,it was too slow for practical use,slow practical use,1,Step-by-Step Instruction
00:03:06.159000,00:03:08.229000,it was too slow for practical use right and that time,slow practical use right time,1,Step-by-Step Instruction
00:03:08.229000,00:03:08.239000,right and that time,right time,1,Step-by-Step Instruction
00:03:08.239000,00:03:10.229000,right and that time c was popular language so he got a,right time c popular language got,2,Context Setting
00:03:10.229000,00:03:10.239000,c was popular language so he got a,c popular language got,2,Context Setting
00:03:10.239000,00:03:13.670000,c was popular language so he got a chance to work in c language,c popular language got chance work c language,2,Context Setting
00:03:13.670000,00:03:13.680000,chance to work in c language,chance work c language,2,Context Setting
00:03:13.680000,00:03:15.830000,chance to work in c language so he thought to combine,chance work c language thought combine,2,Context Setting
00:03:15.830000,00:03:15.840000,so he thought to combine,thought combine,1,Step-by-Step Instruction
00:03:15.840000,00:03:18.550000,so he thought to combine c language these oops concept in c,thought combine c language oops concept c,2,Context Setting
00:03:18.550000,00:03:18.560000,c language these oops concept in c,c language oops concept c,2,Context Setting
00:03:18.560000,00:03:19.509000,c language these oops concept in c language,c language oops concept c language,2,Context Setting
00:03:19.509000,00:03:19.519000,language,language,2,Context Setting
00:03:19.519000,00:03:20.470000,language right,language right,2,Context Setting
00:03:20.470000,00:03:20.480000,right,right,1,Step-by-Step Instruction
00:03:20.480000,00:03:23.990000,right because this was too slow sorry this was,right slow sorry,1,Step-by-Step Instruction
00:03:23.990000,00:03:24,because this was too slow sorry this was,slow sorry,1,Step-by-Step Instruction
00:03:24,00:03:26.550000,because this was too slow sorry this was you know too slow for practical use,slow sorry know slow practical use,4,Recap
00:03:26.550000,00:03:26.560000,you know too slow for practical use,know slow practical use,4,Recap
00:03:26.560000,00:03:29.190000,you know too slow for practical use although bcpl was a language,know slow practical use although bcpl language,4,Recap
00:03:29.190000,00:03:29.200000,although bcpl was a language,although bcpl language,2,Context Setting
00:03:29.200000,00:03:30.710000,although bcpl was a language it was fast,although bcpl language fast,2,Context Setting
00:03:30.710000,00:03:30.720000,it was fast,fast,1,Step-by-Step Instruction
00:03:30.720000,00:03:33.430000,it was fast but it was too low level programming,fast low level programming,1,Step-by-Step Instruction
00:03:33.430000,00:03:33.440000,but it was too low level programming,low level programming,1,Step-by-Step Instruction
00:03:33.440000,00:03:35.750000,but it was too low level programming language and it is not suited for,low level programming language suited,2,Context Setting
00:03:35.750000,00:03:35.760000,language and it is not suited for,language suited,2,Context Setting
00:03:35.760000,00:03:38.070000,language and it is not suited for suitable for software development,language suited suitable software development,2,Context Setting
00:03:38.070000,00:03:38.080000,suitable for software development,suitable software development,1,Step-by-Step Instruction
00:03:38.080000,00:03:40.470000,suitable for software development so he chose c language why because it,suitable software development chose c language,2,Context Setting
00:03:40.470000,00:03:40.480000,so he chose c language why because it,chose c language,2,Context Setting
00:03:40.480000,00:03:42.229000,so he chose c language why because it was general purpose programming language,chose c language general purpose programming language,2,Context Setting
00:03:42.229000,00:03:42.239000,was general purpose programming language,general purpose programming language,2,Context Setting
00:03:42.239000,00:03:43.990000,was general purpose programming language high level programming language fast,general purpose programming language high level programming language fast,2,Context Setting
00:03:43.990000,00:03:44,high level programming language fast,high level programming language fast,2,Context Setting
00:03:44,00:03:45.430000,high level programming language fast portable and it was,high level programming language fast portable,2,Context Setting
00:03:45.430000,00:03:45.440000,portable and it was,portable,1,Step-by-Step Instruction
00:03:45.440000,00:03:47.430000,portable and it was widely used at that time,portable widely used time,1,Step-by-Step Instruction
00:03:47.430000,00:03:47.440000,widely used at that time,widely used time,1,Step-by-Step Instruction
00:03:47.440000,00:03:49.270000,widely used at that time so he thought to combine some oops,widely used time thought combine oops,1,Step-by-Step Instruction
00:03:49.270000,00:03:49.280000,so he thought to combine some oops,thought combine oops,1,Step-by-Step Instruction
00:03:49.280000,00:03:51.750000,so he thought to combine some oops concept in c,thought combine oops concept c,1,Step-by-Step Instruction
00:03:51.750000,00:03:51.760000,concept in c,concept c,1,Step-by-Step Instruction
00:03:51.760000,00:03:54.789000,concept in c right he thought to make a better c,concept c right thought make better c,1,Step-by-Step Instruction
00:03:54.789000,00:03:54.799000,right he thought to make a better c,right thought make better c,1,Step-by-Step Instruction
00:03:54.799000,00:03:55.990000,right he thought to make a better c language,right thought make better c language,2,Context Setting
00:03:55.990000,00:03:56,language,language,2,Context Setting
00:03:56,00:03:57.030000,language right,language right,2,Context Setting
00:03:57.030000,00:03:57.040000,right,right,1,Step-by-Step Instruction
00:03:57.040000,00:03:59.270000,right so that's why c plus plus is known as,right thats c plus plus known,0,Introduction
00:03:59.270000,00:03:59.280000,so that's why c plus plus is known as,thats c plus plus known,0,Introduction
00:03:59.280000,00:04:01.509000,so that's why c plus plus is known as extension of c or superset of c all the,thats c plus plus known extension c superset c,0,Introduction
00:04:01.509000,00:04:01.519000,extension of c or superset of c all the,extension c superset c,1,Step-by-Step Instruction
00:04:01.519000,00:04:03.910000,extension of c or superset of c all the features the basic functionalities of c,extension c superset c features basic functionalities c,4,Recap
00:04:03.910000,00:04:03.920000,features the basic functionalities of c,features basic functionalities c,4,Recap
00:04:03.920000,00:04:05.509000,features the basic functionalities of c was as it is,features basic functionalities c,4,Recap
00:04:05.509000,00:04:05.519000,was as it is,,1,Step-by-Step Instruction
00:04:05.519000,00:04:07.990000,was as it is only he added some new concept oops,added new concept oops,6,Conclusion
00:04:07.990000,00:04:08,only he added some new concept oops,added new concept oops,6,Conclusion
00:04:08,00:04:11.270000,only he added some new concept oops concept so the first,added new concept oops concept first,6,Conclusion
00:04:11.270000,00:04:11.280000,concept so the first,concept first,3,Transitions
00:04:11.280000,00:04:13.830000,concept so the first language it was not known as c plus plus,concept first language known c plus plus,0,Introduction
00:04:13.830000,00:04:13.840000,language it was not known as c plus plus,language known c plus plus,0,Introduction
00:04:13.840000,00:04:16.710000,language it was not known as c plus plus it was known as c with glasses,language known c plus plus known c glasses,0,Introduction
00:04:16.710000,00:04:16.720000,it was known as c with glasses,known c glasses,1,Step-by-Step Instruction
00:04:16.720000,00:04:18.550000,it was known as c with glasses some basic features were added like you,known c glasses basic features added like,6,Conclusion
00:04:18.550000,00:04:18.560000,some basic features were added like you,basic features added like,6,Conclusion
00:04:18.560000,00:04:21.590000,some basic features were added like you can say classes uh basic inheritance,basic features added like say classes uh basic inheritance,4,Recap
00:04:21.590000,00:04:21.600000,can say classes uh basic inheritance,say classes uh basic inheritance,4,Recap
00:04:21.600000,00:04:23.510000,can say classes uh basic inheritance single inheritance concept default,say classes uh basic inheritance single inheritance concept default,4,Recap
00:04:23.510000,00:04:23.520000,single inheritance concept default,single inheritance concept default,1,Step-by-Step Instruction
00:04:23.520000,00:04:25.590000,single inheritance concept default function argument concept inlining,single inheritance concept default function argument concept inlining,1,Step-by-Step Instruction
00:04:25.590000,00:04:25.600000,function argument concept inlining,function argument concept inlining,1,Step-by-Step Instruction
00:04:25.600000,00:04:27.510000,function argument concept inlining polymorphism so these concepts these,function argument concept inlining polymorphism concepts,1,Step-by-Step Instruction
00:04:27.510000,00:04:27.520000,polymorphism so these concepts these,polymorphism concepts,1,Step-by-Step Instruction
00:04:27.520000,00:04:29.510000,polymorphism so these concepts these features were added,polymorphism concepts features added,6,Conclusion
00:04:29.510000,00:04:29.520000,features were added,features added,6,Conclusion
00:04:29.520000,00:04:31.350000,features were added and it was known as c with classes and,features added known c classes,6,Conclusion
00:04:31.350000,00:04:31.360000,and it was known as c with classes and,known c classes,1,Step-by-Step Instruction
00:04:31.360000,00:04:34.629000,and it was known as c with classes and the first c with classes compiler was,known c classes first c classes compiler,3,Transitions
00:04:34.629000,00:04:34.639000,the first c with classes compiler was,first c classes compiler,3,Transitions
00:04:34.639000,00:04:36.870000,the first c with classes compiler was also released known as,first c classes compiler also released known,3,Transitions
00:04:36.870000,00:04:36.880000,also released known as,also released known,1,Step-by-Step Instruction
00:04:36.880000,00:04:41.110000,also released known as seafront,also released known seafront,1,Step-by-Step Instruction
00:04:43.990000,00:04:44,right it was derived from the compass c,right derived compass c,1,Step-by-Step Instruction
00:04:44,00:04:46.150000,right it was derived from the compass c compiler c pre was a compiler it was,right derived compass c compiler c pre compiler,1,Step-by-Step Instruction
00:04:46.150000,00:04:46.160000,compiler c pre was a compiler it was,compiler c pre compiler,1,Step-by-Step Instruction
00:04:46.160000,00:04:47.749000,compiler c pre was a compiler it was derived from that compiler and the main,compiler c pre compiler derived compiler main,1,Step-by-Step Instruction
00:04:47.749000,00:04:47.759000,derived from that compiler and the main,derived compiler main,1,Step-by-Step Instruction
00:04:47.759000,00:04:49.590000,derived from that compiler and the main the interesting fact is what c front,derived compiler main interesting fact c front,1,Step-by-Step Instruction
00:04:49.590000,00:04:49.600000,the interesting fact is what c front,interesting fact c front,1,Step-by-Step Instruction
00:04:49.600000,00:04:51.590000,the interesting fact is what c front this compiler was written,interesting fact c front compiler written,1,Step-by-Step Instruction
00:04:51.590000,00:04:51.600000,this compiler was written,compiler written,1,Step-by-Step Instruction
00:04:51.600000,00:04:54.230000,this compiler was written in c with classes language only,compiler written c classes language,2,Context Setting
00:04:54.230000,00:04:54.240000,in c with classes language only,c classes language,2,Context Setting
00:04:54.240000,00:04:56.390000,in c with classes language only so it was you can say self-hosting,c classes language say selfhosting,2,Context Setting
00:04:56.390000,00:04:56.400000,so it was you can say self-hosting,say selfhosting,1,Step-by-Step Instruction
00:04:56.400000,00:04:58.550000,so it was you can say self-hosting compiler a compiler that will compile,say selfhosting compiler compiler compile,1,Step-by-Step Instruction
00:04:58.550000,00:04:58.560000,compiler a compiler that will compile,compiler compiler compile,1,Step-by-Step Instruction
00:04:58.560000,00:04:59.990000,compiler a compiler that will compile itself,compiler compiler compile,1,Step-by-Step Instruction
00:04:59.990000,00:05:00,itself,,1,Step-by-Step Instruction
00:05:00,00:05:01.350000,itself but the use of this compiler was,use compiler,1,Step-by-Step Instruction
00:05:01.350000,00:05:01.360000,but the use of this compiler was,use compiler,1,Step-by-Step Instruction
00:05:01.360000,00:05:04.870000,but the use of this compiler was abandoned in 1993,use compiler abandoned 1993,1,Step-by-Step Instruction
00:05:06.790000,00:05:06.800000,right because it became difficult to add,right became difficult add,1,Step-by-Step Instruction
00:05:06.800000,00:05:08.629000,right because it became difficult to add new features to integrate new features,right became difficult add new features integrate new features,6,Conclusion
00:05:08.629000,00:05:08.639000,new features to integrate new features,new features integrate new features,6,Conclusion
00:05:08.639000,00:05:10.150000,new features to integrate new features into it so it was abandoned the use of,new features integrate new features abandoned use,6,Conclusion
00:05:10.150000,00:05:10.160000,into it so it was abandoned the use of,abandoned use,1,Step-by-Step Instruction
00:05:10.160000,00:05:13.189000,into it so it was abandoned the use of this was abandoned in 1993 actually,abandoned use abandoned 1993 actually,1,Step-by-Step Instruction
00:05:13.189000,00:05:13.199000,this was abandoned in 1993 actually,abandoned 1993 actually,1,Step-by-Step Instruction
00:05:13.199000,00:05:15.430000,this was abandoned in 1993 actually now it was renamed as c plus plus in,abandoned 1993 actually renamed c plus plus,0,Introduction
00:05:15.430000,00:05:15.440000,now it was renamed as c plus plus in,renamed c plus plus,0,Introduction
00:05:15.440000,00:05:18.550000,now it was renamed as c plus plus in 1985,renamed c plus plus 1985,0,Introduction
00:05:21.749000,00:05:21.759000,but it was not standardized yet and,standardized yet,1,Step-by-Step Instruction
00:05:21.759000,00:05:23.350000,but it was not standardized yet and more features were added around this,standardized yet features added around,6,Conclusion
00:05:23.350000,00:05:23.360000,more features were added around this,features added around,6,Conclusion
00:05:23.360000,00:05:24.870000,more features were added around this time like virtual functions function,features added around time like virtual functions function,6,Conclusion
00:05:24.870000,00:05:24.880000,time like virtual functions function,time like virtual functions function,1,Step-by-Step Instruction
00:05:24.880000,00:05:27.270000,time like virtual functions function overloading the cost keyword,time like virtual functions function overloading cost keyword,1,Step-by-Step Instruction
00:05:27.270000,00:05:27.280000,overloading the cost keyword,overloading cost keyword,1,Step-by-Step Instruction
00:05:27.280000,00:05:29.510000,overloading the cost keyword a single line argument using two forward,overloading cost keyword single line argument using two forward,1,Step-by-Step Instruction
00:05:29.510000,00:05:29.520000,a single line argument using two forward,single line argument using two forward,1,Step-by-Step Instruction
00:05:29.520000,00:05:30.469000,a single line argument using two forward slash,single line argument using two forward slash,1,Step-by-Step Instruction
00:05:30.469000,00:05:30.479000,slash,slash,1,Step-by-Step Instruction
00:05:30.479000,00:05:31.670000,slash right,slash right,1,Step-by-Step Instruction
00:05:31.670000,00:05:31.680000,right,right,1,Step-by-Step Instruction
00:05:31.680000,00:05:36.070000,right now in 1985,right 1985,1,Step-by-Step Instruction
00:05:38.550000,00:05:38.560000,the first it was the first commercial,first first commercial,3,Transitions
00:05:38.560000,00:05:42.230000,the first it was the first commercial version was released in 1985.,first first commercial version released 1985,3,Transitions
00:05:42.230000,00:05:42.240000,version was released in 1985.,version released 1985,1,Step-by-Step Instruction
00:05:42.240000,00:05:43.430000,version was released in 1985. so,version released 1985,1,Step-by-Step Instruction
00:05:43.430000,00:05:43.440000,so,,1,Step-by-Step Instruction
00:05:43.440000,00:05:45.430000,so the first edition you can see the first,first edition see first,3,Transitions
00:05:45.430000,00:05:45.440000,the first edition you can see the first,first edition see first,3,Transitions
00:05:45.440000,00:05:51.110000,the first edition you can see the first edition the c plus plus programming,first edition see first edition c plus plus programming,3,Transitions
00:05:57.110000,00:05:57.120000,so in this 1985 the first edition of,1985 first edition,3,Transitions
00:05:57.120000,00:05:58.390000,so in this 1985 the first edition of this the c plus plus programming,1985 first edition c plus plus programming,0,Introduction
00:05:58.390000,00:05:58.400000,this the c plus plus programming,c plus plus programming,0,Introduction
00:05:58.400000,00:06:00.390000,this the c plus plus programming language this book was released but it,c plus plus programming language book released,0,Introduction
00:06:00.390000,00:06:00.400000,language this book was released but it,language book released,2,Context Setting
00:06:00.400000,00:06:03.350000,language this book was released but it was not standardized yet and c plus plus,language book released standardized yet c plus plus,0,Introduction
00:06:03.350000,00:06:03.360000,was not standardized yet and c plus plus,standardized yet c plus plus,0,Introduction
00:06:03.360000,00:06:05.110000,was not standardized yet and c plus plus was also implemented as a commercial,standardized yet c plus plus also implemented commercial,0,Introduction
00:06:05.110000,00:06:05.120000,was also implemented as a commercial,also implemented commercial,1,Step-by-Step Instruction
00:06:05.120000,00:06:07.270000,was also implemented as a commercial product in the same year,also implemented commercial product year,1,Step-by-Step Instruction
00:06:07.270000,00:06:07.280000,product in the same year,product year,1,Step-by-Step Instruction
00:06:07.280000,00:06:09.830000,product in the same year right means you can say it was,product year right means say,1,Step-by-Step Instruction
00:06:09.830000,00:06:09.840000,right means you can say it was,right means say,1,Step-by-Step Instruction
00:06:09.840000,00:06:11.909000,right means you can say it was made available outside of the bell labs,right means say made available outside bell labs,1,Step-by-Step Instruction
00:06:11.909000,00:06:11.919000,made available outside of the bell labs,made available outside bell labs,1,Step-by-Step Instruction
00:06:11.919000,00:06:15.590000,made available outside of the bell labs first time in 1985 then in 1989 also,made available outside bell labs first time 1985 1989 also,3,Transitions
00:06:15.590000,00:06:15.600000,first time in 1985 then in 1989 also,first time 1985 1989 also,3,Transitions
00:06:15.600000,00:06:16.790000,first time in 1985 then in 1989 also some,first time 1985 1989 also,3,Transitions
00:06:16.790000,00:06:16.800000,some,,1,Step-by-Step Instruction
00:06:16.800000,00:06:18.469000,some new features were added like protected,new features added like protected,6,Conclusion
00:06:18.469000,00:06:18.479000,new features were added like protected,new features added like protected,6,Conclusion
00:06:18.479000,00:06:21.510000,new features were added like protected and static members multiple inheritance,new features added like protected static members multiple inheritance,6,Conclusion
00:06:21.510000,00:06:21.520000,and static members multiple inheritance,static members multiple inheritance,1,Step-by-Step Instruction
00:06:21.520000,00:06:23.110000,and static members multiple inheritance these kind of features were added and,static members multiple inheritance kind features added,6,Conclusion
00:06:23.110000,00:06:23.120000,these kind of features were added and,kind features added,6,Conclusion
00:06:23.120000,00:06:26.710000,these kind of features were added and you can see that c plus 2.0 was released,kind features added see c plus 20 released,6,Conclusion
00:06:26.710000,00:06:26.720000,you can see that c plus 2.0 was released,see c plus 20 released,0,Introduction
00:06:26.720000,00:06:28.390000,you can see that c plus 2.0 was released in 1989,see c plus 20 released 1989,0,Introduction
00:06:28.390000,00:06:28.400000,in 1989,1989,1,Step-by-Step Instruction
00:06:28.400000,00:06:31.749000,in 1989 then in 1990 the annotated c plus,1989 1990 annotated c plus,0,Introduction
00:06:31.749000,00:06:31.759000,then in 1990 the annotated c plus,1990 annotated c plus,0,Introduction
00:06:31.759000,00:06:34.390000,then in 1990 the annotated c plus reference manual was released i hope you,1990 annotated c plus reference manual released hope,1,Step-by-Step Instruction
00:06:34.390000,00:06:34.400000,reference manual was released i hope you,reference manual released hope,1,Step-by-Step Instruction
00:06:34.400000,00:06:35.990000,reference manual was released i hope you know the meaning of annotated it means,reference manual released hope know meaning annotated means,4,Recap
00:06:35.990000,00:06:36,know the meaning of annotated it means,know meaning annotated means,4,Recap
00:06:36,00:06:36.710000,know the meaning of annotated it means like,know meaning annotated means like,4,Recap
00:06:36.710000,00:06:36.720000,like,like,6,Conclusion
00:06:36.720000,00:06:38.710000,like to add a description or to add some,like add description add,5,Practical Application
00:06:38.710000,00:06:38.720000,to add a description or to add some,add description add,5,Practical Application
00:06:38.720000,00:06:41.189000,to add a description or to add some information a piece of information,add description add information piece information,5,Practical Application
00:06:41.189000,00:06:41.199000,information a piece of information,information piece information,1,Step-by-Step Instruction
00:06:41.199000,00:06:44.230000,information a piece of information to a data or an image to describe,information piece information data image describe,1,Step-by-Step Instruction
00:06:44.230000,00:06:44.240000,to a data or an image to describe,data image describe,1,Step-by-Step Instruction
00:06:44.240000,00:06:46.790000,to a data or an image to describe about that image or that data,data image describe image data,1,Step-by-Step Instruction
00:06:46.790000,00:06:46.800000,about that image or that data,image data,1,Step-by-Step Instruction
00:06:46.800000,00:06:49.350000,about that image or that data right some you can say nodes these kind,image data right say nodes kind,1,Step-by-Step Instruction
00:06:49.350000,00:06:49.360000,right some you can say nodes these kind,right say nodes kind,1,Step-by-Step Instruction
00:06:49.360000,00:06:51.270000,right some you can say nodes these kind of things so that reference manual was,right say nodes kind things reference manual,1,Step-by-Step Instruction
00:06:51.270000,00:06:51.280000,of things so that reference manual was,things reference manual,1,Step-by-Step Instruction
00:06:51.280000,00:06:53.990000,of things so that reference manual was released in 1990 and in the same year,things reference manual released 1990 year,1,Step-by-Step Instruction
00:06:53.990000,00:06:54,released in 1990 and in the same year,released 1990 year,1,Step-by-Step Instruction
00:06:54,00:06:57.110000,released in 1990 and in the same year borland turbo c plus plus compiler,released 1990 year borland turbo c plus plus compiler,0,Introduction
00:06:57.110000,00:06:57.120000,borland turbo c plus plus compiler,borland turbo c plus plus compiler,0,Introduction
00:06:57.120000,00:06:59.029000,borland turbo c plus plus compiler you know was also released as a,borland turbo c plus plus compiler know also released,0,Introduction
00:06:59.029000,00:06:59.039000,you know was also released as a,know also released,4,Recap
00:06:59.039000,00:07:01.270000,you know was also released as a commercial product,know also released commercial product,4,Recap
00:07:01.270000,00:07:01.280000,commercial product,commercial product,1,Step-by-Step Instruction
00:07:01.280000,00:07:03.430000,commercial product and the last stable release for this,commercial product last stable release,3,Transitions
00:07:03.430000,00:07:03.440000,and the last stable release for this,last stable release,3,Transitions
00:07:03.440000,00:07:05.589000,and the last stable release for this compiler was in 2006,last stable release compiler 2006,3,Transitions
00:07:05.589000,00:07:05.599000,compiler was in 2006,compiler 2006,1,Step-by-Step Instruction
00:07:05.599000,00:07:08.390000,compiler was in 2006 but still we use this compiler right now,compiler 2006 still use compiler right,1,Step-by-Step Instruction
00:07:08.390000,00:07:08.400000,but still we use this compiler right now,still use compiler right,1,Step-by-Step Instruction
00:07:08.400000,00:07:09.670000,but still we use this compiler right now again,still use compiler right,1,Step-by-Step Instruction
00:07:09.670000,00:07:09.680000,again,,1,Step-by-Step Instruction
00:07:09.680000,00:07:13.990000,again in 1998,1998,1,Step-by-Step Instruction
00:07:15.430000,00:07:15.440000,the standard,standard,3,Transitions
00:07:15.440000,00:07:17.350000,the standard committee release the first,standard committee release first,3,Transitions
00:07:17.350000,00:07:17.360000,committee release the first,committee release first,3,Transitions
00:07:17.360000,00:07:20.150000,committee release the first international standard,committee release first international standard,3,Transitions
00:07:20.150000,00:07:20.160000,international standard,international standard,3,Transitions
00:07:20.160000,00:07:22.710000,international standard of c plus plus that was,international standard c plus plus,0,Introduction
00:07:22.710000,00:07:22.720000,of c plus plus that was,c plus plus,0,Introduction
00:07:22.720000,00:07:25.670000,of c plus plus that was c plus plus 98 means,c plus plus c plus plus 98 means,0,Introduction
00:07:25.670000,00:07:25.680000,c plus plus 98 means,c plus plus 98 means,0,Introduction
00:07:25.680000,00:07:29.270000,c plus plus 98 means it was standardized by iso in,c plus plus 98 means standardized iso,0,Introduction
00:07:29.270000,00:07:29.280000,it was standardized by iso in,standardized iso,1,Step-by-Step Instruction
00:07:29.280000,00:07:31.749000,it was standardized by iso in 1998 the version was known as c plus,standardized iso 1998 version known c plus,0,Introduction
00:07:31.749000,00:07:31.759000,1998 the version was known as c plus,1998 version known c plus,0,Introduction
00:07:31.759000,00:07:32.710000,1998 the version was known as c plus plus,1998 version known c plus plus,0,Introduction
00:07:32.710000,00:07:32.720000,plus,plus,0,Introduction
00:07:32.720000,00:07:34.550000,plus 98,plus 98,0,Introduction
00:07:34.550000,00:07:34.560000,98,98,1,Step-by-Step Instruction
00:07:34.560000,00:07:37.189000,98 and standard template library was also,98 standard template library also,3,Transitions
00:07:37.189000,00:07:37.199000,and standard template library was also,standard template library also,3,Transitions
00:07:37.199000,00:07:38.550000,and standard template library was also included,standard template library also included,3,Transitions
00:07:38.550000,00:07:38.560000,included,included,1,Step-by-Step Instruction
00:07:38.560000,00:07:41.270000,included stl right in this version now,included stl right version,1,Step-by-Step Instruction
00:07:41.270000,00:07:41.280000,stl right in this version now,stl right version,1,Step-by-Step Instruction
00:07:41.280000,00:07:42.830000,stl right in this version now again in,stl right version,1,Step-by-Step Instruction
00:07:42.830000,00:07:42.840000,again in,,1,Step-by-Step Instruction
00:07:42.840000,00:07:44.390000,again in 2003,2003,1,Step-by-Step Instruction
00:07:44.390000,00:07:44.400000,2003,2003,1,Step-by-Step Instruction
00:07:44.400000,00:07:46.230000,2003 a minor update,2003 minor update,1,Step-by-Step Instruction
00:07:46.230000,00:07:46.240000,a minor update,minor update,1,Step-by-Step Instruction
00:07:46.240000,00:07:48.710000,a minor update got released that was known as c plus,minor update got released known c plus,0,Introduction
00:07:48.710000,00:07:48.720000,got released that was known as c plus,got released known c plus,0,Introduction
00:07:48.720000,00:07:53.029000,got released that was known as c plus plus zero three in which the committee,got released known c plus plus zero three committee,0,Introduction
00:07:53.029000,00:07:53.039000,plus zero three in which the committee,plus zero three committee,0,Introduction
00:07:53.039000,00:07:55.189000,plus zero three in which the committee did what they resolved,plus zero three committee resolved,0,Introduction
00:07:55.189000,00:07:55.199000,did what they resolved,resolved,1,Step-by-Step Instruction
00:07:55.199000,00:07:57.189000,did what they resolved the multiple problems,resolved multiple problems,1,Step-by-Step Instruction
00:07:57.189000,00:07:57.199000,the multiple problems,multiple problems,1,Step-by-Step Instruction
00:07:57.199000,00:07:59.270000,the multiple problems that were there in c plus but that will,multiple problems c plus,0,Introduction
00:07:59.270000,00:07:59.280000,that were there in c plus but that will,c plus,0,Introduction
00:07:59.280000,00:08:00.869000,that were there in c plus but that will you know that were reported in this,c plus know reported,4,Recap
00:08:00.869000,00:08:00.879000,you know that were reported in this,know reported,4,Recap
00:08:00.879000,00:08:03.589000,you know that were reported in this standard c plus plus 98 standard so they,know reported standard c plus plus 98 standard,0,Introduction
00:08:03.589000,00:08:03.599000,standard c plus plus 98 standard so they,standard c plus plus 98 standard,0,Introduction
00:08:03.599000,00:08:05.270000,standard c plus plus 98 standard so they fixed those you can say bugs or the,standard c plus plus 98 standard fixed say bugs,0,Introduction
00:08:05.270000,00:08:05.280000,fixed those you can say bugs or the,fixed say bugs,1,Step-by-Step Instruction
00:08:05.280000,00:08:07.430000,fixed those you can say bugs or the problems and released a new update that,fixed say bugs problems released new update,1,Step-by-Step Instruction
00:08:07.430000,00:08:07.440000,problems and released a new update that,problems released new update,1,Step-by-Step Instruction
00:08:07.440000,00:08:09.270000,problems and released a new update that was known as c plus plus,problems released new update known c plus plus,0,Introduction
00:08:09.270000,00:08:09.280000,was known as c plus plus,known c plus plus,0,Introduction
00:08:09.280000,00:08:11.589000,was known as c plus plus 0 3 in 2003,known c plus plus 0 3 2003,0,Introduction
00:08:11.589000,00:08:11.599000,0 3 in 2003,0 3 2003,1,Step-by-Step Instruction
00:08:11.599000,00:08:13.990000,0 3 in 2003 right and then in,0 3 2003 right,1,Step-by-Step Instruction
00:08:13.990000,00:08:14,right and then in,right,1,Step-by-Step Instruction
00:08:14,00:08:15.670000,right and then in 2005,right 2005,1,Step-by-Step Instruction
00:08:15.670000,00:08:15.680000,2005,2005,1,Step-by-Step Instruction
00:08:15.680000,00:08:17.110000,2005 the same committee the standard,2005 committee standard,3,Transitions
00:08:17.110000,00:08:17.120000,the same committee the standard,committee standard,3,Transitions
00:08:17.120000,00:08:21.110000,the same committee the standard committee released a technical report,committee standard committee released technical report,3,Transitions
00:08:21.110000,00:08:21.120000,committee released a technical report,committee released technical report,3,Transitions
00:08:21.120000,00:08:23.350000,committee released a technical report in this report what was there,committee released technical report report,3,Transitions
00:08:23.350000,00:08:23.360000,in this report what was there,report,1,Step-by-Step Instruction
00:08:23.360000,00:08:25.749000,in this report what was there features various new features that they,report features various new features,6,Conclusion
00:08:25.749000,00:08:25.759000,features various new features that they,features various new features,6,Conclusion
00:08:25.759000,00:08:27.510000,features various new features that they were planning to add,features various new features planning add,6,Conclusion
00:08:27.510000,00:08:27.520000,were planning to add,planning add,1,Step-by-Step Instruction
00:08:27.520000,00:08:30.469000,were planning to add in the latest version of the c plus,planning add latest version c plus,0,Introduction
00:08:30.469000,00:08:30.479000,in the latest version of the c plus,latest version c plus,0,Introduction
00:08:30.479000,00:08:31.270000,in the latest version of the c plus right,latest version c plus right,0,Introduction
00:08:31.270000,00:08:31.280000,right,right,1,Step-by-Step Instruction
00:08:31.280000,00:08:33.269000,right they released that report,right released report,1,Step-by-Step Instruction
00:08:33.269000,00:08:33.279000,they released that report,released report,1,Step-by-Step Instruction
00:08:33.279000,00:08:36.790000,they released that report but the next version the next standard,released report next version next standard,3,Transitions
00:08:36.790000,00:08:36.800000,but the next version the next standard,next version next standard,3,Transitions
00:08:36.800000,00:08:38.949000,but the next version the next standard were released,next version next standard released,3,Transitions
00:08:38.949000,00:08:38.959000,were released,released,1,Step-by-Step Instruction
00:08:38.959000,00:08:41.509000,were released in 11,released 11,1,Step-by-Step Instruction
00:08:41.509000,00:08:41.519000,in 11,11,1,Step-by-Step Instruction
00:08:41.519000,00:08:43.430000,in 11 after you can say,11 say,1,Step-by-Step Instruction
00:08:43.430000,00:08:43.440000,after you can say,say,1,Step-by-Step Instruction
00:08:43.440000,00:08:45.910000,after you can say eight years see that previous was in,say eight years see previous,1,Step-by-Step Instruction
00:08:45.910000,00:08:45.920000,eight years see that previous was in,eight years see previous,1,Step-by-Step Instruction
00:08:45.920000,00:08:48.310000,eight years see that previous was in 2003 c plus plus zero three so after,eight years see previous 2003 c plus plus zero three,0,Introduction
00:08:48.310000,00:08:48.320000,2003 c plus plus zero three so after,2003 c plus plus zero three,0,Introduction
00:08:48.320000,00:08:50.710000,2003 c plus plus zero three so after eight years next version was released it,2003 c plus plus zero three eight years next version released,0,Introduction
00:08:50.710000,00:08:50.720000,eight years next version was released it,eight years next version released,1,Step-by-Step Instruction
00:08:50.720000,00:08:52.470000,eight years next version was released it was the longest interval between those,eight years next version released longest interval,1,Step-by-Step Instruction
00:08:52.470000,00:08:52.480000,was the longest interval between those,longest interval,1,Step-by-Step Instruction
00:08:52.480000,00:08:54.550000,was the longest interval between those release in five,longest interval release five,3,Transitions
00:08:54.550000,00:08:54.560000,release in five,release five,3,Transitions
00:08:54.560000,00:08:56.550000,release in five they obviously they released a technical,release five obviously released technical,3,Transitions
00:08:56.550000,00:08:56.560000,they obviously they released a technical,obviously released technical,1,Step-by-Step Instruction
00:08:56.560000,00:08:57.910000,they obviously they released a technical report that they want to add these,obviously released technical report want add,1,Step-by-Step Instruction
00:08:57.910000,00:08:57.920000,report that they want to add these,report want add,1,Step-by-Step Instruction
00:08:57.920000,00:08:59.750000,report that they want to add these features and they were planning,report want add features planning,6,Conclusion
00:08:59.750000,00:08:59.760000,features and they were planning,features planning,6,Conclusion
00:08:59.760000,00:09:02.630000,features and they were planning to release that new standard before,features planning release new standard,3,Transitions
00:09:02.630000,00:09:02.640000,to release that new standard before,release new standard,3,Transitions
00:09:02.640000,00:09:04.550000,to release that new standard before 2010,release new standard 2010,3,Transitions
00:09:04.550000,00:09:04.560000,2010,2010,1,Step-by-Step Instruction
00:09:04.560000,00:09:08.150000,2010 so they named that the draft as c plus,2010 named draft c plus,0,Introduction
00:09:08.150000,00:09:08.160000,so they named that the draft as c plus,named draft c plus,0,Introduction
00:09:08.160000,00:09:11.269000,so they named that the draft as c plus plus 0x means before 10,named draft c plus plus 0x means 10,0,Introduction
00:09:11.269000,00:09:11.279000,plus 0x means before 10,plus 0x means 10,0,Introduction
00:09:11.279000,00:09:13.190000,plus 0x means before 10 they won't they wanted to release this,plus 0x means 10 wont wanted release,3,Transitions
00:09:13.190000,00:09:13.200000,they won't they wanted to release this,wont wanted release,3,Transitions
00:09:13.200000,00:09:14.150000,they won't they wanted to release this but,wont wanted release,3,Transitions
00:09:14.150000,00:09:14.160000,but,,1,Step-by-Step Instruction
00:09:14.160000,00:09:15.990000,but because of some reason it was not,reason,1,Step-by-Step Instruction
00:09:15.990000,00:09:16,because of some reason it was not,reason,1,Step-by-Step Instruction
00:09:16,00:09:17.030000,because of some reason it was not possible,reason possible,1,Step-by-Step Instruction
00:09:17.030000,00:09:17.040000,possible,possible,1,Step-by-Step Instruction
00:09:17.040000,00:09:18.070000,possible and then,possible,1,Step-by-Step Instruction
00:09:18.070000,00:09:18.080000,and then,,1,Step-by-Step Instruction
00:09:18.080000,00:09:20.470000,and then in the mid 2011 they released a new,mid 2011 released new,1,Step-by-Step Instruction
00:09:20.470000,00:09:20.480000,in the mid 2011 they released a new,mid 2011 released new,1,Step-by-Step Instruction
00:09:20.480000,00:09:23.590000,in the mid 2011 they released a new version with major updates,mid 2011 released new version major updates,1,Step-by-Step Instruction
00:09:23.590000,00:09:23.600000,version with major updates,version major updates,1,Step-by-Step Instruction
00:09:23.600000,00:09:26.550000,version with major updates that was c plus plus 11,version major updates c plus plus 11,0,Introduction
00:09:26.550000,00:09:26.560000,that was c plus plus 11,c plus plus 11,0,Introduction
00:09:26.560000,00:09:28.790000,that was c plus plus 11 many new features were added like auto,c plus plus 11 many new features added like auto,6,Conclusion
00:09:28.790000,00:09:28.800000,many new features were added like auto,many new features added like auto,6,Conclusion
00:09:28.800000,00:09:31.269000,many new features were added like auto keyword,many new features added like auto keyword,6,Conclusion
00:09:31.269000,00:09:31.279000,keyword,keyword,1,Step-by-Step Instruction
00:09:31.279000,00:09:33.829000,keyword and that resistor keyword was depleted,keyword resistor keyword depleted,1,Step-by-Step Instruction
00:09:33.829000,00:09:33.839000,and that resistor keyword was depleted,resistor keyword depleted,1,Step-by-Step Instruction
00:09:33.839000,00:09:37.350000,and that resistor keyword was depleted in 2011 right not removed but it was,resistor keyword depleted 2011 right removed,1,Step-by-Step Instruction
00:09:37.350000,00:09:37.360000,in 2011 right not removed but it was,2011 right removed,1,Step-by-Step Instruction
00:09:37.360000,00:09:38.710000,in 2011 right not removed but it was deprecated,2011 right removed deprecated,1,Step-by-Step Instruction
00:09:38.710000,00:09:38.720000,deprecated,deprecated,1,Step-by-Step Instruction
00:09:38.720000,00:09:40.470000,deprecated it was not recommended to use that,deprecated recommended use,1,Step-by-Step Instruction
00:09:40.470000,00:09:40.480000,it was not recommended to use that,recommended use,1,Step-by-Step Instruction
00:09:40.480000,00:09:42.070000,it was not recommended to use that register keyword it was replaced by,recommended use register keyword replaced,1,Step-by-Step Instruction
00:09:42.070000,00:09:42.080000,register keyword it was replaced by,register keyword replaced,1,Step-by-Step Instruction
00:09:42.080000,00:09:44.790000,register keyword it was replaced by another keyword that auto keyword,register keyword replaced another keyword auto keyword,1,Step-by-Step Instruction
00:09:44.790000,00:09:44.800000,another keyword that auto keyword,another keyword auto keyword,1,Step-by-Step Instruction
00:09:44.800000,00:09:48.070000,another keyword that auto keyword regular expression support new libraries,another keyword auto keyword regular expression support new libraries,1,Step-by-Step Instruction
00:09:48.070000,00:09:48.080000,regular expression support new libraries,regular expression support new libraries,1,Step-by-Step Instruction
00:09:48.080000,00:09:49.910000,regular expression support new libraries new time library so many features were,regular expression support new libraries new time library many features,6,Conclusion
00:09:49.910000,00:09:49.920000,new time library so many features were,new time library many features,6,Conclusion
00:09:49.920000,00:09:53.190000,new time library so many features were added this was a major release 11,new time library many features added major release 11,6,Conclusion
00:09:53.190000,00:09:53.200000,added this was a major release 11,added major release 11,3,Transitions
00:09:53.200000,00:09:55.430000,added this was a major release 11 lambda expressions right,added major release 11 lambda expressions right,3,Transitions
00:09:55.430000,00:09:55.440000,lambda expressions right,lambda expressions right,1,Step-by-Step Instruction
00:09:55.440000,00:09:56.790000,lambda expressions right after that,lambda expressions right,1,Step-by-Step Instruction
00:09:56.790000,00:09:56.800000,after that,,1,Step-by-Step Instruction
00:09:56.800000,00:09:59.430000,after that in 14,14,1,Step-by-Step Instruction
00:09:59.430000,00:09:59.440000,in 14,14,1,Step-by-Step Instruction
00:09:59.440000,00:10:01.750000,in 14 it was not a major one it was a minor,14 major one minor,1,Step-by-Step Instruction
00:10:01.750000,00:10:01.760000,it was not a major one it was a minor,major one minor,1,Step-by-Step Instruction
00:10:01.760000,00:10:04.470000,it was not a major one it was a minor update release bug some bug fixes that,major one minor update release bug bug fixes,3,Transitions
00:10:04.470000,00:10:04.480000,update release bug some bug fixes that,update release bug bug fixes,3,Transitions
00:10:04.480000,00:10:06.870000,update release bug some bug fixes that was in this one and,update release bug bug fixes one,3,Transitions
00:10:06.870000,00:10:06.880000,was in this one and,one,1,Step-by-Step Instruction
00:10:06.880000,00:10:09.430000,was in this one and small improvement in c plus plus 11 only,one small improvement c plus plus 11,0,Introduction
00:10:09.430000,00:10:09.440000,small improvement in c plus plus 11 only,small improvement c plus plus 11,0,Introduction
00:10:09.440000,00:10:13.509000,small improvement in c plus plus 11 only and it was known as c plus plus 14,small improvement c plus plus 11 known c plus plus 14,0,Introduction
00:10:13.509000,00:10:13.519000,and it was known as c plus plus 14,known c plus plus 14,0,Introduction
00:10:13.519000,00:10:14.470000,and it was known as c plus plus 14 then,known c plus plus 14,0,Introduction
00:10:14.470000,00:10:14.480000,then,,1,Step-by-Step Instruction
00:10:14.480000,00:10:16.949000,then in 17 again,17,1,Step-by-Step Instruction
00:10:16.949000,00:10:16.959000,in 17 again,17,1,Step-by-Step Instruction
00:10:16.959000,00:10:18.790000,in 17 again major release was there with that,17 major release,3,Transitions
00:10:18.790000,00:10:18.800000,major release was there with that,major release,3,Transitions
00:10:18.800000,00:10:21.030000,major release was there with that addition of new features and with a,major release addition new features,6,Conclusion
00:10:21.030000,00:10:21.040000,addition of new features and with a,addition new features,6,Conclusion
00:10:21.040000,00:10:22.790000,addition of new features and with a great changes in this,addition new features great changes,6,Conclusion
00:10:22.790000,00:10:22.800000,great changes in this,great changes,1,Step-by-Step Instruction
00:10:22.800000,00:10:25.430000,great changes in this version that was known as c plus plus,great changes version known c plus plus,0,Introduction
00:10:25.430000,00:10:25.440000,version that was known as c plus plus,version known c plus plus,0,Introduction
00:10:25.440000,00:10:27.030000,version that was known as c plus plus 17.,version known c plus plus 17,0,Introduction
00:10:27.030000,00:10:27.040000,17.,17,1,Step-by-Step Instruction
00:10:27.040000,00:10:29.110000,17. like in this they,17 like,1,Step-by-Step Instruction
00:10:29.110000,00:10:29.120000,like in this they,like,6,Conclusion
00:10:29.120000,00:10:31.910000,like in this they removed the resistor keyboard right it,like removed resistor keyboard right,1,Step-by-Step Instruction
00:10:31.910000,00:10:31.920000,removed the resistor keyboard right it,removed resistor keyboard right,1,Step-by-Step Instruction
00:10:31.920000,00:10:34.550000,removed the resistor keyboard right it was unused and reserved that's the,removed resistor keyboard right unused reserved thats,1,Step-by-Step Instruction
00:10:34.550000,00:10:34.560000,was unused and reserved that's the,unused reserved thats,1,Step-by-Step Instruction
00:10:34.560000,00:10:37.750000,was unused and reserved that's the sticky one in 11 it was deprecated right,unused reserved thats sticky one 11 deprecated right,1,Step-by-Step Instruction
00:10:37.750000,00:10:37.760000,sticky one in 11 it was deprecated right,sticky one 11 deprecated right,1,Step-by-Step Instruction
00:10:37.760000,00:10:40.230000,sticky one in 11 it was deprecated right it was removed in c plus plus 17 version,sticky one 11 deprecated right removed c plus plus 17 version,0,Introduction
00:10:40.230000,00:10:40.240000,it was removed in c plus plus 17 version,removed c plus plus 17 version,0,Introduction
00:10:40.240000,00:10:43.509000,it was removed in c plus plus 17 version and many new header files and libraries,removed c plus plus 17 version many new header files libraries,0,Introduction
00:10:43.509000,00:10:43.519000,and many new header files and libraries,many new header files libraries,1,Step-by-Step Instruction
00:10:43.519000,00:10:46.389000,and many new header files and libraries were added in this one and some obsolete,many new header files libraries added one obsolete,6,Conclusion
00:10:46.389000,00:10:46.399000,were added in this one and some obsolete,added one obsolete,6,Conclusion
00:10:46.399000,00:10:48.949000,were added in this one and some obsolete features some things were removed,added one obsolete features things removed,6,Conclusion
00:10:48.949000,00:10:48.959000,features some things were removed,features things removed,6,Conclusion
00:10:48.959000,00:10:51.110000,features some things were removed from this this one from this version and,features things removed one version,6,Conclusion
00:10:51.110000,00:10:51.120000,from this this one from this version and,one version,1,Step-by-Step Instruction
00:10:51.120000,00:10:53.030000,from this this one from this version and this was known as c plus 17 and then,one version known c plus 17,0,Introduction
00:10:53.030000,00:10:53.040000,this was known as c plus 17 and then,known c plus 17,0,Introduction
00:10:53.040000,00:10:55.269000,this was known as c plus 17 and then next in 20,known c plus 17 next 20,0,Introduction
00:10:55.269000,00:10:55.279000,next in 20,next 20,1,Step-by-Step Instruction
00:10:55.279000,00:10:59.190000,next in 20 c plus 20 28 is the latest version,next 20 c plus 20 28 latest version,0,Introduction
00:10:59.190000,00:10:59.200000,c plus 20 28 is the latest version,c plus 20 28 latest version,0,Introduction
00:10:59.200000,00:11:00.790000,c plus 20 28 is the latest version of this language,c plus 20 28 latest version language,0,Introduction
00:11:00.790000,00:11:00.800000,of this language,language,2,Context Setting
00:11:00.800000,00:11:03.590000,of this language next will be coming in 23 that would be,language next coming 23 would,2,Context Setting
00:11:03.590000,00:11:03.600000,next will be coming in 23 that would be,next coming 23 would,1,Step-by-Step Instruction
00:11:03.600000,00:11:05.430000,next will be coming in 23 that would be named as c plus plus,next coming 23 would named c plus plus,0,Introduction
00:11:05.430000,00:11:05.440000,named as c plus plus,named c plus plus,0,Introduction
00:11:05.440000,00:11:06.870000,named as c plus plus 23.,named c plus plus 23,0,Introduction
00:11:06.870000,00:11:06.880000,23.,23,1,Step-by-Step Instruction
00:11:06.880000,00:11:07.750000,23. like,23 like,1,Step-by-Step Instruction
00:11:07.750000,00:11:07.760000,like,like,6,Conclusion
00:11:07.760000,00:11:08.790000,like like in this they have added new,like like added new,6,Conclusion
00:11:08.790000,00:11:08.800000,like in this they have added new,like added new,6,Conclusion
00:11:08.800000,00:11:10.389000,like in this they have added new features one example is they have added,like added new features one example added,6,Conclusion
00:11:10.389000,00:11:10.399000,features one example is they have added,features one example added,6,Conclusion
00:11:10.399000,00:11:12.829000,features one example is they have added a three-way comparison operator,features one example added threeway comparison operator,6,Conclusion
00:11:12.829000,00:11:12.839000,a three-way comparison operator,threeway comparison operator,1,Step-by-Step Instruction
00:11:12.839000,00:11:16.470000,a three-way comparison operator this is the operator if you can write,threeway comparison operator operator write,1,Step-by-Step Instruction
00:11:16.470000,00:11:16.480000,this is the operator if you can write,operator write,1,Step-by-Step Instruction
00:11:16.480000,00:11:18.310000,this is the operator if you can write the this and this,operator write,1,Step-by-Step Instruction
00:11:18.310000,00:11:18.320000,the this and this,,1,Step-by-Step Instruction
00:11:18.320000,00:11:20.630000,the this and this right a this operator is known as,right operator known,1,Step-by-Step Instruction
00:11:20.630000,00:11:20.640000,right a this operator is known as,right operator known,1,Step-by-Step Instruction
00:11:20.640000,00:11:22.949000,right a this operator is known as three-way comparison operator so many,right operator known threeway comparison operator many,1,Step-by-Step Instruction
00:11:22.949000,00:11:22.959000,three-way comparison operator so many,threeway comparison operator many,1,Step-by-Step Instruction
00:11:22.959000,00:11:25.030000,three-way comparison operator so many these kind of features were added we'll,threeway comparison operator many kind features added well,6,Conclusion
00:11:25.030000,00:11:25.040000,these kind of features were added we'll,kind features added well,6,Conclusion
00:11:25.040000,00:11:26.630000,these kind of features were added we'll be discussing in detail about these,kind features added well discussing detail,6,Conclusion
00:11:26.630000,00:11:26.640000,be discussing in detail about these,discussing detail,1,Step-by-Step Instruction
00:11:26.640000,00:11:27.670000,be discussing in detail about these features,discussing detail features,6,Conclusion
00:11:27.670000,00:11:27.680000,features,features,6,Conclusion
00:11:27.680000,00:11:29.990000,features when we move in this course this is just,features move course,6,Conclusion
00:11:29.990000,00:11:30,when we move in this course this is just,move course,1,Step-by-Step Instruction
00:11:30,00:11:32.310000,when we move in this course this is just a small you can say briefly we have,move course small say briefly,1,Step-by-Step Instruction
00:11:32.310000,00:11:32.320000,a small you can say briefly we have,small say briefly,1,Step-by-Step Instruction
00:11:32.320000,00:11:35.190000,a small you can say briefly we have discussed history of c plus i hope you,small say briefly discussed history c plus hope,1,Step-by-Step Instruction
00:11:35.190000,00:11:35.200000,discussed history of c plus i hope you,discussed history c plus hope,0,Introduction
00:11:35.200000,00:11:36.389000,discussed history of c plus i hope you go this,discussed history c plus hope go,5,Practical Application
00:11:36.389000,00:11:36.399000,go this,go,5,Practical Application
00:11:36.399000,00:11:37.350000,go this right,go right,5,Practical Application
00:11:37.350000,00:11:37.360000,right,right,1,Step-by-Step Instruction
00:11:37.360000,00:11:39.590000,right so now that's it for this video,right thats video,5,Practical Application
00:11:39.590000,00:11:39.600000,so now that's it for this video,thats video,5,Practical Application
00:11:39.600000,00:11:41.110000,so now that's it for this video if i have left something you can write,thats video left something write,5,Practical Application
00:11:41.110000,00:11:41.120000,if i have left something you can write,left something write,1,Step-by-Step Instruction
00:11:41.120000,00:11:42.870000,if i have left something you can write down that thing in comment box maybe,left something write thing comment box maybe,5,Practical Application
00:11:42.870000,00:11:42.880000,down that thing in comment box maybe,thing comment box maybe,5,Practical Application
00:11:42.880000,00:11:44.949000,down that thing in comment box maybe other can get help from your comment,thing comment box maybe get help comment,5,Practical Application
00:11:44.949000,00:11:44.959000,other can get help from your comment,get help comment,1,Step-by-Step Instruction
00:11:44.959000,00:11:45.990000,other can get help from your comment right,get help comment right,1,Step-by-Step Instruction
00:11:45.990000,00:11:46,right,right,1,Step-by-Step Instruction
00:11:46,00:11:47.350000,right so now i'll see in the next video till,right ill see next video till,5,Practical Application
00:11:47.350000,00:11:47.360000,so now i'll see in the next video till,ill see next video till,5,Practical Application
00:11:47.360000,00:11:50.519000,so now i'll see in the next video till then bye,ill see next video till bye,5,Practical Application
