Start Time,End Time,Text,Cleaned Text,Cluster,Workflow Step
00:00:02.790000,00:00:02.800000,so in the series of learning c plus plus,series learning c plus plus,0,Introduction
00:00:02.800000,00:00:03.909000,so in the series of learning c plus plus programming language in the previous,series learning c plus plus programming language previous,0,Introduction
00:00:03.909000,00:00:03.919000,programming language in the previous,programming language previous,1,Step-by-Step Instruction
00:00:03.919000,00:00:05.749000,programming language in the previous video we have discussed constants and,programming language previous video discussed constants,1,Step-by-Step Instruction
00:00:05.749000,00:00:05.759000,video we have discussed constants and,video discussed constants,1,Step-by-Step Instruction
00:00:05.759000,00:00:07.430000,video we have discussed constants and variables in c plus plus in this video,video discussed constants variables c plus plus video,0,Introduction
00:00:07.430000,00:00:07.440000,variables in c plus plus in this video,variables c plus plus video,0,Introduction
00:00:07.440000,00:00:09.030000,variables in c plus plus in this video we'll talk about keywords and,variables c plus plus video well talk keywords,0,Introduction
00:00:09.030000,00:00:09.040000,we'll talk about keywords and,well talk keywords,0,Introduction
00:00:09.040000,00:00:11.430000,we'll talk about keywords and identifiers in c plus plus see these two,well talk keywords identifiers c plus plus see two,0,Introduction
00:00:11.430000,00:00:11.440000,identifiers in c plus plus see these two,identifiers c plus plus see two,0,Introduction
00:00:11.440000,00:00:13.430000,identifiers in c plus plus see these two are very important part,identifiers c plus plus see two important part,0,Introduction
00:00:13.430000,00:00:13.440000,are very important part,important part,1,Step-by-Step Instruction
00:00:13.440000,00:00:15.350000,are very important part of a c plus plus program you cannot,important part c plus plus program,0,Introduction
00:00:15.350000,00:00:15.360000,of a c plus plus program you cannot,c plus plus program,0,Introduction
00:00:15.360000,00:00:17.590000,of a c plus plus program you cannot write a program without,c plus plus program write program without,0,Introduction
00:00:17.590000,00:00:17.600000,write a program without,write program without,3,Transitions
00:00:17.600000,00:00:19.029000,write a program without these two things keywords and,write program without two things keywords,0,Introduction
00:00:19.029000,00:00:19.039000,these two things keywords and,two things keywords,0,Introduction
00:00:19.039000,00:00:20.870000,these two things keywords and identifiers you cannot write down even a,two things keywords identifiers write even,2,Context Setting
00:00:20.870000,00:00:20.880000,identifiers you cannot write down even a,identifiers write even,2,Context Setting
00:00:20.880000,00:00:22.310000,identifiers you cannot write down even a simple program,identifiers write even simple program,2,Context Setting
00:00:22.310000,00:00:22.320000,simple program,simple program,1,Step-by-Step Instruction
00:00:22.320000,00:00:24.870000,simple program that program to print hello world,simple program program print hello world,1,Step-by-Step Instruction
00:00:24.870000,00:00:24.880000,that program to print hello world,program print hello world,1,Step-by-Step Instruction
00:00:24.880000,00:00:28.230000,that program to print hello world without using keywords and identifiers,program print hello world without using keywords identifiers,2,Context Setting
00:00:28.230000,00:00:28.240000,without using keywords and identifiers,without using keywords identifiers,2,Context Setting
00:00:28.240000,00:00:30.550000,without using keywords and identifiers right so these things are very important,without using keywords identifiers right things important,2,Context Setting
00:00:30.550000,00:00:30.560000,right so these things are very important,right things important,1,Step-by-Step Instruction
00:00:30.560000,00:00:32.549000,right so these things are very important you can say building blocks of uh c plus,right things important say building blocks uh c plus,0,Introduction
00:00:32.549000,00:00:32.559000,you can say building blocks of uh c plus,say building blocks uh c plus,0,Introduction
00:00:32.559000,00:00:34.870000,you can say building blocks of uh c plus plus program so i'll show you these,say building blocks uh c plus plus program ill show,0,Introduction
00:00:34.870000,00:00:34.880000,plus program so i'll show you these,plus program ill show,0,Introduction
00:00:34.880000,00:00:36.310000,plus program so i'll show you these things i will discuss first of all,plus program ill show things discuss first,0,Introduction
00:00:36.310000,00:00:36.320000,things i will discuss first of all,things discuss first,1,Step-by-Step Instruction
00:00:36.320000,00:00:38.869000,things i will discuss first of all keywords and identifiers i'll show and,things discuss first keywords identifiers ill show,2,Context Setting
00:00:38.869000,00:00:38.879000,keywords and identifiers i'll show and,keywords identifiers ill show,2,Context Setting
00:00:38.879000,00:00:40.549000,keywords and identifiers i'll show and i'll tell you what are keywords what are,keywords identifiers ill show ill tell keywords,0,Introduction
00:00:40.549000,00:00:40.559000,i'll tell you what are keywords what are,ill tell keywords,0,Introduction
00:00:40.559000,00:00:41.990000,i'll tell you what are keywords what are identifiers,ill tell keywords identifiers,2,Context Setting
00:00:41.990000,00:00:42,identifiers,identifiers,2,Context Setting
00:00:42,00:00:45.190000,identifiers and we'll also see some important facts,identifiers well also see important facts,2,Context Setting
00:00:45.190000,00:00:45.200000,and we'll also see some important facts,well also see important facts,1,Step-by-Step Instruction
00:00:45.200000,00:00:47.990000,and we'll also see some important facts about these things especially about,well also see important facts things especially,1,Step-by-Step Instruction
00:00:47.990000,00:00:48,about these things especially about,things especially,1,Step-by-Step Instruction
00:00:48,00:00:52.229000,about these things especially about keywords right that i'm damn sure 95 of,things especially keywords right im damn sure 95,0,Introduction
00:00:52.229000,00:00:52.239000,keywords right that i'm damn sure 95 of,keywords right im damn sure 95,0,Introduction
00:00:52.239000,00:00:55.110000,keywords right that i'm damn sure 95 of you guys don't know about these facts,keywords right im damn sure 95 guys dont know facts,1,Step-by-Step Instruction
00:00:55.110000,00:00:55.120000,you guys don't know about these facts,guys dont know facts,1,Step-by-Step Instruction
00:00:55.120000,00:00:57.350000,you guys don't know about these facts right so this video would be really very,guys dont know facts right video would really,1,Step-by-Step Instruction
00:00:57.350000,00:00:57.360000,right so this video would be really very,right video would really,1,Step-by-Step Instruction
00:00:57.360000,00:00:59.349000,right so this video would be really very helpful for you guys and i'll show you,right video would really helpful guys ill show,1,Step-by-Step Instruction
00:00:59.349000,00:00:59.359000,helpful for you guys and i'll show you,helpful guys ill show,1,Step-by-Step Instruction
00:00:59.359000,00:01:01.189000,helpful for you guys and i'll show you more precisely if i say i'll show you,helpful guys ill show precisely say ill show,1,Step-by-Step Instruction
00:01:01.189000,00:01:01.199000,more precisely if i say i'll show you,precisely say ill show,1,Step-by-Step Instruction
00:01:01.199000,00:01:03.750000,more precisely if i say i'll show you these facts on my laptop,precisely say ill show facts laptop,1,Step-by-Step Instruction
00:01:03.750000,00:01:03.760000,these facts on my laptop,facts laptop,1,Step-by-Step Instruction
00:01:03.760000,00:01:05.270000,these facts on my laptop now while writing a program i'll write a,facts laptop writing program ill write,3,Transitions
00:01:05.270000,00:01:05.280000,now while writing a program i'll write a,writing program ill write,3,Transitions
00:01:05.280000,00:01:07.510000,now while writing a program i'll write a program i'll show you these things all,writing program ill write program ill show things,3,Transitions
00:01:07.510000,00:01:07.520000,program i'll show you these things all,program ill show things,1,Step-by-Step Instruction
00:01:07.520000,00:01:09.270000,program i'll show you these things all the interesting interesting facts all,program ill show things interesting interesting facts,1,Step-by-Step Instruction
00:01:09.270000,00:01:09.280000,the interesting interesting facts all,interesting interesting facts,1,Step-by-Step Instruction
00:01:09.280000,00:01:10.630000,the interesting interesting facts all the points about keywords and,interesting interesting facts points keywords,1,Step-by-Step Instruction
00:01:10.630000,00:01:10.640000,the points about keywords and,points keywords,0,Introduction
00:01:10.640000,00:01:12.390000,the points about keywords and identifiers right,points keywords identifiers right,2,Context Setting
00:01:12.390000,00:01:12.400000,identifiers right,identifiers right,2,Context Setting
00:01:12.400000,00:01:14.789000,identifiers right so now first thing we'll discuss what is,identifiers right first thing well discuss,2,Context Setting
00:01:14.789000,00:01:14.799000,so now first thing we'll discuss what is,first thing well discuss,1,Step-by-Step Instruction
00:01:14.799000,00:01:17.109000,so now first thing we'll discuss what is identifier see,first thing well discuss identifier see,1,Step-by-Step Instruction
00:01:17.109000,00:01:17.119000,identifier see,identifier see,1,Step-by-Step Instruction
00:01:17.119000,00:01:20.149000,identifier see in this program in a this a you will,identifier see program,1,Step-by-Step Instruction
00:01:20.149000,00:01:20.159000,in this program in a this a you will,program,1,Step-by-Step Instruction
00:01:20.159000,00:01:21.510000,in this program in a this a you will call it as a,program call,1,Step-by-Step Instruction
00:01:21.510000,00:01:21.520000,call it as a,call,1,Step-by-Step Instruction
00:01:21.520000,00:01:23.429000,call it as a variable name right,call variable name right,4,Recap
00:01:23.429000,00:01:23.439000,variable name right,variable name right,4,Recap
00:01:23.439000,00:01:26.390000,variable name right so this is nothing but identifier if i,variable name right nothing identifier,4,Recap
00:01:26.390000,00:01:26.400000,so this is nothing but identifier if i,nothing identifier,1,Step-by-Step Instruction
00:01:26.400000,00:01:28.149000,so this is nothing but identifier if i take a function in this suppose i am,nothing identifier take function suppose,5,Practical Application
00:01:28.149000,00:01:28.159000,take a function in this suppose i am,take function suppose,5,Practical Application
00:01:28.159000,00:01:31.030000,take a function in this suppose i am taking a function,take function suppose taking function,5,Practical Application
00:01:32.390000,00:01:32.400000,void,void,1,Step-by-Step Instruction
00:01:32.400000,00:01:34.710000,void display,void display,1,Step-by-Step Instruction
00:01:34.710000,00:01:34.720000,display,display,1,Step-by-Step Instruction
00:01:34.720000,00:01:36.149000,display and we will define this function here,display define function,1,Step-by-Step Instruction
00:01:36.149000,00:01:36.159000,and we will define this function here,define function,1,Step-by-Step Instruction
00:01:36.159000,00:01:38.830000,and we will define this function here suppose i am writing c out,define function suppose writing c,3,Transitions
00:01:38.830000,00:01:38.840000,suppose i am writing c out,suppose writing c,3,Transitions
00:01:38.840000,00:01:40.390000,suppose i am writing c out hi,suppose writing c hi,3,Transitions
00:01:40.390000,00:01:40.400000,hi,hi,1,Step-by-Step Instruction
00:01:40.400000,00:01:42.789000,hi right and before this function we will,hi right function,1,Step-by-Step Instruction
00:01:42.789000,00:01:42.799000,right and before this function we will,right function,1,Step-by-Step Instruction
00:01:42.799000,00:01:47.590000,right and before this function we will call this function here display,right function call function display,1,Step-by-Step Instruction
00:01:51.109000,00:01:51.119000,before calling you have to give what,calling give,1,Step-by-Step Instruction
00:01:51.119000,00:01:52.870000,before calling you have to give what prototype,calling give prototype,1,Step-by-Step Instruction
00:01:52.870000,00:01:52.880000,prototype,prototype,1,Step-by-Step Instruction
00:01:52.880000,00:01:54.310000,prototype or you can say declaration of the,prototype say declaration,1,Step-by-Step Instruction
00:01:54.310000,00:01:54.320000,or you can say declaration of the,say declaration,1,Step-by-Step Instruction
00:01:54.320000,00:01:55.749000,or you can say declaration of the function void,say declaration function void,1,Step-by-Step Instruction
00:01:55.749000,00:01:55.759000,function void,function void,1,Step-by-Step Instruction
00:01:55.759000,00:01:58.310000,function void display that's it right so,function void display thats right,1,Step-by-Step Instruction
00:01:58.310000,00:01:58.320000,display that's it right so,display thats right,1,Step-by-Step Instruction
00:01:58.320000,00:02:01.030000,display that's it right so if i i'll ask what is this display you,display thats right ill ask display,1,Step-by-Step Instruction
00:02:01.030000,00:02:01.040000,if i i'll ask what is this display you,ill ask display,1,Step-by-Step Instruction
00:02:01.040000,00:02:03.749000,if i i'll ask what is this display you will say its name of the function,ill ask display say name function,5,Practical Application
00:02:03.749000,00:02:03.759000,will say its name of the function,say name function,5,Practical Application
00:02:03.759000,00:02:06.149000,will say its name of the function name it is name of variable it is name,say name function name name variable name,5,Practical Application
00:02:06.149000,00:02:06.159000,name it is name of variable it is name,name name variable name,4,Recap
00:02:06.159000,00:02:09.190000,name it is name of variable it is name of a function if i declare any class,name name variable name function declare class,5,Practical Application
00:02:09.190000,00:02:09.200000,of a function if i declare any class,function declare class,5,Practical Application
00:02:09.200000,00:02:11.589000,of a function if i declare any class something like this class,function declare class something like class,5,Practical Application
00:02:11.589000,00:02:11.599000,something like this class,something like class,1,Step-by-Step Instruction
00:02:11.599000,00:02:15.110000,something like this class and my class name i am taking my class,something like class class name taking class,5,Practical Application
00:02:15.110000,00:02:15.120000,and my class name i am taking my class,class name taking class,5,Practical Application
00:02:15.120000,00:02:16.550000,and my class name i am taking my class and here we will take data members and,class name taking class take data members,5,Practical Application
00:02:16.550000,00:02:16.560000,and here we will take data members and,take data members,1,Step-by-Step Instruction
00:02:16.560000,00:02:18.070000,and here we will take data members and member functions so my class will say it,take data members member functions class say,1,Step-by-Step Instruction
00:02:18.070000,00:02:18.080000,member functions so my class will say it,member functions class say,1,Step-by-Step Instruction
00:02:18.080000,00:02:20.309000,member functions so my class will say it is name of a class,member functions class say name class,5,Practical Application
00:02:20.309000,00:02:20.319000,is name of a class,name class,5,Practical Application
00:02:20.319000,00:02:21.589000,is name of a class so these are,name class,5,Practical Application
00:02:21.589000,00:02:21.599000,so these are,,1,Step-by-Step Instruction
00:02:21.599000,00:02:23.910000,so these are nothing but identifiers,nothing identifiers,2,Context Setting
00:02:23.910000,00:02:23.920000,nothing but identifiers,nothing identifiers,2,Context Setting
00:02:23.920000,00:02:27.030000,nothing but identifiers identifier is what you can say just a,nothing identifiers identifier say,2,Context Setting
00:02:27.030000,00:02:27.040000,identifier is what you can say just a,identifier say,1,Step-by-Step Instruction
00:02:27.040000,00:02:29.270000,identifier is what you can say just a sequence of characters,identifier say sequence characters,1,Step-by-Step Instruction
00:02:29.270000,00:02:29.280000,sequence of characters,sequence characters,1,Step-by-Step Instruction
00:02:29.280000,00:02:32.470000,sequence of characters that will form a name,sequence characters form name,5,Practical Application
00:02:32.470000,00:02:32.480000,that will form a name,form name,5,Practical Application
00:02:32.480000,00:02:34.630000,that will form a name user defined name whatever user defined,form name user defined name whatever user defined,5,Practical Application
00:02:34.630000,00:02:34.640000,user defined name whatever user defined,user defined name whatever user defined,5,Practical Application
00:02:34.640000,00:02:36.790000,user defined name whatever user defined name we will you know,user defined name whatever user defined name know,5,Practical Application
00:02:36.790000,00:02:36.800000,name we will you know,name know,5,Practical Application
00:02:36.800000,00:02:39.509000,name we will you know give in a program those are identifiers,name know give program identifiers,2,Context Setting
00:02:39.509000,00:02:39.519000,give in a program those are identifiers,give program identifiers,2,Context Setting
00:02:39.519000,00:02:41.670000,give in a program those are identifiers it can be name of a variable name of a,give program identifiers name variable name,4,Recap
00:02:41.670000,00:02:41.680000,it can be name of a variable name of a,name variable name,4,Recap
00:02:41.680000,00:02:44.229000,it can be name of a variable name of a function name of class name of object,name variable name function name class name object,5,Practical Application
00:02:44.229000,00:02:44.239000,function name of class name of object,function name class name object,5,Practical Application
00:02:44.239000,00:02:46.550000,function name of class name of object name of namespace name of,function name class name object name namespace name,5,Practical Application
00:02:46.550000,00:02:46.560000,name of namespace name of,name namespace name,5,Practical Application
00:02:46.560000,00:02:49.910000,name of namespace name of any function or what we can say name of,name namespace name function say name,5,Practical Application
00:02:49.910000,00:02:49.920000,any function or what we can say name of,function say name,5,Practical Application
00:02:49.920000,00:02:51.110000,any function or what we can say name of macros,function say name macros,5,Practical Application
00:02:51.110000,00:02:51.120000,macros,macros,1,Step-by-Step Instruction
00:02:51.120000,00:02:53.190000,macros any user defined name you take,macros user defined name take,5,Practical Application
00:02:53.190000,00:02:53.200000,any user defined name you take,user defined name take,5,Practical Application
00:02:53.200000,00:02:57.589000,any user defined name you take that are nothing but identifiers,user defined name take nothing identifiers,5,Practical Application
00:02:57.589000,00:02:57.599000,that are nothing but identifiers,nothing identifiers,2,Context Setting
00:02:57.599000,00:02:58.630000,that are nothing but identifiers simple,nothing identifiers simple,2,Context Setting
00:02:58.630000,00:02:58.640000,simple,simple,1,Step-by-Step Instruction
00:02:58.640000,00:03:00.149000,simple so this is identifier this is also,simple identifier also,1,Step-by-Step Instruction
00:03:00.149000,00:03:00.159000,so this is identifier this is also,identifier also,1,Step-by-Step Instruction
00:03:00.159000,00:03:02.229000,so this is identifier this is also identifier this is also identifier name,identifier also identifier also identifier name,5,Practical Application
00:03:02.229000,00:03:02.239000,identifier this is also identifier name,identifier also identifier name,5,Practical Application
00:03:02.239000,00:03:04.390000,identifier this is also identifier name space name that is also identifier,identifier also identifier name space name also identifier,5,Practical Application
00:03:04.390000,00:03:04.400000,space name that is also identifier,space name also identifier,5,Practical Application
00:03:04.400000,00:03:05.670000,space name that is also identifier right,space name also identifier right,5,Practical Application
00:03:05.670000,00:03:05.680000,right,right,1,Step-by-Step Instruction
00:03:05.680000,00:03:07.830000,right if you if you will create a object of,right create object,1,Step-by-Step Instruction
00:03:07.830000,00:03:07.840000,if you if you will create a object of,create object,1,Step-by-Step Instruction
00:03:07.840000,00:03:10.550000,if you if you will create a object of this class suppose i am taking um how to,create object class suppose taking um,5,Practical Application
00:03:10.550000,00:03:10.560000,this class suppose i am taking um how to,class suppose taking um,5,Practical Application
00:03:10.560000,00:03:12.309000,this class suppose i am taking um how to create object,class suppose taking um create object,5,Practical Application
00:03:12.309000,00:03:12.319000,create object,create object,1,Step-by-Step Instruction
00:03:12.319000,00:03:14.309000,create object the name of this class and name of the,create object name class name,5,Practical Application
00:03:14.309000,00:03:14.319000,the name of this class and name of the,name class name,5,Practical Application
00:03:14.319000,00:03:16.309000,the name of this class and name of the object suppose i am taking m so this m,name class name object suppose taking,5,Practical Application
00:03:16.309000,00:03:16.319000,object suppose i am taking m so this m,object suppose taking,5,Practical Application
00:03:16.319000,00:03:18.790000,object suppose i am taking m so this m is what name of object so this is,object suppose taking name object,5,Practical Application
00:03:18.790000,00:03:18.800000,is what name of object so this is,name object,5,Practical Application
00:03:18.800000,00:03:21.110000,is what name of object so this is identifier nothing but identifier,name object identifier nothing identifier,5,Practical Application
00:03:21.110000,00:03:21.120000,identifier nothing but identifier,identifier nothing identifier,1,Step-by-Step Instruction
00:03:21.120000,00:03:22.710000,identifier nothing but identifier right,identifier nothing identifier right,1,Step-by-Step Instruction
00:03:22.710000,00:03:22.720000,right,right,1,Step-by-Step Instruction
00:03:22.720000,00:03:25.190000,right so some rules are there to form,right rules form,1,Step-by-Step Instruction
00:03:25.190000,00:03:25.200000,so some rules are there to form,rules form,1,Step-by-Step Instruction
00:03:25.200000,00:03:27.430000,so some rules are there to form uh these uh identifier because these are,rules form uh uh identifier,1,Step-by-Step Instruction
00:03:27.430000,00:03:27.440000,uh these uh identifier because these are,uh uh identifier,1,Step-by-Step Instruction
00:03:27.440000,00:03:29.509000,uh these uh identifier because these are just user defined names we give to,uh uh identifier user defined names give,1,Step-by-Step Instruction
00:03:29.509000,00:03:29.519000,just user defined names we give to,user defined names give,1,Step-by-Step Instruction
00:03:29.519000,00:03:31.350000,just user defined names we give to anything in a program,user defined names give anything program,1,Step-by-Step Instruction
00:03:31.350000,00:03:31.360000,anything in a program,anything program,1,Step-by-Step Instruction
00:03:31.360000,00:03:33.270000,anything in a program so same rule that we have discussed in,anything program rule discussed,1,Step-by-Step Instruction
00:03:33.270000,00:03:33.280000,so same rule that we have discussed in,rule discussed,1,Step-by-Step Instruction
00:03:33.280000,00:03:34.390000,so same rule that we have discussed in variable,rule discussed variable,4,Recap
00:03:34.390000,00:03:34.400000,variable,variable,4,Recap
00:03:34.400000,00:03:37.190000,variable like identifier can contain letters a 2,variable like identifier contain letters 2,4,Recap
00:03:37.190000,00:03:37.200000,like identifier can contain letters a 2,like identifier contain letters 2,1,Step-by-Step Instruction
00:03:37.200000,00:03:41.670000,like identifier can contain letters a 2 z a 2 z digit 0 to 9 and underscore no,like identifier contain letters 2 z 2 z digit 0 9 underscore,1,Step-by-Step Instruction
00:03:41.670000,00:03:41.680000,z a 2 z digit 0 to 9 and underscore no,z 2 z digit 0 9 underscore,1,Step-by-Step Instruction
00:03:41.680000,00:03:43.910000,z a 2 z digit 0 to 9 and underscore no special characters are allowed it must,z 2 z digit 0 9 underscore special characters allowed must,1,Step-by-Step Instruction
00:03:43.910000,00:03:43.920000,special characters are allowed it must,special characters allowed must,1,Step-by-Step Instruction
00:03:43.920000,00:03:46.470000,special characters are allowed it must start with either a letter or,special characters allowed must start either letter,1,Step-by-Step Instruction
00:03:46.470000,00:03:46.480000,start with either a letter or,start either letter,1,Step-by-Step Instruction
00:03:46.480000,00:03:49.190000,start with either a letter or you can say this underscore,start either letter say underscore,1,Step-by-Step Instruction
00:03:49.190000,00:03:49.200000,you can say this underscore,say underscore,1,Step-by-Step Instruction
00:03:49.200000,00:03:53.429000,you can say this underscore cannot start from a digit right and,say underscore start digit right,1,Step-by-Step Instruction
00:03:53.429000,00:03:53.439000,cannot start from a digit right and,start digit right,1,Step-by-Step Instruction
00:03:53.439000,00:03:55.350000,cannot start from a digit right and you can say space is not allowed between,start digit right say space allowed,1,Step-by-Step Instruction
00:03:55.350000,00:03:55.360000,you can say space is not allowed between,say space allowed,1,Step-by-Step Instruction
00:03:55.360000,00:03:56.229000,you can say space is not allowed between these,say space allowed,1,Step-by-Step Instruction
00:03:56.229000,00:03:56.239000,these,,1,Step-by-Step Instruction
00:03:56.239000,00:03:57.110000,these between,,1,Step-by-Step Instruction
00:03:57.110000,00:03:57.120000,between,,1,Step-by-Step Instruction
00:03:57.120000,00:03:59.509000,between suppose i am taking my class this name,suppose taking class name,5,Practical Application
00:03:59.509000,00:03:59.519000,suppose i am taking my class this name,suppose taking class name,5,Practical Application
00:03:59.519000,00:04:02.869000,suppose i am taking my class this name so you cannot take my space class,suppose taking class name take space class,5,Practical Application
00:04:02.869000,00:04:02.879000,so you cannot take my space class,take space class,5,Practical Application
00:04:02.879000,00:04:05.350000,so you cannot take my space class this would not be valid right yeah my,take space class would valid right yeah,1,Step-by-Step Instruction
00:04:05.350000,00:04:05.360000,this would not be valid right yeah my,would valid right yeah,1,Step-by-Step Instruction
00:04:05.360000,00:04:07.270000,this would not be valid right yeah my underscore class this would be valid you,would valid right yeah underscore class would valid,1,Step-by-Step Instruction
00:04:07.270000,00:04:07.280000,underscore class this would be valid you,underscore class would valid,1,Step-by-Step Instruction
00:04:07.280000,00:04:08.630000,underscore class this would be valid you can take underscore,underscore class would valid take underscore,1,Step-by-Step Instruction
00:04:08.630000,00:04:08.640000,can take underscore,take underscore,1,Step-by-Step Instruction
00:04:08.640000,00:04:10.949000,can take underscore right that is valid space is not allowed,take underscore right valid space allowed,1,Step-by-Step Instruction
00:04:10.949000,00:04:10.959000,right that is valid space is not allowed,right valid space allowed,1,Step-by-Step Instruction
00:04:10.959000,00:04:12.949000,right that is valid space is not allowed right any special,right valid space allowed right special,1,Step-by-Step Instruction
00:04:12.949000,00:04:12.959000,right any special,right special,1,Step-by-Step Instruction
00:04:12.959000,00:04:16.150000,right any special symbol like comma dollar hash these are,right special symbol like comma dollar hash,1,Step-by-Step Instruction
00:04:16.150000,00:04:16.160000,symbol like comma dollar hash these are,symbol like comma dollar hash,1,Step-by-Step Instruction
00:04:16.160000,00:04:17.909000,symbol like comma dollar hash these are not allowed while forming the name of an,symbol like comma dollar hash allowed forming name,1,Step-by-Step Instruction
00:04:17.909000,00:04:17.919000,not allowed while forming the name of an,allowed forming name,5,Practical Application
00:04:17.919000,00:04:20.710000,not allowed while forming the name of an identifier rules are same as the rules,allowed forming name identifier rules rules,5,Practical Application
00:04:20.710000,00:04:20.720000,identifier rules are same as the rules,identifier rules rules,1,Step-by-Step Instruction
00:04:20.720000,00:04:23.030000,identifier rules are same as the rules of you can say uh as we have discussed,identifier rules rules say uh discussed,1,Step-by-Step Instruction
00:04:23.030000,00:04:23.040000,of you can say uh as we have discussed,say uh discussed,1,Step-by-Step Instruction
00:04:23.040000,00:04:26.950000,of you can say uh as we have discussed rules of naming a variable almost same,say uh discussed rules naming variable almost,4,Recap
00:04:26.950000,00:04:26.960000,rules of naming a variable almost same,rules naming variable almost,4,Recap
00:04:26.960000,00:04:29.749000,rules of naming a variable almost same right so now what about the length,rules naming variable almost right length,4,Recap
00:04:29.749000,00:04:29.759000,right so now what about the length,right length,1,Step-by-Step Instruction
00:04:29.759000,00:04:30.870000,right so now what about the length of a,right length,1,Step-by-Step Instruction
00:04:30.870000,00:04:30.880000,of a,,1,Step-by-Step Instruction
00:04:30.880000,00:04:32.950000,of a name identifier name,name identifier name,5,Practical Application
00:04:32.950000,00:04:32.960000,name identifier name,name identifier name,5,Practical Application
00:04:32.960000,00:04:35.510000,name identifier name how many characters you can take,name identifier name many characters take,5,Practical Application
00:04:35.510000,00:04:35.520000,how many characters you can take,many characters take,1,Step-by-Step Instruction
00:04:35.520000,00:04:38.150000,how many characters you can take long length of your name like only genti,many characters take long length name like genti,5,Practical Application
00:04:38.150000,00:04:38.160000,long length of your name like only genti,long length name like genti,5,Practical Application
00:04:38.160000,00:04:40.790000,long length of your name like only genti gente khatri namjanti country lamba,long length name like genti gente khatri namjanti country lamba,5,Practical Application
00:04:40.790000,00:04:40.800000,gente khatri namjanti country lamba,gente khatri namjanti country lamba,1,Step-by-Step Instruction
00:04:40.800000,00:04:41.990000,gente khatri namjanti country lamba length of the name how many characters,gente khatri namjanti country lamba length name many characters,5,Practical Application
00:04:41.990000,00:04:42,length of the name how many characters,length name many characters,5,Practical Application
00:04:42,00:04:44.469000,length of the name how many characters you can take so specifically c plus plus,length name many characters take specifically c plus plus,0,Introduction
00:04:44.469000,00:04:44.479000,you can take so specifically c plus plus,take specifically c plus plus,0,Introduction
00:04:44.479000,00:04:45.510000,you can take so specifically c plus plus do not,take specifically c plus plus,0,Introduction
00:04:45.510000,00:04:45.520000,do not,,1,Step-by-Step Instruction
00:04:45.520000,00:04:47.909000,do not impose any restriction,impose restriction,1,Step-by-Step Instruction
00:04:47.909000,00:04:47.919000,impose any restriction,impose restriction,1,Step-by-Step Instruction
00:04:47.919000,00:04:49.670000,impose any restriction on the length of the name but generally,impose restriction length name generally,5,Practical Application
00:04:49.670000,00:04:49.680000,on the length of the name but generally,length name generally,5,Practical Application
00:04:49.680000,00:04:52.870000,on the length of the name but generally first 30 31 characters,length name generally first 30 31 characters,5,Practical Application
00:04:52.870000,00:04:52.880000,first 30 31 characters,first 30 31 characters,1,Step-by-Step Instruction
00:04:52.880000,00:04:53.670000,first 30 31 characters are,first 30 31 characters,1,Step-by-Step Instruction
00:04:53.670000,00:04:53.680000,are,,1,Step-by-Step Instruction
00:04:53.680000,00:04:57.350000,are considered as significant right,considered significant right,1,Step-by-Step Instruction
00:04:57.350000,00:04:57.360000,considered as significant right,considered significant right,1,Step-by-Step Instruction
00:04:57.360000,00:04:58.070000,considered as significant right so,considered significant right,1,Step-by-Step Instruction
00:04:58.070000,00:04:58.080000,so,,1,Step-by-Step Instruction
00:04:58.080000,00:05:00.950000,so first 31 character name can be and a,first 31 character name,5,Practical Application
00:05:00.950000,00:05:00.960000,first 31 character name can be and a,first 31 character name,5,Practical Application
00:05:00.960000,00:05:04.310000,first 31 character name can be and a name can contain 31 characters right,first 31 character name name contain 31 characters right,5,Practical Application
00:05:04.310000,00:05:04.320000,name can contain 31 characters right,name contain 31 characters right,5,Practical Application
00:05:04.320000,00:05:07.029000,name can contain 31 characters right so now this is i hope you go to what is,name contain 31 characters right hope go,5,Practical Application
00:05:07.029000,00:05:07.039000,so now this is i hope you go to what is,hope go,1,Step-by-Step Instruction
00:05:07.039000,00:05:09.670000,so now this is i hope you go to what is identified right now,hope go identified right,1,Step-by-Step Instruction
00:05:09.670000,00:05:09.680000,identified right now,identified right,1,Step-by-Step Instruction
00:05:09.680000,00:05:14.150000,identified right now what is a keyword see keyword or,identified right keyword see keyword,1,Step-by-Step Instruction
00:05:14.150000,00:05:14.160000,what is a keyword see keyword or,keyword see keyword,1,Step-by-Step Instruction
00:05:14.160000,00:05:16.150000,what is a keyword see keyword or reserved word you can say,keyword see keyword reserved word say,1,Step-by-Step Instruction
00:05:16.150000,00:05:16.160000,reserved word you can say,reserved word say,1,Step-by-Step Instruction
00:05:16.160000,00:05:18.790000,reserved word you can say or reserved word means,reserved word say reserved word means,1,Step-by-Step Instruction
00:05:18.790000,00:05:18.800000,or reserved word means,reserved word means,1,Step-by-Step Instruction
00:05:18.800000,00:05:20.870000,or reserved word means have some special meaning to the,reserved word means special meaning,1,Step-by-Step Instruction
00:05:20.870000,00:05:20.880000,have some special meaning to the,special meaning,1,Step-by-Step Instruction
00:05:20.880000,00:05:22.550000,have some special meaning to the compiler,special meaning compiler,1,Step-by-Step Instruction
00:05:22.550000,00:05:22.560000,compiler,compiler,1,Step-by-Step Instruction
00:05:22.560000,00:05:28.230000,compiler and these are written in small letters,compiler written small letters,1,Step-by-Step Instruction
00:05:31.909000,00:05:31.919000,we cannot use keywords as identifiers,use keywords identifiers,2,Context Setting
00:05:31.919000,00:05:34.310000,we cannot use keywords as identifiers right so iron if keywords are having,use keywords identifiers right iron keywords,0,Introduction
00:05:34.310000,00:05:34.320000,right so iron if keywords are having,right iron keywords,0,Introduction
00:05:34.320000,00:05:36.070000,right so iron if keywords are having some special meaning to the compiler,right iron keywords special meaning compiler,0,Introduction
00:05:36.070000,00:05:36.080000,some special meaning to the compiler,special meaning compiler,1,Step-by-Step Instruction
00:05:36.080000,00:05:37.430000,some special meaning to the compiler they are already reserved they are,special meaning compiler already reserved,1,Step-by-Step Instruction
00:05:37.430000,00:05:37.440000,they are already reserved they are,already reserved,1,Step-by-Step Instruction
00:05:37.440000,00:05:39.110000,they are already reserved they are already defined compiler know the,already reserved already defined compiler know,1,Step-by-Step Instruction
00:05:39.110000,00:05:39.120000,already defined compiler know the,already defined compiler know,1,Step-by-Step Instruction
00:05:39.120000,00:05:41.189000,already defined compiler know the meaning of keywords,already defined compiler know meaning keywords,0,Introduction
00:05:41.189000,00:05:41.199000,meaning of keywords,meaning keywords,0,Introduction
00:05:41.199000,00:05:44.629000,meaning of keywords right you cannot redefine those keywords,meaning keywords right redefine keywords,0,Introduction
00:05:44.629000,00:05:44.639000,right you cannot redefine those keywords,right redefine keywords,0,Introduction
00:05:44.639000,00:05:47.270000,right you cannot redefine those keywords this is the list of keywords in c plus,right redefine keywords list keywords c plus,0,Introduction
00:05:47.270000,00:05:47.280000,this is the list of keywords in c plus,list keywords c plus,0,Introduction
00:05:47.280000,00:05:50.310000,this is the list of keywords in c plus plus we have in c we have 32 keywords,list keywords c plus plus c 32 keywords,0,Introduction
00:05:50.310000,00:05:50.320000,plus we have in c we have 32 keywords,plus c 32 keywords,0,Introduction
00:05:50.320000,00:05:52.310000,plus we have in c we have 32 keywords so c plus plus is super set of c so,plus c 32 keywords c plus plus super set c,0,Introduction
00:05:52.310000,00:05:52.320000,so c plus plus is super set of c so,c plus plus super set c,0,Introduction
00:05:52.320000,00:05:54.310000,so c plus plus is super set of c so those 32 would be in c plus plus plus,c plus plus super set c 32 would c plus plus plus,0,Introduction
00:05:54.310000,00:05:54.320000,those 32 would be in c plus plus plus,32 would c plus plus plus,0,Introduction
00:05:54.320000,00:05:56.950000,those 32 would be in c plus plus plus some extra keywords are also there here,32 would c plus plus plus extra keywords also,0,Introduction
00:05:56.950000,00:05:56.960000,some extra keywords are also there here,extra keywords also,0,Introduction
00:05:56.960000,00:05:59.590000,some extra keywords are also there here right and some keywords for added in c,extra keywords also right keywords added c,0,Introduction
00:05:59.590000,00:05:59.600000,right and some keywords for added in c,right keywords added c,0,Introduction
00:05:59.600000,00:06:02.390000,right and some keywords for added in c plus plus 11 version then 14 then 17,right keywords added c plus plus 11 version 14 17,0,Introduction
00:06:02.390000,00:06:02.400000,plus plus 11 version then 14 then 17,plus plus 11 version 14 17,0,Introduction
00:06:02.400000,00:06:04.550000,plus plus 11 version then 14 then 17 then 20. so this is the list of all the,plus plus 11 version 14 17 20 list,0,Introduction
00:06:04.550000,00:06:04.560000,then 20. so this is the list of all the,20 list,1,Step-by-Step Instruction
00:06:04.560000,00:06:07.670000,then 20. so this is the list of all the keywords i think total 95 or 97 you can,20 list keywords think total 95 97,0,Introduction
00:06:07.670000,00:06:07.680000,keywords i think total 95 or 97 you can,keywords think total 95 97,0,Introduction
00:06:07.680000,00:06:10.070000,keywords i think total 95 or 97 you can count these keywords i guess these are,keywords think total 95 97 count keywords guess,0,Introduction
00:06:10.070000,00:06:10.080000,count these keywords i guess these are,count keywords guess,0,Introduction
00:06:10.080000,00:06:12.230000,count these keywords i guess these are total 97,count keywords guess total 97,0,Introduction
00:06:12.230000,00:06:12.240000,total 97,total 97,1,Step-by-Step Instruction
00:06:12.240000,00:06:14.390000,total 97 keywords right,total 97 keywords right,0,Introduction
00:06:14.390000,00:06:14.400000,keywords right,keywords right,0,Introduction
00:06:14.400000,00:06:17.350000,keywords right some are these some uh in keywords we,keywords right uh keywords,0,Introduction
00:06:17.350000,00:06:17.360000,some are these some uh in keywords we,uh keywords,0,Introduction
00:06:17.360000,00:06:20.469000,some are these some uh in keywords we have something like this a and d and,uh keywords something like,0,Introduction
00:06:20.469000,00:06:20.479000,have something like this a and d and,something like,1,Step-by-Step Instruction
00:06:20.479000,00:06:21.430000,have something like this a and d and or,something like,1,Step-by-Step Instruction
00:06:21.430000,00:06:21.440000,or,,1,Step-by-Step Instruction
00:06:21.440000,00:06:23.990000,or or you can say not or these kind of,say kind,1,Step-by-Step Instruction
00:06:23.990000,00:06:24,or you can say not or these kind of,say kind,1,Step-by-Step Instruction
00:06:24,00:06:27.110000,or you can say not or these kind of things not i think eq,say kind things think eq,1,Step-by-Step Instruction
00:06:27.110000,00:06:27.120000,things not i think eq,things think eq,1,Step-by-Step Instruction
00:06:27.120000,00:06:30.469000,things not i think eq for eq and eq these are simply,things think eq eq eq simply,1,Step-by-Step Instruction
00:06:30.469000,00:06:30.479000,for eq and eq these are simply,eq eq simply,1,Step-by-Step Instruction
00:06:30.479000,00:06:32.870000,for eq and eq these are simply alternative of those,eq eq simply alternative,1,Step-by-Step Instruction
00:06:32.870000,00:06:32.880000,alternative of those,alternative,1,Step-by-Step Instruction
00:06:32.880000,00:06:35.590000,alternative of those operators like and,alternative operators like,1,Step-by-Step Instruction
00:06:35.590000,00:06:35.600000,operators like and,operators like,1,Step-by-Step Instruction
00:06:35.600000,00:06:38.309000,operators like and operator logical or operator not equal,operators like operator logical operator equal,1,Step-by-Step Instruction
00:06:38.309000,00:06:38.319000,operator logical or operator not equal,operator logical operator equal,1,Step-by-Step Instruction
00:06:38.319000,00:06:40.790000,operator logical or operator not equal to operator but rather than those,operator logical operator equal operator rather,1,Step-by-Step Instruction
00:06:40.790000,00:06:40.800000,to operator but rather than those,operator rather,1,Step-by-Step Instruction
00:06:40.800000,00:06:43.350000,to operator but rather than those operators we can use alternative,operator rather operators use alternative,1,Step-by-Step Instruction
00:06:43.350000,00:06:43.360000,operators we can use alternative,operators use alternative,1,Step-by-Step Instruction
00:06:43.360000,00:06:45.029000,operators we can use alternative something like this we can also write so,operators use alternative something like also write,1,Step-by-Step Instruction
00:06:45.029000,00:06:45.039000,something like this we can also write so,something like also write,3,Transitions
00:06:45.039000,00:06:48.070000,something like this we can also write so these also comes in keywords they are,something like also write also comes keywords,0,Introduction
00:06:48.070000,00:06:48.080000,these also comes in keywords they are,also comes keywords,0,Introduction
00:06:48.080000,00:06:50.629000,these also comes in keywords they are having reserved words right,also comes keywords reserved words right,0,Introduction
00:06:50.629000,00:06:50.639000,having reserved words right,reserved words right,1,Step-by-Step Instruction
00:06:50.639000,00:06:51.510000,having reserved words right so,reserved words right,1,Step-by-Step Instruction
00:06:51.510000,00:06:51.520000,so,,1,Step-by-Step Instruction
00:06:51.520000,00:06:52.710000,so see,see,1,Step-by-Step Instruction
00:06:52.710000,00:06:52.720000,see,see,1,Step-by-Step Instruction
00:06:52.720000,00:06:54.230000,see now let's see,see lets see,1,Step-by-Step Instruction
00:06:54.230000,00:06:54.240000,now let's see,lets see,1,Step-by-Step Instruction
00:06:54.240000,00:06:56.309000,now let's see see this program and how many keywords,lets see see program many keywords,0,Introduction
00:06:56.309000,00:06:56.319000,see this program and how many keywords,see program many keywords,0,Introduction
00:06:56.319000,00:06:58.550000,see this program and how many keywords are there in this program generally we,see program many keywords program generally,0,Introduction
00:06:58.550000,00:06:58.560000,are there in this program generally we,program generally,1,Step-by-Step Instruction
00:06:58.560000,00:07:01.990000,are there in this program generally we know keywords like int is a keyword,program generally know keywords like int keyword,0,Introduction
00:07:01.990000,00:07:02,know keywords like int is a keyword,know keywords like int keyword,0,Introduction
00:07:02,00:07:03.510000,know keywords like int is a keyword right,know keywords like int keyword right,0,Introduction
00:07:03.510000,00:07:03.520000,right,right,1,Step-by-Step Instruction
00:07:03.520000,00:07:04.469000,right so,right,1,Step-by-Step Instruction
00:07:04.469000,00:07:04.479000,so,,1,Step-by-Step Instruction
00:07:04.479000,00:07:05.589000,so in this,,1,Step-by-Step Instruction
00:07:05.589000,00:07:05.599000,in this,,1,Step-by-Step Instruction
00:07:05.599000,00:07:08.710000,in this program how many keywords are there,program many keywords,0,Introduction
00:07:08.710000,00:07:08.720000,program how many keywords are there,program many keywords,0,Introduction
00:07:08.720000,00:07:12.710000,program how many keywords are there if i say see int this is a keyword right,program many keywords say see int keyword right,0,Introduction
00:07:12.710000,00:07:12.720000,if i say see int this is a keyword right,say see int keyword right,1,Step-by-Step Instruction
00:07:12.720000,00:07:13.909000,if i say see int this is a keyword right or,say see int keyword right,1,Step-by-Step Instruction
00:07:13.909000,00:07:13.919000,or,,1,Step-by-Step Instruction
00:07:13.919000,00:07:17.189000,or is this main is a keyword,main keyword,6,Conclusion
00:07:17.189000,00:07:17.199000,is this main is a keyword,main keyword,6,Conclusion
00:07:17.199000,00:07:18.870000,is this main is a keyword is include,main keyword include,6,Conclusion
00:07:18.870000,00:07:18.880000,is include,include,1,Step-by-Step Instruction
00:07:18.880000,00:07:21.110000,is include a keyword,include keyword,1,Step-by-Step Instruction
00:07:21.110000,00:07:21.120000,a keyword,keyword,1,Step-by-Step Instruction
00:07:21.120000,00:07:23.270000,a keyword you have to tell these thing without,keyword tell thing without,1,Step-by-Step Instruction
00:07:23.270000,00:07:23.280000,you have to tell these thing without,tell thing without,1,Step-by-Step Instruction
00:07:23.280000,00:07:25.430000,you have to tell these thing without referring to the list of the keywords,tell thing without referring list keywords,0,Introduction
00:07:25.430000,00:07:25.440000,referring to the list of the keywords,referring list keywords,0,Introduction
00:07:25.440000,00:07:28.189000,referring to the list of the keywords you have to tell because generally,referring list keywords tell generally,0,Introduction
00:07:28.189000,00:07:28.199000,you have to tell because generally,tell generally,1,Step-by-Step Instruction
00:07:28.199000,00:07:30.950000,you have to tell because generally 1999 students,tell generally 1999 students,1,Step-by-Step Instruction
00:07:30.950000,00:07:30.960000,1999 students,1999 students,1,Step-by-Step Instruction
00:07:30.960000,00:07:32.550000,1999 students used to get confused in these things,1999 students used get confused things,1,Step-by-Step Instruction
00:07:32.550000,00:07:32.560000,used to get confused in these things,used get confused things,1,Step-by-Step Instruction
00:07:32.560000,00:07:34.309000,used to get confused in these things they think that main is a keyword they,used get confused things think main keyword,6,Conclusion
00:07:34.309000,00:07:34.319000,they think that main is a keyword they,think main keyword,6,Conclusion
00:07:34.319000,00:07:35.909000,they think that main is a keyword they think that this include this is a,think main keyword think include,6,Conclusion
00:07:35.909000,00:07:35.919000,think that this include this is a,think include,1,Step-by-Step Instruction
00:07:35.919000,00:07:39.110000,think that this include this is a keyword this io stream this is a keyword,think include keyword io stream keyword,1,Step-by-Step Instruction
00:07:39.110000,00:07:39.120000,keyword this io stream this is a keyword,keyword io stream keyword,1,Step-by-Step Instruction
00:07:39.120000,00:07:41.029000,keyword this io stream this is a keyword no the c out,keyword io stream keyword c,1,Step-by-Step Instruction
00:07:41.029000,00:07:41.039000,no the c out,c,1,Step-by-Step Instruction
00:07:41.039000,00:07:45.110000,no the c out keyword no these are not keywords this,c keyword keywords,0,Introduction
00:07:45.110000,00:07:45.120000,keyword no these are not keywords this,keyword keywords,0,Introduction
00:07:45.120000,00:07:47.270000,keyword no these are not keywords this you need to take care,keyword keywords need take care,0,Introduction
00:07:47.270000,00:07:47.280000,you need to take care,need take care,1,Step-by-Step Instruction
00:07:47.280000,00:07:48.390000,you need to take care these are,need take care,1,Step-by-Step Instruction
00:07:48.390000,00:07:48.400000,these are,,1,Step-by-Step Instruction
00:07:48.400000,00:07:52.230000,these are predefined identifiers,predefined identifiers,2,Context Setting
00:07:52.230000,00:07:52.240000,predefined identifiers,predefined identifiers,2,Context Setting
00:07:52.240000,00:07:54.070000,predefined identifiers two things are there,predefined identifiers two things,2,Context Setting
00:07:54.070000,00:07:54.080000,two things are there,two things,1,Step-by-Step Instruction
00:07:54.080000,00:07:56.830000,two things are there keyword and predefined,two things keyword predefined,1,Step-by-Step Instruction
00:07:56.830000,00:07:56.840000,keyword and predefined,keyword predefined,1,Step-by-Step Instruction
00:07:56.840000,00:07:59.749000,keyword and predefined identifiers these are simple identifiers,keyword predefined identifiers simple identifiers,2,Context Setting
00:07:59.749000,00:07:59.759000,identifiers these are simple identifiers,identifiers simple identifiers,2,Context Setting
00:07:59.759000,00:08:02.469000,identifiers these are simple identifiers but predefined predefined means already,identifiers simple identifiers predefined predefined means already,2,Context Setting
00:08:02.469000,00:08:02.479000,but predefined predefined means already,predefined predefined means already,1,Step-by-Step Instruction
00:08:02.479000,00:08:04.869000,but predefined predefined means already defined have some meaning,predefined predefined means already defined meaning,1,Step-by-Step Instruction
00:08:04.869000,00:08:04.879000,defined have some meaning,defined meaning,1,Step-by-Step Instruction
00:08:04.879000,00:08:06.550000,defined have some meaning right,defined meaning right,1,Step-by-Step Instruction
00:08:06.550000,00:08:06.560000,right,right,1,Step-by-Step Instruction
00:08:06.560000,00:08:09.029000,right so see if i write in my program if i,right see write program,3,Transitions
00:08:09.029000,00:08:09.039000,so see if i write in my program if i,see write program,3,Transitions
00:08:09.039000,00:08:12.710000,so see if i write in my program if i write rather than a if i write in,see write program write rather write,3,Transitions
00:08:12.710000,00:08:12.720000,write rather than a if i write in,write rather write,3,Transitions
00:08:12.720000,00:08:15.670000,write rather than a if i write in main equal to 10,write rather write main equal 10,3,Transitions
00:08:15.670000,00:08:15.680000,main equal to 10,main equal 10,6,Conclusion
00:08:15.680000,00:08:18.710000,main equal to 10 and if i print value of,main equal 10 print value,6,Conclusion
00:08:18.710000,00:08:18.720000,and if i print value of,print value,1,Step-by-Step Instruction
00:08:18.720000,00:08:19.589000,and if i print value of main,print value main,6,Conclusion
00:08:19.589000,00:08:19.599000,main,main,6,Conclusion
00:08:19.599000,00:08:21.510000,main here i am printing,main printing,6,Conclusion
00:08:21.510000,00:08:21.520000,here i am printing,printing,1,Step-by-Step Instruction
00:08:21.520000,00:08:22.790000,here i am printing main,printing main,6,Conclusion
00:08:22.790000,00:08:22.800000,main,main,6,Conclusion
00:08:22.800000,00:08:24.150000,main what do you think what output you will,main think output,6,Conclusion
00:08:24.150000,00:08:24.160000,what do you think what output you will,think output,1,Step-by-Step Instruction
00:08:24.160000,00:08:26.150000,what do you think what output you will get here,think output get,1,Step-by-Step Instruction
00:08:26.150000,00:08:26.160000,get here,get,1,Step-by-Step Instruction
00:08:26.160000,00:08:27.430000,get here you will get,get get,1,Step-by-Step Instruction
00:08:27.430000,00:08:27.440000,you will get,get,1,Step-by-Step Instruction
00:08:27.440000,00:08:28.629000,you will get 10,get 10,1,Step-by-Step Instruction
00:08:28.629000,00:08:28.639000,10,10,1,Step-by-Step Instruction
00:08:28.639000,00:08:29.589000,10 yes,10 yes,1,Step-by-Step Instruction
00:08:29.589000,00:08:29.599000,yes,yes,1,Step-by-Step Instruction
00:08:29.599000,00:08:31.670000,yes main is not a keyword,yes main keyword,6,Conclusion
00:08:31.670000,00:08:31.680000,main is not a keyword,main keyword,6,Conclusion
00:08:31.680000,00:08:33.670000,main is not a keyword see keyword or reserved words you cannot,main keyword see keyword reserved words,6,Conclusion
00:08:33.670000,00:08:33.680000,see keyword or reserved words you cannot,see keyword reserved words,1,Step-by-Step Instruction
00:08:33.680000,00:08:35.670000,see keyword or reserved words you cannot use keyword as identifier i have told,see keyword reserved words use keyword identifier told,1,Step-by-Step Instruction
00:08:35.670000,00:08:35.680000,use keyword as identifier i have told,use keyword identifier told,1,Step-by-Step Instruction
00:08:35.680000,00:08:36.550000,use keyword as identifier i have told you,use keyword identifier told,1,Step-by-Step Instruction
00:08:36.550000,00:08:36.560000,you,,1,Step-by-Step Instruction
00:08:36.560000,00:08:38.149000,you if main is a keyword then this would,main keyword would,6,Conclusion
00:08:38.149000,00:08:38.159000,if main is a keyword then this would,main keyword would,6,Conclusion
00:08:38.159000,00:08:40.149000,if main is a keyword then this would give error but main is not a keyword,main keyword would give error main keyword,6,Conclusion
00:08:40.149000,00:08:40.159000,give error but main is not a keyword,give error main keyword,6,Conclusion
00:08:40.159000,00:08:44.149000,give error but main is not a keyword main is predefined identifier,give error main keyword main predefined identifier,6,Conclusion
00:08:44.149000,00:08:44.159000,main is predefined identifier,main predefined identifier,6,Conclusion
00:08:44.159000,00:08:47.030000,main is predefined identifier you can use it in your program,main predefined identifier use program,6,Conclusion
00:08:47.030000,00:08:47.040000,you can use it in your program,use program,1,Step-by-Step Instruction
00:08:47.040000,00:08:49.190000,you can use it in your program as a name of a variable simple variable,use program name variable simple variable,4,Recap
00:08:49.190000,00:08:49.200000,as a name of a variable simple variable,name variable simple variable,4,Recap
00:08:49.200000,00:08:51.670000,as a name of a variable simple variable and it will not give error,name variable simple variable give error,4,Recap
00:08:51.670000,00:08:51.680000,and it will not give error,give error,1,Step-by-Step Instruction
00:08:51.680000,00:08:52.870000,and it will not give error but i,give error,1,Step-by-Step Instruction
00:08:52.870000,00:08:52.880000,but i,,1,Step-by-Step Instruction
00:08:52.880000,00:08:55.030000,but i i'm damn sure 99 percent of you guys,im damn sure 99 percent guys,1,Step-by-Step Instruction
00:08:55.030000,00:08:55.040000,i'm damn sure 99 percent of you guys,im damn sure 99 percent guys,1,Step-by-Step Instruction
00:08:55.040000,00:08:56.870000,i'm damn sure 99 percent of you guys haven't tried this thing you can try,im damn sure 99 percent guys havent tried thing try,1,Step-by-Step Instruction
00:08:56.870000,00:08:56.880000,haven't tried this thing you can try,havent tried thing try,1,Step-by-Step Instruction
00:08:56.880000,00:08:58.550000,haven't tried this thing you can try this i'll show you on my laptop also,havent tried thing try ill show laptop also,1,Step-by-Step Instruction
00:08:58.550000,00:08:58.560000,this i'll show you on my laptop also,ill show laptop also,1,Step-by-Step Instruction
00:08:58.560000,00:09:00.470000,this i'll show you on my laptop also there are some other predefined,ill show laptop also predefined,1,Step-by-Step Instruction
00:09:00.470000,00:09:00.480000,there are some other predefined,predefined,1,Step-by-Step Instruction
00:09:00.480000,00:09:03.670000,there are some other predefined uh you know uh you can say,predefined uh know uh say,1,Step-by-Step Instruction
00:09:03.670000,00:09:03.680000,uh you know uh you can say,uh know uh say,1,Step-by-Step Instruction
00:09:03.680000,00:09:05.430000,uh you know uh you can say identifiers,uh know uh say identifiers,2,Context Setting
00:09:05.430000,00:09:05.440000,identifiers,identifiers,2,Context Setting
00:09:05.440000,00:09:07.350000,identifiers let me just show you these things on my,identifiers let show things,2,Context Setting
00:09:07.350000,00:09:07.360000,let me just show you these things on my,let show things,1,Step-by-Step Instruction
00:09:07.360000,00:09:09.110000,let me just show you these things on my laptop then you will get it better i,let show things laptop get better,1,Step-by-Step Instruction
00:09:09.110000,00:09:09.120000,laptop then you will get it better i,laptop get better,1,Step-by-Step Instruction
00:09:09.120000,00:09:11.110000,laptop then you will get it better i hope basic query is clear to you guys,laptop get better hope basic query clear guys,1,Step-by-Step Instruction
00:09:11.110000,00:09:11.120000,hope basic query is clear to you guys,hope basic query clear guys,1,Step-by-Step Instruction
00:09:11.120000,00:09:12.949000,hope basic query is clear to you guys what is identifier what is keyword and,hope basic query clear guys identifier keyword,1,Step-by-Step Instruction
00:09:12.949000,00:09:12.959000,what is identifier what is keyword and,identifier keyword,1,Step-by-Step Instruction
00:09:12.959000,00:09:14.949000,what is identifier what is keyword and list i i have already shown you i'll,identifier keyword list already shown ill,1,Step-by-Step Instruction
00:09:14.949000,00:09:14.959000,list i i have already shown you i'll,list already shown ill,1,Step-by-Step Instruction
00:09:14.959000,00:09:16.389000,list i i have already shown you i'll show you i'll,list already shown ill show ill,1,Step-by-Step Instruction
00:09:16.389000,00:09:16.399000,show you i'll,show ill,1,Step-by-Step Instruction
00:09:16.399000,00:09:18.710000,show you i'll show you again also that,show ill show also,1,Step-by-Step Instruction
00:09:18.710000,00:09:18.720000,show you again also that,show also,1,Step-by-Step Instruction
00:09:18.720000,00:09:19.750000,show you again also that list,show also list,1,Step-by-Step Instruction
00:09:19.750000,00:09:19.760000,list,list,1,Step-by-Step Instruction
00:09:19.760000,00:09:24.870000,list okay let me create a new file,list okay let create new file,1,Step-by-Step Instruction
00:09:32.070000,00:09:32.080000,identifier.cpp right,identifiercpp right,1,Step-by-Step Instruction
00:09:32.080000,00:09:34.630000,identifier.cpp right and same i'm writing here,identifiercpp right im writing,1,Step-by-Step Instruction
00:09:34.630000,00:09:34.640000,and same i'm writing here,im writing,3,Transitions
00:09:34.640000,00:09:38.470000,and same i'm writing here include i o stream,im writing include stream,1,Step-by-Step Instruction
00:09:38.470000,00:09:38.480000,include i o stream,include stream,1,Step-by-Step Instruction
00:09:38.480000,00:09:40.310000,include i o stream this header,include stream header,1,Step-by-Step Instruction
00:09:40.310000,00:09:40.320000,this header,header,1,Step-by-Step Instruction
00:09:40.320000,00:09:42.070000,this header and,header,1,Step-by-Step Instruction
00:09:42.070000,00:09:42.080000,and,,1,Step-by-Step Instruction
00:09:42.080000,00:09:43.910000,and int,int,1,Step-by-Step Instruction
00:09:43.910000,00:09:43.920000,int,int,1,Step-by-Step Instruction
00:09:43.920000,00:09:46.949000,int main,int main,6,Conclusion
00:09:50.310000,00:09:50.320000,and simply we are printing like end,simply printing like end,1,Step-by-Step Instruction
00:09:50.320000,00:09:52.310000,and simply we are printing like end main i am taking,simply printing like end main taking,6,Conclusion
00:09:52.310000,00:09:52.320000,main i am taking,main taking,6,Conclusion
00:09:52.320000,00:09:56.310000,main i am taking is equal to 89 semicolon enter,main taking equal 89 semicolon enter,6,Conclusion
00:09:56.310000,00:09:56.320000,is equal to 89 semicolon enter,equal 89 semicolon enter,1,Step-by-Step Instruction
00:09:56.320000,00:09:59.509000,is equal to 89 semicolon enter c out,equal 89 semicolon enter c,1,Step-by-Step Instruction
00:10:01.190000,00:10:01.200000,main,main,6,Conclusion
00:10:01.200000,00:10:02.150000,main and,main,6,Conclusion
00:10:02.150000,00:10:02.160000,and,,1,Step-by-Step Instruction
00:10:02.160000,00:10:03.670000,and endn,endn,1,Step-by-Step Instruction
00:10:03.670000,00:10:03.680000,endn,endn,1,Step-by-Step Instruction
00:10:03.680000,00:10:05.509000,endn i hope,endn hope,1,Step-by-Step Instruction
00:10:05.509000,00:10:05.519000,i hope,hope,1,Step-by-Step Instruction
00:10:05.519000,00:10:07.829000,i hope you got the mistake i have done in the,hope got mistake done,1,Step-by-Step Instruction
00:10:07.829000,00:10:07.839000,you got the mistake i have done in the,got mistake done,1,Step-by-Step Instruction
00:10:07.839000,00:10:10.069000,you got the mistake i have done in the program as well as on the whiteboard,got mistake done program well whiteboard,1,Step-by-Step Instruction
00:10:10.069000,00:10:10.079000,program as well as on the whiteboard,program well whiteboard,1,Step-by-Step Instruction
00:10:10.079000,00:10:10.870000,program as well as on the whiteboard right,program well whiteboard right,1,Step-by-Step Instruction
00:10:10.870000,00:10:10.880000,right,right,1,Step-by-Step Instruction
00:10:10.880000,00:10:13.110000,right we have to use std namespace so before,right use std namespace,3,Transitions
00:10:13.110000,00:10:13.120000,we have to use std namespace so before,use std namespace,3,Transitions
00:10:13.120000,00:10:15.910000,we have to use std namespace so before this i am using std,use std namespace using std,3,Transitions
00:10:15.910000,00:10:15.920000,this i am using std,using std,3,Transitions
00:10:15.920000,00:10:19.030000,this i am using std and endl is also in which namespace std,using std endl also namespace std,3,Transitions
00:10:19.030000,00:10:19.040000,and endl is also in which namespace std,endl also namespace std,3,Transitions
00:10:19.040000,00:10:20.949000,and endl is also in which namespace std so we are writing this and,endl also namespace std writing,3,Transitions
00:10:20.949000,00:10:20.959000,so we are writing this and,writing,3,Transitions
00:10:20.959000,00:10:22.389000,so we are writing this and now there is no error,writing error,3,Transitions
00:10:22.389000,00:10:22.399000,now there is no error,error,1,Step-by-Step Instruction
00:10:22.399000,00:10:23.350000,now there is no error so see,error see,1,Step-by-Step Instruction
00:10:23.350000,00:10:23.360000,so see,see,1,Step-by-Step Instruction
00:10:23.360000,00:10:24.389000,so see main,see main,6,Conclusion
00:10:24.389000,00:10:24.399000,main,main,6,Conclusion
00:10:24.399000,00:10:27.269000,main we can take main as a name of identifier,main take main name identifier,6,Conclusion
00:10:27.269000,00:10:27.279000,we can take main as a name of identifier,take main name identifier,6,Conclusion
00:10:27.279000,00:10:29.350000,we can take main as a name of identifier as a name of variable and it is printing,take main name identifier name variable printing,4,Recap
00:10:29.350000,00:10:29.360000,as a name of variable and it is printing,name variable printing,4,Recap
00:10:29.360000,00:10:31.590000,as a name of variable and it is printing 89 it will not give any error,name variable printing 89 give error,4,Recap
00:10:31.590000,00:10:31.600000,89 it will not give any error,89 give error,1,Step-by-Step Instruction
00:10:31.600000,00:10:33.190000,89 it will not give any error main is predefined,89 give error main predefined,6,Conclusion
00:10:33.190000,00:10:33.200000,main is predefined,main predefined,6,Conclusion
00:10:33.200000,00:10:34.949000,main is predefined identifier so here is a list of,main predefined identifier list,6,Conclusion
00:10:34.949000,00:10:34.959000,identifier so here is a list of,identifier list,1,Step-by-Step Instruction
00:10:34.959000,00:10:36.710000,identifier so here is a list of predefined some,identifier list predefined,1,Step-by-Step Instruction
00:10:36.710000,00:10:36.720000,predefined some,predefined,1,Step-by-Step Instruction
00:10:36.720000,00:10:39.350000,predefined some predefined identifiers i'm showing you,predefined predefined identifiers im showing,2,Context Setting
00:10:39.350000,00:10:39.360000,predefined identifiers i'm showing you,predefined identifiers im showing,2,Context Setting
00:10:39.360000,00:10:41.509000,predefined identifiers i'm showing you so anything you can take if i'm taking,predefined identifiers im showing anything take im taking,2,Context Setting
00:10:41.509000,00:10:41.519000,so anything you can take if i'm taking,anything take im taking,1,Step-by-Step Instruction
00:10:41.519000,00:10:44.230000,so anything you can take if i'm taking here like not main again we will take,anything take im taking like main take,6,Conclusion
00:10:44.230000,00:10:44.240000,here like not main again we will take,like main take,6,Conclusion
00:10:44.240000,00:10:45.430000,here like not main again we will take int,like main take int,6,Conclusion
00:10:45.430000,00:10:45.440000,int,int,1,Step-by-Step Instruction
00:10:45.440000,00:10:46.470000,int c out,int c,1,Step-by-Step Instruction
00:10:46.470000,00:10:46.480000,c out,c,1,Step-by-Step Instruction
00:10:46.480000,00:10:48.870000,c out now let me just show you one interesting,c let show one interesting,1,Step-by-Step Instruction
00:10:48.870000,00:10:48.880000,now let me just show you one interesting,let show one interesting,1,Step-by-Step Instruction
00:10:48.880000,00:10:49.590000,now let me just show you one interesting thing,let show one interesting thing,1,Step-by-Step Instruction
00:10:49.590000,00:10:49.600000,thing,thing,1,Step-by-Step Instruction
00:10:49.600000,00:10:52.310000,thing c out is equal to 45,thing c equal 45,1,Step-by-Step Instruction
00:10:52.310000,00:10:52.320000,c out is equal to 45,c equal 45,1,Step-by-Step Instruction
00:10:52.320000,00:10:54.550000,c out is equal to 45 right,c equal 45 right,1,Step-by-Step Instruction
00:10:54.550000,00:10:54.560000,right,right,1,Step-by-Step Instruction
00:10:54.560000,00:10:56.150000,right and,right,1,Step-by-Step Instruction
00:10:56.150000,00:10:56.160000,and,,1,Step-by-Step Instruction
00:10:56.160000,00:10:57.750000,and maybe you will think rather than writing,maybe think rather writing,3,Transitions
00:10:57.750000,00:10:57.760000,maybe you will think rather than writing,maybe think rather writing,3,Transitions
00:10:57.760000,00:11:01.829000,maybe you will think rather than writing std here simply we can write map,maybe think rather writing std simply write map,3,Transitions
00:11:01.829000,00:11:01.839000,std here simply we can write map,std simply write map,3,Transitions
00:11:01.839000,00:11:03.110000,std here simply we can write map using,std simply write map using,3,Transitions
00:11:03.110000,00:11:03.120000,using,using,3,Transitions
00:11:03.120000,00:11:05.030000,using name space although it's not a good,using name space although good,5,Practical Application
00:11:05.030000,00:11:05.040000,name space although it's not a good,name space although good,5,Practical Application
00:11:05.040000,00:11:07.110000,name space although it's not a good practice to write this thing but still,name space although good practice write thing still,5,Practical Application
00:11:07.110000,00:11:07.120000,practice to write this thing but still,practice write thing still,3,Transitions
00:11:07.120000,00:11:08.470000,practice to write this thing but still we are writing because i have got many,practice write thing still writing got many,3,Transitions
00:11:08.470000,00:11:08.480000,we are writing because i have got many,writing got many,3,Transitions
00:11:08.480000,00:11:10.550000,we are writing because i have got many comments rather than writing this you,writing got many comments rather writing,3,Transitions
00:11:10.550000,00:11:10.560000,comments rather than writing this you,comments rather writing,3,Transitions
00:11:10.560000,00:11:13.190000,comments rather than writing this you simply write using namespace std okay we,comments rather writing simply write using namespace std okay,3,Transitions
00:11:13.190000,00:11:13.200000,simply write using namespace std okay we,simply write using namespace std okay,3,Transitions
00:11:13.200000,00:11:18.470000,simply write using namespace std okay we are writing using namespace std right,simply write using namespace std okay writing using namespace std right,3,Transitions
00:11:20.069000,00:11:20.079000,now,,1,Step-by-Step Instruction
00:11:20.079000,00:11:21.269000,now it is giving,giving,1,Step-by-Step Instruction
00:11:21.269000,00:11:21.279000,it is giving,giving,1,Step-by-Step Instruction
00:11:21.279000,00:11:23.829000,it is giving error why so because we have take see,giving error take see,1,Step-by-Step Instruction
00:11:23.829000,00:11:23.839000,error why so because we have take see,error take see,1,Step-by-Step Instruction
00:11:23.839000,00:11:25.670000,error why so because we have take see out and seen these are also predefined,error take see seen also predefined,1,Step-by-Step Instruction
00:11:25.670000,00:11:25.680000,out and seen these are also predefined,seen also predefined,1,Step-by-Step Instruction
00:11:25.680000,00:11:27.990000,out and seen these are also predefined identify these are not keywords so you,seen also predefined identify keywords,0,Introduction
00:11:27.990000,00:11:28,identify these are not keywords so you,identify keywords,0,Introduction
00:11:28,00:11:30.150000,identify these are not keywords so you can use it you can use these thing as a,identify keywords use use thing,1,Step-by-Step Instruction
00:11:30.150000,00:11:30.160000,can use it you can use these thing as a,use use thing,1,Step-by-Step Instruction
00:11:30.160000,00:11:32.550000,can use it you can use these thing as a name of variable generally we don't use,use use thing name variable generally dont use,4,Recap
00:11:32.550000,00:11:32.560000,name of variable generally we don't use,name variable generally dont use,4,Recap
00:11:32.560000,00:11:34.870000,name of variable generally we don't use this thing but if we use then what,name variable generally dont use thing use,4,Recap
00:11:34.870000,00:11:34.880000,this thing but if we use then what,thing use,1,Step-by-Step Instruction
00:11:34.880000,00:11:37.430000,this thing but if we use then what happens still i'm using this namespace,thing use happens still im using namespace,3,Transitions
00:11:37.430000,00:11:37.440000,happens still i'm using this namespace,happens still im using namespace,3,Transitions
00:11:37.440000,00:11:39.509000,happens still i'm using this namespace std but still this c out would be,happens still im using namespace std still c would,3,Transitions
00:11:39.509000,00:11:39.519000,std but still this c out would be,std still c would,3,Transitions
00:11:39.519000,00:11:44.310000,std but still this c out would be considered as c,std still c would considered c,3,Transitions
00:11:46.790000,00:11:46.800000,i hope you can see this whenever i'll,hope see whenever ill,1,Step-by-Step Instruction
00:11:46.800000,00:11:49.190000,i hope you can see this whenever i'll move cursor to c out it is showing int c,hope see whenever ill move cursor c showing int c,1,Step-by-Step Instruction
00:11:49.190000,00:11:49.200000,move cursor to c out it is showing int c,move cursor c showing int c,1,Step-by-Step Instruction
00:11:49.200000,00:11:50.069000,move cursor to c out it is showing int c out,move cursor c showing int c,1,Step-by-Step Instruction
00:11:50.069000,00:11:50.079000,out,,1,Step-by-Step Instruction
00:11:50.079000,00:11:52.470000,out it is not considering the c out from,considering c,1,Step-by-Step Instruction
00:11:52.470000,00:11:52.480000,it is not considering the c out from,considering c,1,Step-by-Step Instruction
00:11:52.480000,00:11:54.870000,it is not considering the c out from this std namespace it is considering,considering c std namespace considering,3,Transitions
00:11:54.870000,00:11:54.880000,this std namespace it is considering,std namespace considering,3,Transitions
00:11:54.880000,00:11:57.750000,this std namespace it is considering this considering this c out this intc,std namespace considering considering c intc,3,Transitions
00:11:57.750000,00:11:57.760000,this considering this c out this intc,considering c intc,1,Step-by-Step Instruction
00:11:57.760000,00:11:59.990000,this considering this c out this intc out the variable,considering c intc variable,4,Recap
00:11:59.990000,00:12:00,out the variable,variable,4,Recap
00:12:00,00:12:03.590000,out the variable that is why this endl is giving an error,variable endl giving error,4,Recap
00:12:03.590000,00:12:03.600000,that is why this endl is giving an error,endl giving error,1,Step-by-Step Instruction
00:12:03.600000,00:12:05.269000,that is why this endl is giving an error right,endl giving error right,1,Step-by-Step Instruction
00:12:05.269000,00:12:05.279000,right,right,1,Step-by-Step Instruction
00:12:05.279000,00:12:09.030000,right so what we can do if suppose i write,right suppose write,3,Transitions
00:12:09.030000,00:12:09.040000,so what we can do if suppose i write,suppose write,3,Transitions
00:12:09.040000,00:12:10.389000,so what we can do if suppose i write here so,suppose write,3,Transitions
00:12:10.389000,00:12:10.399000,here so,,1,Step-by-Step Instruction
00:12:10.399000,00:12:11.829000,here so std,std,3,Transitions
00:12:11.829000,00:12:11.839000,std,std,3,Transitions
00:12:11.839000,00:12:14.949000,std this thing,std thing,3,Transitions
00:12:16.790000,00:12:16.800000,and i am going to comment this using,going comment using,1,Step-by-Step Instruction
00:12:16.800000,00:12:18.870000,and i am going to comment this using namespace std,going comment using namespace std,3,Transitions
00:12:18.870000,00:12:18.880000,namespace std,namespace std,3,Transitions
00:12:18.880000,00:12:20.949000,namespace std now it is fine it will not give any,namespace std fine give,3,Transitions
00:12:20.949000,00:12:20.959000,now it is fine it will not give any,fine give,1,Step-by-Step Instruction
00:12:20.959000,00:12:24.870000,now it is fine it will not give any error and endl is also from std,fine give error endl also std,3,Transitions
00:12:24.870000,00:12:24.880000,error and endl is also from std,error endl also std,3,Transitions
00:12:24.880000,00:12:27.030000,error and endl is also from std right so you can write down this thing,error endl also std right write thing,3,Transitions
00:12:27.030000,00:12:27.040000,right so you can write down this thing,right write thing,3,Transitions
00:12:27.040000,00:12:27.910000,right so you can write down this thing now,right write thing,3,Transitions
00:12:27.910000,00:12:27.920000,now,,1,Step-by-Step Instruction
00:12:27.920000,00:12:29.990000,now this is clear to clear to the compiler,clear clear compiler,1,Step-by-Step Instruction
00:12:29.990000,00:12:30,this is clear to clear to the compiler,clear clear compiler,1,Step-by-Step Instruction
00:12:30,00:12:33.269000,this is clear to clear to the compiler this c out is from std namespace this is,clear clear compiler c std namespace,3,Transitions
00:12:33.269000,00:12:33.279000,this c out is from std namespace this is,c std namespace,3,Transitions
00:12:33.279000,00:12:36.790000,this c out is from std namespace this is the object cnc outdoor object it is from,c std namespace object cnc outdoor object,3,Transitions
00:12:36.790000,00:12:36.800000,the object cnc outdoor object it is from,object cnc outdoor object,1,Step-by-Step Instruction
00:12:36.800000,00:12:38.389000,the object cnc outdoor object it is from the o stream,object cnc outdoor object stream,1,Step-by-Step Instruction
00:12:38.389000,00:12:38.399000,the o stream,stream,1,Step-by-Step Instruction
00:12:38.399000,00:12:39.509000,the o stream header file,stream header file,1,Step-by-Step Instruction
00:12:39.509000,00:12:39.519000,header file,header file,1,Step-by-Step Instruction
00:12:39.519000,00:12:41.509000,header file right,header file right,1,Step-by-Step Instruction
00:12:41.509000,00:12:41.519000,right,right,1,Step-by-Step Instruction
00:12:41.519000,00:12:43.110000,right so that is why,right,1,Step-by-Step Instruction
00:12:43.110000,00:12:43.120000,so that is why,,1,Step-by-Step Instruction
00:12:43.120000,00:12:45.910000,so that is why sometimes it is a good practice to use,sometimes good practice use,1,Step-by-Step Instruction
00:12:45.910000,00:12:45.920000,sometimes it is a good practice to use,sometimes good practice use,1,Step-by-Step Instruction
00:12:45.920000,00:12:49.110000,sometimes it is a good practice to use this std whenever you write down c out,sometimes good practice use std whenever write c,3,Transitions
00:12:49.110000,00:12:49.120000,this std whenever you write down c out,std whenever write c,3,Transitions
00:12:49.120000,00:12:51.910000,this std whenever you write down c out like std colon colon c out rather than,std whenever write c like std colon colon c rather,3,Transitions
00:12:51.910000,00:12:51.920000,like std colon colon c out rather than,like std colon colon c rather,3,Transitions
00:12:51.920000,00:12:53.990000,like std colon colon c out rather than writing using name space std see i have,like std colon colon c rather writing using name space std see,3,Transitions
00:12:53.990000,00:12:54,writing using name space std see i have,writing using name space std see,3,Transitions
00:12:54,00:12:55.829000,writing using name space std see i have written this program using namespace std,writing using name space std see written program using namespace std,3,Transitions
00:12:55.829000,00:12:55.839000,written this program using namespace std,written program using namespace std,3,Transitions
00:12:55.839000,00:12:58.230000,written this program using namespace std but still it was giving error,written program using namespace std still giving error,3,Transitions
00:12:58.230000,00:12:58.240000,but still it was giving error,still giving error,1,Step-by-Step Instruction
00:12:58.240000,00:13:00.310000,but still it was giving error because i am taking c out as a name of,still giving error taking c name,5,Practical Application
00:13:00.310000,00:13:00.320000,because i am taking c out as a name of,taking c name,5,Practical Application
00:13:00.320000,00:13:02.150000,because i am taking c out as a name of variable generally we don't take and we,taking c name variable generally dont take,4,Recap
00:13:02.150000,00:13:02.160000,variable generally we don't take and we,variable generally dont take,4,Recap
00:13:02.160000,00:13:04.150000,variable generally we don't take and we should not take these thing as a name of,variable generally dont take take thing name,4,Recap
00:13:04.150000,00:13:04.160000,should not take these thing as a name of,take thing name,5,Practical Application
00:13:04.160000,00:13:05.430000,should not take these thing as a name of variable but,take thing name variable,4,Recap
00:13:05.430000,00:13:05.440000,variable but,variable,4,Recap
00:13:05.440000,00:13:08.230000,variable but just i want to show you all the cases,variable want show cases,4,Recap
00:13:08.230000,00:13:08.240000,just i want to show you all the cases,want show cases,1,Step-by-Step Instruction
00:13:08.240000,00:13:10.629000,just i want to show you all the cases right if by mistake we take this then,want show cases right mistake take,1,Step-by-Step Instruction
00:13:10.629000,00:13:10.639000,right if by mistake we take this then,right mistake take,1,Step-by-Step Instruction
00:13:10.639000,00:13:12.629000,right if by mistake we take this then what can happen,right mistake take happen,1,Step-by-Step Instruction
00:13:12.629000,00:13:12.639000,what can happen,happen,1,Step-by-Step Instruction
00:13:12.639000,00:13:14.629000,what can happen so this can also be a,happen also,1,Step-by-Step Instruction
00:13:14.629000,00:13:14.639000,so this can also be a,also,1,Step-by-Step Instruction
00:13:14.639000,00:13:16.870000,so this can also be a thing in your program so better to use,also thing program better use,1,Step-by-Step Instruction
00:13:16.870000,00:13:16.880000,thing in your program so better to use,thing program better use,1,Step-by-Step Instruction
00:13:16.880000,00:13:19.670000,thing in your program so better to use std see how these kind of things at this,thing program better use std see kind things,3,Transitions
00:13:19.670000,00:13:19.680000,std see how these kind of things at this,std see kind things,3,Transitions
00:13:19.680000,00:13:21.670000,std see how these kind of things at this point of time if i print,std see kind things point time print,3,Transitions
00:13:21.670000,00:13:21.680000,point of time if i print,point time print,1,Step-by-Step Instruction
00:13:21.680000,00:13:26.870000,point of time if i print like if i print,point time print like print,1,Step-by-Step Instruction
00:13:28.069000,00:13:28.079000,this,,1,Step-by-Step Instruction
00:13:28.079000,00:13:36.310000,this see out,see,1,Step-by-Step Instruction
00:13:39.269000,00:13:39.279000,see what output you will get 89 and 45,see output get 89 45,1,Step-by-Step Instruction
00:13:39.279000,00:13:42.710000,see what output you will get 89 and 45 89 for main 45 for c out right,see output get 89 45 89 main 45 c right,1,Step-by-Step Instruction
00:13:42.710000,00:13:42.720000,89 for main 45 for c out right,89 main 45 c right,6,Conclusion
00:13:42.720000,00:13:44.790000,89 for main 45 for c out right but see if same,89 main 45 c right see,6,Conclusion
00:13:44.790000,00:13:44.800000,but see if same,see,1,Step-by-Step Instruction
00:13:44.800000,00:13:46.389000,but see if same like,see like,1,Step-by-Step Instruction
00:13:46.389000,00:13:46.399000,like,like,1,Step-by-Step Instruction
00:13:46.399000,00:13:48.710000,like let us take example of a keyword else is,like let us take example keyword else,1,Step-by-Step Instruction
00:13:48.710000,00:13:48.720000,let us take example of a keyword else is,let us take example keyword else,1,Step-by-Step Instruction
00:13:48.720000,00:13:50.790000,let us take example of a keyword else is a keyword so if i take,let us take example keyword else keyword take,1,Step-by-Step Instruction
00:13:50.790000,00:13:50.800000,a keyword so if i take,keyword take,1,Step-by-Step Instruction
00:13:50.800000,00:13:51.829000,a keyword so if i take else,keyword take else,1,Step-by-Step Instruction
00:13:51.829000,00:13:51.839000,else,else,1,Step-by-Step Instruction
00:13:51.839000,00:13:55.829000,else if i want to take else as a name of,else want take else name,5,Practical Application
00:13:55.829000,00:13:55.839000,if i want to take else as a name of,want take else name,5,Practical Application
00:13:55.839000,00:13:58.389000,if i want to take else as a name of variable then it will give it because,want take else name variable give,4,Recap
00:13:58.389000,00:13:58.399000,variable then it will give it because,variable give,4,Recap
00:13:58.399000,00:14:00.470000,variable then it will give it because keywords are reserved words you cannot,variable give keywords reserved words,4,Recap
00:14:00.470000,00:14:00.480000,keywords are reserved words you cannot,keywords reserved words,0,Introduction
00:14:00.480000,00:14:03.509000,keywords are reserved words you cannot take keywords as a name of identifier,keywords reserved words take keywords name identifier,0,Introduction
00:14:03.509000,00:14:03.519000,take keywords as a name of identifier,take keywords name identifier,5,Practical Application
00:14:03.519000,00:14:06.470000,take keywords as a name of identifier right see it is giving error expected an,take keywords name identifier right see giving error expected,1,Step-by-Step Instruction
00:14:06.470000,00:14:06.480000,right see it is giving error expected an,right see giving error expected,1,Step-by-Step Instruction
00:14:06.480000,00:14:07.829000,right see it is giving error expected an identifier here you should take an,right see giving error expected identifier take,1,Step-by-Step Instruction
00:14:07.829000,00:14:07.839000,identifier here you should take an,identifier take,1,Step-by-Step Instruction
00:14:07.839000,00:14:10.069000,identifier here you should take an identifier but else is a keyword,identifier take identifier else keyword,1,Step-by-Step Instruction
00:14:10.069000,00:14:10.079000,identifier but else is a keyword,identifier else keyword,1,Step-by-Step Instruction
00:14:10.079000,00:14:14.310000,identifier but else is a keyword but the c out main io stream include c,identifier else keyword c main io stream include c,6,Conclusion
00:14:14.310000,00:14:14.320000,but the c out main io stream include c,c main io stream include c,6,Conclusion
00:14:14.320000,00:14:15.430000,but the c out main io stream include c in,c main io stream include c,6,Conclusion
00:14:15.430000,00:14:15.440000,in,,1,Step-by-Step Instruction
00:14:15.440000,00:14:16.550000,in these are,,1,Step-by-Step Instruction
00:14:16.550000,00:14:16.560000,these are,,1,Step-by-Step Instruction
00:14:16.560000,00:14:18.550000,these are some predefined identifiers you can use,predefined identifiers use,2,Context Setting
00:14:18.550000,00:14:18.560000,some predefined identifiers you can use,predefined identifiers use,2,Context Setting
00:14:18.560000,00:14:20.389000,some predefined identifiers you can use these as a name of variable as a new,predefined identifiers use name variable new,4,Recap
00:14:20.389000,00:14:20.399000,these as a name of variable as a new,name variable new,4,Recap
00:14:20.399000,00:14:21.670000,these as a name of variable as a new function,name variable new function,4,Recap
00:14:21.670000,00:14:21.680000,function,function,1,Step-by-Step Instruction
00:14:21.680000,00:14:22.949000,function right,function right,1,Step-by-Step Instruction
00:14:22.949000,00:14:22.959000,right,right,1,Step-by-Step Instruction
00:14:22.959000,00:14:25.350000,right but we should not do this thing,right thing,1,Step-by-Step Instruction
00:14:25.350000,00:14:25.360000,but we should not do this thing,thing,1,Step-by-Step Instruction
00:14:25.360000,00:14:27.110000,but we should not do this thing this can give,thing give,1,Step-by-Step Instruction
00:14:27.110000,00:14:27.120000,this can give,give,1,Step-by-Step Instruction
00:14:27.120000,00:14:27.990000,this can give you know,give know,1,Step-by-Step Instruction
00:14:27.990000,00:14:28,you know,know,1,Step-by-Step Instruction
00:14:28,00:14:30.949000,you know conflict in your program as i have,know conflict program,1,Step-by-Step Instruction
00:14:30.949000,00:14:30.959000,conflict in your program as i have,conflict program,1,Step-by-Step Instruction
00:14:30.959000,00:14:33.509000,conflict in your program as i have shown you here c out if you take as a,conflict program shown c take,1,Step-by-Step Instruction
00:14:33.509000,00:14:33.519000,shown you here c out if you take as a,shown c take,1,Step-by-Step Instruction
00:14:33.519000,00:14:36.230000,shown you here c out if you take as a name of variable then if you don't use,shown c take name variable dont use,4,Recap
00:14:36.230000,00:14:36.240000,name of variable then if you don't use,name variable dont use,4,Recap
00:14:36.240000,00:14:38.310000,name of variable then if you don't use here stdc out if you use here using,name variable dont use stdc use using,4,Recap
00:14:38.310000,00:14:38.320000,here stdc out if you use here using,stdc use using,1,Step-by-Step Instruction
00:14:38.320000,00:14:39.910000,here stdc out if you use here using namespace std,stdc use using namespace std,3,Transitions
00:14:39.910000,00:14:39.920000,namespace std,namespace std,3,Transitions
00:14:39.920000,00:14:43.030000,namespace std still it is showing error it was taking,namespace std still showing error taking,3,Transitions
00:14:43.030000,00:14:43.040000,still it is showing error it was taking,still showing error taking,1,Step-by-Step Instruction
00:14:43.040000,00:14:47.030000,still it is showing error it was taking c out as in c out not from std not that,still showing error taking c c std,3,Transitions
00:14:47.030000,00:14:47.040000,c out as in c out not from std not that,c c std,3,Transitions
00:14:47.040000,00:14:48.150000,c out as in c out not from std not that object,c c std object,3,Transitions
00:14:48.150000,00:14:48.160000,object,object,1,Step-by-Step Instruction
00:14:48.160000,00:14:51.189000,object right so you can take like include as a,object right take like include,1,Step-by-Step Instruction
00:14:51.189000,00:14:51.199000,right so you can take like include as a,right take like include,1,Step-by-Step Instruction
00:14:51.199000,00:14:52.870000,right so you can take like include as a variable name iostream as a variable,right take like include variable name iostream variable,4,Recap
00:14:52.870000,00:14:52.880000,variable name iostream as a variable,variable name iostream variable,4,Recap
00:14:52.880000,00:14:53.829000,variable name iostream as a variable name,variable name iostream variable name,4,Recap
00:14:53.829000,00:14:53.839000,name,name,5,Practical Application
00:14:53.839000,00:14:55.829000,name rather than it you can take float also,name rather take float also,5,Practical Application
00:14:55.829000,00:14:55.839000,rather than it you can take float also,rather take float also,1,Step-by-Step Instruction
00:14:55.839000,00:14:58.710000,rather than it you can take float also so you just try out these things right,rather take float also try things right,1,Step-by-Step Instruction
00:14:58.710000,00:14:58.720000,so you just try out these things right,try things right,1,Step-by-Step Instruction
00:14:58.720000,00:15:00.389000,so you just try out these things right and see the reserved word that i have,try things right see reserved word,1,Step-by-Step Instruction
00:15:00.389000,00:15:00.399000,and see the reserved word that i have,see reserved word,1,Step-by-Step Instruction
00:15:00.399000,00:15:02.150000,and see the reserved word that i have told you like and,see reserved word told like,1,Step-by-Step Instruction
00:15:02.150000,00:15:02.160000,told you like and,told like,1,Step-by-Step Instruction
00:15:02.160000,00:15:03.750000,told you like and and underscore,told like underscore,1,Step-by-Step Instruction
00:15:03.750000,00:15:03.760000,and underscore,underscore,1,Step-by-Step Instruction
00:15:03.760000,00:15:06.389000,and underscore eq these 11 are reserved what but these,underscore eq 11 reserved,1,Step-by-Step Instruction
00:15:06.389000,00:15:06.399000,eq these 11 are reserved what but these,eq 11 reserved,1,Step-by-Step Instruction
00:15:06.399000,00:15:08.550000,eq these 11 are reserved what but these are not essential when we use ansi,eq 11 reserved essential use ansi,1,Step-by-Step Instruction
00:15:08.550000,00:15:08.560000,are not essential when we use ansi,essential use ansi,1,Step-by-Step Instruction
00:15:08.560000,00:15:11.189000,are not essential when we use ansi character set then we have corresponding,essential use ansi character set corresponding,1,Step-by-Step Instruction
00:15:11.189000,00:15:11.199000,character set then we have corresponding,character set corresponding,1,Step-by-Step Instruction
00:15:11.199000,00:15:13.110000,character set then we have corresponding operator for this thing and operator we,character set corresponding operator thing operator,1,Step-by-Step Instruction
00:15:13.110000,00:15:13.120000,operator for this thing and operator we,operator thing operator,1,Step-by-Step Instruction
00:15:13.120000,00:15:14.870000,operator for this thing and operator we have operator we have,operator thing operator operator,1,Step-by-Step Instruction
00:15:14.870000,00:15:14.880000,have operator we have,operator,1,Step-by-Step Instruction
00:15:14.880000,00:15:16.550000,have operator we have no not operator we have so we can use,operator operator use,1,Step-by-Step Instruction
00:15:16.550000,00:15:16.560000,no not operator we have so we can use,operator use,1,Step-by-Step Instruction
00:15:16.560000,00:15:18.310000,no not operator we have so we can use those operators rather than writing a,operator use operators rather writing,3,Transitions
00:15:18.310000,00:15:18.320000,those operators rather than writing a,operators rather writing,3,Transitions
00:15:18.320000,00:15:21.590000,those operators rather than writing a and d and oro but you can use this also,operators rather writing oro use also,3,Transitions
00:15:21.590000,00:15:21.600000,and d and oro but you can use this also,oro use also,1,Step-by-Step Instruction
00:15:21.600000,00:15:23.430000,and d and oro but you can use this also these are not essential but you can use,oro use also essential use,1,Step-by-Step Instruction
00:15:23.430000,00:15:23.440000,these are not essential but you can use,essential use,1,Step-by-Step Instruction
00:15:23.440000,00:15:25.350000,these are not essential but you can use if you want to use right,essential use want use right,1,Step-by-Step Instruction
00:15:25.350000,00:15:25.360000,if you want to use right,want use right,1,Step-by-Step Instruction
00:15:25.360000,00:15:28.470000,if you want to use right keywords and identifiers is clear to you,want use right keywords identifiers clear,2,Context Setting
00:15:28.470000,00:15:28.480000,keywords and identifiers is clear to you,keywords identifiers clear,2,Context Setting
00:15:28.480000,00:15:30.629000,keywords and identifiers is clear to you those who already have the knowledge of,keywords identifiers clear already knowledge,2,Context Setting
00:15:30.629000,00:15:30.639000,those who already have the knowledge of,already knowledge,1,Step-by-Step Instruction
00:15:30.639000,00:15:32.629000,those who already have the knowledge of keyword and identifiers simply i'm damn,already knowledge keyword identifiers simply im damn,2,Context Setting
00:15:32.629000,00:15:32.639000,keyword and identifiers simply i'm damn,keyword identifiers simply im damn,2,Context Setting
00:15:32.639000,00:15:35.189000,keyword and identifiers simply i'm damn sure definitely they have you know got,keyword identifiers simply im damn sure definitely know got,2,Context Setting
00:15:35.189000,00:15:35.199000,sure definitely they have you know got,sure definitely know got,1,Step-by-Step Instruction
00:15:35.199000,00:15:37.110000,sure definitely they have you know got something new some new effects from this,sure definitely know got something new new effects,1,Step-by-Step Instruction
00:15:37.110000,00:15:37.120000,something new some new effects from this,something new new effects,1,Step-by-Step Instruction
00:15:37.120000,00:15:39.509000,something new some new effects from this video right so now i'll see in the next,something new new effects video right ill see next,1,Step-by-Step Instruction
00:15:39.509000,00:15:39.519000,video right so now i'll see in the next,video right ill see next,1,Step-by-Step Instruction
00:15:39.519000,00:15:41.670000,video right so now i'll see in the next video maybe the next we will discuss,video right ill see next video maybe next discuss,1,Step-by-Step Instruction
00:15:41.670000,00:15:41.680000,video maybe the next we will discuss,video maybe next discuss,1,Step-by-Step Instruction
00:15:41.680000,00:15:43.350000,video maybe the next we will discuss namespace right so i'll see in the next,video maybe next discuss namespace right ill see next,1,Step-by-Step Instruction
00:15:43.350000,00:15:43.360000,namespace right so i'll see in the next,namespace right ill see next,1,Step-by-Step Instruction
00:15:43.360000,00:15:46.920000,namespace right so i'll see in the next video till then bye,namespace right ill see next video till bye,1,Step-by-Step Instruction
