Start Time,End Time,Text,Cleaned Text,Cluster,Workflow Step
00:00:01.790000,00:00:01.800000,so in the series of learning C plus plus,series learning c plus plus,1,Step-by-Step Instruction
00:00:01.800000,00:00:03.169000,so in the series of learning C plus plus programming language we are discussing,series learning c plus plus programming language discussing,1,Step-by-Step Instruction
00:00:03.169000,00:00:03.179000,programming language we are discussing,programming language discussing,2,Context Setting
00:00:03.179000,00:00:04.970000,programming language we are discussing operators in C plus plus till now we,programming language discussing operators c plus plus till,1,Step-by-Step Instruction
00:00:04.970000,00:00:04.980000,operators in C plus plus till now we,operators c plus plus till,1,Step-by-Step Instruction
00:00:04.980000,00:00:06.349000,operators in C plus plus till now we have discussed arithmetic relational,operators c plus plus till discussed arithmetic relational,1,Step-by-Step Instruction
00:00:06.349000,00:00:06.359000,have discussed arithmetic relational,discussed arithmetic relational,2,Context Setting
00:00:06.359000,00:00:09.110000,have discussed arithmetic relational bitwise and logical operators now next,discussed arithmetic relational bitwise logical operators next,2,Context Setting
00:00:09.110000,00:00:09.120000,bitwise and logical operators now next,bitwise logical operators next,2,Context Setting
00:00:09.120000,00:00:10.970000,bitwise and logical operators now next type of operator is assignment operator,bitwise logical operators next type operator assignment operator,5,Practical Application
00:00:10.970000,00:00:10.980000,type of operator is assignment operator,type operator assignment operator,5,Practical Application
00:00:10.980000,00:00:12.350000,type of operator is assignment operator so this video will be discussing,type operator assignment operator video discussing,5,Practical Application
00:00:12.350000,00:00:12.360000,so this video will be discussing,video discussing,2,Context Setting
00:00:12.360000,00:00:13.910000,so this video will be discussing assignment operator as well as some,video discussing assignment operator well,5,Practical Application
00:00:13.910000,00:00:13.920000,assignment operator as well as some,assignment operator well,5,Practical Application
00:00:13.920000,00:00:16.010000,assignment operator as well as some slainess operators we have like a,assignment operator well slainess operators like,5,Practical Application
00:00:16.010000,00:00:16.020000,slainess operators we have like a,slainess operators like,2,Context Setting
00:00:16.020000,00:00:17.570000,slainess operators we have like a conditional operator which is known as,slainess operators like conditional operator known,5,Practical Application
00:00:17.570000,00:00:17.580000,conditional operator which is known as,conditional operator known,5,Practical Application
00:00:17.580000,00:00:20.510000,conditional operator which is known as ternary operators also right that we,conditional operator known ternary operators also right,5,Practical Application
00:00:20.510000,00:00:20.520000,ternary operators also right that we,ternary operators also right,2,Context Setting
00:00:20.520000,00:00:22.429000,ternary operators also right that we have discussed like uni three categories,ternary operators also right discussed like uni three categories,2,Context Setting
00:00:22.429000,00:00:22.439000,have discussed like uni three categories,discussed like uni three categories,2,Context Setting
00:00:22.439000,00:00:24.050000,have discussed like uni three categories of operators are there unary binary,discussed like uni three categories operators unary binary,2,Context Setting
00:00:24.050000,00:00:24.060000,of operators are there unary binary,operators unary binary,2,Context Setting
00:00:24.060000,00:00:25.849000,of operators are there unary binary internally so conditional operator is,operators unary binary internally conditional operator,5,Practical Application
00:00:25.849000,00:00:25.859000,internally so conditional operator is,internally conditional operator,5,Practical Application
00:00:25.859000,00:00:28.490000,internally so conditional operator is ternary operator so that also comes,internally conditional operator ternary operator also comes,5,Practical Application
00:00:28.490000,00:00:28.500000,ternary operator so that also comes,ternary operator also comes,5,Practical Application
00:00:28.500000,00:00:30.050000,ternary operator so that also comes under miscellaneous we'll discuss in,ternary operator also comes miscellaneous well discuss,5,Practical Application
00:00:30.050000,00:00:30.060000,under miscellaneous we'll discuss in,miscellaneous well discuss,2,Context Setting
00:00:30.060000,00:00:32.030000,under miscellaneous we'll discuss in this video then size of operator then,miscellaneous well discuss video size operator,5,Practical Application
00:00:32.030000,00:00:32.040000,this video then size of operator then,video size operator,5,Practical Application
00:00:32.040000,00:00:35.030000,this video then size of operator then cast operator then we have that address,video size operator cast operator address,5,Practical Application
00:00:35.030000,00:00:35.040000,cast operator then we have that address,cast operator address,5,Practical Application
00:00:35.040000,00:00:37.069000,cast operator then we have that address of operator then we have that the,cast operator address operator,5,Practical Application
00:00:37.069000,00:00:37.079000,of operator then we have that the,operator,5,Practical Application
00:00:37.079000,00:00:39.650000,of operator then we have that the reference operator that asterisk a,operator reference operator asterisk,5,Practical Application
00:00:39.650000,00:00:39.660000,reference operator that asterisk a,reference operator asterisk,5,Practical Application
00:00:39.660000,00:00:41.330000,reference operator that asterisk a pointer to a variable so these are some,reference operator asterisk pointer variable,4,Recap
00:00:41.330000,00:00:41.340000,pointer to a variable so these are some,pointer variable,4,Recap
00:00:41.340000,00:00:43.430000,pointer to a variable so these are some miscellaneous operators so these,pointer variable miscellaneous operators,4,Recap
00:00:43.430000,00:00:43.440000,miscellaneous operators so these,miscellaneous operators,2,Context Setting
00:00:43.440000,00:00:45.650000,miscellaneous operators so these operators and assignments operators will,miscellaneous operators operators assignments operators,2,Context Setting
00:00:45.650000,00:00:45.660000,operators and assignments operators will,operators assignments operators,2,Context Setting
00:00:45.660000,00:00:47.270000,operators and assignments operators will be discussing in this video with the,operators assignments operators discussing video,2,Context Setting
00:00:47.270000,00:00:47.280000,be discussing in this video with the,discussing video,2,Context Setting
00:00:47.280000,00:00:49.130000,be discussing in this video with the help of program I'll show you practical,discussing video help program ill show practical,2,Context Setting
00:00:49.130000,00:00:49.140000,help of program I'll show you practical,help program ill show practical,2,Context Setting
00:00:49.140000,00:00:51.290000,help of program I'll show you practical also right example of each and every,help program ill show practical also right example every,2,Context Setting
00:00:51.290000,00:00:51.300000,also right example of each and every,also right example every,2,Context Setting
00:00:51.300000,00:00:53.630000,also right example of each and every operator will see on my laptop,also right example every operator see laptop,4,Recap
00:00:53.630000,00:00:53.640000,operator will see on my laptop,operator see laptop,4,Recap
00:00:53.640000,00:00:55.670000,operator will see on my laptop right but before they just want to tell,operator see laptop right want tell,4,Recap
00:00:55.670000,00:00:55.680000,right but before they just want to tell,right want tell,3,Transitions
00:00:55.680000,00:00:57.470000,right but before they just want to tell you one thing Geeks four weeks has come,right want tell one thing geeks four weeks come,2,Context Setting
00:00:57.470000,00:00:57.480000,you one thing Geeks four weeks has come,one thing geeks four weeks come,2,Context Setting
00:00:57.480000,00:00:59.810000,you one thing Geeks four weeks has come up with a fun filled event for you guys,one thing geeks four weeks come fun filled event guys,2,Context Setting
00:00:59.810000,00:00:59.820000,up with a fun filled event for you guys,fun filled event guys,2,Context Setting
00:00:59.820000,00:01:03.229000,up with a fun filled event for you guys called geek Olympics so what you have to,fun filled event guys called geek olympics,2,Context Setting
00:01:03.229000,00:01:03.239000,called geek Olympics so what you have to,called geek olympics,2,Context Setting
00:01:03.239000,00:01:05.390000,called geek Olympics so what you have to do is you just go to the link which I'll,called geek olympics go link ill,2,Context Setting
00:01:05.390000,00:01:05.400000,do is you just go to the link which I'll,go link ill,2,Context Setting
00:01:05.400000,00:01:06.830000,do is you just go to the link which I'll put in the description box of this video,go link ill put description box video,2,Context Setting
00:01:06.830000,00:01:06.840000,put in the description box of this video,put description box video,2,Context Setting
00:01:06.840000,00:01:09.050000,put in the description box of this video and a resistor for the event free of,put description box video resistor event free,2,Context Setting
00:01:09.050000,00:01:09.060000,and a resistor for the event free of,resistor event free,2,Context Setting
00:01:09.060000,00:01:11.750000,and a resistor for the event free of post and once you register after,resistor event free post register,2,Context Setting
00:01:11.750000,00:01:11.760000,post and once you register after,post register,2,Context Setting
00:01:11.760000,00:01:13.490000,post and once you register after registering you will get access to the,post register registering get access,2,Context Setting
00:01:13.490000,00:01:13.500000,registering you will get access to the,registering get access,2,Context Setting
00:01:13.500000,00:01:16.010000,registering you will get access to the calendar where you can see the upcoming,registering get access calendar see upcoming,4,Recap
00:01:16.010000,00:01:16.020000,calendar where you can see the upcoming,calendar see upcoming,4,Recap
00:01:16.020000,00:01:18.890000,calendar where you can see the upcoming events and activities see they have,calendar see upcoming events activities see,4,Recap
00:01:18.890000,00:01:18.900000,events and activities see they have,events activities see,4,Recap
00:01:18.900000,00:01:20.090000,events and activities see they have something new and something different,events activities see something new something different,4,Recap
00:01:20.090000,00:01:20.100000,something new and something different,something new something different,2,Context Setting
00:01:20.100000,00:01:22.789000,something new and something different every day in the month of July from 1st,something new something different every day month july 1st,2,Context Setting
00:01:22.789000,00:01:22.799000,every day in the month of July from 1st,every day month july 1st,2,Context Setting
00:01:22.799000,00:01:24.710000,every day in the month of July from 1st to 31st of July so do check out this,every day month july 1st 31st july check,2,Context Setting
00:01:24.710000,00:01:24.720000,to 31st of July so do check out this,31st july check,2,Context Setting
00:01:24.720000,00:01:26.330000,to 31st of July so do check out this link every day where you can get a,31st july check link every day get,2,Context Setting
00:01:26.330000,00:01:26.340000,link every day where you can get a,link every day get,2,Context Setting
00:01:26.340000,00:01:28.670000,link every day where you can get a chance to win some rewards and,link every day get chance win rewards,2,Context Setting
00:01:28.670000,00:01:28.680000,chance to win some rewards and,chance win rewards,2,Context Setting
00:01:28.680000,00:01:30.109000,chance to win some rewards and definitely it would be a great learning,chance win rewards definitely would great learning,2,Context Setting
00:01:30.109000,00:01:30.119000,definitely it would be a great learning,definitely would great learning,2,Context Setting
00:01:30.119000,00:01:31.730000,definitely it would be a great learning experience for you guys now let me just,definitely would great learning experience guys let,2,Context Setting
00:01:31.730000,00:01:31.740000,experience for you guys now let me just,experience guys let,2,Context Setting
00:01:31.740000,00:01:33.950000,experience for you guys now let me just brief you on one of such events through,experience guys let brief one events,2,Context Setting
00:01:33.950000,00:01:33.960000,brief you on one of such events through,brief one events,2,Context Setting
00:01:33.960000,00:01:36.289000,brief you on one of such events through geek Olympics which is 24 hour doubt,brief one events geek olympics 24 hour doubt,2,Context Setting
00:01:36.289000,00:01:36.299000,geek Olympics which is 24 hour doubt,geek olympics 24 hour doubt,2,Context Setting
00:01:36.299000,00:01:39.170000,geek Olympics which is 24 hour doubt support Marathon yes Geeks four Geeks is,geek olympics 24 hour doubt support marathon yes geeks four geeks,2,Context Setting
00:01:39.170000,00:01:39.180000,support Marathon yes Geeks four Geeks is,support marathon yes geeks four geeks,2,Context Setting
00:01:39.180000,00:01:41.810000,support Marathon yes Geeks four Geeks is conducting a 24 hour doubt support,support marathon yes geeks four geeks conducting 24 hour doubt support,2,Context Setting
00:01:41.810000,00:01:41.820000,conducting a 24 hour doubt support,conducting 24 hour doubt support,2,Context Setting
00:01:41.820000,00:01:43.429000,conducting a 24 hour doubt support Marathon for free,conducting 24 hour doubt support marathon free,2,Context Setting
00:01:43.429000,00:01:43.439000,Marathon for free,marathon free,2,Context Setting
00:01:43.439000,00:01:46.730000,Marathon for free when their mentors will be live for 24,marathon free mentors live 24,2,Context Setting
00:01:46.730000,00:01:46.740000,when their mentors will be live for 24,mentors live 24,2,Context Setting
00:01:46.740000,00:01:50.389000,when their mentors will be live for 24 hours on 9th of July to solve all your,mentors live 24 hours 9th july solve,2,Context Setting
00:01:50.389000,00:01:50.399000,hours on 9th of July to solve all your,hours 9th july solve,2,Context Setting
00:01:50.399000,00:01:52.370000,hours on 9th of July to solve all your doubts so whatever doubt in which,hours 9th july solve doubts whatever doubt,2,Context Setting
00:01:52.370000,00:01:52.380000,doubts so whatever doubt in which,doubts whatever doubt,2,Context Setting
00:01:52.380000,00:01:54.230000,doubts so whatever doubt in which subject you have you can ask all your,doubts whatever doubt subject ask,2,Context Setting
00:01:54.230000,00:01:54.240000,subject you have you can ask all your,subject ask,2,Context Setting
00:01:54.240000,00:01:55.670000,subject you have you can ask all your doubts but for that you have to register,subject ask doubts register,2,Context Setting
00:01:55.670000,00:01:55.680000,doubts but for that you have to register,doubts register,2,Context Setting
00:01:55.680000,00:01:57.649000,doubts but for that you have to register first so register now the link would be,doubts register first register link would,2,Context Setting
00:01:57.649000,00:01:57.659000,first so register now the link would be,first register link would,2,Context Setting
00:01:57.659000,00:01:59.030000,first so register now the link would be in the description box of this video you,first register link would description box video,2,Context Setting
00:01:59.030000,00:01:59.040000,in the description box of this video you,description box video,2,Context Setting
00:01:59.040000,00:02:02.090000,in the description box of this video you can go and register and the timing and,description box video go register timing,2,Context Setting
00:02:02.090000,00:02:02.100000,can go and register and the timing and,go register timing,2,Context Setting
00:02:02.100000,00:02:04.550000,can go and register and the timing and this loads would be like this that you,go register timing loads would like,2,Context Setting
00:02:04.550000,00:02:04.560000,this loads would be like this that you,loads would like,2,Context Setting
00:02:04.560000,00:02:07.550000,this loads would be like this that you can see on my screen from nine on 9th of,loads would like see screen nine 9th,4,Recap
00:02:07.550000,00:02:07.560000,can see on my screen from nine on 9th of,see screen nine 9th,4,Recap
00:02:07.560000,00:02:09.710000,can see on my screen from nine on 9th of July the that this session would be,see screen nine 9th july session would,4,Recap
00:02:09.710000,00:02:09.720000,July the that this session would be,july session would,2,Context Setting
00:02:09.720000,00:02:13.970000,July the that this session would be started from 9 am so from 9 am to 11 am,july session would started 9 9 11,2,Context Setting
00:02:13.970000,00:02:13.980000,started from 9 am so from 9 am to 11 am,started 9 9 11,2,Context Setting
00:02:13.980000,00:02:16.729000,started from 9 am so from 9 am to 11 am Python and machine learning then from,started 9 9 11 python machine learning,2,Context Setting
00:02:16.729000,00:02:16.739000,Python and machine learning then from,python machine learning,2,Context Setting
00:02:16.739000,00:02:19.670000,Python and machine learning then from 11AM to 1 pm at a linked list stack and,python machine learning 11am 1 pm linked list stack,2,Context Setting
00:02:19.670000,00:02:19.680000,11AM to 1 pm at a linked list stack and,11am 1 pm linked list stack,2,Context Setting
00:02:19.680000,00:02:21.350000,11AM to 1 pm at a linked list stack and cues like this you can see on my screen,11am 1 pm linked list stack cues like see screen,4,Recap
00:02:21.350000,00:02:21.360000,cues like this you can see on my screen,cues like see screen,4,Recap
00:02:21.360000,00:02:23.390000,cues like this you can see on my screen so all the relevant links and detail,cues like see screen relevant links detail,4,Recap
00:02:23.390000,00:02:23.400000,so all the relevant links and detail,relevant links detail,2,Context Setting
00:02:23.400000,00:02:24.890000,so all the relevant links and detail I'll put in this in the description box,relevant links detail ill put description box,2,Context Setting
00:02:24.890000,00:02:24.900000,I'll put in this in the description box,ill put description box,2,Context Setting
00:02:24.900000,00:02:26.150000,I'll put in this in the description box of this video you can go and check out,ill put description box video go check,2,Context Setting
00:02:26.150000,00:02:26.160000,of this video you can go and check out,video go check,2,Context Setting
00:02:26.160000,00:02:28.070000,of this video you can go and check out now let's see what is what are,video go check lets see,4,Recap
00:02:28.070000,00:02:28.080000,now let's see what is what are,lets see,4,Recap
00:02:28.080000,00:02:30.170000,now let's see what is what are assignments operators I think these are,lets see assignments operators think,4,Recap
00:02:30.170000,00:02:30.180000,assignments operators I think these are,assignments operators think,2,Context Setting
00:02:30.180000,00:02:31.910000,assignments operators I think these are very simple and no need to discuss C,assignments operators think simple need discuss c,2,Context Setting
00:02:31.910000,00:02:31.920000,very simple and no need to discuss C,simple need discuss c,2,Context Setting
00:02:31.920000,00:02:34.369000,very simple and no need to discuss C this is assignment operator here not,simple need discuss c assignment operator,5,Practical Application
00:02:34.369000,00:02:34.379000,this is assignment operator here not,assignment operator,5,Practical Application
00:02:34.379000,00:02:36.710000,this is assignment operator here not equal to but here in programming,assignment operator equal programming,5,Practical Application
00:02:36.710000,00:02:36.720000,equal to but here in programming,equal programming,2,Context Setting
00:02:36.720000,00:02:38.449000,equal to but here in programming languages assignment operator which will,equal programming languages assignment operator,5,Practical Application
00:02:38.449000,00:02:38.459000,languages assignment operator which will,languages assignment operator,5,Practical Application
00:02:38.459000,00:02:40.130000,languages assignment operator which will do whatever the value in the right hand,languages assignment operator whatever value right hand,5,Practical Application
00:02:40.130000,00:02:40.140000,do whatever the value in the right hand,whatever value right hand,2,Context Setting
00:02:40.140000,00:02:41.990000,do whatever the value in the right hand side it would be assigned to the left,whatever value right hand side would assigned left,2,Context Setting
00:02:41.990000,00:02:42,side it would be assigned to the left,side would assigned left,2,Context Setting
00:02:42,00:02:44.449000,side it would be assigned to the left hand side right like we write like a is,side would assigned left hand side right like write like,6,Conclusion
00:02:44.449000,00:02:44.459000,hand side right like we write like a is,hand side right like write like,6,Conclusion
00:02:44.459000,00:02:46.670000,hand side right like we write like a is equal to 5 so this 5 could be assigned,hand side right like write like equal 5 5 could assigned,6,Conclusion
00:02:46.670000,00:02:46.680000,equal to 5 so this 5 could be assigned,equal 5 5 could assigned,2,Context Setting
00:02:46.680000,00:02:48.890000,equal to 5 so this 5 could be assigned to a so this is assignment operator now,equal 5 5 could assigned assignment operator,5,Practical Application
00:02:48.890000,00:02:48.900000,to a so this is assignment operator now,assignment operator,5,Practical Application
00:02:48.900000,00:02:50.690000,to a so this is assignment operator now you can combine this operator with,assignment operator combine operator,5,Practical Application
00:02:50.690000,00:02:50.700000,you can combine this operator with,combine operator,5,Practical Application
00:02:50.700000,00:02:53.030000,you can combine this operator with something like this plus equal to so it,combine operator something like plus equal,1,Step-by-Step Instruction
00:02:53.030000,00:02:53.040000,something like this plus equal to so it,something like plus equal,1,Step-by-Step Instruction
00:02:53.040000,00:02:55.729000,something like this plus equal to so it means nothing but if you write a plus,something like plus equal means nothing write plus,1,Step-by-Step Instruction
00:02:55.729000,00:02:55.739000,means nothing but if you write a plus,means nothing write plus,1,Step-by-Step Instruction
00:02:55.739000,00:03:00.410000,means nothing but if you write a plus equal to 1 it means a is equal to a plus,means nothing write plus equal 1 means equal plus,1,Step-by-Step Instruction
00:03:00.410000,00:03:00.420000,equal to 1 it means a is equal to a plus,equal 1 means equal plus,1,Step-by-Step Instruction
00:03:00.420000,00:03:04.670000,equal to 1 it means a is equal to a plus 1 means just add right hand side to the,equal 1 means equal plus 1 means add right hand side,1,Step-by-Step Instruction
00:03:04.670000,00:03:04.680000,1 means just add right hand side to the,1 means add right hand side,2,Context Setting
00:03:04.680000,00:03:07.190000,1 means just add right hand side to the left hand side and assign the value to,1 means add right hand side left hand side assign value,2,Context Setting
00:03:07.190000,00:03:07.200000,left hand side and assign the value to,left hand side assign value,2,Context Setting
00:03:07.200000,00:03:10.190000,left hand side and assign the value to left hand side that's it if I write like,left hand side assign value left hand side thats write like,6,Conclusion
00:03:10.190000,00:03:10.200000,left hand side that's it if I write like,left hand side thats write like,6,Conclusion
00:03:10.200000,00:03:12.949000,left hand side that's it if I write like minus equal to It Means A minus equal to,left hand side thats write like minus equal means minus equal,6,Conclusion
00:03:12.949000,00:03:12.959000,minus equal to It Means A minus equal to,minus equal means minus equal,2,Context Setting
00:03:12.959000,00:03:15.410000,minus equal to It Means A minus equal to 1 it means a is equal to a minus 1,minus equal means minus equal 1 means equal minus 1,2,Context Setting
00:03:15.410000,00:03:15.420000,1 it means a is equal to a minus 1,1 means equal minus 1,2,Context Setting
00:03:15.420000,00:03:18.170000,1 it means a is equal to a minus 1 that's it you can write something like,1 means equal minus 1 thats write something like,6,Conclusion
00:03:18.170000,00:03:18.180000,that's it you can write something like,thats write something like,6,Conclusion
00:03:18.180000,00:03:21.530000,that's it you can write something like this or this fine it means what just,thats write something like fine means,6,Conclusion
00:03:21.530000,00:03:21.540000,this or this fine it means what just,fine means,2,Context Setting
00:03:21.540000,00:03:24.589000,this or this fine it means what just subtract this right hand side from left,fine means subtract right hand side left,2,Context Setting
00:03:24.589000,00:03:24.599000,subtract this right hand side from left,subtract right hand side left,2,Context Setting
00:03:24.599000,00:03:26.809000,subtract this right hand side from left hand side and assign the value to left,subtract right hand side left hand side assign value left,2,Context Setting
00:03:26.809000,00:03:26.819000,hand side and assign the value to left,hand side assign value left,2,Context Setting
00:03:26.819000,00:03:28.369000,hand side and assign the value to left hand side that's it,hand side assign value left hand side thats,2,Context Setting
00:03:28.369000,00:03:28.379000,hand side that's it,hand side thats,2,Context Setting
00:03:28.379000,00:03:30.830000,hand side that's it I think you are clear with this so,hand side thats think clear,2,Context Setting
00:03:30.830000,00:03:30.840000,I think you are clear with this so,think clear,2,Context Setting
00:03:30.840000,00:03:32.750000,I think you are clear with this so you can use this operator something like,think clear use operator something like,5,Practical Application
00:03:32.750000,00:03:32.760000,you can use this operator something like,use operator something like,5,Practical Application
00:03:32.760000,00:03:34.369000,you can use this operator something like this with multiplication with the,use operator something like multiplication,5,Practical Application
00:03:34.369000,00:03:34.379000,this with multiplication with the,multiplication,2,Context Setting
00:03:34.379000,00:03:37.850000,this with multiplication with the division with modulo also with left,multiplication division modulo also left,2,Context Setting
00:03:37.850000,00:03:37.860000,division with modulo also with left,division modulo also left,2,Context Setting
00:03:37.860000,00:03:40.430000,division with modulo also with left shift operator right shift operator,division modulo also left shift operator right shift operator,5,Practical Application
00:03:40.430000,00:03:40.440000,shift operator right shift operator,shift operator right shift operator,5,Practical Application
00:03:40.440000,00:03:44.449000,shift operator right shift operator and same like if I write a left shift,shift operator right shift operator like write left shift,5,Practical Application
00:03:44.449000,00:03:44.459000,and same like if I write a left shift,like write left shift,6,Conclusion
00:03:44.459000,00:03:48.110000,and same like if I write a left shift equal to 1 it means what a equal to a,like write left shift equal 1 means equal,6,Conclusion
00:03:48.110000,00:03:48.120000,equal to 1 it means what a equal to a,equal 1 means equal,2,Context Setting
00:03:48.120000,00:03:49.970000,equal to 1 it means what a equal to a left shift one,equal 1 means equal left shift one,2,Context Setting
00:03:49.970000,00:03:49.980000,left shift one,left shift one,2,Context Setting
00:03:49.980000,00:03:53.690000,left shift one means just left shift this a by one bit,left shift one means left shift one bit,2,Context Setting
00:03:53.690000,00:03:53.700000,means just left shift this a by one bit,means left shift one bit,2,Context Setting
00:03:53.700000,00:03:56.630000,means just left shift this a by one bit and assign the value to left hand side a,means left shift one bit assign value left hand side,2,Context Setting
00:03:56.630000,00:03:56.640000,and assign the value to left hand side a,assign value left hand side,2,Context Setting
00:03:56.640000,00:03:58.789000,and assign the value to left hand side a so you can use this assignment operator,assign value left hand side use assignment operator,5,Practical Application
00:03:58.789000,00:03:58.799000,so you can use this assignment operator,use assignment operator,5,Practical Application
00:03:58.799000,00:04:02.330000,so you can use this assignment operator with these operators as well right I,use assignment operator operators well right,5,Practical Application
00:04:02.330000,00:04:02.340000,with these operators as well right I,operators well right,2,Context Setting
00:04:02.340000,00:04:03.710000,with these operators as well right I hope you got this and no need to explain,operators well right hope got need explain,2,Context Setting
00:04:03.710000,00:04:03.720000,hope you got this and no need to explain,hope got need explain,2,Context Setting
00:04:03.720000,00:04:05.509000,hope you got this and no need to explain all these operators,hope got need explain operators,2,Context Setting
00:04:05.509000,00:04:05.519000,all these operators,operators,2,Context Setting
00:04:05.519000,00:04:08.089000,all these operators right now let let's discuss some,operators right let lets discuss,2,Context Setting
00:04:08.089000,00:04:08.099000,right now let let's discuss some,right let lets discuss,2,Context Setting
00:04:08.099000,00:04:09.770000,right now let let's discuss some miscellaneous operators we have first of,right let lets discuss miscellaneous operators first,2,Context Setting
00:04:09.770000,00:04:09.780000,miscellaneous operators we have first of,miscellaneous operators first,2,Context Setting
00:04:09.780000,00:04:11.330000,miscellaneous operators we have first of all we will discuss conditional operator,miscellaneous operators first discuss conditional operator,5,Practical Application
00:04:11.330000,00:04:11.340000,all we will discuss conditional operator,discuss conditional operator,5,Practical Application
00:04:11.340000,00:04:14.030000,all we will discuss conditional operator okay now conditional operator comes,discuss conditional operator okay conditional operator comes,5,Practical Application
00:04:14.030000,00:04:14.040000,okay now conditional operator comes,okay conditional operator comes,5,Practical Application
00:04:14.040000,00:04:15.649000,okay now conditional operator comes under which category ternary operator,okay conditional operator comes category ternary operator,5,Practical Application
00:04:15.649000,00:04:15.659000,under which category ternary operator,category ternary operator,5,Practical Application
00:04:15.659000,00:04:16.670000,under which category ternary operator means,category ternary operator means,5,Practical Application
00:04:16.670000,00:04:16.680000,means,means,2,Context Setting
00:04:16.680000,00:04:20.330000,means it used three operands right so this,means used three operands right,2,Context Setting
00:04:20.330000,00:04:20.340000,it used three operands right so this,used three operands right,2,Context Setting
00:04:20.340000,00:04:22.730000,it used three operands right so this operator is this question mark and,used three operands right operator question mark,5,Practical Application
00:04:22.730000,00:04:22.740000,operator is this question mark and,operator question mark,5,Practical Application
00:04:22.740000,00:04:24.770000,operator is this question mark and column how to write this operator first,operator question mark column write operator first,5,Practical Application
00:04:24.770000,00:04:24.780000,column how to write this operator first,column write operator first,6,Conclusion
00:04:24.780000,00:04:26.510000,column how to write this operator first of all we write some condition then,column write operator first write condition,6,Conclusion
00:04:26.510000,00:04:26.520000,of all we write some condition then,write condition,6,Conclusion
00:04:26.520000,00:04:29.030000,of all we write some condition then question mark then expression one then,write condition question mark expression one,6,Conclusion
00:04:29.030000,00:04:29.040000,question mark then expression one then,question mark expression one,2,Context Setting
00:04:29.040000,00:04:30.950000,question mark then expression one then colon then expression two so three,question mark expression one colon expression two three,2,Context Setting
00:04:30.950000,00:04:30.960000,colon then expression two so three,colon expression two three,2,Context Setting
00:04:30.960000,00:04:33.050000,colon then expression two so three operands are there for this operator,colon expression two three operands operator,5,Practical Application
00:04:33.050000,00:04:33.060000,operands are there for this operator,operands operator,5,Practical Application
00:04:33.060000,00:04:34.790000,operands are there for this operator that is why it is known as ternary,operands operator known ternary,5,Practical Application
00:04:34.790000,00:04:34.800000,that is why it is known as ternary,known ternary,2,Context Setting
00:04:34.800000,00:04:37.129000,that is why it is known as ternary operator now you can write down this,known ternary operator write,5,Practical Application
00:04:37.129000,00:04:37.139000,operator now you can write down this,operator write,6,Conclusion
00:04:37.139000,00:04:38.749000,operator now you can write down this thing see,operator write thing see,4,Recap
00:04:38.749000,00:04:38.759000,thing see,thing see,4,Recap
00:04:38.759000,00:04:42.650000,thing see if there are two uh variable we have an,thing see two uh variable,4,Recap
00:04:42.650000,00:04:42.660000,if there are two uh variable we have an,two uh variable,4,Recap
00:04:42.660000,00:04:44.930000,if there are two uh variable we have an end is equal to Three B is equal to 2,two uh variable end equal three b equal 2,4,Recap
00:04:44.930000,00:04:44.940000,end is equal to Three B is equal to 2,end equal three b equal 2,2,Context Setting
00:04:44.940000,00:04:47.030000,end is equal to Three B is equal to 2 and I want to check out the maximum of,end equal three b equal 2 want check maximum,4,Recap
00:04:47.030000,00:04:47.040000,and I want to check out the maximum of,want check maximum,4,Recap
00:04:47.040000,00:04:49.010000,and I want to check out the maximum of these two so what you will write if a,want check maximum two write,4,Recap
00:04:49.010000,00:04:49.020000,these two so what you will write if a,two write,6,Conclusion
00:04:49.020000,00:04:51.230000,these two so what you will write if a greater than b a is maximum else B is,two write greater b maximum else b,4,Recap
00:04:51.230000,00:04:51.240000,greater than b a is maximum else B is,greater b maximum else b,4,Recap
00:04:51.240000,00:04:53.749000,greater than b a is maximum else B is maximum simple if else but rather than,greater b maximum else b maximum simple else rather,4,Recap
00:04:53.749000,00:04:53.759000,maximum simple if else but rather than,maximum simple else rather,4,Recap
00:04:53.759000,00:04:55.570000,maximum simple if else but rather than if else you can do this thing with,maximum simple else rather else thing,4,Recap
00:04:55.570000,00:04:55.580000,if else you can do this thing with,else thing,2,Context Setting
00:04:55.580000,00:04:58.850000,if else you can do this thing with conditional operator as well how just,else thing conditional operator well,5,Practical Application
00:04:58.850000,00:04:58.860000,conditional operator as well how just,conditional operator well,5,Practical Application
00:04:58.860000,00:05:00.890000,conditional operator as well how just write down the condition here like a,conditional operator well write condition like,6,Conclusion
00:05:00.890000,00:05:00.900000,write down the condition here like a,write condition like,6,Conclusion
00:05:00.900000,00:05:03.650000,write down the condition here like a greater than b,write condition like greater b,6,Conclusion
00:05:03.650000,00:05:03.660000,greater than b,greater b,2,Context Setting
00:05:03.660000,00:05:05.810000,greater than b then question mark,greater b question mark,2,Context Setting
00:05:05.810000,00:05:05.820000,then question mark,question mark,2,Context Setting
00:05:05.820000,00:05:08.029000,then question mark if a is greater than b,question mark greater b,2,Context Setting
00:05:08.029000,00:05:08.039000,if a is greater than b,greater b,2,Context Setting
00:05:08.039000,00:05:09.290000,if a is greater than b then,greater b,2,Context Setting
00:05:09.290000,00:05:09.300000,then,,2,Context Setting
00:05:09.300000,00:05:12.290000,then if I write a here then colon then B,write colon b,6,Conclusion
00:05:12.290000,00:05:12.300000,if I write a here then colon then B,write colon b,6,Conclusion
00:05:12.300000,00:05:14.870000,if I write a here then colon then B means if this condition is true then,write colon b means condition true,0,Introduction
00:05:14.870000,00:05:14.880000,means if this condition is true then,means condition true,0,Introduction
00:05:14.880000,00:05:17.090000,means if this condition is true then Express expression 1 would be evaluated,means condition true express expression 1 would evaluated,0,Introduction
00:05:17.090000,00:05:17.100000,Express expression 1 would be evaluated,express expression 1 would evaluated,0,Introduction
00:05:17.100000,00:05:19.070000,Express expression 1 would be evaluated if the condition is false then,express expression 1 would evaluated condition false,0,Introduction
00:05:19.070000,00:05:19.080000,if the condition is false then,condition false,0,Introduction
00:05:19.080000,00:05:20.990000,if the condition is false then Expression 2 would be evaluated that,condition false expression 2 would evaluated,0,Introduction
00:05:20.990000,00:05:21,Expression 2 would be evaluated that,expression 2 would evaluated,0,Introduction
00:05:21,00:05:22.850000,Expression 2 would be evaluated that means output would be this if condition,expression 2 would evaluated means output would condition,0,Introduction
00:05:22.850000,00:05:22.860000,means output would be this if condition,means output would condition,0,Introduction
00:05:22.860000,00:05:24.469000,means output would be this if condition is true then I'll proclude with this if,means output would condition true ill proclude,0,Introduction
00:05:24.469000,00:05:24.479000,is true then I'll proclude with this if,true ill proclude,2,Context Setting
00:05:24.479000,00:05:26.390000,is true then I'll proclude with this if condition is false output would be this,true ill proclude condition false output would,0,Introduction
00:05:26.390000,00:05:26.400000,condition is false output would be this,condition false output would,0,Introduction
00:05:26.400000,00:05:28.670000,condition is false output would be this so if a greater than b,condition false output would greater b,0,Introduction
00:05:28.670000,00:05:28.680000,so if a greater than b,greater b,2,Context Setting
00:05:28.680000,00:05:31.189000,so if a greater than b if yes it would print a if this,greater b yes would print,2,Context Setting
00:05:31.189000,00:05:31.199000,if yes it would print a if this,yes would print,2,Context Setting
00:05:31.199000,00:05:33.890000,if yes it would print a if this condition is false it would print B,yes would print condition false would print b,0,Introduction
00:05:33.890000,00:05:33.900000,condition is false it would print B,condition false would print b,0,Introduction
00:05:33.900000,00:05:36.469000,condition is false it would print B so rather than writing if else simple in,condition false would print b rather writing else simple,0,Introduction
00:05:36.469000,00:05:36.479000,so rather than writing if else simple in,rather writing else simple,2,Context Setting
00:05:36.479000,00:05:38.150000,so rather than writing if else simple in one statement you can write down this,rather writing else simple one statement write,6,Conclusion
00:05:38.150000,00:05:38.160000,one statement you can write down this,one statement write,6,Conclusion
00:05:38.160000,00:05:40.629000,one statement you can write down this thing,one statement write thing,6,Conclusion
00:05:42.770000,00:05:42.780000,here you can write down some expression,write expression,6,Conclusion
00:05:42.780000,00:05:45.230000,here you can write down some expression as well right something like this if a,write expression well right something like,6,Conclusion
00:05:45.230000,00:05:45.240000,as well right something like this if a,well right something like,2,Context Setting
00:05:45.240000,00:05:48.830000,as well right something like this if a greater than B I want to print a plus 2.,well right something like greater b want print plus 2,1,Step-by-Step Instruction
00:05:48.830000,00:05:48.840000,greater than B I want to print a plus 2.,greater b want print plus 2,1,Step-by-Step Instruction
00:05:48.840000,00:05:51.650000,greater than B I want to print a plus 2. otherwise B minus 2 something like this,greater b want print plus 2 otherwise b minus 2 something like,1,Step-by-Step Instruction
00:05:51.650000,00:05:51.660000,otherwise B minus 2 something like this,otherwise b minus 2 something like,2,Context Setting
00:05:51.660000,00:05:53.210000,otherwise B minus 2 something like this it's not like that you have to write,otherwise b minus 2 something like like write,6,Conclusion
00:05:53.210000,00:05:53.220000,it's not like that you have to write,like write,6,Conclusion
00:05:53.220000,00:05:55.610000,it's not like that you have to write down operand only no here also you can,like write operand also,6,Conclusion
00:05:55.610000,00:05:55.620000,down operand only no here also you can,operand also,2,Context Setting
00:05:55.620000,00:05:58.550000,down operand only no here also you can write down some expression having some,operand also write expression,6,Conclusion
00:05:58.550000,00:05:58.560000,write down some expression having some,write expression,6,Conclusion
00:05:58.560000,00:06:01.430000,write down some expression having some arithmetic operators maybe plus minus or,write expression arithmetic operators maybe plus minus,1,Step-by-Step Instruction
00:06:01.430000,00:06:01.440000,arithmetic operators maybe plus minus or,arithmetic operators maybe plus minus,1,Step-by-Step Instruction
00:06:01.440000,00:06:04.129000,arithmetic operators maybe plus minus or complex expression also but the working,arithmetic operators maybe plus minus complex expression also working,1,Step-by-Step Instruction
00:06:04.129000,00:06:04.139000,complex expression also but the working,complex expression also working,2,Context Setting
00:06:04.139000,00:06:08.150000,complex expression also but the working is condition expression expression if,complex expression also working condition expression expression,0,Introduction
00:06:08.150000,00:06:08.160000,is condition expression expression if,condition expression expression,0,Introduction
00:06:08.160000,00:06:10.010000,is condition expression expression if condition is true first expression would,condition expression expression condition true first expression would,0,Introduction
00:06:10.010000,00:06:10.020000,condition is true first expression would,condition true first expression would,0,Introduction
00:06:10.020000,00:06:11.689000,condition is true first expression would be evaluated means output would be this,condition true first expression would evaluated means output would,0,Introduction
00:06:11.689000,00:06:11.699000,be evaluated means output would be this,evaluated means output would,0,Introduction
00:06:11.699000,00:06:14.090000,be evaluated means output would be this one if condition is false this would be,evaluated means output would one condition false would,0,Introduction
00:06:14.090000,00:06:14.100000,one if condition is false this would be,one condition false would,0,Introduction
00:06:14.100000,00:06:16.490000,one if condition is false this would be the output that's it so it would be you,one condition false would output thats would,0,Introduction
00:06:16.490000,00:06:16.500000,the output that's it so it would be you,output thats would,0,Introduction
00:06:16.500000,00:06:18.350000,the output that's it so it would be you can say it's a substitute of if else,output thats would say substitute else,2,Context Setting
00:06:18.350000,00:06:18.360000,can say it's a substitute of if else,say substitute else,2,Context Setting
00:06:18.360000,00:06:19.490000,can say it's a substitute of if else block,say substitute else block,2,Context Setting
00:06:19.490000,00:06:19.500000,block,block,2,Context Setting
00:06:19.500000,00:06:22.670000,block like why Tannery because three operands,block like tannery three operands,2,Context Setting
00:06:22.670000,00:06:22.680000,like why Tannery because three operands,like tannery three operands,2,Context Setting
00:06:22.680000,00:06:23.990000,like why Tannery because three operands are there so this is what conditional,like tannery three operands conditional,2,Context Setting
00:06:23.990000,00:06:24,are there so this is what conditional,conditional,5,Practical Application
00:06:24,00:06:26.510000,are there so this is what conditional operator right now next we have,conditional operator right next,5,Practical Application
00:06:26.510000,00:06:26.520000,operator right now next we have,operator right next,5,Practical Application
00:06:26.520000,00:06:28.909000,operator right now next we have size of operator so I think you know,operator right next size operator think know,5,Practical Application
00:06:28.909000,00:06:28.919000,size of operator so I think you know,size operator think know,5,Practical Application
00:06:28.919000,00:06:31.249000,size of operator so I think you know this meaning of the size of Operator,size operator think know meaning size operator,5,Practical Application
00:06:31.249000,00:06:31.259000,this meaning of the size of Operator,meaning size operator,5,Practical Application
00:06:31.259000,00:06:32.330000,this meaning of the size of Operator just,meaning size operator,5,Practical Application
00:06:32.330000,00:06:32.340000,just,,2,Context Setting
00:06:32.340000,00:06:34.969000,just used to uh you know calculate or the,used uh know calculate,2,Context Setting
00:06:34.969000,00:06:34.979000,used to uh you know calculate or the,used uh know calculate,2,Context Setting
00:06:34.979000,00:06:37.430000,used to uh you know calculate or the find out the size of a data type or a,used uh know calculate find size data type,3,Transitions
00:06:37.430000,00:06:37.440000,find out the size of a data type or a,find size data type,3,Transitions
00:06:37.440000,00:06:39.050000,find out the size of a data type or a variable you can say suppose I want to,find size data type variable say suppose want,3,Transitions
00:06:39.050000,00:06:39.060000,variable you can say suppose I want to,variable say suppose want,4,Recap
00:06:39.060000,00:06:41.570000,variable you can say suppose I want to find out size of this a so in C out,variable say suppose want find size c,3,Transitions
00:06:41.570000,00:06:41.580000,find out size of this a so in C out,find size c,3,Transitions
00:06:41.580000,00:06:43.430000,find out size of this a so in C out Simply you can write down,find size c simply write,6,Conclusion
00:06:43.430000,00:06:43.440000,Simply you can write down,simply write,6,Conclusion
00:06:43.440000,00:06:46.249000,Simply you can write down size or in bracket you can write down a,simply write size bracket write,6,Conclusion
00:06:46.249000,00:06:46.259000,size or in bracket you can write down a,size bracket write,6,Conclusion
00:06:46.259000,00:06:49.490000,size or in bracket you can write down a it will give a is of integer 4 byte or,size bracket write give integer 4 byte,6,Conclusion
00:06:49.490000,00:06:49.500000,it will give a is of integer 4 byte or,give integer 4 byte,2,Context Setting
00:06:49.500000,00:06:51.770000,it will give a is of integer 4 byte or rather than a simply data type also you,give integer 4 byte rather simply data type also,3,Transitions
00:06:51.770000,00:06:51.780000,rather than a simply data type also you,rather simply data type also,3,Transitions
00:06:51.780000,00:06:53.870000,rather than a simply data type also you can write down int,rather simply data type also write int,3,Transitions
00:06:53.870000,00:06:53.880000,can write down int,write int,6,Conclusion
00:06:53.880000,00:06:56.749000,can write down int that's it right so this is size of,write int thats right size,6,Conclusion
00:06:56.749000,00:06:56.759000,that's it right so this is size of,thats right size,2,Context Setting
00:06:56.759000,00:07:00.890000,that's it right so this is size of operator now next is uh we can say this,thats right size operator next uh say,5,Practical Application
00:07:00.890000,00:07:00.900000,operator now next is uh we can say this,operator next uh say,5,Practical Application
00:07:00.900000,00:07:03.469000,operator now next is uh we can say this address of operator what it will give,operator next uh say address operator give,5,Practical Application
00:07:03.469000,00:07:03.479000,address of operator what it will give,address operator give,5,Practical Application
00:07:03.479000,00:07:05.749000,address of operator what it will give address of a variable suppose I'm,address operator give address variable suppose im,4,Recap
00:07:05.749000,00:07:05.759000,address of a variable suppose I'm,address variable suppose im,4,Recap
00:07:05.759000,00:07:08.270000,address of a variable suppose I'm writing like in pointer we use these,address variable suppose im writing like pointer use,4,Recap
00:07:08.270000,00:07:08.280000,writing like in pointer we use these,writing like pointer use,2,Context Setting
00:07:08.280000,00:07:11.570000,writing like in pointer we use these kind of operator in PTR this we have a,writing like pointer use kind operator ptr,5,Practical Application
00:07:11.570000,00:07:11.580000,kind of operator in PTR this we have a,kind operator ptr,5,Practical Application
00:07:11.580000,00:07:13.309000,kind of operator in PTR this we have a variable in a,kind operator ptr variable,5,Practical Application
00:07:13.309000,00:07:13.319000,variable in a,variable,4,Recap
00:07:13.319000,00:07:15.409000,variable in a and you assign PTR is equal to address,variable assign ptr equal address,4,Recap
00:07:15.409000,00:07:15.419000,and you assign PTR is equal to address,assign ptr equal address,2,Context Setting
00:07:15.419000,00:07:17.150000,and you assign PTR is equal to address of a,assign ptr equal address,2,Context Setting
00:07:17.150000,00:07:17.160000,of a,,2,Context Setting
00:07:17.160000,00:07:18.710000,of a see this pointer concept we have,see pointer concept,4,Recap
00:07:18.710000,00:07:18.720000,see this pointer concept we have,see pointer concept,4,Recap
00:07:18.720000,00:07:20.450000,see this pointer concept we have discussed in C language,see pointer concept discussed c language,4,Recap
00:07:20.450000,00:07:20.460000,discussed in C language,discussed c language,2,Context Setting
00:07:20.460000,00:07:23.330000,discussed in C language if you want to find out the meaning of,discussed c language want find meaning,3,Transitions
00:07:23.330000,00:07:23.340000,if you want to find out the meaning of,want find meaning,3,Transitions
00:07:23.340000,00:07:24.890000,if you want to find out the meaning of this string and all what is pointed you,want find meaning string pointed,3,Transitions
00:07:24.890000,00:07:24.900000,this string and all what is pointed you,string pointed,2,Context Setting
00:07:24.900000,00:07:26.570000,this string and all what is pointed you can check out that video the link of,string pointed check video link,2,Context Setting
00:07:26.570000,00:07:26.580000,can check out that video the link of,check video link,2,Context Setting
00:07:26.580000,00:07:27.830000,can check out that video the link of that video I'll put in the side button,check video link video ill put side button,2,Context Setting
00:07:27.830000,00:07:27.840000,that video I'll put in the side button,video ill put side button,2,Context Setting
00:07:27.840000,00:07:30.890000,that video I'll put in the side button if not it's okay just I just want to,video ill put side button okay want,2,Context Setting
00:07:30.890000,00:07:30.900000,if not it's okay just I just want to,okay want,3,Transitions
00:07:30.900000,00:07:33.529000,if not it's okay just I just want to tell you address office address so this,okay want tell address office address,2,Context Setting
00:07:33.529000,00:07:33.539000,tell you address office address so this,tell address office address,2,Context Setting
00:07:33.539000,00:07:35.629000,tell you address office address so this operator will give address of a variable,tell address office address operator give address variable,4,Recap
00:07:35.629000,00:07:35.639000,operator will give address of a variable,operator give address variable,4,Recap
00:07:35.639000,00:07:38.270000,operator will give address of a variable right like address of a it will give,operator give address variable right like address give,4,Recap
00:07:38.270000,00:07:38.280000,right like address of a it will give,right like address give,2,Context Setting
00:07:38.280000,00:07:40.129000,right like address of a it will give address of a and that address of a would,right like address give address address would,2,Context Setting
00:07:40.129000,00:07:40.139000,address of a and that address of a would,address address would,2,Context Setting
00:07:40.139000,00:07:42.950000,address of a and that address of a would be assigned to this PTR pointer we'll be,address address would assigned ptr pointer well,2,Context Setting
00:07:42.950000,00:07:42.960000,be assigned to this PTR pointer we'll be,assigned ptr pointer well,2,Context Setting
00:07:42.960000,00:07:45.710000,be assigned to this PTR pointer we'll be discussing pointers in this course also,assigned ptr pointer well discussing pointers course also,2,Context Setting
00:07:45.710000,00:07:45.720000,discussing pointers in this course also,discussing pointers course also,2,Context Setting
00:07:45.720000,00:07:47.809000,discussing pointers in this course also in detail right,discussing pointers course also detail right,2,Context Setting
00:07:47.809000,00:07:47.819000,in detail right,detail right,2,Context Setting
00:07:47.819000,00:07:50.869000,in detail right next is this this is what this operator,detail right next operator,5,Practical Application
00:07:50.869000,00:07:50.879000,next is this this is what this operator,next operator,5,Practical Application
00:07:50.879000,00:07:54.409000,next is this this is what this operator pointer to a variable operator right or,next operator pointer variable operator right,5,Practical Application
00:07:54.409000,00:07:54.419000,pointer to a variable operator right or,pointer variable operator right,4,Recap
00:07:54.419000,00:07:55.909000,pointer to a variable operator right or when you want to dereference the value,pointer variable operator right want dereference value,4,Recap
00:07:55.909000,00:07:55.919000,when you want to dereference the value,want dereference value,3,Transitions
00:07:55.919000,00:07:57.589000,when you want to dereference the value of the sale we generally use this,want dereference value sale generally use,2,Context Setting
00:07:57.589000,00:07:57.599000,of the sale we generally use this,sale generally use,2,Context Setting
00:07:57.599000,00:07:59.869000,of the sale we generally use this operator right or simply it's a pointer,sale generally use operator right simply pointer,5,Practical Application
00:07:59.869000,00:07:59.879000,operator right or simply it's a pointer,operator right simply pointer,5,Practical Application
00:07:59.879000,00:08:01.670000,operator right or simply it's a pointer to a variable right,operator right simply pointer variable right,4,Recap
00:08:01.670000,00:08:01.680000,to a variable right,variable right,4,Recap
00:08:01.680000,00:08:03.529000,to a variable right we will be discussing in you know these,variable right discussing know,4,Recap
00:08:03.529000,00:08:03.539000,we will be discussing in you know these,discussing know,2,Context Setting
00:08:03.539000,00:08:05.150000,we will be discussing in you know these operators in detail the meaning of these,discussing know operators detail meaning,2,Context Setting
00:08:05.150000,00:08:05.160000,operators in detail the meaning of these,operators detail meaning,2,Context Setting
00:08:05.160000,00:08:06.770000,operators in detail the meaning of these operators in detail when we will discuss,operators detail meaning operators detail discuss,2,Context Setting
00:08:06.770000,00:08:06.780000,operators in detail when we will discuss,operators detail discuss,2,Context Setting
00:08:06.780000,00:08:09.110000,operators in detail when we will discuss those,operators detail discuss,2,Context Setting
00:08:09.110000,00:08:09.120000,those,,2,Context Setting
00:08:09.120000,00:08:13.610000,those pointers right now one is cast operator,pointers right one cast operator,5,Practical Application
00:08:13.610000,00:08:13.620000,pointers right now one is cast operator,pointers right one cast operator,5,Practical Application
00:08:13.620000,00:08:14.990000,pointers right now one is cast operator also we have,pointers right one cast operator also,5,Practical Application
00:08:14.990000,00:08:15,also we have,also,2,Context Setting
00:08:15,00:08:16.909000,also we have cast,also cast,2,Context Setting
00:08:16.909000,00:08:16.919000,cast,cast,2,Context Setting
00:08:16.919000,00:08:19.070000,cast Casting means,cast casting means,2,Context Setting
00:08:19.070000,00:08:19.080000,Casting means,casting means,2,Context Setting
00:08:19.080000,00:08:21.650000,Casting means convert forcefully convert one data type,casting means convert forcefully convert one data type,3,Transitions
00:08:21.650000,00:08:21.660000,convert forcefully convert one data type,convert forcefully convert one data type,3,Transitions
00:08:21.660000,00:08:24.110000,convert forcefully convert one data type to another data type let us take one,convert forcefully convert one data type another data type let us take one,3,Transitions
00:08:24.110000,00:08:24.120000,to another data type let us take one,another data type let us take one,3,Transitions
00:08:24.120000,00:08:27.469000,to another data type let us take one example see and it is Unity operator,another data type let us take one example see unity operator,3,Transitions
00:08:27.469000,00:08:27.479000,example see and it is Unity operator,example see unity operator,4,Recap
00:08:27.479000,00:08:29.570000,example see and it is Unity operator means it will take only one operand,example see unity operator means take one operand,4,Recap
00:08:29.570000,00:08:29.580000,means it will take only one operand,means take one operand,2,Context Setting
00:08:29.580000,00:08:32.870000,means it will take only one operand right now suppose I am writing here,means take one operand right suppose writing,2,Context Setting
00:08:32.870000,00:08:32.880000,right now suppose I am writing here,right suppose writing,2,Context Setting
00:08:32.880000,00:08:36.110000,right now suppose I am writing here see I am taking a variable float a a,right suppose writing see taking variable float,4,Recap
00:08:36.110000,00:08:36.120000,see I am taking a variable float a a,see taking variable float,4,Recap
00:08:36.120000,00:08:37.250000,see I am taking a variable float a a variable of,see taking variable float variable,4,Recap
00:08:37.250000,00:08:37.260000,variable of,variable,4,Recap
00:08:37.260000,00:08:39.949000,variable of a data type is float 6.18 the value I am,variable data type float 618 value,3,Transitions
00:08:39.949000,00:08:39.959000,a data type is float 6.18 the value I am,data type float 618 value,3,Transitions
00:08:39.959000,00:08:41.930000,a data type is float 6.18 the value I am taking 6.18 f,data type float 618 value taking 618 f,3,Transitions
00:08:41.930000,00:08:41.940000,taking 6.18 f,taking 618 f,2,Context Setting
00:08:41.940000,00:08:45.530000,taking 6.18 f right now I want to print if you simply,taking 618 f right want print simply,3,Transitions
00:08:45.530000,00:08:45.540000,right now I want to print if you simply,right want print simply,3,Transitions
00:08:45.540000,00:08:46.850000,right now I want to print if you simply print a,right want print simply print,3,Transitions
00:08:46.850000,00:08:46.860000,print a,print,2,Context Setting
00:08:46.860000,00:08:48.769000,print a okay it will print the floating point,print okay print floating point,2,Context Setting
00:08:48.769000,00:08:48.779000,okay it will print the floating point,okay print floating point,2,Context Setting
00:08:48.779000,00:08:52.009000,okay it will print the floating point value 6.18 right or maybe 0 0 after that,okay print floating point value 618 right maybe 0 0,2,Context Setting
00:08:52.009000,00:08:52.019000,value 6.18 right or maybe 0 0 after that,value 618 right maybe 0 0,2,Context Setting
00:08:52.019000,00:08:55.430000,value 6.18 right or maybe 0 0 after that see how it will print up to six digit,value 618 right maybe 0 0 see print six digit,4,Recap
00:08:55.430000,00:08:55.440000,see how it will print up to six digit,see print six digit,4,Recap
00:08:55.440000,00:08:57.590000,see how it will print up to six digit right now,see print six digit right,4,Recap
00:08:57.590000,00:08:57.600000,right now,right,2,Context Setting
00:08:57.600000,00:09:01.250000,right now next is I want to convert it into int,right next want convert int,3,Transitions
00:09:01.250000,00:09:01.260000,next is I want to convert it into int,next want convert int,3,Transitions
00:09:01.260000,00:09:04.370000,next is I want to convert it into int means I want to cast it into int cast,next want convert int means want cast int cast,3,Transitions
00:09:04.370000,00:09:04.380000,means I want to cast it into int cast,means want cast int cast,3,Transitions
00:09:04.380000,00:09:06.710000,means I want to cast it into int cast operatory is used to convert one data,means want cast int cast operatory used convert one data,3,Transitions
00:09:06.710000,00:09:06.720000,operatory is used to convert one data,operatory used convert one data,3,Transitions
00:09:06.720000,00:09:08.810000,operatory is used to convert one data type to another so what you need to do,operatory used convert one data type another need,3,Transitions
00:09:08.810000,00:09:08.820000,type to another so what you need to do,type another need,3,Transitions
00:09:08.820000,00:09:11.329000,type to another so what you need to do simply write down,type another need simply write,3,Transitions
00:09:11.329000,00:09:11.339000,simply write down,simply write,6,Conclusion
00:09:11.339000,00:09:12.410000,simply write down in,simply write,6,Conclusion
00:09:12.410000,00:09:12.420000,in,,2,Context Setting
00:09:12.420000,00:09:14.030000,in and,,2,Context Setting
00:09:14.030000,00:09:14.040000,and,,2,Context Setting
00:09:14.040000,00:09:16.850000,and a because this variable I want to,variable want,4,Recap
00:09:16.850000,00:09:16.860000,a because this variable I want to,variable want,4,Recap
00:09:16.860000,00:09:19.250000,a because this variable I want to convert from floor to end so just simply,variable want convert floor end simply,3,Transitions
00:09:19.250000,00:09:19.260000,convert from floor to end so just simply,convert floor end simply,3,Transitions
00:09:19.260000,00:09:22.670000,convert from floor to end so just simply put in here in braces brackets and a now,convert floor end simply put braces brackets,3,Transitions
00:09:22.670000,00:09:22.680000,put in here in braces brackets and a now,put braces brackets,2,Context Setting
00:09:22.680000,00:09:25.009000,put in here in braces brackets and a now it will print only six now a would be,put braces brackets print six would,2,Context Setting
00:09:25.009000,00:09:25.019000,it will print only six now a would be,print six would,2,Context Setting
00:09:25.019000,00:09:27.650000,it will print only six now a would be converted into int that is only 6 value,print six would converted int 6 value,2,Context Setting
00:09:27.650000,00:09:27.660000,converted into int that is only 6 value,converted int 6 value,2,Context Setting
00:09:27.660000,00:09:29.509000,converted into int that is only 6 value would be printed,converted int 6 value would printed,2,Context Setting
00:09:29.509000,00:09:29.519000,would be printed,would printed,2,Context Setting
00:09:29.519000,00:09:31.250000,would be printed so if you want to forcefully convert a,would printed want forcefully convert,3,Transitions
00:09:31.250000,00:09:31.260000,so if you want to forcefully convert a,want forcefully convert,3,Transitions
00:09:31.260000,00:09:33.170000,so if you want to forcefully convert a data type into another cast operator,want forcefully convert data type another cast operator,3,Transitions
00:09:33.170000,00:09:33.180000,data type into another cast operator,data type another cast operator,3,Transitions
00:09:33.180000,00:09:35.269000,data type into another cast operator would be used it is urinary operator two,data type another cast operator would used urinary operator two,3,Transitions
00:09:35.269000,00:09:35.279000,would be used it is urinary operator two,would used urinary operator two,5,Practical Application
00:09:35.279000,00:09:38.990000,would be used it is urinary operator two types of this this casting is done one,would used urinary operator two types casting done one,2,Context Setting
00:09:38.990000,00:09:39,types of this this casting is done one,types casting done one,2,Context Setting
00:09:39,00:09:40.610000,types of this this casting is done one is automatically by the compiler second,types casting done one automatically compiler second,2,Context Setting
00:09:40.610000,00:09:40.620000,is automatically by the compiler second,automatically compiler second,2,Context Setting
00:09:40.620000,00:09:43.310000,is automatically by the compiler second is manually right so in detail you will,automatically compiler second manually right detail,2,Context Setting
00:09:43.310000,00:09:43.320000,is manually right so in detail you will,manually right detail,2,Context Setting
00:09:43.320000,00:09:44.690000,is manually right so in detail you will be discussing cast operating in a,manually right detail discussing cast operating,2,Context Setting
00:09:44.690000,00:09:44.700000,be discussing cast operating in a,discussing cast operating,2,Context Setting
00:09:44.700000,00:09:47.150000,be discussing cast operating in a separate video for that you just have,discussing cast operating separate video,2,Context Setting
00:09:47.150000,00:09:47.160000,separate video for that you just have,separate video,2,Context Setting
00:09:47.160000,00:09:49.310000,separate video for that you just have but I just want to give you an overview,separate video want give overview,3,Transitions
00:09:49.310000,00:09:49.320000,but I just want to give you an overview,want give overview,3,Transitions
00:09:49.320000,00:09:51.170000,but I just want to give you an overview like what is this cast operator and how,want give overview like cast operator,3,Transitions
00:09:51.170000,00:09:51.180000,like what is this cast operator and how,like cast operator,5,Practical Application
00:09:51.180000,00:09:54.050000,like what is this cast operator and how to use this this is a simple syntax,like cast operator use simple syntax,5,Practical Application
00:09:54.050000,00:09:54.060000,to use this this is a simple syntax,use simple syntax,2,Context Setting
00:09:54.060000,00:09:55.790000,to use this this is a simple syntax in which data type you want to convert,use simple syntax data type want convert,3,Transitions
00:09:55.790000,00:09:55.800000,in which data type you want to convert,data type want convert,3,Transitions
00:09:55.800000,00:09:57.889000,in which data type you want to convert simply write down that and here the,data type want convert simply write,3,Transitions
00:09:57.889000,00:09:57.899000,simply write down that and here the,simply write,6,Conclusion
00:09:57.899000,00:09:59.630000,simply write down that and here the operand,simply write operand,6,Conclusion
00:09:59.630000,00:09:59.640000,operand,operand,2,Context Setting
00:09:59.640000,00:10:01.730000,operand that's it fine,operand thats fine,2,Context Setting
00:10:01.730000,00:10:01.740000,that's it fine,thats fine,2,Context Setting
00:10:01.740000,00:10:03.949000,that's it fine so the types of this type casting like,thats fine types type casting like,3,Transitions
00:10:03.949000,00:10:03.959000,so the types of this type casting like,types type casting like,3,Transitions
00:10:03.959000,00:10:05.569000,so the types of this type casting like implicit type casting explicit type,types type casting like implicit type casting explicit type,3,Transitions
00:10:05.569000,00:10:05.579000,implicit type casting explicit type,implicit type casting explicit type,3,Transitions
00:10:05.579000,00:10:07.130000,implicit type casting explicit type casting that we'll discuss in a separate,implicit type casting explicit type casting well discuss separate,3,Transitions
00:10:07.130000,00:10:07.140000,casting that we'll discuss in a separate,casting well discuss separate,2,Context Setting
00:10:07.140000,00:10:09.290000,casting that we'll discuss in a separate video with help of an example so these,casting well discuss separate video help example,2,Context Setting
00:10:09.290000,00:10:09.300000,video with help of an example so these,video help example,2,Context Setting
00:10:09.300000,00:10:10.490000,video with help of an example so these are some miscellaneous operator and,video help example miscellaneous operator,5,Practical Application
00:10:10.490000,00:10:10.500000,are some miscellaneous operator and,miscellaneous operator,5,Practical Application
00:10:10.500000,00:10:12.350000,are some miscellaneous operator and assignment operators so now let me just,miscellaneous operator assignment operators let,5,Practical Application
00:10:12.350000,00:10:12.360000,assignment operators so now let me just,assignment operators let,2,Context Setting
00:10:12.360000,00:10:14.329000,assignment operators so now let me just show you these operators with the help,assignment operators let show operators help,2,Context Setting
00:10:14.329000,00:10:14.339000,show you these operators with the help,show operators help,2,Context Setting
00:10:14.339000,00:10:16.910000,show you these operators with the help of a program okay so this is our same,show operators help program okay,2,Context Setting
00:10:16.910000,00:10:16.920000,of a program okay so this is our same,program okay,2,Context Setting
00:10:16.920000,00:10:19.670000,of a program okay so this is our same you know that C plus plus fine operators,program okay know c plus plus fine operators,1,Step-by-Step Instruction
00:10:19.670000,00:10:19.680000,you know that C plus plus fine operators,know c plus plus fine operators,1,Step-by-Step Instruction
00:10:19.680000,00:10:21.650000,you know that C plus plus fine operators dot CPP I think no need to discuss,know c plus plus fine operators dot cpp think need discuss,1,Step-by-Step Instruction
00:10:21.650000,00:10:21.660000,dot CPP I think no need to discuss,dot cpp think need discuss,2,Context Setting
00:10:21.660000,00:10:23.269000,dot CPP I think no need to discuss assignment operator because these are,dot cpp think need discuss assignment operator,5,Practical Application
00:10:23.269000,00:10:23.279000,assignment operator because these are,assignment operator,5,Practical Application
00:10:23.279000,00:10:26.090000,assignment operator because these are very simple those uh we have assigned,assignment operator simple uh assigned,5,Practical Application
00:10:26.090000,00:10:26.100000,very simple those uh we have assigned,simple uh assigned,2,Context Setting
00:10:26.100000,00:10:27.650000,very simple those uh we have assigned the left hand side right hand side value,simple uh assigned left hand side right hand side value,2,Context Setting
00:10:27.650000,00:10:27.660000,the left hand side right hand side value,left hand side right hand side value,2,Context Setting
00:10:27.660000,00:10:29.870000,the left hand side right hand side value to left hand side so we'll be discussing,left hand side right hand side value left hand side well discussing,2,Context Setting
00:10:29.870000,00:10:29.880000,to left hand side so we'll be discussing,left hand side well discussing,2,Context Setting
00:10:29.880000,00:10:32.269000,to left hand side so we'll be discussing some miscellaneous operator see first is,left hand side well discussing miscellaneous operator see first,2,Context Setting
00:10:32.269000,00:10:32.279000,some miscellaneous operator see first is,miscellaneous operator see first,4,Recap
00:10:32.279000,00:10:34.850000,some miscellaneous operator see first is the cast operator let's discuss here,miscellaneous operator see first cast operator lets discuss,5,Practical Application
00:10:34.850000,00:10:34.860000,the cast operator let's discuss here,cast operator lets discuss,5,Practical Application
00:10:34.860000,00:10:38.030000,the cast operator let's discuss here this is the one cost operator simply,cast operator lets discuss one cost operator simply,5,Practical Application
00:10:38.030000,00:10:38.040000,this is the one cost operator simply,one cost operator simply,5,Practical Application
00:10:38.040000,00:10:40.250000,this is the one cost operator simply simple example I am taking we are taking,one cost operator simply simple example taking taking,2,Context Setting
00:10:40.250000,00:10:40.260000,simple example I am taking we are taking,simple example taking taking,2,Context Setting
00:10:40.260000,00:10:43.370000,simple example I am taking we are taking a value float X is equal to 6.78 and I'm,simple example taking taking value float x equal 678 im,2,Context Setting
00:10:43.370000,00:10:43.380000,a value float X is equal to 6.78 and I'm,value float x equal 678 im,2,Context Setting
00:10:43.380000,00:10:46.550000,a value float X is equal to 6.78 and I'm just converting casting it into int,value float x equal 678 im converting casting int,2,Context Setting
00:10:46.550000,00:10:46.560000,just converting casting it into int,converting casting int,2,Context Setting
00:10:46.560000,00:10:50.810000,just converting casting it into int and x and we are just printing now the x,converting casting int x printing x,2,Context Setting
00:10:50.810000,00:10:50.820000,and x and we are just printing now the x,x printing x,2,Context Setting
00:10:50.820000,00:10:53.509000,and x and we are just printing now the x value right after casting we are,x printing x value right casting,2,Context Setting
00:10:53.509000,00:10:53.519000,value right after casting we are,value right casting,2,Context Setting
00:10:53.519000,00:10:55.670000,value right after casting we are Printing and in the next line I am,value right casting printing next line,2,Context Setting
00:10:55.670000,00:10:55.680000,Printing and in the next line I am,printing next line,2,Context Setting
00:10:55.680000,00:10:58.790000,Printing and in the next line I am simply printing X without casting,printing next line simply printing x without casting,2,Context Setting
00:10:58.790000,00:10:58.800000,simply printing X without casting,simply printing x without casting,2,Context Setting
00:10:58.800000,00:11:00.889000,simply printing X without casting so two output you will get here right,simply printing x without casting two output get right,2,Context Setting
00:11:00.889000,00:11:00.899000,so two output you will get here right,two output get right,2,Context Setting
00:11:00.899000,00:11:03.170000,so two output you will get here right now let's run this and show you what,two output get right lets run show,2,Context Setting
00:11:03.170000,00:11:03.180000,now let's run this and show you what,lets run show,2,Context Setting
00:11:03.180000,00:11:07.850000,now let's run this and show you what output you will get see,lets run show output get see,4,Recap
00:11:11.569000,00:11:11.579000,see the first output is 6 because we,see first output 6,4,Recap
00:11:11.579000,00:11:13.850000,see the first output is 6 because we have casted it into int and the next,see first output 6 casted int next,4,Recap
00:11:13.850000,00:11:13.860000,have casted it into int and the next,casted int next,2,Context Setting
00:11:13.860000,00:11:16.550000,have casted it into int and the next next one is 6.78 that is float we are,casted int next next one 678 float,2,Context Setting
00:11:16.550000,00:11:16.560000,next one is 6.78 that is float we are,next one 678 float,2,Context Setting
00:11:16.560000,00:11:18.170000,next one is 6.78 that is float we are simply printing X so that will give,next one 678 float simply printing x give,2,Context Setting
00:11:18.170000,00:11:18.180000,simply printing X so that will give,simply printing x give,2,Context Setting
00:11:18.180000,00:11:20.509000,simply printing X so that will give float right so this is how you can,simply printing x give float right,2,Context Setting
00:11:20.509000,00:11:20.519000,float right so this is how you can,float right,2,Context Setting
00:11:20.519000,00:11:22.310000,float right so this is how you can convert one layer type to another a type,float right convert one layer type another type,3,Transitions
00:11:22.310000,00:11:22.320000,convert one layer type to another a type,convert one layer type another type,3,Transitions
00:11:22.320000,00:11:25.130000,convert one layer type to another a type forcefully with the cast operator right,convert one layer type another type forcefully cast operator right,3,Transitions
00:11:25.130000,00:11:25.140000,forcefully with the cast operator right,forcefully cast operator right,5,Practical Application
00:11:25.140000,00:11:29.449000,forcefully with the cast operator right now next let's see you can try out these,forcefully cast operator right next lets see try,4,Recap
00:11:29.449000,00:11:29.459000,now next let's see you can try out these,next lets see try,4,Recap
00:11:29.459000,00:11:31.490000,now next let's see you can try out these operators and you can try out some,next lets see try operators try,4,Recap
00:11:31.490000,00:11:31.500000,operators and you can try out some,operators try,2,Context Setting
00:11:31.500000,00:11:34.069000,operators and you can try out some complex examples also and I just want to,operators try complex examples also want,2,Context Setting
00:11:34.069000,00:11:34.079000,complex examples also and I just want to,complex examples also want,2,Context Setting
00:11:34.079000,00:11:35.990000,complex examples also and I just want to tell you the basic you know how to use,complex examples also want tell basic know use,2,Context Setting
00:11:35.990000,00:11:36,tell you the basic you know how to use,tell basic know use,2,Context Setting
00:11:36,00:11:38.449000,tell you the basic you know how to use these operators right if you know the,tell basic know use operators right know,2,Context Setting
00:11:38.449000,00:11:38.459000,these operators right if you know the,operators right know,2,Context Setting
00:11:38.459000,00:11:40.009000,these operators right if you know the basics how to use the operator how to,operators right know basics use operator,5,Practical Application
00:11:40.009000,00:11:40.019000,basics how to use the operator how to,basics use operator,5,Practical Application
00:11:40.019000,00:11:43.250000,basics how to use the operator how to type casted the syntax I think in any,basics use operator type casted syntax think,5,Practical Application
00:11:43.250000,00:11:43.260000,type casted the syntax I think in any,type casted syntax think,3,Transitions
00:11:43.260000,00:11:45.889000,type casted the syntax I think in any expression or in complex way also you,type casted syntax think expression complex way also,2,Context Setting
00:11:45.889000,00:11:45.899000,expression or in complex way also you,expression complex way also,2,Context Setting
00:11:45.899000,00:11:47.269000,expression or in complex way also you can write down these operators you can,expression complex way also write operators,6,Conclusion
00:11:47.269000,00:11:47.279000,can write down these operators you can,write operators,6,Conclusion
00:11:47.279000,00:11:49.130000,can write down these operators you can use these operators now next is,write operators use operators next,6,Conclusion
00:11:49.130000,00:11:49.140000,use these operators now next is,use operators next,2,Context Setting
00:11:49.140000,00:11:51.470000,use these operators now next is conditional operator C,use operators next conditional operator c,5,Practical Application
00:11:51.470000,00:11:51.480000,conditional operator C,conditional operator c,5,Practical Application
00:11:51.480000,00:11:54.230000,conditional operator C we are having two variable A and B so,conditional operator c two variable b,5,Practical Application
00:11:54.230000,00:11:54.240000,we are having two variable A and B so,two variable b,4,Recap
00:11:54.240000,00:11:56.449000,we are having two variable A and B so I'm just want to print maximum see out,two variable b im want print maximum see,4,Recap
00:11:56.449000,00:11:56.459000,I'm just want to print maximum see out,im want print maximum see,4,Recap
00:11:56.459000,00:11:59.150000,I'm just want to print maximum see out maximum is see the conditional operator,im want print maximum see maximum see conditional operator,4,Recap
00:11:59.150000,00:11:59.160000,maximum is see the conditional operator,maximum see conditional operator,4,Recap
00:11:59.160000,00:12:01.610000,maximum is see the conditional operator I am writing first of all,maximum see conditional operator writing first,4,Recap
00:12:01.610000,00:12:01.620000,I am writing first of all,writing first,2,Context Setting
00:12:01.620000,00:12:04.670000,I am writing first of all I'll take simply,writing first ill take simply,2,Context Setting
00:12:04.670000,00:12:04.680000,I'll take simply,ill take simply,2,Context Setting
00:12:04.680000,00:12:09.949000,I'll take simply A and B C condition is a greater than b,ill take simply b c condition greater b,0,Introduction
00:12:09.949000,00:12:09.959000,A and B C condition is a greater than b,b c condition greater b,0,Introduction
00:12:09.959000,00:12:12.230000,A and B C condition is a greater than b right then this,b c condition greater b right,0,Introduction
00:12:12.230000,00:12:12.240000,right then this,right,2,Context Setting
00:12:12.240000,00:12:16.550000,right then this question mark then a then colon B right,right question mark colon b right,2,Context Setting
00:12:16.550000,00:12:16.560000,question mark then a then colon B right,question mark colon b right,2,Context Setting
00:12:16.560000,00:12:18.530000,question mark then a then colon B right so if this condition is true if a is,question mark colon b right condition true,0,Introduction
00:12:18.530000,00:12:18.540000,so if this condition is true if a is,condition true,0,Introduction
00:12:18.540000,00:12:20.569000,so if this condition is true if a is greater than b it will print value of a,condition true greater b print value,0,Introduction
00:12:20.569000,00:12:20.579000,greater than b it will print value of a,greater b print value,2,Context Setting
00:12:20.579000,00:12:24.290000,greater than b it will print value of a see the maximum is 3.,greater b print value see maximum 3,4,Recap
00:12:24.290000,00:12:24.300000,see the maximum is 3.,see maximum 3,4,Recap
00:12:24.300000,00:12:26.449000,see the maximum is 3. you can see,see maximum 3 see,4,Recap
00:12:26.449000,00:12:26.459000,you can see,see,4,Recap
00:12:26.459000,00:12:28.550000,you can see a is greater than b because a is 3 B is,see greater b 3 b,4,Recap
00:12:28.550000,00:12:28.560000,a is greater than b because a is 3 B is,greater b 3 b,2,Context Setting
00:12:28.560000,00:12:31.370000,a is greater than b because a is 3 B is 2 so maximum is a that is it is printing,greater b 3 b 2 maximum printing,4,Recap
00:12:31.370000,00:12:31.380000,2 so maximum is a that is it is printing,2 maximum printing,4,Recap
00:12:31.380000,00:12:35.030000,2 so maximum is a that is it is printing a value a is three if I change it B is,2 maximum printing value three change b,2,Context Setting
00:12:35.030000,00:12:35.040000,a value a is three if I change it B is,value three change b,2,Context Setting
00:12:35.040000,00:12:37.009000,a value a is three if I change it B is equal to 12.,value three change b equal 12,2,Context Setting
00:12:37.009000,00:12:37.019000,equal to 12.,equal 12,2,Context Setting
00:12:37.019000,00:12:39.949000,equal to 12. A3 B12 now this condition would be false,equal 12 a3 b12 condition would false,0,Introduction
00:12:39.949000,00:12:39.959000,A3 B12 now this condition would be false,a3 b12 condition would false,0,Introduction
00:12:39.959000,00:12:43.190000,A3 B12 now this condition would be false right if condition is false then it will,a3 b12 condition would false right condition false,0,Introduction
00:12:43.190000,00:12:43.200000,right if condition is false then it will,right condition false,0,Introduction
00:12:43.200000,00:12:45.410000,right if condition is false then it will give second expression second expression,right condition false give second expression second expression,0,Introduction
00:12:45.410000,00:12:45.420000,give second expression second expression,give second expression second expression,2,Context Setting
00:12:45.420000,00:12:48.350000,give second expression second expression is B so what is B value 12 so it should,give second expression second expression b b value 12,2,Context Setting
00:12:48.350000,00:12:48.360000,is B so what is B value 12 so it should,b b value 12,2,Context Setting
00:12:48.360000,00:12:50.389000,is B so what is B value 12 so it should give 12. so see it is giving maximum is,b b value 12 give 12 see giving maximum,4,Recap
00:12:50.389000,00:12:50.399000,give 12. so see it is giving maximum is,give 12 see giving maximum,4,Recap
00:12:50.399000,00:12:54.710000,give 12. so see it is giving maximum is 12. right now if rather than like a I'm,give 12 see giving maximum 12 right rather like im,4,Recap
00:12:54.710000,00:12:54.720000,12. right now if rather than like a I'm,12 right rather like im,2,Context Setting
00:12:54.720000,00:12:59.150000,12. right now if rather than like a I'm writing here A Plus 2.,12 right rather like im writing plus 2,1,Step-by-Step Instruction
00:12:59.150000,00:12:59.160000,writing here A Plus 2.,writing plus 2,1,Step-by-Step Instruction
00:12:59.160000,00:13:01.550000,writing here A Plus 2. like simple expression also you can,writing plus 2 like simple expression also,1,Step-by-Step Instruction
00:13:01.550000,00:13:01.560000,like simple expression also you can,like simple expression also,2,Context Setting
00:13:01.560000,00:13:05.410000,like simple expression also you can write down and here I am writing,like simple expression also write writing,6,Conclusion
00:13:05.410000,00:13:05.420000,write down and here I am writing,write writing,6,Conclusion
00:13:05.420000,00:13:10.250000,write down and here I am writing B minus 5.,write writing b minus 5,6,Conclusion
00:13:17.990000,00:13:18,now let's run this and now what output,lets run output,2,Context Setting
00:13:18,00:13:20.750000,now let's run this and now what output you will get,lets run output get,2,Context Setting
00:13:22.550000,00:13:22.560000,I think seven so see you are getting,think seven see getting,4,Recap
00:13:22.560000,00:13:24.769000,I think seven so see you are getting seven because the condition is not true,think seven see getting seven condition true,0,Introduction
00:13:24.769000,00:13:24.779000,seven because the condition is not true,seven condition true,0,Introduction
00:13:24.779000,00:13:26.690000,seven because the condition is not true condition is false so second expression,seven condition true condition false second expression,0,Introduction
00:13:26.690000,00:13:26.700000,condition is false so second expression,condition false second expression,0,Introduction
00:13:26.700000,00:13:28.970000,condition is false so second expression would be evaluated means P minus 5 b is,condition false second expression would evaluated means p minus 5 b,0,Introduction
00:13:28.970000,00:13:28.980000,would be evaluated means P minus 5 b is,would evaluated means p minus 5 b,0,Introduction
00:13:28.980000,00:13:31.310000,would be evaluated means P minus 5 b is 12 12 minus 5 is 7.,would evaluated means p minus 5 b 12 12 minus 5 7,2,Context Setting
00:13:31.310000,00:13:31.320000,12 12 minus 5 is 7.,12 12 minus 5 7,2,Context Setting
00:13:31.320000,00:13:34.190000,12 12 minus 5 is 7. I hope you got the meaning of this,12 12 minus 5 7 hope got meaning,2,Context Setting
00:13:34.190000,00:13:34.200000,I hope you got the meaning of this,hope got meaning,2,Context Setting
00:13:34.200000,00:13:35.990000,I hope you got the meaning of this conditional operator and how to use this,hope got meaning conditional operator use,5,Practical Application
00:13:35.990000,00:13:36,conditional operator and how to use this,conditional operator use,5,Practical Application
00:13:36,00:13:38.269000,conditional operator and how to use this so it is basically a substitute of if,conditional operator use basically substitute,5,Practical Application
00:13:38.269000,00:13:38.279000,so it is basically a substitute of if,basically substitute,2,Context Setting
00:13:38.279000,00:13:41.569000,so it is basically a substitute of if else statement right and if you want to,basically substitute else statement right want,2,Context Setting
00:13:41.569000,00:13:41.579000,else statement right and if you want to,else statement right want,3,Transitions
00:13:41.579000,00:13:43.550000,else statement right and if you want to use the size of operator simply here,else statement right want use size operator simply,3,Transitions
00:13:43.550000,00:13:43.560000,use the size of operator simply here,use size operator simply,5,Practical Application
00:13:43.560000,00:13:46.790000,use the size of operator simply here also you can use C out,use size operator simply also use c,5,Practical Application
00:13:46.790000,00:13:46.800000,also you can use C out,also use c,2,Context Setting
00:13:46.800000,00:13:51.230000,also you can use C out size of and in bracket I want to print,also use c size bracket want print,3,Transitions
00:13:51.230000,00:13:51.240000,size of and in bracket I want to print,size bracket want print,3,Transitions
00:13:51.240000,00:13:54.470000,size of and in bracket I want to print size of I want to find out size of a,size bracket want print size want find size,3,Transitions
00:13:54.470000,00:13:54.480000,size of I want to find out size of a,size want find size,3,Transitions
00:13:54.480000,00:13:56.870000,size of I want to find out size of a that's it,size want find size thats,3,Transitions
00:13:56.870000,00:13:56.880000,that's it,thats,2,Context Setting
00:13:56.880000,00:13:59.990000,that's it so now it will give maximum is 7 and 4,thats give maximum 7 4,4,Recap
00:13:59.990000,00:14:00,so now it will give maximum is 7 and 4,give maximum 7 4,4,Recap
00:14:00,00:14:02.750000,so now it will give maximum is 7 and 4 because a is of type integer integer,give maximum 7 4 type integer integer,3,Transitions
00:14:02.750000,00:14:02.760000,because a is of type integer integer,type integer integer,3,Transitions
00:14:02.760000,00:14:04.189000,because a is of type integer integer will take 4 bytes,type integer integer take 4 bytes,3,Transitions
00:14:04.189000,00:14:04.199000,will take 4 bytes,take 4 bytes,2,Context Setting
00:14:04.199000,00:14:07.129000,will take 4 bytes right 2 or 4 it depends on the you know,take 4 bytes right 2 4 depends know,2,Context Setting
00:14:07.129000,00:14:07.139000,right 2 or 4 it depends on the you know,right 2 4 depends know,2,Context Setting
00:14:07.139000,00:14:09.410000,right 2 or 4 it depends on the you know compiler the machine you are using,right 2 4 depends know compiler machine using,2,Context Setting
00:14:09.410000,00:14:09.420000,compiler the machine you are using,compiler machine using,2,Context Setting
00:14:09.420000,00:14:11.689000,compiler the machine you are using so now I think size of operate is also,compiler machine using think size operate also,2,Context Setting
00:14:11.689000,00:14:11.699000,so now I think size of operate is also,think size operate also,2,Context Setting
00:14:11.699000,00:14:12.410000,so now I think size of operate is also fine,think size operate also fine,2,Context Setting
00:14:12.410000,00:14:12.420000,fine,fine,2,Context Setting
00:14:12.420000,00:14:14.569000,fine and this address of operator and that,fine address operator,5,Practical Application
00:14:14.569000,00:14:14.579000,and this address of operator and that,address operator,5,Practical Application
00:14:14.579000,00:14:16.370000,and this address of operator and that District operator those are related to,address operator district operator related,5,Practical Application
00:14:16.370000,00:14:16.380000,District operator those are related to,district operator related,5,Practical Application
00:14:16.380000,00:14:18.110000,District operator those are related to pointer so that also will be discussing,district operator related pointer also discussing,5,Practical Application
00:14:18.110000,00:14:18.120000,pointer so that also will be discussing,pointer also discussing,2,Context Setting
00:14:18.120000,00:14:20.449000,pointer so that also will be discussing when we will discuss pointers,pointer also discussing discuss pointers,2,Context Setting
00:14:20.449000,00:14:20.459000,when we will discuss pointers,discuss pointers,2,Context Setting
00:14:20.459000,00:14:21.650000,when we will discuss pointers right,discuss pointers right,2,Context Setting
00:14:21.650000,00:14:21.660000,right,right,2,Context Setting
00:14:21.660000,00:14:24.590000,right so I think that's set about these,right think thats set,2,Context Setting
00:14:24.590000,00:14:24.600000,so I think that's set about these,think thats set,2,Context Setting
00:14:24.600000,00:14:26.870000,so I think that's set about these operators in C plus plus so we are done,think thats set operators c plus plus done,1,Step-by-Step Instruction
00:14:26.870000,00:14:26.880000,operators in C plus plus so we are done,operators c plus plus done,1,Step-by-Step Instruction
00:14:26.880000,00:14:28.730000,operators in C plus plus so we are done with the operators type of operators and,operators c plus plus done operators type operators,1,Step-by-Step Instruction
00:14:28.730000,00:14:28.740000,with the operators type of operators and,operators type operators,2,Context Setting
00:14:28.740000,00:14:29.990000,with the operators type of operators and C plus plus in the next video we will,operators type operators c plus plus next video,1,Step-by-Step Instruction
00:14:29.990000,00:14:30,C plus plus in the next video we will,c plus plus next video,1,Step-by-Step Instruction
00:14:30,00:14:31.550000,C plus plus in the next video we will see operator precedence and,c plus plus next video see operator precedence,1,Step-by-Step Instruction
00:14:31.550000,00:14:31.560000,see operator precedence and,see operator precedence,4,Recap
00:14:31.560000,00:14:32.990000,see operator precedence and associativity after discussing,see operator precedence associativity discussing,4,Recap
00:14:32.990000,00:14:33,associativity after discussing,associativity discussing,2,Context Setting
00:14:33,00:14:35.329000,associativity after discussing precedence and associativity then we'll,associativity discussing precedence associativity well,2,Context Setting
00:14:35.329000,00:14:35.339000,precedence and associativity then we'll,precedence associativity well,2,Context Setting
00:14:35.339000,00:14:37.250000,precedence and associativity then we'll discuss two or three complex you know,precedence associativity well discuss two three complex know,2,Context Setting
00:14:37.250000,00:14:37.260000,discuss two or three complex you know,discuss two three complex know,2,Context Setting
00:14:37.260000,00:14:39.590000,discuss two or three complex you know problems on operators right so now it's,discuss two three complex know problems operators right,2,Context Setting
00:14:39.590000,00:14:39.600000,problems on operators right so now it's,problems operators right,2,Context Setting
00:14:39.600000,00:14:40.970000,problems on operators right so now it's in the next video till then bye take,problems operators right next video till bye take,2,Context Setting
00:14:40.970000,00:14:40.980000,in the next video till then bye take,next video till bye take,2,Context Setting
00:14:40.980000,00:14:43.160000,in the next video till then bye take care,next video till bye take care,2,Context Setting
