Start Time,End Time,Text,Cleaned Text,Cluster,Workflow Step
00:00:02.230000,00:00:02.240000,so in the series of learning c plus plus,series learning c plus plus,6,Conclusion
00:00:02.240000,00:00:04.070000,so in the series of learning c plus plus programming language we are discussing,series learning c plus plus programming language discussing,6,Conclusion
00:00:04.070000,00:00:04.080000,programming language we are discussing,programming language discussing,6,Conclusion
00:00:04.080000,00:00:05.749000,programming language we are discussing control structures in c plus plus till,programming language discussing control structures c plus plus till,6,Conclusion
00:00:05.749000,00:00:05.759000,control structures in c plus plus till,control structures c plus plus till,6,Conclusion
00:00:05.759000,00:00:07.030000,control structures in c plus plus till now we have discussed simple if,control structures c plus plus till discussed simple,6,Conclusion
00:00:07.030000,00:00:07.040000,now we have discussed simple if,discussed simple,6,Conclusion
00:00:07.040000,00:00:10.070000,now we have discussed simple if statement if else and elsif letter,discussed simple statement else elsif letter,6,Conclusion
00:00:10.070000,00:00:10.080000,statement if else and elsif letter,statement else elsif letter,6,Conclusion
00:00:10.080000,00:00:13.030000,statement if else and elsif letter so now the next is nested if and nested,statement else elsif letter next nested nested,0,Introduction
00:00:13.030000,00:00:13.040000,so now the next is nested if and nested,next nested nested,0,Introduction
00:00:13.040000,00:00:15.669000,so now the next is nested if and nested if else yes we can do nesting of if as,next nested nested else yes nesting,0,Introduction
00:00:15.669000,00:00:15.679000,if else yes we can do nesting of if as,else yes nesting,5,Practical Application
00:00:15.679000,00:00:17.670000,if else yes we can do nesting of if as well as nesting of effects now what is,else yes nesting well nesting effects,5,Practical Application
00:00:17.670000,00:00:17.680000,well as nesting of effects now what is,well nesting effects,5,Practical Application
00:00:17.680000,00:00:19.109000,well as nesting of effects now what is this nested in,well nesting effects nested,5,Practical Application
00:00:19.109000,00:00:19.119000,this nested in,nested,0,Introduction
00:00:19.119000,00:00:21.670000,this nested in what is nested if else why to use these,nested nested else use,0,Introduction
00:00:21.670000,00:00:21.680000,what is nested if else why to use these,nested else use,0,Introduction
00:00:21.680000,00:00:23.910000,what is nested if else why to use these when to use this how to use these uh,nested else use use use uh,0,Introduction
00:00:23.910000,00:00:23.920000,when to use this how to use these uh,use use uh,0,Introduction
00:00:23.920000,00:00:25.990000,when to use this how to use these uh these statements in your program,use use uh statements program,0,Introduction
00:00:25.990000,00:00:26,these statements in your program,statements program,6,Conclusion
00:00:26,00:00:27.750000,these statements in your program right everything about these statements,statements program right everything statements,6,Conclusion
00:00:27.750000,00:00:27.760000,right everything about these statements,right everything statements,2,Context Setting
00:00:27.760000,00:00:29.269000,right everything about these statements we'll be discussing in this video video,right everything statements well discussing video video,6,Conclusion
00:00:29.269000,00:00:29.279000,we'll be discussing in this video video,well discussing video video,6,Conclusion
00:00:29.279000,00:00:31.029000,we'll be discussing in this video video with the help of a program i'll show you,well discussing video video help program ill show,6,Conclusion
00:00:31.029000,00:00:31.039000,with the help of a program i'll show you,help program ill show,6,Conclusion
00:00:31.039000,00:00:33.510000,with the help of a program i'll show you practically also we'll see,help program ill show practically also well see,6,Conclusion
00:00:33.510000,00:00:33.520000,practically also we'll see,practically also well see,6,Conclusion
00:00:33.520000,00:00:34.790000,practically also we'll see with the help of program and we'll,practically also well see help program well,6,Conclusion
00:00:34.790000,00:00:34.800000,with the help of program and we'll,help program well,6,Conclusion
00:00:34.800000,00:00:36.630000,with the help of program and we'll relate these thing with the help of you,help program well relate thing help,1,Step-by-Step Instruction
00:00:36.630000,00:00:36.640000,relate these thing with the help of you,relate thing help,1,Step-by-Step Instruction
00:00:36.640000,00:00:40.069000,relate these thing with the help of you know real life examples also right so,relate thing help know real life examples also right,1,Step-by-Step Instruction
00:00:40.069000,00:00:40.079000,know real life examples also right so,know real life examples also right,6,Conclusion
00:00:40.079000,00:00:41.510000,know real life examples also right so now before i just want to tell you one,know real life examples also right want tell one,6,Conclusion
00:00:41.510000,00:00:41.520000,now before i just want to tell you one,want tell one,6,Conclusion
00:00:41.520000,00:00:43.190000,now before i just want to tell you one thing if you guys are preparing for gate,want tell one thing guys preparing gate,1,Step-by-Step Instruction
00:00:43.190000,00:00:43.200000,thing if you guys are preparing for gate,thing guys preparing gate,1,Step-by-Step Instruction
00:00:43.200000,00:00:45.670000,thing if you guys are preparing for gate 2023 exam will be preparing for your,thing guys preparing gate 2023 exam preparing,1,Step-by-Step Instruction
00:00:45.670000,00:00:45.680000,2023 exam will be preparing for your,2023 exam preparing,6,Conclusion
00:00:45.680000,00:00:47.990000,2023 exam will be preparing for your gate 2023 exam,2023 exam preparing gate 2023 exam,6,Conclusion
00:00:47.990000,00:00:48,gate 2023 exam,gate 2023 exam,6,Conclusion
00:00:48,00:00:50.229000,gate 2023 exam then geeks for geeks is conducting a,gate 2023 exam geeks geeks conducting,6,Conclusion
00:00:50.229000,00:00:50.239000,then geeks for geeks is conducting a,geeks geeks conducting,6,Conclusion
00:00:50.239000,00:00:53.110000,then geeks for geeks is conducting a gate csol india scholarship test on 6th,geeks geeks conducting gate csol india scholarship test 6th,6,Conclusion
00:00:53.110000,00:00:53.120000,gate csol india scholarship test on 6th,gate csol india scholarship test 6th,6,Conclusion
00:00:53.120000,00:00:54.310000,gate csol india scholarship test on 6th of august,gate csol india scholarship test 6th august,6,Conclusion
00:00:54.310000,00:00:54.320000,of august,august,6,Conclusion
00:00:54.320000,00:00:56.869000,of august right and best part is it is free you,august right best part free,2,Context Setting
00:00:56.869000,00:00:56.879000,right and best part is it is free you,right best part free,2,Context Setting
00:00:56.879000,00:00:58.630000,right and best part is it is free you can take this test for free it will be,right best part free take test free,6,Conclusion
00:00:58.630000,00:00:58.640000,can take this test for free it will be,take test free,6,Conclusion
00:00:58.640000,00:00:59.590000,can take this test for free it will be contained,take test free contained,6,Conclusion
00:00:59.590000,00:00:59.600000,contained,contained,6,Conclusion
00:00:59.600000,00:01:02.150000,contained you know consisting 24 questions time,contained know consisting 24 questions time,6,Conclusion
00:01:02.150000,00:01:02.160000,you know consisting 24 questions time,know consisting 24 questions time,6,Conclusion
00:01:02.160000,00:01:04.630000,you know consisting 24 questions time limit would be one hour and mark's total,know consisting 24 questions time limit would one hour marks total,6,Conclusion
00:01:04.630000,00:01:04.640000,limit would be one hour and mark's total,limit would one hour marks total,6,Conclusion
00:01:04.640000,00:01:07.109000,limit would be one hour and mark's total marks are 120 marks,limit would one hour marks total marks 120 marks,6,Conclusion
00:01:07.109000,00:01:07.119000,marks are 120 marks,marks 120 marks,6,Conclusion
00:01:07.119000,00:01:08.950000,marks are 120 marks so uh this test would be you can see,marks 120 marks uh test would see,6,Conclusion
00:01:08.950000,00:01:08.960000,so uh this test would be you can see,uh test would see,6,Conclusion
00:01:08.960000,00:01:10.710000,so uh this test would be you can see it's a miniature version of real gate,uh test would see miniature version real gate,6,Conclusion
00:01:10.710000,00:01:10.720000,it's a miniature version of real gate,miniature version real gate,6,Conclusion
00:01:10.720000,00:01:13.109000,it's a miniature version of real gate exam simulation of real gate exam so if,miniature version real gate exam simulation real gate exam,6,Conclusion
00:01:13.109000,00:01:13.119000,exam simulation of real gate exam so if,exam simulation real gate exam,6,Conclusion
00:01:13.119000,00:01:15.190000,exam simulation of real gate exam so if you take this online online exam then,exam simulation real gate exam take online online exam,6,Conclusion
00:01:15.190000,00:01:15.200000,you take this online online exam then,take online online exam,6,Conclusion
00:01:15.200000,00:01:17.190000,you take this online online exam then definitely it is going to you know boost,take online online exam definitely going know boost,6,Conclusion
00:01:17.190000,00:01:17.200000,definitely it is going to you know boost,definitely going know boost,6,Conclusion
00:01:17.200000,00:01:19.270000,definitely it is going to you know boost your gate exam preparation,definitely going know boost gate exam preparation,6,Conclusion
00:01:19.270000,00:01:19.280000,your gate exam preparation,gate exam preparation,6,Conclusion
00:01:19.280000,00:01:22.070000,your gate exam preparation and you will like i will provide you you,gate exam preparation like provide,6,Conclusion
00:01:22.070000,00:01:22.080000,and you will like i will provide you you,like provide,6,Conclusion
00:01:22.080000,00:01:24.469000,and you will like i will provide you you know admission to one of the best gate,like provide know admission one best gate,6,Conclusion
00:01:24.469000,00:01:24.479000,know admission to one of the best gate,know admission one best gate,6,Conclusion
00:01:24.479000,00:01:27.670000,know admission to one of the best gate live batches with amazing discounts and,know admission one best gate live batches amazing discounts,6,Conclusion
00:01:27.670000,00:01:27.680000,live batches with amazing discounts and,live batches amazing discounts,6,Conclusion
00:01:27.680000,00:01:30.390000,live batches with amazing discounts and this test consists of complete 20 gay,live batches amazing discounts test consists complete 20 gay,6,Conclusion
00:01:30.390000,00:01:30.400000,this test consists of complete 20 gay,test consists complete 20 gay,6,Conclusion
00:01:30.400000,00:01:32.710000,this test consists of complete 20 gay 2023 slavers and,test consists complete 20 gay 2023 slavers,6,Conclusion
00:01:32.710000,00:01:32.720000,2023 slavers and,2023 slavers,6,Conclusion
00:01:32.720000,00:01:34.710000,2023 slavers and similar question pattern of you know,2023 slavers similar question pattern know,6,Conclusion
00:01:34.710000,00:01:34.720000,similar question pattern of you know,similar question pattern know,6,Conclusion
00:01:34.720000,00:01:37.190000,similar question pattern of you know real gate computer science exam,similar question pattern know real gate computer science exam,6,Conclusion
00:01:37.190000,00:01:37.200000,real gate computer science exam,real gate computer science exam,6,Conclusion
00:01:37.200000,00:01:40.149000,real gate computer science exam it has been exclusively you know made by,real gate computer science exam exclusively know made,6,Conclusion
00:01:40.149000,00:01:40.159000,it has been exclusively you know made by,exclusively know made,6,Conclusion
00:01:40.159000,00:01:42.870000,it has been exclusively you know made by their gate toppers and experts,exclusively know made gate toppers experts,6,Conclusion
00:01:42.870000,00:01:42.880000,their gate toppers and experts,gate toppers experts,6,Conclusion
00:01:42.880000,00:01:44.389000,their gate toppers and experts so what benefits you will get if you go,gate toppers experts benefits get go,6,Conclusion
00:01:44.389000,00:01:44.399000,so what benefits you will get if you go,benefits get go,6,Conclusion
00:01:44.399000,00:01:47.350000,so what benefits you will get if you go for this test top three rankers will get,benefits get go test top three rankers get,6,Conclusion
00:01:47.350000,00:01:47.360000,for this test top three rankers will get,test top three rankers get,6,Conclusion
00:01:47.360000,00:01:50.069000,for this test top three rankers will get 30 scholarship then 4 to 10 rankers will,test top three rankers get 30 scholarship 4 10 rankers,6,Conclusion
00:01:50.069000,00:01:50.079000,30 scholarship then 4 to 10 rankers will,30 scholarship 4 10 rankers,6,Conclusion
00:01:50.079000,00:01:52.950000,30 scholarship then 4 to 10 rankers will get 20 scholarship and uh and after that,30 scholarship 4 10 rankers get 20 scholarship uh,6,Conclusion
00:01:52.950000,00:01:52.960000,get 20 scholarship and uh and after that,get 20 scholarship uh,6,Conclusion
00:01:52.960000,00:01:55.429000,get 20 scholarship and uh and after that 11 to 50 rankers will get 10 percent,get 20 scholarship uh 11 50 rankers get 10 percent,6,Conclusion
00:01:55.429000,00:01:55.439000,11 to 50 rankers will get 10 percent,11 50 rankers get 10 percent,6,Conclusion
00:01:55.439000,00:01:56.789000,11 to 50 rankers will get 10 percent scholarship,11 50 rankers get 10 percent scholarship,6,Conclusion
00:01:56.789000,00:01:56.799000,scholarship,scholarship,6,Conclusion
00:01:56.799000,00:01:58.789000,scholarship so all the relevant links and details,scholarship relevant links details,6,Conclusion
00:01:58.789000,00:01:58.799000,so all the relevant links and details,relevant links details,6,Conclusion
00:01:58.799000,00:02:00.230000,so all the relevant links and details i'll put in the description box of this,relevant links details ill put description box,6,Conclusion
00:02:00.230000,00:02:00.240000,i'll put in the description box of this,ill put description box,6,Conclusion
00:02:00.240000,00:02:02.550000,i'll put in the description box of this video you can go and check out now let's,ill put description box video go check lets,6,Conclusion
00:02:02.550000,00:02:02.560000,video you can go and check out now let's,video go check lets,4,Recap
00:02:02.560000,00:02:03.990000,video you can go and check out now let's see what is this nester defend,video go check lets see nester defend,4,Recap
00:02:03.990000,00:02:04,see what is this nester defend,see nester defend,6,Conclusion
00:02:04,00:02:06.149000,see what is this nester defend yesterday's statements,see nester defend yesterdays statements,6,Conclusion
00:02:06.149000,00:02:06.159000,yesterday's statements,yesterdays statements,6,Conclusion
00:02:06.159000,00:02:08.389000,yesterday's statements nested of it means see,yesterdays statements nested means see,0,Introduction
00:02:08.389000,00:02:08.399000,nested of it means see,nested means see,0,Introduction
00:02:08.399000,00:02:10.150000,nested of it means see one if we have,nested means see one,0,Introduction
00:02:10.150000,00:02:10.160000,one if we have,one,6,Conclusion
00:02:10.160000,00:02:12.630000,one if we have within this if we have one more if,one within one,6,Conclusion
00:02:12.630000,00:02:12.640000,within this if we have one more if,within one,6,Conclusion
00:02:12.640000,00:02:15.270000,within this if we have one more if within this we have one one more this is,within one within one one,6,Conclusion
00:02:15.270000,00:02:15.280000,within this we have one one more this is,within one one,6,Conclusion
00:02:15.280000,00:02:18.070000,within this we have one one more this is what called as nested,within one one called nested,0,Introduction
00:02:18.070000,00:02:18.080000,what called as nested,called nested,0,Introduction
00:02:18.080000,00:02:21.270000,what called as nested and nested defense means one we have if,called nested nested defense means one,0,Introduction
00:02:21.270000,00:02:21.280000,and nested defense means one we have if,nested defense means one,0,Introduction
00:02:21.280000,00:02:23.350000,and nested defense means one we have if then we have some condition within this,nested defense means one condition within,0,Introduction
00:02:23.350000,00:02:23.360000,then we have some condition within this,condition within,3,Transitions
00:02:23.360000,00:02:26.229000,then we have some condition within this if we have one more if else if,condition within one else,3,Transitions
00:02:26.229000,00:02:26.239000,if we have one more if else if,one else,2,Context Setting
00:02:26.239000,00:02:27.030000,if we have one more if else if right,one else right,2,Context Setting
00:02:27.030000,00:02:27.040000,right,right,2,Context Setting
00:02:27.040000,00:02:29.270000,right then else,right else,2,Context Setting
00:02:29.270000,00:02:29.280000,then else,else,2,Context Setting
00:02:29.280000,00:02:31.670000,then else and closing of the set after that else,else closing set else,2,Context Setting
00:02:31.670000,00:02:31.680000,and closing of the set after that else,closing set else,6,Conclusion
00:02:31.680000,00:02:33.990000,and closing of the set after that else this else is for this if within this,closing set else else within,2,Context Setting
00:02:33.990000,00:02:34,this else is for this if within this,else within,2,Context Setting
00:02:34,00:02:36.869000,this else is for this if within this else we have like if,else within else like,2,Context Setting
00:02:36.869000,00:02:36.879000,else we have like if,else like,2,Context Setting
00:02:36.879000,00:02:38.949000,else we have like if else,else like else,2,Context Setting
00:02:38.949000,00:02:38.959000,else,else,2,Context Setting
00:02:38.959000,00:02:41.110000,else this is something like nested if else,else something like nested else,0,Introduction
00:02:41.110000,00:02:41.120000,this is something like nested if else,something like nested else,0,Introduction
00:02:41.120000,00:02:43.430000,this is something like nested if else this is nested if only we are just,something like nested else nested,0,Introduction
00:02:43.430000,00:02:43.440000,this is nested if only we are just,nested,0,Introduction
00:02:43.440000,00:02:46.070000,this is nested if only we are just nesting if only right,nested nesting right,5,Practical Application
00:02:46.070000,00:02:46.080000,nesting if only right,nesting right,5,Practical Application
00:02:46.080000,00:02:47.910000,nesting if only right so nested if it is also possible nested,nesting right nested also possible nested,5,Practical Application
00:02:47.910000,00:02:47.920000,so nested if it is also possible nested,nested also possible nested,0,Introduction
00:02:47.920000,00:02:50.070000,so nested if it is also possible nested if s is also possible now when when to,nested also possible nested also possible,0,Introduction
00:02:50.070000,00:02:50.080000,if s is also possible now when when to,also possible,6,Conclusion
00:02:50.080000,00:02:51.910000,if s is also possible now when when to use these kind of things why we use,also possible use kind things use,0,Introduction
00:02:51.910000,00:02:51.920000,use these kind of things why we use,use kind things use,0,Introduction
00:02:51.920000,00:02:54.309000,use these kind of things why we use these things see when we have more than,use kind things use things see,0,Introduction
00:02:54.309000,00:02:54.319000,these things see when we have more than,things see,6,Conclusion
00:02:54.319000,00:02:55.589000,these things see when we have more than one condition,things see one condition,3,Transitions
00:02:55.589000,00:02:55.599000,one condition,one condition,3,Transitions
00:02:55.599000,00:02:56.710000,one condition right,one condition right,2,Context Setting
00:02:56.710000,00:02:56.720000,right,right,2,Context Setting
00:02:56.720000,00:02:58.790000,right and these conditions are dependent on,right conditions dependent,2,Context Setting
00:02:58.790000,00:02:58.800000,and these conditions are dependent on,conditions dependent,6,Conclusion
00:02:58.800000,00:03:00.149000,and these conditions are dependent on each other,conditions dependent,6,Conclusion
00:03:00.149000,00:03:00.159000,each other,,6,Conclusion
00:03:00.159000,00:03:01.830000,each other then we use,use,0,Introduction
00:03:01.830000,00:03:01.840000,then we use,use,0,Introduction
00:03:01.840000,00:03:04.470000,then we use the scenario nested if scenario,use scenario nested scenario,0,Introduction
00:03:04.470000,00:03:04.480000,the scenario nested if scenario,scenario nested scenario,0,Introduction
00:03:04.480000,00:03:05.589000,the scenario nested if scenario right,scenario nested scenario right,0,Introduction
00:03:05.589000,00:03:05.599000,right,right,2,Context Setting
00:03:05.599000,00:03:07.910000,right now let's take one condition and till,right lets take one condition till,4,Recap
00:03:07.910000,00:03:07.920000,now let's take one condition and till,lets take one condition till,4,Recap
00:03:07.920000,00:03:10.869000,now let's take one condition and till how many levels you can nest this if,lets take one condition till many levels nest,6,Conclusion
00:03:10.869000,00:03:10.879000,how many levels you can nest this if,many levels nest,6,Conclusion
00:03:10.879000,00:03:12.630000,how many levels you can nest this if it's unlimited,many levels nest unlimited,6,Conclusion
00:03:12.630000,00:03:12.640000,it's unlimited,unlimited,6,Conclusion
00:03:12.640000,00:03:15.350000,it's unlimited like if if if within this if you can,unlimited like within,6,Conclusion
00:03:15.350000,00:03:15.360000,like if if if within this if you can,like within,6,Conclusion
00:03:15.360000,00:03:17.750000,like if if if within this if you can write down multiple you know nesting you,like within write multiple know nesting,5,Practical Application
00:03:17.750000,00:03:17.760000,write down multiple you know nesting you,write multiple know nesting,5,Practical Application
00:03:17.760000,00:03:20.470000,write down multiple you know nesting you it is possible it is not limited right,write multiple know nesting possible limited right,5,Practical Application
00:03:20.470000,00:03:20.480000,it is possible it is not limited right,possible limited right,2,Context Setting
00:03:20.480000,00:03:23.910000,it is possible it is not limited right now let's take a scenario see,possible limited right lets take scenario see,4,Recap
00:03:23.910000,00:03:23.920000,now let's take a scenario see,lets take scenario see,4,Recap
00:03:23.920000,00:03:26.789000,now let's take a scenario see your mom will say like your mother say,lets take scenario see mom say like mother say,6,Conclusion
00:03:26.789000,00:03:26.799000,your mom will say like your mother say,mom say like mother say,6,Conclusion
00:03:26.799000,00:03:28.949000,your mom will say like your mother say if you go to supermarket,mom say like mother say go supermarket,6,Conclusion
00:03:28.949000,00:03:28.959000,if you go to supermarket,go supermarket,6,Conclusion
00:03:28.959000,00:03:30.710000,if you go to supermarket right first condition is if go to,go supermarket right first condition go,2,Context Setting
00:03:30.710000,00:03:30.720000,right first condition is if go to,right first condition go,2,Context Setting
00:03:30.720000,00:03:32.229000,right first condition is if go to supermarket,right first condition go supermarket,2,Context Setting
00:03:32.229000,00:03:32.239000,supermarket,supermarket,6,Conclusion
00:03:32.239000,00:03:33.990000,supermarket then,supermarket,6,Conclusion
00:03:33.990000,00:03:34,then,,6,Conclusion
00:03:34,00:03:38.149000,then if orange is available then buy oranges,orange available buy oranges,6,Conclusion
00:03:38.149000,00:03:38.159000,if orange is available then buy oranges,orange available buy oranges,6,Conclusion
00:03:38.159000,00:03:39.110000,if orange is available then buy oranges right,orange available buy oranges right,6,Conclusion
00:03:39.110000,00:03:39.120000,right,right,2,Context Setting
00:03:39.120000,00:03:43.350000,right so one one condition is if,right one one condition,3,Transitions
00:03:43.350000,00:03:43.360000,so one one condition is if,one one condition,3,Transitions
00:03:43.360000,00:03:47.030000,so one one condition is if go to supermarket,one one condition go supermarket,3,Transitions
00:03:48.710000,00:03:48.720000,then one more if,one,6,Conclusion
00:03:48.720000,00:03:50.630000,then one more if like apple,one like apple,6,Conclusion
00:03:50.630000,00:03:50.640000,like apple,like apple,6,Conclusion
00:03:50.640000,00:03:53.350000,like apple apples,like apple apples,6,Conclusion
00:03:57.429000,00:03:57.439000,buy,buy,6,Conclusion
00:03:57.439000,00:03:58.949000,buy so this,buy,6,Conclusion
00:03:58.949000,00:03:58.959000,so this,,6,Conclusion
00:03:58.959000,00:04:01.509000,so this if is you can say inner right and this,say inner right,2,Context Setting
00:04:01.509000,00:04:01.519000,if is you can say inner right and this,say inner right,2,Context Setting
00:04:01.519000,00:04:03.509000,if is you can say inner right and this is outright,say inner right outright,2,Context Setting
00:04:03.509000,00:04:03.519000,is outright,outright,6,Conclusion
00:04:03.519000,00:04:04.229000,is outright so,outright,6,Conclusion
00:04:04.229000,00:04:04.239000,so,,6,Conclusion
00:04:04.239000,00:04:06.550000,so to enter into this inner if this outer,enter inner outer,6,Conclusion
00:04:06.550000,00:04:06.560000,to enter into this inner if this outer,enter inner outer,6,Conclusion
00:04:06.560000,00:04:08.869000,to enter into this inner if this outer if condition must be true in this case,enter inner outer condition must true case,3,Transitions
00:04:08.869000,00:04:08.879000,if condition must be true in this case,condition must true case,3,Transitions
00:04:08.879000,00:04:11.030000,if condition must be true in this case also to buy oranges you have to go to,condition must true case also buy oranges go,3,Transitions
00:04:11.030000,00:04:11.040000,also to buy oranges you have to go to,also buy oranges go,6,Conclusion
00:04:11.040000,00:04:12.949000,also to buy oranges you have to go to supermarket,also buy oranges go supermarket,6,Conclusion
00:04:12.949000,00:04:12.959000,supermarket,supermarket,6,Conclusion
00:04:12.959000,00:04:15.030000,supermarket so if this condition is true if you are,supermarket condition true,3,Transitions
00:04:15.030000,00:04:15.040000,so if this condition is true if you are,condition true,3,Transitions
00:04:15.040000,00:04:16.949000,so if this condition is true if you are going to supermarket then only you can,condition true going supermarket,3,Transitions
00:04:16.949000,00:04:16.959000,going to supermarket then only you can,going supermarket,6,Conclusion
00:04:16.959000,00:04:18.710000,going to supermarket then only you can buy oranges,going supermarket buy oranges,6,Conclusion
00:04:18.710000,00:04:18.720000,buy oranges,buy oranges,6,Conclusion
00:04:18.720000,00:04:20.390000,buy oranges if you don't go to supermarket then,buy oranges dont go supermarket,6,Conclusion
00:04:20.390000,00:04:20.400000,if you don't go to supermarket then,dont go supermarket,6,Conclusion
00:04:20.400000,00:04:21.830000,if you don't go to supermarket then definitely we are not going to enter,dont go supermarket definitely going enter,6,Conclusion
00:04:21.830000,00:04:21.840000,definitely we are not going to enter,definitely going enter,6,Conclusion
00:04:21.840000,00:04:24.150000,definitely we are not going to enter into this if block and no execution of,definitely going enter block execution,6,Conclusion
00:04:24.150000,00:04:24.160000,into this if block and no execution of,block execution,6,Conclusion
00:04:24.160000,00:04:26.950000,into this if block and no execution of this nrf statement in a if condition,block execution nrf statement condition,6,Conclusion
00:04:26.950000,00:04:26.960000,this nrf statement in a if condition,nrf statement condition,3,Transitions
00:04:26.960000,00:04:29.430000,this nrf statement in a if condition directly we will go out,nrf statement condition directly go,6,Conclusion
00:04:29.430000,00:04:29.440000,directly we will go out,directly go,6,Conclusion
00:04:29.440000,00:04:31.270000,directly we will go out whatever you write here after this if,directly go whatever write,6,Conclusion
00:04:31.270000,00:04:31.280000,whatever you write here after this if,whatever write,6,Conclusion
00:04:31.280000,00:04:32.310000,whatever you write here after this if blow,whatever write blow,6,Conclusion
00:04:32.310000,00:04:32.320000,blow,blow,6,Conclusion
00:04:32.320000,00:04:33.830000,blow right,blow right,2,Context Setting
00:04:33.830000,00:04:33.840000,right,right,2,Context Setting
00:04:33.840000,00:04:36.230000,right so to execute the nrf condition to check,right execute nrf condition check,3,Transitions
00:04:36.230000,00:04:36.240000,so to execute the nrf condition to check,execute nrf condition check,3,Transitions
00:04:36.240000,00:04:37.909000,so to execute the nrf condition to check the inner if condition the outer if,execute nrf condition check inner condition outer,3,Transitions
00:04:37.909000,00:04:37.919000,the inner if condition the outer if,inner condition outer,3,Transitions
00:04:37.919000,00:04:40.310000,the inner if condition the outer if condition must be true thus you need to,inner condition outer condition must true thus need,3,Transitions
00:04:40.310000,00:04:40.320000,condition must be true thus you need to,condition must true thus need,3,Transitions
00:04:40.320000,00:04:43.030000,condition must be true thus you need to take care right for more nesting you can,condition must true thus need take care right nesting,5,Practical Application
00:04:43.030000,00:04:43.040000,take care right for more nesting you can,take care right nesting,5,Practical Application
00:04:43.040000,00:04:44.790000,take care right for more nesting you can do like if,take care right nesting like,5,Practical Application
00:04:44.790000,00:04:44.800000,do like if,like,6,Conclusion
00:04:44.800000,00:04:47.990000,do like if go to supermarket if like good apples,like go supermarket like good apples,6,Conclusion
00:04:47.990000,00:04:48,go to supermarket if like good apples,go supermarket like good apples,6,Conclusion
00:04:48,00:04:49.430000,go to supermarket if like good apples available,go supermarket like good apples available,6,Conclusion
00:04:49.430000,00:04:49.440000,available,available,6,Conclusion
00:04:49.440000,00:04:52.310000,available like if apple available then we'll check,available like apple available well check,6,Conclusion
00:04:52.310000,00:04:52.320000,like if apple available then we'll check,like apple available well check,6,Conclusion
00:04:52.320000,00:04:53.830000,like if apple available then we'll check if,like apple available well check,6,Conclusion
00:04:53.830000,00:04:53.840000,if,,6,Conclusion
00:04:53.840000,00:04:55.110000,if quality is,quality,6,Conclusion
00:04:55.110000,00:04:55.120000,quality is,quality,6,Conclusion
00:04:55.120000,00:04:58.950000,quality is good then only buy,quality good buy,6,Conclusion
00:04:58.950000,00:04:58.960000,good then only buy,good buy,6,Conclusion
00:04:58.960000,00:05:01.670000,good then only buy so this is also nesting of if,good buy also nesting,5,Practical Application
00:05:01.670000,00:05:01.680000,so this is also nesting of if,also nesting,5,Practical Application
00:05:01.680000,00:05:02.629000,so this is also nesting of if right,also nesting right,5,Practical Application
00:05:02.629000,00:05:02.639000,right,right,2,Context Setting
00:05:02.639000,00:05:04.790000,right so this if condition is if good good,right condition good good,2,Context Setting
00:05:04.790000,00:05:04.800000,so this if condition is if good good,condition good good,3,Transitions
00:05:04.800000,00:05:06.710000,so this if condition is if good good apples available for this condition to,condition good good apples available condition,3,Transitions
00:05:06.710000,00:05:06.720000,apples available for this condition to,apples available condition,3,Transitions
00:05:06.720000,00:05:08.710000,apples available for this condition to be true the outer if condition must be,apples available condition true outer condition must,3,Transitions
00:05:08.710000,00:05:08.720000,be true the outer if condition must be,true outer condition must,3,Transitions
00:05:08.720000,00:05:09.510000,be true the outer if condition must be true,true outer condition must true,3,Transitions
00:05:09.510000,00:05:09.520000,true,true,3,Transitions
00:05:09.520000,00:05:10.950000,true if apples are not available in the,true apples available,3,Transitions
00:05:10.950000,00:05:10.960000,if apples are not available in the,apples available,6,Conclusion
00:05:10.960000,00:05:12.790000,if apples are not available in the supermarket then how you can check that,apples available supermarket check,6,Conclusion
00:05:12.790000,00:05:12.800000,supermarket then how you can check that,supermarket check,6,Conclusion
00:05:12.800000,00:05:15.830000,supermarket then how you can check that apples the quality is good or bad,supermarket check apples quality good bad,6,Conclusion
00:05:15.830000,00:05:15.840000,apples the quality is good or bad,apples quality good bad,6,Conclusion
00:05:15.840000,00:05:18.070000,apples the quality is good or bad so for this condition to be true or to,apples quality good bad condition true,3,Transitions
00:05:18.070000,00:05:18.080000,so for this condition to be true or to,condition true,3,Transitions
00:05:18.080000,00:05:19.590000,so for this condition to be true or to be checked,condition true checked,3,Transitions
00:05:19.590000,00:05:19.600000,be checked,checked,6,Conclusion
00:05:19.600000,00:05:21.670000,be checked this outer if condition must be true,checked outer condition must true,3,Transitions
00:05:21.670000,00:05:21.680000,this outer if condition must be true,outer condition must true,3,Transitions
00:05:21.680000,00:05:24.070000,this outer if condition must be true apple must be available in supermarket,outer condition must true apple must available supermarket,3,Transitions
00:05:24.070000,00:05:24.080000,apple must be available in supermarket,apple must available supermarket,6,Conclusion
00:05:24.080000,00:05:25.590000,apple must be available in supermarket then only you can check if these are,apple must available supermarket check,6,Conclusion
00:05:25.590000,00:05:25.600000,then only you can check if these are,check,6,Conclusion
00:05:25.600000,00:05:27.350000,then only you can check if these are good or bad,check good bad,6,Conclusion
00:05:27.350000,00:05:27.360000,good or bad,good bad,6,Conclusion
00:05:27.360000,00:05:29.670000,good or bad so when we have multiple conditions more,good bad multiple conditions,6,Conclusion
00:05:29.670000,00:05:29.680000,so when we have multiple conditions more,multiple conditions,6,Conclusion
00:05:29.680000,00:05:31.430000,so when we have multiple conditions more than one condition to check and these,multiple conditions one condition check,3,Transitions
00:05:31.430000,00:05:31.440000,than one condition to check and these,one condition check,3,Transitions
00:05:31.440000,00:05:33.830000,than one condition to check and these conditions are dependent on each other,one condition check conditions dependent,3,Transitions
00:05:33.830000,00:05:33.840000,conditions are dependent on each other,conditions dependent,6,Conclusion
00:05:33.840000,00:05:35.270000,conditions are dependent on each other then we use these kind of scenario,conditions dependent use kind scenario,0,Introduction
00:05:35.270000,00:05:35.280000,then we use these kind of scenario,use kind scenario,0,Introduction
00:05:35.280000,00:05:37.670000,then we use these kind of scenario nested if a nested defense,use kind scenario nested nested defense,0,Introduction
00:05:37.670000,00:05:37.680000,nested if a nested defense,nested nested defense,0,Introduction
00:05:37.680000,00:05:39.590000,nested if a nested defense yeah we can do these kind of things with,nested nested defense yeah kind things,0,Introduction
00:05:39.590000,00:05:39.600000,yeah we can do these kind of things with,yeah kind things,6,Conclusion
00:05:39.600000,00:05:41.350000,yeah we can do these kind of things with another scenario also that we'll discuss,yeah kind things another scenario also well discuss,6,Conclusion
00:05:41.350000,00:05:41.360000,another scenario also that we'll discuss,another scenario also well discuss,6,Conclusion
00:05:41.360000,00:05:42.950000,another scenario also that we'll discuss in the at the end of this video but,another scenario also well discuss end video,6,Conclusion
00:05:42.950000,00:05:42.960000,in the at the end of this video but,end video,6,Conclusion
00:05:42.960000,00:05:43.830000,in the at the end of this video but first,end video first,6,Conclusion
00:05:43.830000,00:05:43.840000,first,first,6,Conclusion
00:05:43.840000,00:05:46.870000,first i think it is clear to you how to use,first think clear use,0,Introduction
00:05:46.870000,00:05:46.880000,i think it is clear to you how to use,think clear use,0,Introduction
00:05:46.880000,00:05:48.870000,i think it is clear to you how to use and when to use this nested if and,think clear use use nested,0,Introduction
00:05:48.870000,00:05:48.880000,and when to use this nested if and,use nested,0,Introduction
00:05:48.880000,00:05:51.350000,and when to use this nested if and nested if else statements,use nested nested else statements,0,Introduction
00:05:51.350000,00:05:51.360000,nested if else statements,nested else statements,0,Introduction
00:05:51.360000,00:05:54.870000,nested if else statements right so see general generally if i,nested else statements right see general generally,2,Context Setting
00:05:54.870000,00:05:54.880000,right so see general generally if i,right see general generally,2,Context Setting
00:05:54.880000,00:05:57.189000,right so see general generally if i write down so if,right see general generally write,2,Context Setting
00:05:57.189000,00:05:57.199000,write down so if,write,6,Conclusion
00:05:57.199000,00:05:59.830000,write down so if like condition one,write like condition one,3,Transitions
00:05:59.830000,00:05:59.840000,like condition one,like condition one,3,Transitions
00:05:59.840000,00:06:01.110000,like condition one then,like condition one,3,Transitions
00:06:01.110000,00:06:01.120000,then,,6,Conclusion
00:06:01.120000,00:06:02.870000,then one more if,one,6,Conclusion
00:06:02.870000,00:06:02.880000,one more if,one,6,Conclusion
00:06:02.880000,00:06:04.230000,one more if if,one,6,Conclusion
00:06:04.230000,00:06:04.240000,if,,6,Conclusion
00:06:04.240000,00:06:06.790000,if condition two right,condition two right,2,Context Setting
00:06:06.790000,00:06:06.800000,condition two right,condition two right,2,Context Setting
00:06:06.800000,00:06:08.309000,condition two right like this,condition two right like,2,Context Setting
00:06:08.309000,00:06:08.319000,like this,like,6,Conclusion
00:06:08.319000,00:06:09.749000,like this if,like,6,Conclusion
00:06:09.749000,00:06:09.759000,if,,6,Conclusion
00:06:09.759000,00:06:11.590000,if condition 3 like this it will be going,condition 3 like going,3,Transitions
00:06:11.590000,00:06:11.600000,condition 3 like this it will be going,condition 3 like going,3,Transitions
00:06:11.600000,00:06:16.230000,condition 3 like this it will be going on and at last suppose if,condition 3 like going last suppose,3,Transitions
00:06:18.150000,00:06:18.160000,condition n,condition n,3,Transitions
00:06:18.160000,00:06:22.230000,condition n and within this i'm writing statement,condition n within im writing statement,6,Conclusion
00:06:22.230000,00:06:22.240000,and within this i'm writing statement,within im writing statement,6,Conclusion
00:06:22.240000,00:06:23.350000,and within this i'm writing statement n,within im writing statement n,6,Conclusion
00:06:23.350000,00:06:23.360000,n,n,6,Conclusion
00:06:23.360000,00:06:24.230000,n right,n right,2,Context Setting
00:06:24.230000,00:06:24.240000,right,right,2,Context Setting
00:06:24.240000,00:06:25.670000,right and,right,2,Context Setting
00:06:25.670000,00:06:25.680000,and,,6,Conclusion
00:06:25.680000,00:06:28.150000,and closing of all the if and after this if,closing,6,Conclusion
00:06:28.150000,00:06:28.160000,closing of all the if and after this if,closing,6,Conclusion
00:06:28.160000,00:06:29.830000,closing of all the if and after this if block i am just writing a statement,closing block writing statement,6,Conclusion
00:06:29.830000,00:06:29.840000,block i am just writing a statement,block writing statement,6,Conclusion
00:06:29.840000,00:06:31.749000,block i am just writing a statement statement,block writing statement statement,6,Conclusion
00:06:31.749000,00:06:31.759000,statement,statement,6,Conclusion
00:06:31.759000,00:06:36.070000,statement x so this is nested of f only,statement x nested f,0,Introduction
00:06:36.070000,00:06:36.080000,x so this is nested of f only,x nested f,0,Introduction
00:06:36.080000,00:06:38.550000,x so this is nested of f only up to n level you can nest so how you,x nested f n level nest,0,Introduction
00:06:38.550000,00:06:38.560000,up to n level you can nest so how you,n level nest,6,Conclusion
00:06:38.560000,00:06:40.629000,up to n level you can nest so how you can you know map this with help of a,n level nest know map help,6,Conclusion
00:06:40.629000,00:06:40.639000,can you know map this with help of a,know map help,6,Conclusion
00:06:40.639000,00:06:42.390000,can you know map this with help of a flowchart see,know map help flowchart see,6,Conclusion
00:06:42.390000,00:06:42.400000,flowchart see,flowchart see,6,Conclusion
00:06:42.400000,00:06:45.189000,flowchart see this is suppose,flowchart see suppose,6,Conclusion
00:06:45.189000,00:06:45.199000,this is suppose,suppose,6,Conclusion
00:06:45.199000,00:06:47.189000,this is suppose we are executing the program the entry,suppose executing program entry,6,Conclusion
00:06:47.189000,00:06:47.199000,we are executing the program the entry,executing program entry,6,Conclusion
00:06:47.199000,00:06:50.390000,we are executing the program the entry then we got condition one this one,executing program entry got condition one one,3,Transitions
00:06:50.390000,00:06:50.400000,then we got condition one this one,got condition one one,3,Transitions
00:06:50.400000,00:06:52.550000,then we got condition one this one two cases can be there,got condition one one two cases,3,Transitions
00:06:52.550000,00:06:52.560000,two cases can be there,two cases,6,Conclusion
00:06:52.560000,00:06:53.510000,two cases can be there right,two cases right,2,Context Setting
00:06:53.510000,00:06:53.520000,right,right,2,Context Setting
00:06:53.520000,00:06:55.990000,right if this is true,right true,2,Context Setting
00:06:55.990000,00:06:56,if this is true,true,3,Transitions
00:06:56,00:06:57.589000,if this is true if this condition is true then only we,true condition true,3,Transitions
00:06:57.589000,00:06:57.599000,if this condition is true then only we,condition true,3,Transitions
00:06:57.599000,00:07:00.830000,if this condition is true then only we will enter then we got second condition,condition true enter got second condition,3,Transitions
00:07:00.830000,00:07:00.840000,will enter then we got second condition,enter got second condition,3,Transitions
00:07:00.840000,00:07:02.629000,will enter then we got second condition okay,enter got second condition okay,3,Transitions
00:07:02.629000,00:07:02.639000,okay,okay,6,Conclusion
00:07:02.639000,00:07:05.270000,okay condition 2,okay condition 2,3,Transitions
00:07:05.270000,00:07:05.280000,condition 2,condition 2,3,Transitions
00:07:05.280000,00:07:06.870000,condition 2 if this is true,condition 2 true,3,Transitions
00:07:06.870000,00:07:06.880000,if this is true,true,3,Transitions
00:07:06.880000,00:07:08.469000,if this is true then only we will enter here then,true enter,3,Transitions
00:07:08.469000,00:07:08.479000,then only we will enter here then,enter,6,Conclusion
00:07:08.479000,00:07:09.670000,then only we will enter here then condition,enter condition,3,Transitions
00:07:09.670000,00:07:09.680000,condition,condition,3,Transitions
00:07:09.680000,00:07:11.589000,condition 3 and up to condition n,condition 3 condition n,3,Transitions
00:07:11.589000,00:07:11.599000,3 and up to condition n,3 condition n,3,Transitions
00:07:11.599000,00:07:14.870000,3 and up to condition n so like this up to condition,3 condition n like condition,3,Transitions
00:07:14.870000,00:07:14.880000,so like this up to condition,like condition,3,Transitions
00:07:14.880000,00:07:17.110000,so like this up to condition n,like condition n,3,Transitions
00:07:17.110000,00:07:17.120000,n,n,6,Conclusion
00:07:17.120000,00:07:20.790000,n now if this condition is true,n condition true,3,Transitions
00:07:29.990000,00:07:30,and after statement end obviously out of,statement end obviously,6,Conclusion
00:07:30,00:07:32.469000,and after statement end obviously out of this if and then statement,statement end obviously statement,6,Conclusion
00:07:32.469000,00:07:32.479000,this if and then statement,statement,6,Conclusion
00:07:32.479000,00:07:37.510000,this if and then statement x,statement x,6,Conclusion
00:07:40.710000,00:07:40.720000,statement x but second case is if the,statement x second case,6,Conclusion
00:07:40.720000,00:07:42.870000,statement x but second case is if the first condition is false,statement x second case first condition false,3,Transitions
00:07:42.870000,00:07:42.880000,first condition is false,first condition false,3,Transitions
00:07:42.880000,00:07:45.029000,first condition is false if this condition is false definitely we,first condition false condition false definitely,3,Transitions
00:07:45.029000,00:07:45.039000,if this condition is false definitely we,condition false definitely,3,Transitions
00:07:45.039000,00:07:46.309000,if this condition is false definitely we will not,condition false definitely,3,Transitions
00:07:46.309000,00:07:46.319000,will not,,6,Conclusion
00:07:46.319000,00:07:48.230000,will not these inner if a condition will not be,inner condition,3,Transitions
00:07:48.230000,00:07:48.240000,these inner if a condition will not be,inner condition,3,Transitions
00:07:48.240000,00:07:49.749000,these inner if a condition will not be checked this would not be executed,inner condition checked would executed,3,Transitions
00:07:49.749000,00:07:49.759000,checked this would not be executed,checked would executed,6,Conclusion
00:07:49.759000,00:07:51.990000,checked this would not be executed directly control will go out of this,checked would executed directly control go,6,Conclusion
00:07:51.990000,00:07:52,directly control will go out of this,directly control go,6,Conclusion
00:07:52,00:07:53.670000,directly control will go out of this statement,directly control go statement,6,Conclusion
00:07:53.670000,00:07:53.680000,statement,statement,6,Conclusion
00:07:53.680000,00:07:55.749000,statement to statement x,statement statement x,6,Conclusion
00:07:55.749000,00:07:55.759000,to statement x,statement x,6,Conclusion
00:07:55.759000,00:07:57.189000,to statement x okay now,statement x okay,6,Conclusion
00:07:57.189000,00:07:57.199000,okay now,okay,6,Conclusion
00:07:57.199000,00:07:59.510000,okay now in case if this condition is false if,okay case condition false,3,Transitions
00:07:59.510000,00:07:59.520000,in case if this condition is false if,case condition false,3,Transitions
00:07:59.520000,00:08:01.270000,in case if this condition is false if true next condition would be checked if,case condition false true next condition would checked,3,Transitions
00:08:01.270000,00:08:01.280000,true next condition would be checked if,true next condition would checked,3,Transitions
00:08:01.280000,00:08:04.710000,true next condition would be checked if false if false in that case,true next condition would checked false false case,3,Transitions
00:08:04.710000,00:08:04.720000,false if false in that case,false false case,6,Conclusion
00:08:04.720000,00:08:06.550000,false if false in that case within the block we are not writing you,false false case within block writing,6,Conclusion
00:08:06.550000,00:08:06.560000,within the block we are not writing you,within block writing,6,Conclusion
00:08:06.560000,00:08:08.629000,within the block we are not writing you know we are not writing any statements,within block writing know writing statements,6,Conclusion
00:08:08.629000,00:08:08.639000,know we are not writing any statements,know writing statements,6,Conclusion
00:08:08.639000,00:08:10.629000,know we are not writing any statements like we have written within this,know writing statements like written within,6,Conclusion
00:08:10.629000,00:08:10.639000,like we have written within this,like written within,6,Conclusion
00:08:10.639000,00:08:13.110000,like we have written within this this this block statement n,like written within block statement n,6,Conclusion
00:08:13.110000,00:08:13.120000,this this block statement n,block statement n,6,Conclusion
00:08:13.120000,00:08:14.790000,this this block statement n same you can write like statement 1,block statement n write like statement 1,6,Conclusion
00:08:14.790000,00:08:14.800000,same you can write like statement 1,write like statement 1,6,Conclusion
00:08:14.800000,00:08:16.869000,same you can write like statement 1 statement 2 like this but we are not,write like statement 1 statement 2 like,6,Conclusion
00:08:16.869000,00:08:16.879000,statement 2 like this but we are not,statement 2 like,6,Conclusion
00:08:16.879000,00:08:18.469000,statement 2 like this but we are not writing any statements so directly if,statement 2 like writing statements directly,6,Conclusion
00:08:18.469000,00:08:18.479000,writing any statements so directly if,writing statements directly,6,Conclusion
00:08:18.479000,00:08:20.629000,writing any statements so directly if false directly it will go to statement x,writing statements directly false directly go statement x,6,Conclusion
00:08:20.629000,00:08:20.639000,false directly it will go to statement x,false directly go statement x,6,Conclusion
00:08:20.639000,00:08:22.790000,false directly it will go to statement x out of this if block same if this,false directly go statement x block,6,Conclusion
00:08:22.790000,00:08:22.800000,out of this if block same if this,block,6,Conclusion
00:08:22.800000,00:08:24.550000,out of this if block same if this condition n is true directly will go to,block condition n true directly go,3,Transitions
00:08:24.550000,00:08:24.560000,condition n is true directly will go to,condition n true directly go,3,Transitions
00:08:24.560000,00:08:27.749000,condition n is true directly will go to statement x and after that maybe exit or,condition n true directly go statement x maybe exit,3,Transitions
00:08:27.749000,00:08:27.759000,statement x and after that maybe exit or,statement x maybe exit,6,Conclusion
00:08:27.759000,00:08:30.550000,statement x and after that maybe exit or further we can execute the program,statement x maybe exit execute program,6,Conclusion
00:08:30.550000,00:08:30.560000,further we can execute the program,execute program,6,Conclusion
00:08:30.560000,00:08:32.949000,further we can execute the program this would be you can say a flowchart of,execute program would say flowchart,6,Conclusion
00:08:32.949000,00:08:32.959000,this would be you can say a flowchart of,would say flowchart,6,Conclusion
00:08:32.959000,00:08:35.589000,this would be you can say a flowchart of nested or if,would say flowchart nested,0,Introduction
00:08:35.589000,00:08:35.599000,nested or if,nested,0,Introduction
00:08:35.599000,00:08:36.630000,nested or if right,nested right,0,Introduction
00:08:36.630000,00:08:36.640000,right,right,2,Context Setting
00:08:36.640000,00:08:39.750000,right same for if else i have shown you how to,right else shown,2,Context Setting
00:08:39.750000,00:08:39.760000,same for if else i have shown you how to,else shown,6,Conclusion
00:08:39.760000,00:08:41.829000,same for if else i have shown you how to write down this thing if condition 1,else shown write thing condition 1,1,Step-by-Step Instruction
00:08:41.829000,00:08:41.839000,write down this thing if condition 1,write thing condition 1,1,Step-by-Step Instruction
00:08:41.839000,00:08:43.269000,write down this thing if condition 1 then if,write thing condition 1,1,Step-by-Step Instruction
00:08:43.269000,00:08:43.279000,then if,,6,Conclusion
00:08:43.279000,00:08:45.350000,then if another condition right,another condition right,2,Context Setting
00:08:45.350000,00:08:45.360000,another condition right,another condition right,2,Context Setting
00:08:45.360000,00:08:46.630000,another condition right then,another condition right,2,Context Setting
00:08:46.630000,00:08:46.640000,then,,6,Conclusion
00:08:46.640000,00:08:49.590000,then you can say here is some statements you,say statements,6,Conclusion
00:08:49.590000,00:08:49.600000,you can say here is some statements you,say statements,6,Conclusion
00:08:49.600000,00:08:52.310000,you can say here is some statements you can say,say statements say,6,Conclusion
00:08:54.870000,00:08:54.880000,in a riff of,riff,6,Conclusion
00:08:54.880000,00:08:57.750000,in a riff of if block,riff block,6,Conclusion
00:08:59.350000,00:08:59.360000,statement,statement,6,Conclusion
00:08:59.360000,00:09:00.310000,statement right,statement right,2,Context Setting
00:09:00.310000,00:09:00.320000,right,right,2,Context Setting
00:09:00.320000,00:09:02.150000,right and then else,right else,2,Context Setting
00:09:02.150000,00:09:02.160000,and then else,else,2,Context Setting
00:09:02.160000,00:09:06.070000,and then else and here you will write,else write,2,Context Setting
00:09:11.990000,00:09:12,block,block,6,Conclusion
00:09:12,00:09:13.670000,block statement or rather than this you can,block statement rather,6,Conclusion
00:09:13.670000,00:09:13.680000,statement or rather than this you can,statement rather,6,Conclusion
00:09:13.680000,00:09:15.670000,statement or rather than this you can write like statement x statement y,statement rather write like statement x statement,6,Conclusion
00:09:15.670000,00:09:15.680000,write like statement x statement y,write like statement x statement,6,Conclusion
00:09:15.680000,00:09:17.590000,write like statement x statement y statement abc something like this,write like statement x statement statement abc something like,6,Conclusion
00:09:17.590000,00:09:17.600000,statement abc something like this,statement abc something like,6,Conclusion
00:09:17.600000,00:09:20.790000,statement abc something like this right then we write else then again we,statement abc something like right write else,2,Context Setting
00:09:20.790000,00:09:20.800000,right then we write else then again we,right write else,2,Context Setting
00:09:20.800000,00:09:23.110000,right then we write else then again we write if,right write else write,2,Context Setting
00:09:23.110000,00:09:23.120000,write if,write,6,Conclusion
00:09:23.120000,00:09:24.949000,write if condition three,write condition three,3,Transitions
00:09:24.949000,00:09:24.959000,condition three,condition three,3,Transitions
00:09:24.959000,00:09:26.389000,condition three if and else,condition three else,3,Transitions
00:09:26.389000,00:09:26.399000,if and else,else,2,Context Setting
00:09:26.399000,00:09:28.790000,if and else block like this you will write,else block like write,6,Conclusion
00:09:28.790000,00:09:28.800000,block like this you will write,block like write,6,Conclusion
00:09:28.800000,00:09:30.710000,block like this you will write if else nesting of your files,block like write else nesting files,5,Practical Application
00:09:30.710000,00:09:30.720000,if else nesting of your files,else nesting files,5,Practical Application
00:09:30.720000,00:09:32.550000,if else nesting of your files so now it is assignment for you guys you,else nesting files assignment guys,5,Practical Application
00:09:32.550000,00:09:32.560000,so now it is assignment for you guys you,assignment guys,6,Conclusion
00:09:32.560000,00:09:34.949000,so now it is assignment for you guys you have to map this thing into this kind of,assignment guys map thing kind,1,Step-by-Step Instruction
00:09:34.949000,00:09:34.959000,have to map this thing into this kind of,map thing kind,1,Step-by-Step Instruction
00:09:34.959000,00:09:36.870000,have to map this thing into this kind of flowchart i hope you can do this we have,map thing kind flowchart hope,1,Step-by-Step Instruction
00:09:36.870000,00:09:36.880000,flowchart i hope you can do this we have,flowchart hope,6,Conclusion
00:09:36.880000,00:09:38.949000,flowchart i hope you can do this we have discussed many type of flowcharts,flowchart hope discussed many type flowcharts,6,Conclusion
00:09:38.949000,00:09:38.959000,discussed many type of flowcharts,discussed many type flowcharts,6,Conclusion
00:09:38.959000,00:09:40.310000,discussed many type of flowcharts in this video also we have discussed one,discussed many type flowcharts video also discussed one,6,Conclusion
00:09:40.310000,00:09:40.320000,in this video also we have discussed one,video also discussed one,6,Conclusion
00:09:40.320000,00:09:42.470000,in this video also we have discussed one and before that also we discussed so i,video also discussed one also discussed,6,Conclusion
00:09:42.470000,00:09:42.480000,and before that also we discussed so i,also discussed,6,Conclusion
00:09:42.480000,00:09:44.310000,and before that also we discussed so i guess you have some idea now now you can,also discussed guess idea,6,Conclusion
00:09:44.310000,00:09:44.320000,guess you have some idea now now you can,guess idea,6,Conclusion
00:09:44.320000,00:09:47.829000,guess you have some idea now now you can map this process in this flowchart,guess idea map process flowchart,6,Conclusion
00:09:47.829000,00:09:47.839000,map this process in this flowchart,map process flowchart,6,Conclusion
00:09:47.839000,00:09:49.990000,map this process in this flowchart just map this this is assignment for you,map process flowchart map assignment,6,Conclusion
00:09:49.990000,00:09:50,just map this this is assignment for you,map assignment,6,Conclusion
00:09:50,00:09:52.550000,just map this this is assignment for you guys and just send me maybe one in the,map assignment guys send maybe one,6,Conclusion
00:09:52.550000,00:09:52.560000,guys and just send me maybe one in the,guys send maybe one,6,Conclusion
00:09:52.560000,00:09:54.070000,guys and just send me maybe one in the comment section or a screenshot you can,guys send maybe one comment section screenshot,6,Conclusion
00:09:54.070000,00:09:54.080000,comment section or a screenshot you can,comment section screenshot,6,Conclusion
00:09:54.080000,00:09:55.829000,comment section or a screenshot you can send on my instagram account,comment section screenshot send instagram account,6,Conclusion
00:09:55.829000,00:09:55.839000,send on my instagram account,send instagram account,6,Conclusion
00:09:55.839000,00:09:56.710000,send on my instagram account right,send instagram account right,6,Conclusion
00:09:56.710000,00:09:56.720000,right,right,2,Context Setting
00:09:56.720000,00:09:58.470000,right now let's,right lets,4,Recap
00:09:58.470000,00:09:58.480000,now let's,lets,4,Recap
00:09:58.480000,00:10:00.230000,now let's do practical of this thing let's take a,lets practical thing lets take,4,Recap
00:10:00.230000,00:10:00.240000,do practical of this thing let's take a,practical thing lets take,1,Step-by-Step Instruction
00:10:00.240000,00:10:02.790000,do practical of this thing let's take a simple example and let's,practical thing lets take simple example lets,4,Recap
00:10:02.790000,00:10:02.800000,simple example and let's,simple example lets,4,Recap
00:10:02.800000,00:10:05.910000,simple example and let's write a program so this is a program let,simple example lets write program program let,6,Conclusion
00:10:05.910000,00:10:05.920000,write a program so this is a program let,write program program let,6,Conclusion
00:10:05.920000,00:10:07.750000,write a program so this is a program let me just first tell you the scenario we,write program program let first tell scenario,6,Conclusion
00:10:07.750000,00:10:07.760000,me just first tell you the scenario we,first tell scenario,6,Conclusion
00:10:07.760000,00:10:10.470000,me just first tell you the scenario we are discussing nested of offense so the,first tell scenario discussing nested offense,0,Introduction
00:10:10.470000,00:10:10.480000,are discussing nested of offense so the,discussing nested offense,0,Introduction
00:10:10.480000,00:10:11.910000,are discussing nested of offense so the condition is,discussing nested offense condition,0,Introduction
00:10:11.910000,00:10:11.920000,condition is,condition,3,Transitions
00:10:11.920000,00:10:12.870000,condition is if,condition,3,Transitions
00:10:12.870000,00:10:12.880000,if,,6,Conclusion
00:10:12.880000,00:10:14.389000,if the same example you are taking if you,example taking,6,Conclusion
00:10:14.389000,00:10:14.399000,the same example you are taking if you,example taking,6,Conclusion
00:10:14.399000,00:10:16.870000,the same example you are taking if you have money greater than thousand rupees,example taking money greater thousand rupees,4,Recap
00:10:16.870000,00:10:16.880000,have money greater than thousand rupees,money greater thousand rupees,4,Recap
00:10:16.880000,00:10:17.750000,have money greater than thousand rupees right,money greater thousand rupees right,4,Recap
00:10:17.750000,00:10:17.760000,right,right,2,Context Setting
00:10:17.760000,00:10:19.590000,right then second condition is you have to,right second condition,2,Context Setting
00:10:19.590000,00:10:19.600000,then second condition is you have to,second condition,3,Transitions
00:10:19.600000,00:10:22.550000,then second condition is you have to check if your partner age is greater,second condition check partner age greater,3,Transitions
00:10:22.550000,00:10:22.560000,check if your partner age is greater,check partner age greater,3,Transitions
00:10:22.560000,00:10:23.829000,check if your partner age is greater than 21,check partner age greater 21,3,Transitions
00:10:23.829000,00:10:23.839000,than 21,21,6,Conclusion
00:10:23.839000,00:10:25.910000,than 21 then you can take wine,21 take wine,6,Conclusion
00:10:25.910000,00:10:25.920000,then you can take wine,take wine,6,Conclusion
00:10:25.920000,00:10:28.389000,then you can take wine else,take wine else,6,Conclusion
00:10:30.310000,00:10:30.320000,coffee in starbucks,coffee starbucks,4,Recap
00:10:30.320000,00:10:32.310000,coffee in starbucks right,coffee starbucks right,4,Recap
00:10:32.310000,00:10:32.320000,right,right,2,Context Setting
00:10:32.320000,00:10:34.069000,right else in else part,right else else part,2,Context Setting
00:10:34.069000,00:10:34.079000,else in else part,else else part,2,Context Setting
00:10:34.079000,00:10:37.190000,else in else part if you have money greater than 500 then,else else part money greater 500,2,Context Setting
00:10:37.190000,00:10:37.200000,if you have money greater than 500 then,money greater 500,6,Conclusion
00:10:37.200000,00:10:40.069000,if you have money greater than 500 then you can take coffee in ccd else,money greater 500 take coffee ccd else,4,Recap
00:10:40.069000,00:10:40.079000,you can take coffee in ccd else,take coffee ccd else,4,Recap
00:10:40.079000,00:10:42.069000,you can take coffee in ccd else in a normal shop you can take coffee and,take coffee ccd else normal shop take coffee,4,Recap
00:10:42.069000,00:10:42.079000,in a normal shop you can take coffee and,normal shop take coffee,4,Recap
00:10:42.079000,00:10:44.389000,in a normal shop you can take coffee and then let's go home,normal shop take coffee lets go home,4,Recap
00:10:44.389000,00:10:44.399000,then let's go home,lets go home,4,Recap
00:10:44.399000,00:10:46.470000,then let's go home this is the scenario,lets go home scenario,4,Recap
00:10:46.470000,00:10:46.480000,this is the scenario,scenario,6,Conclusion
00:10:46.480000,00:10:48.630000,this is the scenario in this spectrum in this program we have,scenario spectrum program,6,Conclusion
00:10:48.630000,00:10:48.640000,in this spectrum in this program we have,spectrum program,6,Conclusion
00:10:48.640000,00:10:49.910000,in this spectrum in this program we have one more factor that is you have to,spectrum program one factor,6,Conclusion
00:10:49.910000,00:10:49.920000,one more factor that is you have to,one factor,6,Conclusion
00:10:49.920000,00:10:51.590000,one more factor that is you have to check age also,one factor check age also,6,Conclusion
00:10:51.590000,00:10:51.600000,check age also,check age also,6,Conclusion
00:10:51.600000,00:10:53.990000,check age also h bar is also there,check age also h bar also,6,Conclusion
00:10:53.990000,00:10:54,h bar is also there,h bar also,6,Conclusion
00:10:54,00:10:56.069000,h bar is also there so i guess the both thing is clear to,h bar also guess thing clear,1,Step-by-Step Instruction
00:10:56.069000,00:10:56.079000,so i guess the both thing is clear to,guess thing clear,1,Step-by-Step Instruction
00:10:56.079000,00:10:58.710000,so i guess the both thing is clear to you hash include iostream.h then,guess thing clear hash include iostreamh,1,Step-by-Step Instruction
00:10:58.710000,00:10:58.720000,you hash include iostream.h then,hash include iostreamh,6,Conclusion
00:10:58.720000,00:11:00.949000,you hash include iostream.h then namespace std then main in main we are,hash include iostreamh namespace std main main,6,Conclusion
00:11:00.949000,00:11:00.959000,namespace std then main in main we are,namespace std main main,6,Conclusion
00:11:00.959000,00:11:03.350000,namespace std then main in main we are writing like we are taking two variables,namespace std main main writing like taking two variables,6,Conclusion
00:11:03.350000,00:11:03.360000,writing like we are taking two variables,writing like taking two variables,6,Conclusion
00:11:03.360000,00:11:05.509000,writing like we are taking two variables money and partner age,writing like taking two variables money partner age,6,Conclusion
00:11:05.509000,00:11:05.519000,money and partner age,money partner age,3,Transitions
00:11:05.519000,00:11:07.750000,money and partner age so first of all we will ask enter money,money partner age first ask enter money,3,Transitions
00:11:07.750000,00:11:07.760000,so first of all we will ask enter money,first ask enter money,6,Conclusion
00:11:07.760000,00:11:09.269000,so first of all we will ask enter money right if money greater than equal to,first ask enter money right money greater equal,6,Conclusion
00:11:09.269000,00:11:09.279000,right if money greater than equal to,right money greater equal,2,Context Setting
00:11:09.279000,00:11:11.670000,right if money greater than equal to thousand rupees then ask,right money greater equal thousand rupees ask,4,Recap
00:11:11.670000,00:11:11.680000,thousand rupees then ask,thousand rupees ask,4,Recap
00:11:11.680000,00:11:13.590000,thousand rupees then ask enter your partner age,thousand rupees ask enter partner age,3,Transitions
00:11:13.590000,00:11:13.600000,enter your partner age,enter partner age,3,Transitions
00:11:13.600000,00:11:15.190000,enter your partner age if this condition is true then only we,enter partner age condition true,3,Transitions
00:11:15.190000,00:11:15.200000,if this condition is true then only we,condition true,3,Transitions
00:11:15.200000,00:11:17.110000,if this condition is true then only we will ask partner age,condition true ask partner age,3,Transitions
00:11:17.110000,00:11:17.120000,will ask partner age,ask partner age,3,Transitions
00:11:17.120000,00:11:19.350000,will ask partner age enter the partner age if that is greater,ask partner age enter partner age greater,3,Transitions
00:11:19.350000,00:11:19.360000,enter the partner age if that is greater,enter partner age greater,3,Transitions
00:11:19.360000,00:11:21.750000,enter the partner age if that is greater than 21 then let's have wine else let's,enter partner age greater 21 lets wine else lets,4,Recap
00:11:21.750000,00:11:21.760000,than 21 then let's have wine else let's,21 lets wine else lets,4,Recap
00:11:21.760000,00:11:23.509000,than 21 then let's have wine else let's have coffee,21 lets wine else lets coffee,4,Recap
00:11:23.509000,00:11:23.519000,have coffee,coffee,4,Recap
00:11:23.519000,00:11:26.790000,have coffee let's have coffee in starbucks,coffee lets coffee starbucks,4,Recap
00:11:26.790000,00:11:26.800000,let's have coffee in starbucks,lets coffee starbucks,4,Recap
00:11:26.800000,00:11:32.069000,let's have coffee in starbucks that's right,lets coffee starbucks thats right,4,Recap
00:11:34.310000,00:11:34.320000,now now in this else part again we are,else part,2,Context Setting
00:11:34.320000,00:11:36.230000,now now in this else part again we are writing if else,else part writing else,2,Context Setting
00:11:36.230000,00:11:36.240000,writing if else,writing else,2,Context Setting
00:11:36.240000,00:11:37.829000,writing if else within the cells again we are writing if,writing else within cells writing,6,Conclusion
00:11:37.829000,00:11:37.839000,within the cells again we are writing if,within cells writing,6,Conclusion
00:11:37.839000,00:11:40.150000,within the cells again we are writing if so this is what nested defense if money,within cells writing nested defense money,0,Introduction
00:11:40.150000,00:11:40.160000,so this is what nested defense if money,nested defense money,0,Introduction
00:11:40.160000,00:11:42.310000,so this is what nested defense if money greater than 500 then coffins is ready l,nested defense money greater 500 coffins ready l,0,Introduction
00:11:42.310000,00:11:42.320000,greater than 500 then coffins is ready l,greater 500 coffins ready l,6,Conclusion
00:11:42.320000,00:11:44.069000,greater than 500 then coffins is ready l swapping any normal shop and let's go,greater 500 coffins ready l swapping normal shop lets go,4,Recap
00:11:44.069000,00:11:44.079000,swapping any normal shop and let's go,swapping normal shop lets go,4,Recap
00:11:44.079000,00:11:47.509000,swapping any normal shop and let's go home right now let's run this and see,swapping normal shop lets go home right lets run see,4,Recap
00:11:47.509000,00:11:47.519000,home right now let's run this and see,home right lets run see,4,Recap
00:11:47.519000,00:11:48.389000,home right now let's run this and see what,home right lets run see,4,Recap
00:11:48.389000,00:11:48.399000,what,,6,Conclusion
00:11:48.399000,00:11:50.790000,what output will get here,output get,6,Conclusion
00:11:50.790000,00:11:50.800000,output will get here,output get,6,Conclusion
00:11:50.800000,00:11:52.150000,output will get here see first of all it is asking enter,output get see first asking enter,6,Conclusion
00:11:52.150000,00:11:52.160000,see first of all it is asking enter,see first asking enter,6,Conclusion
00:11:52.160000,00:11:54.790000,see first of all it is asking enter money i'm entering 1200 i have,see first asking enter money im entering 1200,6,Conclusion
00:11:54.790000,00:11:54.800000,money i'm entering 1200 i have,money im entering 1200,6,Conclusion
00:11:54.800000,00:11:56.389000,money i'm entering 1200 i have then it will ask enter partner age,money im entering 1200 ask enter partner age,6,Conclusion
00:11:56.389000,00:11:56.399000,then it will ask enter partner age,ask enter partner age,3,Transitions
00:11:56.399000,00:11:57.990000,then it will ask enter partner age partner age is,ask enter partner age partner age,3,Transitions
00:11:57.990000,00:11:58,partner age is,partner age,3,Transitions
00:11:58,00:11:59.750000,partner age is 20,partner age 20,3,Transitions
00:11:59.750000,00:11:59.760000,20,20,6,Conclusion
00:11:59.760000,00:12:01.590000,20 so let's have coffee in starbucks and,20 lets coffee starbucks,4,Recap
00:12:01.590000,00:12:01.600000,so let's have coffee in starbucks and,lets coffee starbucks,4,Recap
00:12:01.600000,00:12:03.030000,so let's have coffee in starbucks and after that,lets coffee starbucks,4,Recap
00:12:03.030000,00:12:03.040000,after that,,6,Conclusion
00:12:03.040000,00:12:05.110000,after that what the statement we have written,statement written,6,Conclusion
00:12:05.110000,00:12:05.120000,what the statement we have written,statement written,6,Conclusion
00:12:05.120000,00:12:07.350000,what the statement we have written out of this if else,statement written else,6,Conclusion
00:12:07.350000,00:12:07.360000,out of this if else,else,2,Context Setting
00:12:07.360000,00:12:09.350000,out of this if else block let's go home so that would also,else block lets go home would also,4,Recap
00:12:09.350000,00:12:09.360000,block let's go home so that would also,block lets go home would also,4,Recap
00:12:09.360000,00:12:10.629000,block let's go home so that would also be printed let's go,block lets go home would also printed lets go,4,Recap
00:12:10.629000,00:12:10.639000,be printed let's go,printed lets go,4,Recap
00:12:10.639000,00:12:13.110000,be printed let's go right now let's run this again,printed lets go right lets run,4,Recap
00:12:13.110000,00:12:13.120000,right now let's run this again,right lets run,4,Recap
00:12:13.120000,00:12:16.069000,right now let's run this again enter money i have suppose uh,right lets run enter money suppose uh,4,Recap
00:12:16.069000,00:12:16.079000,enter money i have suppose uh,enter money suppose uh,6,Conclusion
00:12:16.079000,00:12:18.870000,enter money i have suppose uh 600 so first condition is not true so,enter money suppose uh 600 first condition true,3,Transitions
00:12:18.870000,00:12:18.880000,600 so first condition is not true so,600 first condition true,3,Transitions
00:12:18.880000,00:12:21.670000,600 so first condition is not true so now it will not ask the partner age,600 first condition true ask partner age,3,Transitions
00:12:21.670000,00:12:21.680000,now it will not ask the partner age,ask partner age,3,Transitions
00:12:21.680000,00:12:23.030000,now it will not ask the partner age 600 then,ask partner age 600,3,Transitions
00:12:23.030000,00:12:23.040000,600 then,600,6,Conclusion
00:12:23.040000,00:12:25.910000,600 then coffee in ccd and let's go,600 coffee ccd lets go,4,Recap
00:12:25.910000,00:12:25.920000,coffee in ccd and let's go,coffee ccd lets go,4,Recap
00:12:25.920000,00:12:26.870000,coffee in ccd and let's go okay,coffee ccd lets go okay,4,Recap
00:12:26.870000,00:12:26.880000,okay,okay,6,Conclusion
00:12:26.880000,00:12:29.509000,okay 600 means this condition is true else,okay 600 means condition true else,3,Transitions
00:12:29.509000,00:12:29.519000,600 means this condition is true else,600 means condition true else,3,Transitions
00:12:29.519000,00:12:30.949000,600 means this condition is true else money greater than 500 yes this,600 means condition true else money greater 500 yes,3,Transitions
00:12:30.949000,00:12:30.959000,money greater than 500 yes this,money greater 500 yes,6,Conclusion
00:12:30.959000,00:12:32.629000,money greater than 500 yes this condition is true so enter into this,money greater 500 yes condition true enter,3,Transitions
00:12:32.629000,00:12:32.639000,condition is true so enter into this,condition true enter,3,Transitions
00:12:32.639000,00:12:36.389000,condition is true so enter into this else into this if block coffin ccd after,condition true enter else block coffin ccd,3,Transitions
00:12:36.389000,00:12:36.399000,else into this if block coffin ccd after,else block coffin ccd,6,Conclusion
00:12:36.399000,00:12:38.790000,else into this if block coffin ccd after that after that just exit from the this,else block coffin ccd exit,6,Conclusion
00:12:38.790000,00:12:38.800000,that after that just exit from the this,exit,6,Conclusion
00:12:38.800000,00:12:41.590000,that after that just exit from the this outrails and let's go home right let's,exit outrails lets go home right lets,4,Recap
00:12:41.590000,00:12:41.600000,outrails and let's go home right let's,outrails lets go home right lets,4,Recap
00:12:41.600000,00:12:43.750000,outrails and let's go home right let's run this again and suppose i have 100,outrails lets go home right lets run suppose 100,4,Recap
00:12:43.750000,00:12:43.760000,run this again and suppose i have 100,run suppose 100,6,Conclusion
00:12:43.760000,00:12:44.790000,run this again and suppose i have 100 rupees,run suppose 100 rupees,6,Conclusion
00:12:44.790000,00:12:44.800000,rupees,rupees,6,Conclusion
00:12:44.800000,00:12:46.710000,rupees so coffee in any normal shop and let's,rupees coffee normal shop lets,4,Recap
00:12:46.710000,00:12:46.720000,so coffee in any normal shop and let's,coffee normal shop lets,4,Recap
00:12:46.720000,00:12:48.710000,so coffee in any normal shop and let's go,coffee normal shop lets go,4,Recap
00:12:48.710000,00:12:48.720000,go,go,6,Conclusion
00:12:48.720000,00:12:50.310000,go i hope now you would,go hope would,6,Conclusion
00:12:50.310000,00:12:50.320000,i hope now you would,hope would,6,Conclusion
00:12:50.320000,00:12:52.870000,i hope now you would why to use and how to use this uh nested,hope would use use uh nested,0,Introduction
00:12:52.870000,00:12:52.880000,why to use and how to use this uh nested,use use uh nested,0,Introduction
00:12:52.880000,00:12:55.110000,why to use and how to use this uh nested defense we have now more than one,use use uh nested defense one,0,Introduction
00:12:55.110000,00:12:55.120000,defense we have now more than one,defense one,6,Conclusion
00:12:55.120000,00:12:56.870000,defense we have now more than one condition money as well as age of the,defense one condition money well age,3,Transitions
00:12:56.870000,00:12:56.880000,condition money as well as age of the,condition money well age,3,Transitions
00:12:56.880000,00:12:58.550000,condition money as well as age of the partner and this is dependent on each,condition money well age partner dependent,3,Transitions
00:12:58.550000,00:12:58.560000,partner and this is dependent on each,partner dependent,3,Transitions
00:12:58.560000,00:13:00.230000,partner and this is dependent on each other right,partner dependent right,2,Context Setting
00:13:00.230000,00:13:00.240000,other right,right,2,Context Setting
00:13:00.240000,00:13:02.550000,other right if you don't have money greater than,right dont money greater,2,Context Setting
00:13:02.550000,00:13:02.560000,if you don't have money greater than,dont money greater,6,Conclusion
00:13:02.560000,00:13:05.110000,if you don't have money greater than 1000 rupees you don't need to check your,dont money greater 1000 rupees dont need check,6,Conclusion
00:13:05.110000,00:13:05.120000,1000 rupees you don't need to check your,1000 rupees dont need check,6,Conclusion
00:13:05.120000,00:13:07.750000,1000 rupees you don't need to check your partner age,1000 rupees dont need check partner age,6,Conclusion
00:13:07.750000,00:13:07.760000,partner age,partner age,3,Transitions
00:13:07.760000,00:13:08.790000,partner age right,partner age right,2,Context Setting
00:13:08.790000,00:13:08.800000,right,right,2,Context Setting
00:13:08.800000,00:13:11.670000,right if below thousand then you can have only,right thousand,2,Context Setting
00:13:11.670000,00:13:11.680000,if below thousand then you can have only,thousand,4,Recap
00:13:11.680000,00:13:15.430000,if below thousand then you can have only coffee in ccd or any normal show right,thousand coffee ccd normal show right,4,Recap
00:13:15.430000,00:13:15.440000,coffee in ccd or any normal show right,coffee ccd normal show right,4,Recap
00:13:15.440000,00:13:17.030000,coffee in ccd or any normal show right if more than thousand then only the,coffee ccd normal show right thousand,4,Recap
00:13:17.030000,00:13:17.040000,if more than thousand then only the,thousand,4,Recap
00:13:17.040000,00:13:18.710000,if more than thousand then only the dependent condition is what you have to,thousand dependent condition,3,Transitions
00:13:18.710000,00:13:18.720000,dependent condition is what you have to,dependent condition,3,Transitions
00:13:18.720000,00:13:21.350000,dependent condition is what you have to check the partner age for that,dependent condition check partner age,3,Transitions
00:13:21.350000,00:13:21.360000,check the partner age for that,check partner age,3,Transitions
00:13:21.360000,00:13:23.509000,check the partner age for that this for this inner if condition,check partner age inner condition,3,Transitions
00:13:23.509000,00:13:23.519000,this for this inner if condition,inner condition,3,Transitions
00:13:23.519000,00:13:25.350000,this for this inner if condition for execution of this inner if this,inner condition execution inner,3,Transitions
00:13:25.350000,00:13:25.360000,for execution of this inner if this,execution inner,6,Conclusion
00:13:25.360000,00:13:27.990000,for execution of this inner if this outright must be true,execution inner outright must true,3,Transitions
00:13:27.990000,00:13:28,outright must be true,outright must true,3,Transitions
00:13:28,00:13:29.190000,outright must be true right,outright must true right,2,Context Setting
00:13:29.190000,00:13:29.200000,right,right,2,Context Setting
00:13:29.200000,00:13:30.949000,right before checking the partner age your,right checking partner age,2,Context Setting
00:13:30.949000,00:13:30.959000,before checking the partner age your,checking partner age,3,Transitions
00:13:30.959000,00:13:33.430000,before checking the partner age your money you have more than thousand rupees,checking partner age money thousand rupees,4,Recap
00:13:33.430000,00:13:33.440000,money you have more than thousand rupees,money thousand rupees,4,Recap
00:13:33.440000,00:13:34.629000,money you have more than thousand rupees in your pocket,money thousand rupees pocket,4,Recap
00:13:34.629000,00:13:34.639000,in your pocket,pocket,6,Conclusion
00:13:34.639000,00:13:35.509000,in your pocket right,pocket right,2,Context Setting
00:13:35.509000,00:13:35.519000,right,right,2,Context Setting
00:13:35.519000,00:13:36.310000,right now,right,2,Context Setting
00:13:36.310000,00:13:36.320000,now,,6,Conclusion
00:13:36.320000,00:13:38.230000,now say i think you can do,say think,6,Conclusion
00:13:38.230000,00:13:38.240000,say i think you can do,say think,6,Conclusion
00:13:38.240000,00:13:41.030000,say i think you can do an example with nested of nested if,say think example nested nested,0,Introduction
00:13:41.030000,00:13:41.040000,an example with nested of nested if,example nested nested,0,Introduction
00:13:41.040000,00:13:43.990000,an example with nested of nested if rather than if else right,example nested nested rather else right,0,Introduction
00:13:43.990000,00:13:44,rather than if else right,rather else right,2,Context Setting
00:13:44,00:13:46.870000,rather than if else right so if if you know we are not writing any,rather else right know writing,2,Context Setting
00:13:46.870000,00:13:46.880000,so if if you know we are not writing any,know writing,6,Conclusion
00:13:46.880000,00:13:50.150000,so if if you know we are not writing any else statement if and if only if and if,know writing else statement,6,Conclusion
00:13:50.150000,00:13:50.160000,else statement if and if only if and if,else statement,6,Conclusion
00:13:50.160000,00:13:52.790000,else statement if and if only if and if and after that the just close no else,else statement close else,2,Context Setting
00:13:52.790000,00:13:52.800000,and after that the just close no else,close else,2,Context Setting
00:13:52.800000,00:13:54.710000,and after that the just close no else and else part yesterday that is,close else else part yesterday,2,Context Setting
00:13:54.710000,00:13:54.720000,and else part yesterday that is,else part yesterday,2,Context Setting
00:13:54.720000,00:13:56.150000,and else part yesterday that is yesterday,else part yesterday yesterday,6,Conclusion
00:13:56.150000,00:13:56.160000,yesterday,yesterday,6,Conclusion
00:13:56.160000,00:13:58.069000,yesterday so now how you can do this thing this is,yesterday thing,1,Step-by-Step Instruction
00:13:58.069000,00:13:58.079000,so now how you can do this thing this is,thing,1,Step-by-Step Instruction
00:13:58.079000,00:14:00.150000,so now how you can do this thing this is your your assignment you have to do this,thing assignment,1,Step-by-Step Instruction
00:14:00.150000,00:14:00.160000,your your assignment you have to do this,assignment,6,Conclusion
00:14:00.160000,00:14:02.710000,your your assignment you have to do this program with the help of nested a phone,assignment program help nested phone,0,Introduction
00:14:02.710000,00:14:02.720000,program with the help of nested a phone,program help nested phone,0,Introduction
00:14:02.720000,00:14:04.230000,program with the help of nested a phone right like if money greater than,program help nested phone right like money greater,0,Introduction
00:14:04.230000,00:14:04.240000,right like if money greater than,right like money greater,2,Context Setting
00:14:04.240000,00:14:05.990000,right like if money greater than thousand then if partner is greater than,right like money greater thousand partner greater,4,Recap
00:14:05.990000,00:14:06,thousand then if partner is greater than,thousand partner greater,4,Recap
00:14:06,00:14:08.949000,thousand then if partner is greater than this then let's have this let's have,thousand partner greater lets lets,4,Recap
00:14:08.949000,00:14:08.959000,this then let's have this let's have,lets lets,4,Recap
00:14:08.959000,00:14:11.189000,this then let's have this let's have this thing no else part,lets lets thing else part,4,Recap
00:14:11.189000,00:14:11.199000,this thing no else part,thing else part,1,Step-by-Step Instruction
00:14:11.199000,00:14:13.430000,this thing no else part or three nested if also you can do,thing else part three nested also,1,Step-by-Step Instruction
00:14:13.430000,00:14:13.440000,or three nested if also you can do,three nested also,0,Introduction
00:14:13.440000,00:14:15.269000,or three nested if also you can do three or four nested it,three nested also three four nested,0,Introduction
00:14:15.269000,00:14:15.279000,three or four nested it,three four nested,0,Introduction
00:14:15.279000,00:14:16.949000,three or four nested it right it's not like that you have to,three four nested right like,0,Introduction
00:14:16.949000,00:14:16.959000,right it's not like that you have to,right like,2,Context Setting
00:14:16.959000,00:14:18.310000,right it's not like that you have to take this example only you can take,right like take example take,6,Conclusion
00:14:18.310000,00:14:18.320000,take this example only you can take,take example take,6,Conclusion
00:14:18.320000,00:14:20.230000,take this example only you can take another example also according to that,take example take another example also according,6,Conclusion
00:14:20.230000,00:14:20.240000,another example also according to that,another example also according,6,Conclusion
00:14:20.240000,00:14:21.110000,another example also according to that you can,another example also according,6,Conclusion
00:14:21.110000,00:14:21.120000,you can,,6,Conclusion
00:14:21.120000,00:14:22.870000,you can do your program but you have to practice,program practice,6,Conclusion
00:14:22.870000,00:14:22.880000,do your program but you have to practice,program practice,6,Conclusion
00:14:22.880000,00:14:24.629000,do your program but you have to practice this thing instead of if i hope you can,program practice thing instead hope,1,Step-by-Step Instruction
00:14:24.629000,00:14:24.639000,this thing instead of if i hope you can,thing instead hope,1,Step-by-Step Instruction
00:14:24.639000,00:14:26.310000,this thing instead of if i hope you can do this now now,thing instead hope,1,Step-by-Step Instruction
00:14:26.310000,00:14:26.320000,do this now now,,6,Conclusion
00:14:26.320000,00:14:27.910000,do this now now rather than you rather than using this,rather rather using,6,Conclusion
00:14:27.910000,00:14:27.920000,rather than you rather than using this,rather rather using,6,Conclusion
00:14:27.920000,00:14:30.069000,rather than you rather than using this nested if what you can use you can use a,rather rather using nested use use,0,Introduction
00:14:30.069000,00:14:30.079000,nested if what you can use you can use a,nested use use,0,Introduction
00:14:30.079000,00:14:33.189000,nested if what you can use you can use a logical land operator,nested use use logical land operator,0,Introduction
00:14:33.189000,00:14:33.199000,logical land operator,logical land operator,6,Conclusion
00:14:33.199000,00:14:36.790000,logical land operator see if go to supermarket and,logical land operator see go supermarket,6,Conclusion
00:14:36.790000,00:14:36.800000,see if go to supermarket and,see go supermarket,6,Conclusion
00:14:36.800000,00:14:38.550000,see if go to supermarket and orange is available,see go supermarket orange available,6,Conclusion
00:14:38.550000,00:14:38.560000,orange is available,orange available,6,Conclusion
00:14:38.560000,00:14:39.509000,orange is available and,orange available,6,Conclusion
00:14:39.509000,00:14:39.519000,and,,6,Conclusion
00:14:39.519000,00:14:42.069000,and good orange is available then buy,good orange available buy,6,Conclusion
00:14:42.069000,00:14:42.079000,good orange is available then buy,good orange available buy,6,Conclusion
00:14:42.079000,00:14:45.189000,good orange is available then buy that's it within a single if statement,good orange available buy thats within single statement,6,Conclusion
00:14:45.189000,00:14:45.199000,that's it within a single if statement,thats within single statement,6,Conclusion
00:14:45.199000,00:14:47.110000,that's it within a single if statement you can write down all the three two you,thats within single statement write three two,6,Conclusion
00:14:47.110000,00:14:47.120000,you can write down all the three two you,write three two,6,Conclusion
00:14:47.120000,00:14:49.350000,you can write down all the three two you know three four five conditions,write three two know three four five conditions,6,Conclusion
00:14:49.350000,00:14:49.360000,know three four five conditions,know three four five conditions,6,Conclusion
00:14:49.360000,00:14:50.790000,know three four five conditions so to check these more than one,know three four five conditions check one,6,Conclusion
00:14:50.790000,00:14:50.800000,so to check these more than one,check one,6,Conclusion
00:14:50.800000,00:14:52.310000,so to check these more than one condition which are dependent on each,check one condition dependent,3,Transitions
00:14:52.310000,00:14:52.320000,condition which are dependent on each,condition dependent,3,Transitions
00:14:52.320000,00:14:54.389000,condition which are dependent on each other you can use logical and operators,condition dependent use logical operators,3,Transitions
00:14:54.389000,00:14:54.399000,other you can use logical and operators,use logical operators,0,Introduction
00:14:54.399000,00:14:56.710000,other you can use logical and operators simple i have already discussed a video,use logical operators simple already discussed video,6,Conclusion
00:14:56.710000,00:14:56.720000,simple i have already discussed a video,simple already discussed video,6,Conclusion
00:14:56.720000,00:14:58.550000,simple i have already discussed a video in this like operator what is logical,simple already discussed video like operator logical,6,Conclusion
00:14:58.550000,00:14:58.560000,in this like operator what is logical,like operator logical,6,Conclusion
00:14:58.560000,00:15:00.470000,in this like operator what is logical and how to use this so you can try out,like operator logical use try,0,Introduction
00:15:00.470000,00:15:00.480000,and how to use this so you can try out,use try,0,Introduction
00:15:00.480000,00:15:02.310000,and how to use this so you can try out this thing with your own rather than,use try thing rather,1,Step-by-Step Instruction
00:15:02.310000,00:15:02.320000,this thing with your own rather than,thing rather,1,Step-by-Step Instruction
00:15:02.320000,00:15:04.629000,this thing with your own rather than using nested if first of all try to,thing rather using nested first try,1,Step-by-Step Instruction
00:15:04.629000,00:15:04.639000,using nested if first of all try to,using nested first try,0,Introduction
00:15:04.639000,00:15:07.030000,using nested if first of all try to write a program to you know,using nested first try write program know,0,Introduction
00:15:07.030000,00:15:07.040000,write a program to you know,write program know,6,Conclusion
00:15:07.040000,00:15:08.949000,write a program to you know uh using yesterday,write program know uh using yesterday,6,Conclusion
00:15:08.949000,00:15:08.959000,uh using yesterday,uh using yesterday,6,Conclusion
00:15:08.959000,00:15:09.910000,uh using yesterday then,uh using yesterday,6,Conclusion
00:15:09.910000,00:15:09.920000,then,,6,Conclusion
00:15:09.920000,00:15:11.590000,then do that program write that program,program write program,6,Conclusion
00:15:11.590000,00:15:11.600000,do that program write that program,program write program,6,Conclusion
00:15:11.600000,00:15:13.110000,do that program write that program without necessarily,program write program without necessarily,6,Conclusion
00:15:13.110000,00:15:13.120000,without necessarily,without necessarily,6,Conclusion
00:15:13.120000,00:15:14.629000,without necessarily with the help of single if statement and,without necessarily help single statement,6,Conclusion
00:15:14.629000,00:15:14.639000,with the help of single if statement and,help single statement,6,Conclusion
00:15:14.639000,00:15:16.790000,with the help of single if statement and use logical and operator,help single statement use logical operator,6,Conclusion
00:15:16.790000,00:15:16.800000,use logical and operator,use logical operator,0,Introduction
00:15:16.800000,00:15:20.069000,use logical and operator right like if you go to supermarket and,use logical operator right like go supermarket,6,Conclusion
00:15:20.069000,00:15:20.079000,right like if you go to supermarket and,right like go supermarket,2,Context Setting
00:15:20.079000,00:15:21.670000,right like if you go to supermarket and apple available both the conditions are,right like go supermarket apple available conditions,6,Conclusion
00:15:21.670000,00:15:21.680000,apple available both the conditions are,apple available conditions,6,Conclusion
00:15:21.680000,00:15:23.910000,apple available both the conditions are true then only you can buy,apple available conditions true buy,6,Conclusion
00:15:23.910000,00:15:23.920000,true then only you can buy,true buy,3,Transitions
00:15:23.920000,00:15:25.750000,true then only you can buy same thing,true buy thing,1,Step-by-Step Instruction
00:15:25.750000,00:15:25.760000,same thing,thing,1,Step-by-Step Instruction
00:15:25.760000,00:15:27.269000,same thing in yesterday false you can do if go to,thing yesterday false go,1,Step-by-Step Instruction
00:15:27.269000,00:15:27.279000,in yesterday false you can do if go to,yesterday false go,6,Conclusion
00:15:27.279000,00:15:29.509000,in yesterday false you can do if go to supermarket within that more if if,yesterday false go supermarket within,6,Conclusion
00:15:29.509000,00:15:29.519000,supermarket within that more if if,supermarket within,6,Conclusion
00:15:29.519000,00:15:32.150000,supermarket within that more if if orange is available then buy same thing,supermarket within orange available buy thing,1,Step-by-Step Instruction
00:15:32.150000,00:15:32.160000,orange is available then buy same thing,orange available buy thing,1,Step-by-Step Instruction
00:15:32.160000,00:15:33.189000,orange is available then buy same thing right,orange available buy thing right,1,Step-by-Step Instruction
00:15:33.189000,00:15:33.199000,right,right,2,Context Setting
00:15:33.199000,00:15:35.189000,right i hope you go to this point so let's you,right hope go point lets,4,Recap
00:15:35.189000,00:15:35.199000,i hope you go to this point so let's you,hope go point lets,4,Recap
00:15:35.199000,00:15:37.189000,i hope you go to this point so let's you have to try this program at your own,hope go point lets try program,4,Recap
00:15:37.189000,00:15:37.199000,have to try this program at your own,try program,6,Conclusion
00:15:37.199000,00:15:39.269000,have to try this program at your own right so in the next video we'll see,try program right next video well see,6,Conclusion
00:15:39.269000,00:15:39.279000,right so in the next video we'll see,right next video well see,6,Conclusion
00:15:39.279000,00:15:41.430000,right so in the next video we'll see switch case statements so answer the,right next video well see switch case statements answer,6,Conclusion
00:15:41.430000,00:15:41.440000,switch case statements so answer the,switch case statements answer,6,Conclusion
00:15:41.440000,00:15:45.800000,switch case statements so answer the next video till then bye take care,switch case statements answer next video till bye take care,6,Conclusion
