Start Time,End Time,Text,Cleaned Text,Cluster,Workflow Step
00:00:01.990000,00:00:02,so in the series of learning c plus plus,series learning c plus plus,1,Step-by-Step Instruction
00:00:02,00:00:03.429000,so in the series of learning c plus plus programming language we are discussing,series learning c plus plus programming language discussing,1,Step-by-Step Instruction
00:00:03.429000,00:00:03.439000,programming language we are discussing,programming language discussing,0,Introduction
00:00:03.439000,00:00:05.590000,programming language we are discussing loops in c plus plus we have discussed,programming language discussing loops c plus plus discussed,1,Step-by-Step Instruction
00:00:05.590000,00:00:05.600000,loops in c plus plus we have discussed,loops c plus plus discussed,1,Step-by-Step Instruction
00:00:05.600000,00:00:07.510000,loops in c plus plus we have discussed uh till now for loop,loops c plus plus discussed uh till loop,1,Step-by-Step Instruction
00:00:07.510000,00:00:07.520000,uh till now for loop,uh till loop,3,Transitions
00:00:07.520000,00:00:09.589000,uh till now for loop okay everything about for loop we have,uh till loop okay everything loop,3,Transitions
00:00:09.589000,00:00:09.599000,okay everything about for loop we have,okay everything loop,3,Transitions
00:00:09.599000,00:00:12.150000,okay everything about for loop we have discussed so let's see a program it's,okay everything loop discussed lets see program,3,Transitions
00:00:12.150000,00:00:12.160000,discussed so let's see a program it's,discussed lets see program,4,Recap
00:00:12.160000,00:00:13.669000,discussed so let's see a program it's you can say it's a coding exercise for,discussed lets see program say coding exercise,4,Recap
00:00:13.669000,00:00:13.679000,you can say it's a coding exercise for,say coding exercise,0,Introduction
00:00:13.679000,00:00:14.950000,you can say it's a coding exercise for you guys,say coding exercise guys,0,Introduction
00:00:14.950000,00:00:14.960000,you guys,guys,0,Introduction
00:00:14.960000,00:00:16.950000,you guys using for loop now you have to write,guys using loop write,3,Transitions
00:00:16.950000,00:00:16.960000,using for loop now you have to write,using loop write,3,Transitions
00:00:16.960000,00:00:19.029000,using for loop now you have to write down a program to find out or to,using loop write program find,3,Transitions
00:00:19.029000,00:00:19.039000,down a program to find out or to,program find,4,Recap
00:00:19.039000,00:00:21.109000,down a program to find out or to calculate sum of,program find calculate sum,2,Context Setting
00:00:21.109000,00:00:21.119000,calculate sum of,calculate sum,2,Context Setting
00:00:21.119000,00:00:22.870000,calculate sum of four integers,calculate sum four integers,2,Context Setting
00:00:22.870000,00:00:22.880000,four integers,four integers,3,Transitions
00:00:22.880000,00:00:23.750000,four integers from,four integers,3,Transitions
00:00:23.750000,00:00:23.760000,from,,0,Introduction
00:00:23.760000,00:00:25.269000,from 1 to 15,1 15,4,Recap
00:00:25.269000,00:00:25.279000,1 to 15,1 15,4,Recap
00:00:25.279000,00:00:27.910000,1 to 15 and 1 and 15 both are included means,1 15 1 15 included means,4,Recap
00:00:27.910000,00:00:27.920000,and 1 and 15 both are included means,1 15 included means,4,Recap
00:00:27.920000,00:00:30.070000,and 1 and 15 both are included means inclusive,1 15 included means inclusive,4,Recap
00:00:30.070000,00:00:30.080000,inclusive,inclusive,0,Introduction
00:00:30.080000,00:00:31.830000,inclusive using for loop you have to write down,inclusive using loop write,3,Transitions
00:00:31.830000,00:00:31.840000,using for loop you have to write down,using loop write,3,Transitions
00:00:31.840000,00:00:34.389000,using for loop you have to write down this program okay now let's pause the,using loop write program okay lets pause,3,Transitions
00:00:34.389000,00:00:34.399000,this program okay now let's pause the,program okay lets pause,4,Recap
00:00:34.399000,00:00:36.229000,this program okay now let's pause the video we'll see the solution also in,program okay lets pause video well see solution also,0,Introduction
00:00:36.229000,00:00:36.239000,video we'll see the solution also in,video well see solution also,0,Introduction
00:00:36.239000,00:00:37.670000,video we'll see the solution also in this video explain i'll explain the,video well see solution also video explain ill explain,0,Introduction
00:00:37.670000,00:00:37.680000,this video explain i'll explain the,video explain ill explain,0,Introduction
00:00:37.680000,00:00:39.910000,this video explain i'll explain the solution step by step,video explain ill explain solution step step,0,Introduction
00:00:39.910000,00:00:39.920000,solution step by step,solution step step,0,Introduction
00:00:39.920000,00:00:40.630000,solution step by step but,solution step step,0,Introduction
00:00:40.630000,00:00:40.640000,but,,0,Introduction
00:00:40.640000,00:00:43.270000,but uh first you try out pause the video and,uh first try pause video,0,Introduction
00:00:43.270000,00:00:43.280000,uh first you try out pause the video and,uh first try pause video,0,Introduction
00:00:43.280000,00:00:47.830000,uh first you try out pause the video and try this out so let's create a new file,uh first try pause video try lets create new file,0,Introduction
00:00:47.830000,00:00:47.840000,try this out so let's create a new file,try lets create new file,0,Introduction
00:00:47.840000,00:00:50.790000,try this out so let's create a new file we can say,try lets create new file say,0,Introduction
00:00:55.830000,00:00:55.840000,for loop,loop,3,Transitions
00:00:55.840000,00:00:58.229000,for loop okay,loop okay,3,Transitions
00:00:58.229000,00:00:58.239000,okay,okay,0,Introduction
00:00:58.239000,00:01:01.590000,okay dot cpp,okay dot cpp,0,Introduction
00:01:03.750000,00:01:03.760000,first thing is you have to include,first thing include,0,Introduction
00:01:03.760000,00:01:06.230000,first thing is you have to include header io stream,first thing include header io stream,0,Introduction
00:01:06.230000,00:01:06.240000,header io stream,header io stream,0,Introduction
00:01:06.240000,00:01:09.429000,header io stream then,header io stream,0,Introduction
00:01:10.830000,00:01:10.840000,using,using,0,Introduction
00:01:10.840000,00:01:14.950000,using namespace std,using namespace std,0,Introduction
00:01:17.109000,00:01:17.119000,and then we'll write down,well write,0,Introduction
00:01:17.119000,00:01:19.350000,and then we'll write down main,well write main,0,Introduction
00:01:19.350000,00:01:19.360000,main,main,0,Introduction
00:01:19.360000,00:01:21.270000,main hint main,main hint main,0,Introduction
00:01:21.270000,00:01:21.280000,hint main,hint main,0,Introduction
00:01:21.280000,00:01:23.350000,hint main here we will take two variable into i,hint main take two variable,0,Introduction
00:01:23.350000,00:01:23.360000,here we will take two variable into i,take two variable,0,Introduction
00:01:23.360000,00:01:25.590000,here we will take two variable into i and sum sum i'm going to initialize it,take two variable sum sum im going initialize,2,Context Setting
00:01:25.590000,00:01:25.600000,and sum sum i'm going to initialize it,sum sum im going initialize,2,Context Setting
00:01:25.600000,00:01:27.030000,and sum sum i'm going to initialize it with 0,sum sum im going initialize 0,2,Context Setting
00:01:27.030000,00:01:27.040000,with 0,0,0,Introduction
00:01:27.040000,00:01:28.789000,with 0 okay why so because if you don't,0 okay dont,0,Introduction
00:01:28.789000,00:01:28.799000,okay why so because if you don't,okay dont,0,Introduction
00:01:28.799000,00:01:30.310000,okay why so because if you don't initialize this sum,okay dont initialize sum,2,Context Setting
00:01:30.310000,00:01:30.320000,initialize this sum,initialize sum,2,Context Setting
00:01:30.320000,00:01:32.630000,initialize this sum then it will take any garbage value and,initialize sum take garbage value,2,Context Setting
00:01:32.630000,00:01:32.640000,then it will take any garbage value and,take garbage value,0,Introduction
00:01:32.640000,00:01:34.950000,then it will take any garbage value and whenever we will do some of,take garbage value whenever,0,Introduction
00:01:34.950000,00:01:34.960000,whenever we will do some of,whenever,0,Introduction
00:01:34.960000,00:01:37.109000,whenever we will do some of the when you will add in this,whenever add,0,Introduction
00:01:37.109000,00:01:37.119000,the when you will add in this,add,0,Introduction
00:01:37.119000,00:01:38.710000,the when you will add in this sum variable then maybe it will give,add sum variable maybe give,2,Context Setting
00:01:38.710000,00:01:38.720000,sum variable then maybe it will give,sum variable maybe give,2,Context Setting
00:01:38.720000,00:01:40.310000,sum variable then maybe it will give some unexpected results so better to,sum variable maybe give unexpected results better,0,Introduction
00:01:40.310000,00:01:40.320000,some unexpected results so better to,unexpected results better,0,Introduction
00:01:40.320000,00:01:42.710000,some unexpected results so better to initialize the variables,unexpected results better initialize variables,0,Introduction
00:01:42.710000,00:01:42.720000,initialize the variables,initialize variables,0,Introduction
00:01:42.720000,00:01:44.630000,initialize the variables proper initialization,initialize variables proper initialization,0,Introduction
00:01:44.630000,00:01:44.640000,proper initialization,proper initialization,0,Introduction
00:01:44.640000,00:01:46.789000,proper initialization now in for loop,proper initialization loop,3,Transitions
00:01:46.789000,00:01:46.799000,now in for loop,loop,3,Transitions
00:01:46.799000,00:01:48.870000,now in for loop we have to do we have to iterate the,loop iterate,3,Transitions
00:01:48.870000,00:01:48.880000,we have to do we have to iterate the,iterate,0,Introduction
00:01:48.880000,00:01:51.990000,we have to do we have to iterate the thing this thing from 1 to 15,iterate thing thing 1 15,4,Recap
00:01:51.990000,00:01:52,thing this thing from 1 to 15,thing thing 1 15,4,Recap
00:01:52,00:01:54.550000,thing this thing from 1 to 15 and from 1 to 15 also we will we have to,thing thing 1 15 1 15 also,4,Recap
00:01:54.550000,00:01:54.560000,and from 1 to 15 also we will we have to,1 15 also,4,Recap
00:01:54.560000,00:01:56.709000,and from 1 to 15 also we will we have to find out code integers only so you have,1 15 also find code integers,4,Recap
00:01:56.709000,00:01:56.719000,find out code integers only so you have,find code integers,0,Introduction
00:01:56.719000,00:01:59.109000,find out code integers only so you have to put extra condition also so first,find code integers put extra condition also first,0,Introduction
00:01:59.109000,00:01:59.119000,to put extra condition also so first,put extra condition also first,0,Introduction
00:01:59.119000,00:02:01.429000,to put extra condition also so first iterator loop from 1,put extra condition also first iterator loop 1,3,Transitions
00:02:01.429000,00:02:01.439000,iterator loop from 1,iterator loop 1,3,Transitions
00:02:01.439000,00:02:04.230000,iterator loop from 1 condition is less than equal to 15 equal,iterator loop 1 condition less equal 15 equal,3,Transitions
00:02:04.230000,00:02:04.240000,condition is less than equal to 15 equal,condition less equal 15 equal,6,Conclusion
00:02:04.240000,00:02:06.870000,condition is less than equal to 15 equal to 15 because it is inclusive,condition less equal 15 equal 15 inclusive,4,Recap
00:02:06.870000,00:02:06.880000,to 15 because it is inclusive,15 inclusive,4,Recap
00:02:06.880000,00:02:08.550000,to 15 because it is inclusive and then one by one we are going to,15 inclusive one one going,4,Recap
00:02:08.550000,00:02:08.560000,and then one by one we are going to,one one going,0,Introduction
00:02:08.560000,00:02:09.749000,and then one by one we are going to increment,one one going increment,0,Introduction
00:02:09.749000,00:02:09.759000,increment,increment,0,Introduction
00:02:09.759000,00:02:11.670000,increment now check,increment check,0,Introduction
00:02:11.670000,00:02:11.680000,now check,check,0,Introduction
00:02:11.680000,00:02:13.430000,now check the number is odor even because we have,check number odor even,5,Practical Application
00:02:13.430000,00:02:13.440000,the number is odor even because we have,number odor even,5,Practical Application
00:02:13.440000,00:02:14.949000,the number is odor even because we have to do some of odd,number odor even odd,5,Practical Application
00:02:14.949000,00:02:14.959000,to do some of odd,odd,0,Introduction
00:02:14.959000,00:02:17.589000,to do some of odd numbers only how to find out,odd numbers find,0,Introduction
00:02:17.589000,00:02:17.599000,numbers only how to find out,numbers find,0,Introduction
00:02:17.599000,00:02:19.110000,numbers only how to find out if you divide a number by two and the,numbers find divide number two,5,Practical Application
00:02:19.110000,00:02:19.120000,if you divide a number by two and the,divide number two,5,Practical Application
00:02:19.120000,00:02:20.869000,if you divide a number by two and the remainder is zero then it would be even,divide number two remainder zero would even,5,Practical Application
00:02:20.869000,00:02:20.879000,remainder is zero then it would be even,remainder zero would even,5,Practical Application
00:02:20.879000,00:02:23.030000,remainder is zero then it would be even number if the remainder is not 0 it,remainder zero would even number remainder 0,5,Practical Application
00:02:23.030000,00:02:23.040000,number if the remainder is not 0 it,number remainder 0,5,Practical Application
00:02:23.040000,00:02:25.670000,number if the remainder is not 0 it means it would be odd number so same you,number remainder 0 means would odd number,5,Practical Application
00:02:25.670000,00:02:25.680000,means it would be odd number so same you,means would odd number,5,Practical Application
00:02:25.680000,00:02:27.670000,means it would be odd number so same you can put how to find out remainder using,means would odd number put find remainder using,5,Practical Application
00:02:27.670000,00:02:27.680000,can put how to find out remainder using,put find remainder using,0,Introduction
00:02:27.680000,00:02:29.910000,can put how to find out remainder using a operator modulo,put find remainder using operator modulo,0,Introduction
00:02:29.910000,00:02:29.920000,a operator modulo,operator modulo,0,Introduction
00:02:29.920000,00:02:31.910000,a operator modulo i hope you know the working of model,operator modulo hope know working model,0,Introduction
00:02:31.910000,00:02:31.920000,i hope you know the working of model,hope know working model,0,Introduction
00:02:31.920000,00:02:33.509000,i hope you know the working of model operator if you don't know then i we,hope know working model operator dont know,0,Introduction
00:02:33.509000,00:02:33.519000,operator if you don't know then i we,operator dont know,0,Introduction
00:02:33.519000,00:02:35.190000,operator if you don't know then i we have discussed about these operators in,operator dont know discussed operators,0,Introduction
00:02:35.190000,00:02:35.200000,have discussed about these operators in,discussed operators,0,Introduction
00:02:35.200000,00:02:36.550000,have discussed about these operators in the previous lecture so you can check,discussed operators previous lecture check,0,Introduction
00:02:36.550000,00:02:36.560000,the previous lecture so you can check,previous lecture check,0,Introduction
00:02:36.560000,00:02:38.229000,the previous lecture so you can check out the playlist,previous lecture check playlist,0,Introduction
00:02:38.229000,00:02:38.239000,out the playlist,playlist,0,Introduction
00:02:38.239000,00:02:39.670000,out the playlist so if,playlist,0,Introduction
00:02:39.670000,00:02:39.680000,so if,,0,Introduction
00:02:39.680000,00:02:42.309000,so if this number i,number,5,Practical Application
00:02:42.309000,00:02:42.319000,this number i,number,5,Practical Application
00:02:42.319000,00:02:43.110000,this number i and,number,5,Practical Application
00:02:43.110000,00:02:43.120000,and,,0,Introduction
00:02:43.120000,00:02:44.309000,and mode,mode,0,Introduction
00:02:44.309000,00:02:44.319000,mode,mode,0,Introduction
00:02:44.319000,00:02:46.309000,mode 2,mode 2,0,Introduction
00:02:46.309000,00:02:46.319000,2,2,0,Introduction
00:02:46.319000,00:02:48.949000,2 not equal to 0 exclamation mark and,2 equal 0 exclamation mark,3,Transitions
00:02:48.949000,00:02:48.959000,not equal to 0 exclamation mark and,equal 0 exclamation mark,3,Transitions
00:02:48.959000,00:02:52.550000,not equal to 0 exclamation mark and equal to this is what not equal to zero,equal 0 exclamation mark equal equal zero,3,Transitions
00:02:52.550000,00:02:52.560000,equal to this is what not equal to zero,equal equal zero,3,Transitions
00:02:52.560000,00:02:53.430000,equal to this is what not equal to zero if,equal equal zero,3,Transitions
00:02:53.430000,00:02:53.440000,if,,0,Introduction
00:02:53.440000,00:02:54.710000,if the condition is true this condition is,condition true condition,6,Conclusion
00:02:54.710000,00:02:54.720000,the condition is true this condition is,condition true condition,6,Conclusion
00:02:54.720000,00:02:57.589000,the condition is true this condition is true means the number is ode now do sum,condition true condition true means number ode sum,6,Conclusion
00:02:57.589000,00:02:57.599000,true means the number is ode now do sum,true means number ode sum,2,Context Setting
00:02:57.599000,00:02:58.949000,true means the number is ode now do sum so what we will do,true means number ode sum,2,Context Setting
00:02:58.949000,00:02:58.959000,so what we will do,,0,Introduction
00:02:58.959000,00:03:02.949000,so what we will do in sum we will do sum plus,sum sum plus,2,Context Setting
00:03:02.949000,00:03:02.959000,in sum we will do sum plus,sum sum plus,2,Context Setting
00:03:02.959000,00:03:05.990000,in sum we will do sum plus i the number,sum sum plus number,2,Context Setting
00:03:05.990000,00:03:06,i the number,number,5,Practical Application
00:03:06,00:03:07.910000,i the number you will update the sum,number update sum,2,Context Setting
00:03:07.910000,00:03:07.920000,you will update the sum,update sum,2,Context Setting
00:03:07.920000,00:03:10.309000,you will update the sum as soon as you find out number just add,update sum soon find number add,5,Practical Application
00:03:10.309000,00:03:10.319000,as soon as you find out number just add,soon find number add,5,Practical Application
00:03:10.319000,00:03:11.990000,as soon as you find out number just add it to the previous sum,soon find number add previous sum,5,Practical Application
00:03:11.990000,00:03:12,it to the previous sum,previous sum,2,Context Setting
00:03:12,00:03:13.830000,it to the previous sum once you find out whole number again you,previous sum find whole number,5,Practical Application
00:03:13.830000,00:03:13.840000,once you find out whole number again you,find whole number,5,Practical Application
00:03:13.840000,00:03:15.830000,once you find out whole number again you find out number again add some if the,find whole number find number add,5,Practical Application
00:03:15.830000,00:03:15.840000,find out number again add some if the,find number add,5,Practical Application
00:03:15.840000,00:03:19.110000,find out number again add some if the number is even just skip this part,find number add number even skip part,5,Practical Application
00:03:19.110000,00:03:19.120000,number is even just skip this part,number even skip part,5,Practical Application
00:03:19.120000,00:03:21.030000,number is even just skip this part and just do i plus plus,number even skip part plus plus,1,Step-by-Step Instruction
00:03:21.030000,00:03:21.040000,and just do i plus plus,plus plus,1,Step-by-Step Instruction
00:03:21.040000,00:03:21.910000,and just do i plus plus okay,plus plus okay,1,Step-by-Step Instruction
00:03:21.910000,00:03:21.920000,okay,okay,0,Introduction
00:03:21.920000,00:03:23.750000,okay now after,okay,0,Introduction
00:03:23.750000,00:03:23.760000,now after,,0,Introduction
00:03:23.760000,00:03:26.869000,now after this for loop just print,loop print,3,Transitions
00:03:26.869000,00:03:26.879000,this for loop just print,loop print,3,Transitions
00:03:26.879000,00:03:27.990000,this for loop just print sum,loop print sum,2,Context Setting
00:03:27.990000,00:03:28,sum,sum,2,Context Setting
00:03:28,00:03:30.550000,sum sum equal to we are going to,sum sum equal going,2,Context Setting
00:03:30.550000,00:03:30.560000,sum equal to we are going to,sum equal going,2,Context Setting
00:03:30.560000,00:03:31.830000,sum equal to we are going to print,sum equal going print,2,Context Setting
00:03:31.830000,00:03:31.840000,print,print,0,Introduction
00:03:31.840000,00:03:34.309000,print in a variable name sum we have,print variable name sum,2,Context Setting
00:03:34.309000,00:03:34.319000,in a variable name sum we have,variable name sum,2,Context Setting
00:03:34.319000,00:03:35.990000,in a variable name sum we have so just,variable name sum,2,Context Setting
00:03:35.990000,00:03:36,so just,,0,Introduction
00:03:36,00:03:38.149000,so just use that variable to print,use variable print,0,Introduction
00:03:38.149000,00:03:38.159000,use that variable to print,use variable print,0,Introduction
00:03:38.159000,00:03:39.830000,use that variable to print and successfully,use variable print successfully,0,Introduction
00:03:39.830000,00:03:39.840000,and successfully,successfully,0,Introduction
00:03:39.840000,00:03:41.750000,and successfully the program will be successful then just,successfully program successful,4,Recap
00:03:41.750000,00:03:41.760000,the program will be successful then just,program successful,4,Recap
00:03:41.760000,00:03:43.030000,the program will be successful then just return 0,program successful return 0,4,Recap
00:03:43.030000,00:03:43.040000,return 0,return 0,0,Introduction
00:03:43.040000,00:03:45.910000,return 0 okay it means program return 0 means,return 0 okay means program return 0 means,4,Recap
00:03:45.910000,00:03:45.920000,okay it means program return 0 means,okay means program return 0 means,4,Recap
00:03:45.920000,00:03:49.910000,okay it means program return 0 means successfully terminated the program okay,okay means program return 0 means successfully terminated program okay,4,Recap
00:03:49.910000,00:03:49.920000,successfully terminated the program okay,successfully terminated program okay,4,Recap
00:03:49.920000,00:03:52.550000,successfully terminated the program okay now i hope you got this now let's run,successfully terminated program okay hope got lets run,0,Introduction
00:03:52.550000,00:03:52.560000,now i hope you got this now let's run,hope got lets run,0,Introduction
00:03:52.560000,00:03:55.190000,now i hope you got this now let's run this and see,hope got lets run see,0,Introduction
00:03:55.190000,00:03:55.200000,this and see,see,0,Introduction
00:03:55.200000,00:03:57.750000,this and see see sum is equal to 64. so you can do,see see sum equal 64,2,Context Setting
00:03:57.750000,00:03:57.760000,see sum is equal to 64. so you can do,see sum equal 64,2,Context Setting
00:03:57.760000,00:04:01.270000,see sum is equal to 64. so you can do sum of 4 integer 1 3 5 7,see sum equal 64 sum 4 integer 1 3 5 7,2,Context Setting
00:04:01.270000,00:04:01.280000,sum of 4 integer 1 3 5 7,sum 4 integer 1 3 5 7,2,Context Setting
00:04:01.280000,00:04:02.869000,sum of 4 integer 1 3 5 7 9 11,sum 4 integer 1 3 5 7 9 11,2,Context Setting
00:04:02.869000,00:04:02.879000,9 11,9 11,0,Introduction
00:04:02.879000,00:04:05.509000,9 11 13 15. these are all integers from 1 to,9 11 13 15 integers 1,4,Recap
00:04:05.509000,00:04:05.519000,13 15. these are all integers from 1 to,13 15 integers 1,4,Recap
00:04:05.519000,00:04:08.309000,13 15. these are all integers from 1 to 15 and i just calculate the sum manually,13 15 integers 1 15 calculate sum manually,4,Recap
00:04:08.309000,00:04:08.319000,15 and i just calculate the sum manually,15 calculate sum manually,4,Recap
00:04:08.319000,00:04:10.630000,15 and i just calculate the sum manually you will find out that sum will be 64.,15 calculate sum manually find sum 64,2,Context Setting
00:04:10.630000,00:04:10.640000,you will find out that sum will be 64.,find sum 64,2,Context Setting
00:04:10.640000,00:04:13.030000,you will find out that sum will be 64. i hope you got this logic it's very,find sum 64 hope got logic,0,Introduction
00:04:13.030000,00:04:13.040000,i hope you got this logic it's very,hope got logic,0,Introduction
00:04:13.040000,00:04:14.390000,i hope you got this logic it's very simple i guess,hope got logic simple guess,0,Introduction
00:04:14.390000,00:04:14.400000,simple i guess,simple guess,0,Introduction
00:04:14.400000,00:04:15.589000,simple i guess okay,simple guess okay,0,Introduction
00:04:15.589000,00:04:15.599000,okay,okay,0,Introduction
00:04:15.599000,00:04:17.189000,okay so if you don't know,okay dont know,0,Introduction
00:04:17.189000,00:04:17.199000,so if you don't know,dont know,0,Introduction
00:04:17.199000,00:04:19.270000,so if you don't know this thing the behind the scene what the,dont know thing behind scene,0,Introduction
00:04:19.270000,00:04:19.280000,this thing the behind the scene what the,thing behind scene,0,Introduction
00:04:19.280000,00:04:21.430000,this thing the behind the scene what the execution process the step by step,thing behind scene execution process step step,0,Introduction
00:04:21.430000,00:04:21.440000,execution process the step by step,execution process step step,0,Introduction
00:04:21.440000,00:04:22.870000,execution process the step by step then you can continue watching this,execution process step step continue watching,0,Introduction
00:04:22.870000,00:04:22.880000,then you can continue watching this,continue watching,0,Introduction
00:04:22.880000,00:04:25.189000,then you can continue watching this video if you have got this thing,continue watching video got thing,0,Introduction
00:04:25.189000,00:04:25.199000,video if you have got this thing,video got thing,0,Introduction
00:04:25.199000,00:04:27.670000,video if you have got this thing you can just skip the video so in the,video got thing skip video,0,Introduction
00:04:27.670000,00:04:27.680000,you can just skip the video so in the,skip video,0,Introduction
00:04:27.680000,00:04:29.189000,you can just skip the video so in the next part of this video,skip video next part video,0,Introduction
00:04:29.189000,00:04:29.199000,next part of this video,next part video,0,Introduction
00:04:29.199000,00:04:30.550000,next part of this video right now you just continue watching,next part video right continue watching,0,Introduction
00:04:30.550000,00:04:30.560000,right now you just continue watching,right continue watching,0,Introduction
00:04:30.560000,00:04:32.550000,right now you just continue watching this video i'll explain this program,right continue watching video ill explain program,4,Recap
00:04:32.550000,00:04:32.560000,this video i'll explain this program,video ill explain program,4,Recap
00:04:32.560000,00:04:34.070000,this video i'll explain this program step by step,video ill explain program step step,4,Recap
00:04:34.070000,00:04:34.080000,step by step,step step,0,Introduction
00:04:34.080000,00:04:35.030000,step by step okay,step step okay,0,Introduction
00:04:35.030000,00:04:35.040000,okay,okay,0,Introduction
00:04:35.040000,00:04:37.909000,okay so let's see the detailed execution of,okay lets see detailed execution,0,Introduction
00:04:37.909000,00:04:37.919000,so let's see the detailed execution of,lets see detailed execution,0,Introduction
00:04:37.919000,00:04:40.230000,so let's see the detailed execution of this program step by step whenever you,lets see detailed execution program step step whenever,4,Recap
00:04:40.230000,00:04:40.240000,this program step by step whenever you,program step step whenever,4,Recap
00:04:40.240000,00:04:42.710000,this program step by step whenever you run that program control first of all,program step step whenever run program control first,4,Recap
00:04:42.710000,00:04:42.720000,run that program control first of all,run program control first,4,Recap
00:04:42.720000,00:04:44.790000,run that program control first of all we'll go to the main function,run program control first well go main function,0,Introduction
00:04:44.790000,00:04:44.800000,we'll go to the main function,well go main function,0,Introduction
00:04:44.800000,00:04:46.870000,we'll go to the main function okay now in main function we have two,well go main function okay main function two,0,Introduction
00:04:46.870000,00:04:46.880000,okay now in main function we have two,okay main function two,0,Introduction
00:04:46.880000,00:04:50.390000,okay now in main function we have two variables i and some so in memory some,okay main function two variables memory,0,Introduction
00:04:50.390000,00:04:50.400000,variables i and some so in memory some,variables memory,0,Introduction
00:04:50.400000,00:04:52.629000,variables i and some so in memory some memory would be allocated to this i and,variables memory memory would allocated,0,Introduction
00:04:52.629000,00:04:52.639000,memory would be allocated to this i and,memory would allocated,0,Introduction
00:04:52.639000,00:04:54.550000,memory would be allocated to this i and memory would be allocated to sum it is,memory would allocated memory would allocated sum,0,Introduction
00:04:54.550000,00:04:54.560000,memory would be allocated to sum it is,memory would allocated sum,2,Context Setting
00:04:54.560000,00:04:56.310000,memory would be allocated to sum it is of in types of four bytes four bytes for,memory would allocated sum types four bytes four bytes,3,Transitions
00:04:56.310000,00:04:56.320000,of in types of four bytes four bytes for,types four bytes four bytes,3,Transitions
00:04:56.320000,00:04:58.310000,of in types of four bytes four bytes for this four bytes for this now in i we,types four bytes four bytes four bytes,3,Transitions
00:04:58.310000,00:04:58.320000,this four bytes for this now in i we,four bytes,3,Transitions
00:04:58.320000,00:05:00.790000,this four bytes for this now in i we don't have anything in sum we have zero,four bytes dont anything sum zero,2,Context Setting
00:05:00.790000,00:05:00.800000,don't have anything in sum we have zero,dont anything sum zero,2,Context Setting
00:05:00.800000,00:05:03.670000,don't have anything in sum we have zero why i have initialized sum that also,dont anything sum zero initialized sum also,2,Context Setting
00:05:03.670000,00:05:03.680000,why i have initialized sum that also,initialized sum also,2,Context Setting
00:05:03.680000,00:05:04.870000,why i have initialized sum that also i'll tell you,initialized sum also ill tell,2,Context Setting
00:05:04.870000,00:05:04.880000,i'll tell you,ill tell,0,Introduction
00:05:04.880000,00:05:07.110000,i'll tell you in i we have nothing now next statement,ill tell nothing next statement,0,Introduction
00:05:07.110000,00:05:07.120000,in i we have nothing now next statement,nothing next statement,0,Introduction
00:05:07.120000,00:05:08.950000,in i we have nothing now next statement is four i is equal to one now this,nothing next statement four equal one,3,Transitions
00:05:08.950000,00:05:08.960000,is four i is equal to one now this,four equal one,3,Transitions
00:05:08.960000,00:05:10.870000,is four i is equal to one now this initialization of i is equal to one now,four equal one initialization equal one,3,Transitions
00:05:10.870000,00:05:10.880000,initialization of i is equal to one now,initialization equal one,3,Transitions
00:05:10.880000,00:05:13.110000,initialization of i is equal to one now in i we have one check the condition one,initialization equal one one check condition one,3,Transitions
00:05:13.110000,00:05:13.120000,in i we have one check the condition one,one check condition one,6,Conclusion
00:05:13.120000,00:05:14.870000,in i we have one check the condition one less than equal to fifteen see it is,one check condition one less equal fifteen see,6,Conclusion
00:05:14.870000,00:05:14.880000,less than equal to fifteen see it is,less equal fifteen see,3,Transitions
00:05:14.880000,00:05:16.150000,less than equal to fifteen see it is inclusive,less equal fifteen see inclusive,3,Transitions
00:05:16.150000,00:05:16.160000,inclusive,inclusive,0,Introduction
00:05:16.160000,00:05:18.550000,inclusive so okay one has been included as well as,inclusive okay one included well,0,Introduction
00:05:18.550000,00:05:18.560000,so okay one has been included as well as,okay one included well,0,Introduction
00:05:18.560000,00:05:20.230000,so okay one has been included as well as fifteen because the condition is less,okay one included well fifteen condition less,6,Conclusion
00:05:20.230000,00:05:20.240000,fifteen because the condition is less,fifteen condition less,6,Conclusion
00:05:20.240000,00:05:22.790000,fifteen because the condition is less than equal to fifteen it's not less than,fifteen condition less equal fifteen less,6,Conclusion
00:05:22.790000,00:05:22.800000,than equal to fifteen it's not less than,equal fifteen less,3,Transitions
00:05:22.800000,00:05:25.909000,than equal to fifteen it's not less than fifteen means equal to 15 would also be,equal fifteen less fifteen means equal 15 would also,4,Recap
00:05:25.909000,00:05:25.919000,fifteen means equal to 15 would also be,fifteen means equal 15 would also,4,Recap
00:05:25.919000,00:05:27.830000,fifteen means equal to 15 would also be included,fifteen means equal 15 would also included,4,Recap
00:05:27.830000,00:05:27.840000,included,included,0,Introduction
00:05:27.840000,00:05:30.070000,included condition true okay fine control will,included condition true okay fine control,6,Conclusion
00:05:30.070000,00:05:30.080000,condition true okay fine control will,condition true okay fine control,6,Conclusion
00:05:30.080000,00:05:32.950000,condition true okay fine control will enter here now check the condition if,condition true okay fine control enter check condition,6,Conclusion
00:05:32.950000,00:05:32.960000,enter here now check the condition if,enter check condition,6,Conclusion
00:05:32.960000,00:05:35.510000,enter here now check the condition if this i 1,enter check condition 1,6,Conclusion
00:05:35.510000,00:05:35.520000,this i 1,1,0,Introduction
00:05:35.520000,00:05:38.390000,this i 1 mode 2 equal not equal to,1 mode 2 equal equal,3,Transitions
00:05:38.390000,00:05:38.400000,mode 2 equal not equal to,mode 2 equal equal,3,Transitions
00:05:38.400000,00:05:39.590000,mode 2 equal not equal to 0,mode 2 equal equal 0,3,Transitions
00:05:39.590000,00:05:39.600000,0,0,0,Introduction
00:05:39.600000,00:05:42.310000,0 because see if if you divide a number by,0 see divide number,5,Practical Application
00:05:42.310000,00:05:42.320000,because see if if you divide a number by,see divide number,5,Practical Application
00:05:42.320000,00:05:44.469000,because see if if you divide a number by 2 and the remainder is 0 then that would,see divide number 2 remainder 0 would,5,Practical Application
00:05:44.469000,00:05:44.479000,2 and the remainder is 0 then that would,2 remainder 0 would,0,Introduction
00:05:44.479000,00:05:46.790000,2 and the remainder is 0 then that would be even number but we want some of,2 remainder 0 would even number want,5,Practical Application
00:05:46.790000,00:05:46.800000,be even number but we want some of,even number want,5,Practical Application
00:05:46.800000,00:05:49.110000,be even number but we want some of odd integers okay,even number want odd integers okay,5,Practical Application
00:05:49.110000,00:05:49.120000,odd integers okay,odd integers okay,0,Introduction
00:05:49.120000,00:05:51.029000,odd integers okay so this this operator modulo will give,odd integers okay operator modulo give,0,Introduction
00:05:51.029000,00:05:51.039000,so this this operator modulo will give,operator modulo give,0,Introduction
00:05:51.039000,00:05:53.990000,so this this operator modulo will give remainder so if the remainder is not,operator modulo give remainder remainder,0,Introduction
00:05:53.990000,00:05:54,remainder so if the remainder is not,remainder remainder,0,Introduction
00:05:54,00:05:55.909000,remainder so if the remainder is not equal to zero this operator is not equal,remainder remainder equal zero operator equal,3,Transitions
00:05:55.909000,00:05:55.919000,equal to zero this operator is not equal,equal zero operator equal,3,Transitions
00:05:55.919000,00:05:58.150000,equal to zero this operator is not equal to this exclamation mark and equal to,equal zero operator equal exclamation mark equal,3,Transitions
00:05:58.150000,00:05:58.160000,to this exclamation mark and equal to,exclamation mark equal,3,Transitions
00:05:58.160000,00:05:59.029000,to this exclamation mark and equal to this is,exclamation mark equal,3,Transitions
00:05:59.029000,00:05:59.039000,this is,,0,Introduction
00:05:59.039000,00:06:01.350000,this is not equal to operator okay,equal operator okay,3,Transitions
00:06:01.350000,00:06:01.360000,not equal to operator okay,equal operator okay,3,Transitions
00:06:01.360000,00:06:03.670000,not equal to operator okay not equal to zero yeah the remainder,equal operator okay equal zero yeah remainder,3,Transitions
00:06:03.670000,00:06:03.680000,not equal to zero yeah the remainder,equal zero yeah remainder,3,Transitions
00:06:03.680000,00:06:04.629000,not equal to zero yeah the remainder would be,equal zero yeah remainder would,3,Transitions
00:06:04.629000,00:06:04.639000,would be,would,0,Introduction
00:06:04.639000,00:06:07.749000,would be one only okay it is not equal to zero it,would one okay equal zero,3,Transitions
00:06:07.749000,00:06:07.759000,one only okay it is not equal to zero it,one okay equal zero,3,Transitions
00:06:07.759000,00:06:09.749000,one only okay it is not equal to zero it means it is odd,one okay equal zero means odd,3,Transitions
00:06:09.749000,00:06:09.759000,means it is odd,means odd,0,Introduction
00:06:09.759000,00:06:12.070000,means it is odd so now the condition is true so control,means odd condition true control,6,Conclusion
00:06:12.070000,00:06:12.080000,so now the condition is true so control,condition true control,6,Conclusion
00:06:12.080000,00:06:14.230000,so now the condition is true so control will enter again into this if statement,condition true control enter statement,6,Conclusion
00:06:14.230000,00:06:14.240000,will enter again into this if statement,enter statement,0,Introduction
00:06:14.240000,00:06:15.590000,will enter again into this if statement so by default,enter statement default,0,Introduction
00:06:15.590000,00:06:15.600000,so by default,default,0,Introduction
00:06:15.600000,00:06:17.749000,so by default we have only one statement in if so i am,default one statement,0,Introduction
00:06:17.749000,00:06:17.759000,we have only one statement in if so i am,one statement,0,Introduction
00:06:17.759000,00:06:19.909000,we have only one statement in if so i am not putting these curly braces if you,one statement putting curly braces,0,Introduction
00:06:19.909000,00:06:19.919000,not putting these curly braces if you,putting curly braces,0,Introduction
00:06:19.919000,00:06:21.990000,not putting these curly braces if you want to put you can put here curly,putting curly braces want put put curly,0,Introduction
00:06:21.990000,00:06:22,want to put you can put here curly,want put put curly,0,Introduction
00:06:22,00:06:24.710000,want to put you can put here curly braces here and here okay,want put put curly braces okay,0,Introduction
00:06:24.710000,00:06:24.720000,braces here and here okay,braces okay,0,Introduction
00:06:24.720000,00:06:27.029000,braces here and here okay now sum equal to sum plus i,braces okay sum equal sum plus,2,Context Setting
00:06:27.029000,00:06:27.039000,now sum equal to sum plus i,sum equal sum plus,2,Context Setting
00:06:27.039000,00:06:29.350000,now sum equal to sum plus i now sum plus i that would be initial,sum equal sum plus sum plus would initial,2,Context Setting
00:06:29.350000,00:06:29.360000,now sum plus i that would be initial,sum plus would initial,1,Step-by-Step Instruction
00:06:29.360000,00:06:30.790000,now sum plus i that would be initial that would be assigned to the sum now,sum plus would initial would assigned sum,2,Context Setting
00:06:30.790000,00:06:30.800000,that would be assigned to the sum now,would assigned sum,2,Context Setting
00:06:30.800000,00:06:33.029000,that would be assigned to the sum now sum is equal to sum is 0 and at this,would assigned sum sum equal sum 0,2,Context Setting
00:06:33.029000,00:06:33.039000,sum is equal to sum is 0 and at this,sum equal sum 0,2,Context Setting
00:06:33.039000,00:06:35.350000,sum is equal to sum is 0 and at this point of time i value is 1 so 0 plus 1,sum equal sum 0 point time value 1 0 plus 1,2,Context Setting
00:06:35.350000,00:06:35.360000,point of time i value is 1 so 0 plus 1,point time value 1 0 plus 1,1,Step-by-Step Instruction
00:06:35.360000,00:06:37.110000,point of time i value is 1 so 0 plus 1 is 1 so now 1 would be assigned to this,point time value 1 0 plus 1 1 1 would assigned,1,Step-by-Step Instruction
00:06:37.110000,00:06:37.120000,is 1 so now 1 would be assigned to this,1 1 would assigned,0,Introduction
00:06:37.120000,00:06:40.070000,is 1 so now 1 would be assigned to this sum now sum becomes 1,1 1 would assigned sum sum becomes 1,2,Context Setting
00:06:40.070000,00:06:40.080000,sum now sum becomes 1,sum sum becomes 1,2,Context Setting
00:06:40.080000,00:06:41.510000,sum now sum becomes 1 okay,sum sum becomes 1 okay,2,Context Setting
00:06:41.510000,00:06:41.520000,okay,okay,0,Introduction
00:06:41.520000,00:06:44.469000,okay now i plus plus next task is i plus plus,okay plus plus next task plus plus,1,Step-by-Step Instruction
00:06:44.469000,00:06:44.479000,now i plus plus next task is i plus plus,plus plus next task plus plus,1,Step-by-Step Instruction
00:06:44.479000,00:06:47.110000,now i plus plus next task is i plus plus now i becomes 2,plus plus next task plus plus becomes 2,1,Step-by-Step Instruction
00:06:47.110000,00:06:47.120000,now i becomes 2,becomes 2,4,Recap
00:06:47.120000,00:06:48.950000,now i becomes 2 condition true again condition would be,becomes 2 condition true condition would,6,Conclusion
00:06:48.950000,00:06:48.960000,condition true again condition would be,condition true condition would,6,Conclusion
00:06:48.960000,00:06:51.110000,condition true again condition would be checked condition true again enter here,condition true condition would checked condition true enter,6,Conclusion
00:06:51.110000,00:06:51.120000,checked condition true again enter here,checked condition true enter,6,Conclusion
00:06:51.120000,00:06:52.790000,checked condition true again enter here now 2,checked condition true enter 2,6,Conclusion
00:06:52.790000,00:06:52.800000,now 2,2,0,Introduction
00:06:52.800000,00:06:54.710000,now 2 mode 2,2 mode 2,0,Introduction
00:06:54.710000,00:06:54.720000,mode 2,mode 2,0,Introduction
00:06:54.720000,00:06:57.270000,mode 2 it would be 0 the condition is not true,mode 2 would 0 condition true,6,Conclusion
00:06:57.270000,00:06:57.280000,it would be 0 the condition is not true,would 0 condition true,6,Conclusion
00:06:57.280000,00:06:59.270000,it would be 0 the condition is not true so will not enter here,would 0 condition true enter,6,Conclusion
00:06:59.270000,00:06:59.280000,so will not enter here,enter,0,Introduction
00:06:59.280000,00:07:01.270000,so will not enter here skip this part and i plus plus now i,enter skip part plus plus,1,Step-by-Step Instruction
00:07:01.270000,00:07:01.280000,skip this part and i plus plus now i,skip part plus plus,1,Step-by-Step Instruction
00:07:01.280000,00:07:02.870000,skip this part and i plus plus now i becomes 3,skip part plus plus becomes 3,1,Step-by-Step Instruction
00:07:02.870000,00:07:02.880000,becomes 3,becomes 3,4,Recap
00:07:02.880000,00:07:05.749000,becomes 3 condition true again enter 3,becomes 3 condition true enter 3,6,Conclusion
00:07:05.749000,00:07:05.759000,condition true again enter 3,condition true enter 3,6,Conclusion
00:07:05.759000,00:07:08.070000,condition true again enter 3 mode 2,condition true enter 3 mode 2,6,Conclusion
00:07:08.070000,00:07:08.080000,mode 2,mode 2,0,Introduction
00:07:08.080000,00:07:09.510000,mode 2 remainder would be,mode 2 remainder would,0,Introduction
00:07:09.510000,00:07:09.520000,remainder would be,remainder would,0,Introduction
00:07:09.520000,00:07:10.469000,remainder would be 1,remainder would 1,0,Introduction
00:07:10.469000,00:07:10.479000,1,1,0,Introduction
00:07:10.479000,00:07:12.469000,1 so it is not equal to 0 yes condition,1 equal 0 yes condition,6,Conclusion
00:07:12.469000,00:07:12.479000,so it is not equal to 0 yes condition,equal 0 yes condition,6,Conclusion
00:07:12.479000,00:07:16.230000,so it is not equal to 0 yes condition true means as we know 3 is odd number so,equal 0 yes condition true means know 3 odd number,6,Conclusion
00:07:16.230000,00:07:16.240000,true means as we know 3 is odd number so,true means know 3 odd number,5,Practical Application
00:07:16.240000,00:07:19.350000,true means as we know 3 is odd number so we'll enter here now sum plus i sum is,true means know 3 odd number well enter sum plus sum,2,Context Setting
00:07:19.350000,00:07:19.360000,we'll enter here now sum plus i sum is,well enter sum plus sum,2,Context Setting
00:07:19.360000,00:07:22.070000,we'll enter here now sum plus i sum is equal to 1 and plus i at this point of,well enter sum plus sum equal 1 plus point,1,Step-by-Step Instruction
00:07:22.070000,00:07:22.080000,equal to 1 and plus i at this point of,equal 1 plus point,1,Step-by-Step Instruction
00:07:22.080000,00:07:25.909000,equal to 1 and plus i at this point of time i is 3 3 plus 1 is 4 now 4 we would,equal 1 plus point time 3 3 plus 1 4 4 would,1,Step-by-Step Instruction
00:07:25.909000,00:07:25.919000,time i is 3 3 plus 1 is 4 now 4 we would,time 3 3 plus 1 4 4 would,1,Step-by-Step Instruction
00:07:25.919000,00:07:27.589000,time i is 3 3 plus 1 is 4 now 4 we would be assigned to the sum now sum becomes,time 3 3 plus 1 4 4 would assigned sum sum becomes,2,Context Setting
00:07:27.589000,00:07:27.599000,be assigned to the sum now sum becomes,assigned sum sum becomes,2,Context Setting
00:07:27.599000,00:07:28.790000,be assigned to the sum now sum becomes 4.,assigned sum sum becomes 4,2,Context Setting
00:07:28.790000,00:07:28.800000,4.,4,0,Introduction
00:07:28.800000,00:07:31.749000,4. now again i plus plus now i becomes 4,4 plus plus becomes 4,1,Step-by-Step Instruction
00:07:31.749000,00:07:31.759000,now again i plus plus now i becomes 4,plus plus becomes 4,1,Step-by-Step Instruction
00:07:31.759000,00:07:35.270000,now again i plus plus now i becomes 4 condition true yes enter here 4 mode 2,plus plus becomes 4 condition true yes enter 4 mode 2,1,Step-by-Step Instruction
00:07:35.270000,00:07:35.280000,condition true yes enter here 4 mode 2,condition true yes enter 4 mode 2,6,Conclusion
00:07:35.280000,00:07:37.270000,condition true yes enter here 4 mode 2 equal to 0 condition is not reduced so,condition true yes enter 4 mode 2 equal 0 condition reduced,6,Conclusion
00:07:37.270000,00:07:37.280000,equal to 0 condition is not reduced so,equal 0 condition reduced,6,Conclusion
00:07:37.280000,00:07:39.670000,equal to 0 condition is not reduced so we will not enter here control will not,equal 0 condition reduced enter control,6,Conclusion
00:07:39.670000,00:07:39.680000,we will not enter here control will not,enter control,0,Introduction
00:07:39.680000,00:07:41.510000,we will not enter here control will not enter here skip this part,enter control enter skip part,0,Introduction
00:07:41.510000,00:07:41.520000,enter here skip this part,enter skip part,0,Introduction
00:07:41.520000,00:07:44.869000,enter here skip this part i plus plus now i becomes 5. condition,enter skip part plus plus becomes 5 condition,1,Step-by-Step Instruction
00:07:44.869000,00:07:44.879000,i plus plus now i becomes 5. condition,plus plus becomes 5 condition,1,Step-by-Step Instruction
00:07:44.879000,00:07:46.710000,i plus plus now i becomes 5. condition true check the condition 5 less than,plus plus becomes 5 condition true check condition 5 less,6,Conclusion
00:07:46.710000,00:07:46.720000,true check the condition 5 less than,true check condition 5 less,6,Conclusion
00:07:46.720000,00:07:50.710000,true check the condition 5 less than equal to 15 condition true 5 mode 2,true check condition 5 less equal 15 condition true 5 mode 2,6,Conclusion
00:07:50.710000,00:07:50.720000,equal to 15 condition true 5 mode 2,equal 15 condition true 5 mode 2,6,Conclusion
00:07:50.720000,00:07:52.869000,equal to 15 condition true 5 mode 2 remainder would be 1,equal 15 condition true 5 mode 2 remainder would 1,6,Conclusion
00:07:52.869000,00:07:52.879000,remainder would be 1,remainder would 1,0,Introduction
00:07:52.879000,00:07:55.189000,remainder would be 1 not equal to 0 yes condition 2 now some,remainder would 1 equal 0 yes condition 2,6,Conclusion
00:07:55.189000,00:07:55.199000,not equal to 0 yes condition 2 now some,equal 0 yes condition 2,6,Conclusion
00:07:55.199000,00:07:57.990000,not equal to 0 yes condition 2 now some would be done like this i hope now you,equal 0 yes condition 2 would done like hope,6,Conclusion
00:07:57.990000,00:07:58,would be done like this i hope now you,would done like hope,0,Introduction
00:07:58,00:08:00.390000,would be done like this i hope now you you can do this so you please try right,would done like hope please try right,0,Introduction
00:08:00.390000,00:08:00.400000,you can do this so you please try right,please try right,0,Introduction
00:08:00.400000,00:08:03.110000,you can do this so you please try right right on this program at your own till i,please try right right program till,4,Recap
00:08:03.110000,00:08:03.120000,right on this program at your own till i,right program till,4,Recap
00:08:03.120000,00:08:06.230000,right on this program at your own till i becomes 15 once i becomes 15,right program till becomes 15 becomes 15,4,Recap
00:08:06.230000,00:08:06.240000,becomes 15 once i becomes 15,becomes 15 becomes 15,4,Recap
00:08:06.240000,00:08:08.469000,becomes 15 once i becomes 15 condition is still true i less than,becomes 15 becomes 15 condition still true less,4,Recap
00:08:08.469000,00:08:08.479000,condition is still true i less than,condition still true less,6,Conclusion
00:08:08.479000,00:08:11.510000,condition is still true i less than equal to 15 yes still true enter here 15,condition still true less equal 15 yes still true enter 15,6,Conclusion
00:08:11.510000,00:08:11.520000,equal to 15 yes still true enter here 15,equal 15 yes still true enter 15,4,Recap
00:08:11.520000,00:08:14.309000,equal to 15 yes still true enter here 15 more 2 yes it it will give 1 remainder,equal 15 yes still true enter 15 2 yes give 1 remainder,4,Recap
00:08:14.309000,00:08:14.319000,more 2 yes it it will give 1 remainder,2 yes give 1 remainder,0,Introduction
00:08:14.319000,00:08:16.950000,more 2 yes it it will give 1 remainder so condition is 2 it is not equal to 0,2 yes give 1 remainder condition 2 equal 0,6,Conclusion
00:08:16.950000,00:08:16.960000,so condition is 2 it is not equal to 0,condition 2 equal 0,6,Conclusion
00:08:16.960000,00:08:18.710000,so condition is 2 it is not equal to 0 again in turn now some would be done at,condition 2 equal 0 turn would done,6,Conclusion
00:08:18.710000,00:08:18.720000,again in turn now some would be done at,turn would done,0,Introduction
00:08:18.720000,00:08:21.990000,again in turn now some would be done at finally some would be 64.,turn would done finally would 64,0,Introduction
00:08:21.990000,00:08:22,finally some would be 64.,finally would 64,0,Introduction
00:08:22,00:08:23.749000,finally some would be 64. now i become 16,finally would 64 become 16,0,Introduction
00:08:23.749000,00:08:23.759000,now i become 16,become 16,0,Introduction
00:08:23.759000,00:08:26.790000,now i become 16 now condition is not true 16 less than,become 16 condition true 16 less,6,Conclusion
00:08:26.790000,00:08:26.800000,now condition is not true 16 less than,condition true 16 less,6,Conclusion
00:08:26.800000,00:08:29.189000,now condition is not true 16 less than equal to 15 no now exit from this for,condition true 16 less equal 15 exit,6,Conclusion
00:08:29.189000,00:08:29.199000,equal to 15 no now exit from this for,equal 15 exit,4,Recap
00:08:29.199000,00:08:31.029000,equal to 15 no now exit from this for loop now out of this four loop what we,equal 15 exit loop four loop,3,Transitions
00:08:31.029000,00:08:31.039000,loop now out of this four loop what we,loop four loop,3,Transitions
00:08:31.039000,00:08:33.110000,loop now out of this four loop what we are printing sum equal to whatever the,loop four loop printing sum equal whatever,3,Transitions
00:08:33.110000,00:08:33.120000,are printing sum equal to whatever the,printing sum equal whatever,2,Context Setting
00:08:33.120000,00:08:34.870000,are printing sum equal to whatever the value of sum now some would be printed,printing sum equal whatever value sum would printed,2,Context Setting
00:08:34.870000,00:08:34.880000,value of sum now some would be printed,value sum would printed,2,Context Setting
00:08:34.880000,00:08:39.110000,value of sum now some would be printed that is 64.,value sum would printed 64,2,Context Setting
00:08:40.949000,00:08:40.959000,we have initialized some with zero,initialized zero,0,Introduction
00:08:40.959000,00:08:42.949000,we have initialized some with zero because if we don't initialize a number,initialized zero dont initialize number,5,Practical Application
00:08:42.949000,00:08:42.959000,because if we don't initialize a number,dont initialize number,5,Practical Application
00:08:42.959000,00:08:45.110000,because if we don't initialize a number that will take any garbage value and,dont initialize number take garbage value,0,Introduction
00:08:45.110000,00:08:45.120000,that will take any garbage value and,take garbage value,0,Introduction
00:08:45.120000,00:08:47.110000,that will take any garbage value and suppose it will take it it is taking any,take garbage value suppose take taking,0,Introduction
00:08:47.110000,00:08:47.120000,suppose it will take it it is taking any,suppose take taking,0,Introduction
00:08:47.120000,00:08:50.870000,suppose it will take it it is taking any garbage value and in garbage value plus,suppose take taking garbage value garbage value plus,1,Step-by-Step Instruction
00:08:50.870000,00:08:50.880000,garbage value and in garbage value plus,garbage value garbage value plus,1,Step-by-Step Instruction
00:08:50.880000,00:08:53.190000,garbage value and in garbage value plus at first time i was one garbage value,garbage value garbage value plus first time one garbage value,1,Step-by-Step Instruction
00:08:53.190000,00:08:53.200000,at first time i was one garbage value,first time one garbage value,0,Introduction
00:08:53.200000,00:08:54.630000,at first time i was one garbage value plus one definitely it would be some,first time one garbage value plus one definitely would,1,Step-by-Step Instruction
00:08:54.630000,00:08:54.640000,plus one definitely it would be some,plus one definitely would,1,Step-by-Step Instruction
00:08:54.640000,00:08:56.230000,plus one definitely it would be some garbage value so maybe the result would,plus one definitely would garbage value maybe result would,1,Step-by-Step Instruction
00:08:56.230000,00:08:56.240000,garbage value so maybe the result would,garbage value maybe result would,0,Introduction
00:08:56.240000,00:08:58.070000,garbage value so maybe the result would be something different,garbage value maybe result would something different,0,Introduction
00:08:58.070000,00:08:58.080000,be something different,something different,0,Introduction
00:08:58.080000,00:08:59.110000,be something different you know,something different know,0,Introduction
00:08:59.110000,00:08:59.120000,you know,know,0,Introduction
00:08:59.120000,00:09:00.710000,you know different from whatever i have we have,know different whatever,0,Introduction
00:09:00.710000,00:09:00.720000,different from whatever i have we have,different whatever,0,Introduction
00:09:00.720000,00:09:02.870000,different from whatever i have we have expected so better to initialize a,different whatever expected better initialize,0,Introduction
00:09:02.870000,00:09:02.880000,expected so better to initialize a,expected better initialize,0,Introduction
00:09:02.880000,00:09:05.750000,expected so better to initialize a variable before using it with some value,expected better initialize variable using value,0,Introduction
00:09:05.750000,00:09:05.760000,variable before using it with some value,variable using value,0,Introduction
00:09:05.760000,00:09:07.910000,variable before using it with some value okay here we have initialized i with one,variable using value okay initialized one,0,Introduction
00:09:07.910000,00:09:07.920000,okay here we have initialized i with one,okay initialized one,0,Introduction
00:09:07.920000,00:09:10.150000,okay here we have initialized i with one sum with zero,okay initialized one sum zero,2,Context Setting
00:09:10.150000,00:09:10.160000,sum with zero,sum zero,2,Context Setting
00:09:10.160000,00:09:12.550000,sum with zero fine i hope now you got the working of,sum zero fine hope got working,0,Introduction
00:09:12.550000,00:09:12.560000,fine i hope now you got the working of,fine hope got working,0,Introduction
00:09:12.560000,00:09:13.829000,fine i hope now you got the working of uh this,fine hope got working uh,0,Introduction
00:09:13.829000,00:09:13.839000,uh this,uh,0,Introduction
00:09:13.839000,00:09:15.030000,uh this program,uh program,4,Recap
00:09:15.030000,00:09:15.040000,program,program,4,Recap
00:09:15.040000,00:09:17.190000,program this exercise so now in the next video,program exercise next video,4,Recap
00:09:17.190000,00:09:17.200000,this exercise so now in the next video,exercise next video,0,Introduction
00:09:17.200000,00:09:19.350000,this exercise so now in the next video we'll see uh,exercise next video well see uh,0,Introduction
00:09:19.350000,00:09:19.360000,we'll see uh,well see uh,0,Introduction
00:09:19.360000,00:09:21.110000,we'll see uh range based for loop or better we will,well see uh range based loop better,3,Transitions
00:09:21.110000,00:09:21.120000,range based for loop or better we will,range based loop better,3,Transitions
00:09:21.120000,00:09:22.949000,range based for loop or better we will see why loop because for range based for,range based loop better see loop range based,3,Transitions
00:09:22.949000,00:09:22.959000,see why loop because for range based for,see loop range based,3,Transitions
00:09:22.959000,00:09:25.269000,see why loop because for range based for loop we have to you have to you know,see loop range based loop know,3,Transitions
00:09:25.269000,00:09:25.279000,loop we have to you have to you know,loop know,3,Transitions
00:09:25.279000,00:09:27.670000,loop we have to you have to you know have some idea about arrays and vectors,loop know idea arrays vectors,3,Transitions
00:09:27.670000,00:09:27.680000,have some idea about arrays and vectors,idea arrays vectors,0,Introduction
00:09:27.680000,00:09:29.430000,have some idea about arrays and vectors but i haven't discussed those things so,idea arrays vectors havent discussed things,0,Introduction
00:09:29.430000,00:09:29.440000,but i haven't discussed those things so,havent discussed things,0,Introduction
00:09:29.440000,00:09:30.790000,but i haven't discussed those things so first we will discuss while loop and do,havent discussed things first discuss loop,3,Transitions
00:09:30.790000,00:09:30.800000,first we will discuss while loop and do,first discuss loop,3,Transitions
00:09:30.800000,00:09:33.190000,first we will discuss while loop and do while loop then a small distribution,first discuss loop loop small distribution,3,Transitions
00:09:33.190000,00:09:33.200000,while loop then a small distribution,loop small distribution,3,Transitions
00:09:33.200000,00:09:35.590000,while loop then a small distribution discussion would be on arrays and,loop small distribution discussion would arrays,3,Transitions
00:09:35.590000,00:09:35.600000,discussion would be on arrays and,discussion would arrays,0,Introduction
00:09:35.600000,00:09:38.389000,discussion would be on arrays and vectors and then we will see that range,discussion would arrays vectors see range,0,Introduction
00:09:38.389000,00:09:38.399000,vectors and then we will see that range,vectors see range,0,Introduction
00:09:38.399000,00:09:40.630000,vectors and then we will see that range based for loop so now i'll see in the,vectors see range based loop ill see,3,Transitions
00:09:40.630000,00:09:40.640000,based for loop so now i'll see in the,based loop ill see,3,Transitions
00:09:40.640000,00:09:45.160000,based for loop so now i'll see in the next video till then bye take care,based loop ill see next video till bye take care,3,Transitions
