Start Time,End Time,Text,Cleaned Text,Cluster,Workflow Step
00:00:02.149000,00:00:02.159000,so in the series of learning C plus plus,series learning c plus plus,1,Step-by-Step Instruction
00:00:02.159000,00:00:03.590000,so in the series of learning C plus plus programming language we are discussing,series learning c plus plus programming language discussing,1,Step-by-Step Instruction
00:00:03.590000,00:00:03.600000,programming language we are discussing,programming language discussing,1,Step-by-Step Instruction
00:00:03.600000,00:00:05.090000,programming language we are discussing Loops in C plus plus in the previous,programming language discussing loops c plus plus previous,1,Step-by-Step Instruction
00:00:05.090000,00:00:05.100000,Loops in C plus plus in the previous,loops c plus plus previous,1,Step-by-Step Instruction
00:00:05.100000,00:00:07.309000,Loops in C plus plus in the previous video we have talked about while loop,loops c plus plus previous video talked loop,1,Step-by-Step Instruction
00:00:07.309000,00:00:07.319000,video we have talked about while loop,video talked loop,4,Recap
00:00:07.319000,00:00:10.310000,video we have talked about while loop right basic syntax of while loop why we,video talked loop right basic syntax loop,4,Recap
00:00:10.310000,00:00:10.320000,right basic syntax of while loop why we,right basic syntax loop,4,Recap
00:00:10.320000,00:00:12.650000,right basic syntax of while loop why we use like while loop what is difference,right basic syntax loop use like loop difference,4,Recap
00:00:12.650000,00:00:12.660000,use like while loop what is difference,use like loop difference,4,Recap
00:00:12.660000,00:00:14.930000,use like while loop what is difference between while loop and for Loop and,use like loop difference loop loop,4,Recap
00:00:14.930000,00:00:14.940000,between while loop and for Loop and,loop loop,4,Recap
00:00:14.940000,00:00:16.910000,between while loop and for Loop and working of while loop with the help of,loop loop working loop help,4,Recap
00:00:16.910000,00:00:16.920000,working of while loop with the help of,working loop help,4,Recap
00:00:16.920000,00:00:19.070000,working of while loop with the help of flowchart with the help of three or four,working loop help flowchart help three four,1,Step-by-Step Instruction
00:00:19.070000,00:00:19.080000,flowchart with the help of three or four,flowchart help three four,1,Step-by-Step Instruction
00:00:19.080000,00:00:20.330000,flowchart with the help of three or four programs,flowchart help three four programs,1,Step-by-Step Instruction
00:00:20.330000,00:00:20.340000,programs,programs,1,Step-by-Step Instruction
00:00:20.340000,00:00:22.070000,programs we have discussed basic things about,programs discussed basic things,1,Step-by-Step Instruction
00:00:22.070000,00:00:22.080000,we have discussed basic things about,discussed basic things,1,Step-by-Step Instruction
00:00:22.080000,00:00:25.730000,we have discussed basic things about while loop but next thing is this would,discussed basic things loop next thing would,4,Recap
00:00:25.730000,00:00:25.740000,while loop but next thing is this would,loop next thing would,4,Recap
00:00:25.740000,00:00:28.009000,while loop but next thing is this would be second part of that videos we will,loop next thing would second part videos,4,Recap
00:00:28.009000,00:00:28.019000,be second part of that videos we will,second part videos,1,Step-by-Step Instruction
00:00:28.019000,00:00:29.689000,be second part of that videos we will discuss something more about why Loop,second part videos discuss something loop,4,Recap
00:00:29.689000,00:00:29.699000,discuss something more about why Loop,discuss something loop,4,Recap
00:00:29.699000,00:00:31.849000,discuss something more about why Loop like in how many ways you can write down,discuss something loop like many ways write,4,Recap
00:00:31.849000,00:00:31.859000,like in how many ways you can write down,like many ways write,1,Step-by-Step Instruction
00:00:31.859000,00:00:33.530000,like in how many ways you can write down some while loop what type of tricky,like many ways write loop type tricky,4,Recap
00:00:33.530000,00:00:33.540000,some while loop what type of tricky,loop type tricky,4,Recap
00:00:33.540000,00:00:36.470000,some while loop what type of tricky things we can do with while you right,loop type tricky things right,4,Recap
00:00:36.470000,00:00:36.480000,things we can do with while you right,things right,1,Step-by-Step Instruction
00:00:36.480000,00:00:38.510000,things we can do with while you right and if that kind of questions you will,things right kind questions,1,Step-by-Step Instruction
00:00:38.510000,00:00:38.520000,and if that kind of questions you will,kind questions,1,Step-by-Step Instruction
00:00:38.520000,00:00:41.209000,and if that kind of questions you will get then what output you will get right,kind questions get output get right,2,Context Setting
00:00:41.209000,00:00:41.219000,get then what output you will get right,get output get right,2,Context Setting
00:00:41.219000,00:00:43.069000,get then what output you will get right it's not like that only in the,get output get right like,2,Context Setting
00:00:43.069000,00:00:43.079000,it's not like that only in the,like,1,Step-by-Step Instruction
00:00:43.079000,00:00:44.750000,it's not like that only in the traditional way you can write down while,like traditional way write,1,Step-by-Step Instruction
00:00:44.750000,00:00:44.760000,traditional way you can write down while,traditional way write,1,Step-by-Step Instruction
00:00:44.760000,00:00:46.729000,traditional way you can write down while loop you can also do something some,traditional way write loop also something,4,Recap
00:00:46.729000,00:00:46.739000,loop you can also do something some,loop also something,4,Recap
00:00:46.739000,00:00:49.010000,loop you can also do something some different type of things with,loop also something different type things,4,Recap
00:00:49.010000,00:00:49.020000,different type of things with,different type things,1,Step-by-Step Instruction
00:00:49.020000,00:00:51.229000,different type of things with this Loop right,different type things loop right,4,Recap
00:00:51.229000,00:00:51.239000,this Loop right,loop right,4,Recap
00:00:51.239000,00:00:54.170000,this Loop right so those things we will be discussing in,loop right things discussing,4,Recap
00:00:54.170000,00:00:54.180000,so those things we will be discussing in,things discussing,1,Step-by-Step Instruction
00:00:54.180000,00:00:55.910000,so those things we will be discussing in this video with the help of three or,things discussing video help three,1,Step-by-Step Instruction
00:00:55.910000,00:00:55.920000,this video with the help of three or,video help three,1,Step-by-Step Instruction
00:00:55.920000,00:00:58.069000,this video with the help of three or four programs you can say practically,video help three four programs say practically,1,Step-by-Step Instruction
00:00:58.069000,00:00:58.079000,four programs you can say practically,four programs say practically,1,Step-by-Step Instruction
00:00:58.079000,00:01:00.350000,four programs you can say practically also I will show you like what output,four programs say practically also show like output,1,Step-by-Step Instruction
00:01:00.350000,00:01:00.360000,also I will show you like what output,also show like output,2,Context Setting
00:01:00.360000,00:01:02.150000,also I will show you like what output you will get and why you are getting,also show like output get getting,2,Context Setting
00:01:02.150000,00:01:02.160000,you will get and why you are getting,get getting,2,Context Setting
00:01:02.160000,00:01:04.670000,you will get and why you are getting that output proper working of that,get getting output proper working,2,Context Setting
00:01:04.670000,00:01:04.680000,that output proper working of that,output proper working,2,Context Setting
00:01:04.680000,00:01:05.750000,that output proper working of that program,output proper working program,2,Context Setting
00:01:05.750000,00:01:05.760000,program,program,1,Step-by-Step Instruction
00:01:05.760000,00:01:06.890000,program right,program right,1,Step-by-Step Instruction
00:01:06.890000,00:01:06.900000,right,right,1,Step-by-Step Instruction
00:01:06.900000,00:01:08.810000,right so now before I just want to tell you,right want tell,1,Step-by-Step Instruction
00:01:08.810000,00:01:08.820000,so now before I just want to tell you,want tell,1,Step-by-Step Instruction
00:01:08.820000,00:01:10.789000,so now before I just want to tell you one thing if you guys are preparing for,want tell one thing guys preparing,6,Conclusion
00:01:10.789000,00:01:10.799000,one thing if you guys are preparing for,one thing guys preparing,6,Conclusion
00:01:10.799000,00:01:14.330000,one thing if you guys are preparing for gate and psu's 2024 and 2025 then an,one thing guys preparing gate psus 2024 2025,6,Conclusion
00:01:14.330000,00:01:14.340000,gate and psu's 2024 and 2025 then an,gate psus 2024 2025,1,Step-by-Step Instruction
00:01:14.340000,00:01:16.010000,gate and psu's 2024 and 2025 then an academy is going to start new budget,gate psus 2024 2025 academy going start new budget,1,Step-by-Step Instruction
00:01:16.010000,00:01:16.020000,academy is going to start new budget,academy going start new budget,1,Step-by-Step Instruction
00:01:16.020000,00:01:18.830000,academy is going to start new budget from 21st of December the top educator,academy going start new budget 21st december top educator,1,Step-by-Step Instruction
00:01:18.830000,00:01:18.840000,from 21st of December the top educator,21st december top educator,1,Step-by-Step Instruction
00:01:18.840000,00:01:20.510000,from 21st of December the top educator will be covering all the subjects of Cs,21st december top educator covering subjects cs,1,Step-by-Step Instruction
00:01:20.510000,00:01:20.520000,will be covering all the subjects of Cs,covering subjects cs,1,Step-by-Step Instruction
00:01:20.520000,00:01:22.190000,will be covering all the subjects of Cs and ID plus some extra classes like,covering subjects cs id plus extra classes like,1,Step-by-Step Instruction
00:01:22.190000,00:01:22.200000,and ID plus some extra classes like,id plus extra classes like,1,Step-by-Step Instruction
00:01:22.200000,00:01:23.810000,and ID plus some extra classes like special classes like preparation,id plus extra classes like special classes like preparation,1,Step-by-Step Instruction
00:01:23.810000,00:01:23.820000,special classes like preparation,special classes like preparation,1,Step-by-Step Instruction
00:01:23.820000,00:01:25.070000,special classes like preparation strategy tips and tricks practice,special classes like preparation strategy tips tricks practice,1,Step-by-Step Instruction
00:01:25.070000,00:01:25.080000,strategy tips and tricks practice,strategy tips tricks practice,1,Step-by-Step Instruction
00:01:25.080000,00:01:27.770000,strategy tips and tricks practice questions like without you know solving,strategy tips tricks practice questions like without know solving,1,Step-by-Step Instruction
00:01:27.770000,00:01:27.780000,questions like without you know solving,questions like without know solving,1,Step-by-Step Instruction
00:01:27.780000,00:01:30.289000,questions like without you know solving sessions also and these batteries will,questions like without know solving sessions also batteries,1,Step-by-Step Instruction
00:01:30.289000,00:01:30.299000,sessions also and these batteries will,sessions also batteries,1,Step-by-Step Instruction
00:01:30.299000,00:01:32.210000,sessions also and these batteries will be both Hindi and in both Hindi and,sessions also batteries hindi hindi,1,Step-by-Step Instruction
00:01:32.210000,00:01:32.220000,be both Hindi and in both Hindi and,hindi hindi,1,Step-by-Step Instruction
00:01:32.220000,00:01:33.830000,be both Hindi and in both Hindi and English language and if you take an,hindi hindi english language take,1,Step-by-Step Instruction
00:01:33.830000,00:01:33.840000,English language and if you take an,english language take,1,Step-by-Step Instruction
00:01:33.840000,00:01:35.929000,English language and if you take an Academy's iconic or Plus subscription,english language take academys iconic plus subscription,1,Step-by-Step Instruction
00:01:35.929000,00:01:35.939000,Academy's iconic or Plus subscription,academys iconic plus subscription,1,Step-by-Step Instruction
00:01:35.939000,00:01:39.590000,Academy's iconic or Plus subscription for gate and ESC then you can save up to,academys iconic plus subscription gate esc save,1,Step-by-Step Instruction
00:01:39.590000,00:01:39.600000,for gate and ESC then you can save up to,gate esc save,1,Step-by-Step Instruction
00:01:39.600000,00:01:42.289000,for gate and ESC then you can save up to 52 percent as you will also get some,gate esc save 52 percent also get,1,Step-by-Step Instruction
00:01:42.289000,00:01:42.299000,52 percent as you will also get some,52 percent also get,2,Context Setting
00:01:42.299000,00:01:44.270000,52 percent as you will also get some extra months as you can see on my screen,52 percent also get extra months see screen,5,Practical Application
00:01:44.270000,00:01:44.280000,extra months as you can see on my screen,extra months see screen,5,Practical Application
00:01:44.280000,00:01:46.910000,extra months as you can see on my screen if you get subscription of 12 month then,extra months see screen get subscription 12 month,5,Practical Application
00:01:46.910000,00:01:46.920000,if you get subscription of 12 month then,get subscription 12 month,2,Context Setting
00:01:46.920000,00:01:48.410000,if you get subscription of 12 month then you will get extra three months on 18,get subscription 12 month get extra three months 18,2,Context Setting
00:01:48.410000,00:01:48.420000,you will get extra three months on 18,get extra three months 18,2,Context Setting
00:01:48.420000,00:01:51.590000,you will get extra three months on 18 months plus three months like this and,get extra three months 18 months plus three months like,2,Context Setting
00:01:51.590000,00:01:51.600000,months plus three months like this and,months plus three months like,1,Step-by-Step Instruction
00:01:51.600000,00:01:53.030000,months plus three months like this and the price detail also you can see plus,months plus three months like price detail also see plus,5,Practical Application
00:01:53.030000,00:01:53.040000,the price detail also you can see plus,price detail also see plus,5,Practical Application
00:01:53.040000,00:01:55.190000,the price detail also you can see plus you can use my code jkl10 to get extra,price detail also see plus use code jkl10 get extra,5,Practical Application
00:01:55.190000,00:01:55.200000,you can use my code jkl10 to get extra,use code jkl10 get extra,2,Context Setting
00:01:55.200000,00:01:57.889000,you can use my code jkl10 to get extra 10 discount next thing if you are,use code jkl10 get extra 10 discount next thing,2,Context Setting
00:01:57.889000,00:01:57.899000,10 discount next thing if you are,10 discount next thing,2,Context Setting
00:01:57.899000,00:01:59.450000,10 discount next thing if you are preparing for Railways then they are,10 discount next thing preparing railways,2,Context Setting
00:01:59.450000,00:01:59.460000,preparing for Railways then they are,preparing railways,1,Step-by-Step Instruction
00:01:59.460000,00:02:01.550000,preparing for Railways then they are also going to start new batch from 18th,preparing railways also going start new batch 18th,1,Step-by-Step Instruction
00:02:01.550000,00:02:01.560000,also going to start new batch from 18th,also going start new batch 18th,1,Step-by-Step Instruction
00:02:01.560000,00:02:03.649000,also going to start new batch from 18th of December so in this batch for irms,also going start new batch 18th december batch irms,1,Step-by-Step Instruction
00:02:03.649000,00:02:03.659000,of December so in this batch for irms,december batch irms,1,Step-by-Step Instruction
00:02:03.659000,00:02:06.530000,of December so in this batch for irms 2023 date of educators of upsc and gate,december batch irms 2023 date educators upsc gate,1,Step-by-Step Instruction
00:02:06.530000,00:02:06.540000,2023 date of educators of upsc and gate,2023 date educators upsc gate,1,Step-by-Step Instruction
00:02:06.540000,00:02:08.089000,2023 date of educators of upsc and gate will be covering all the subjects plus,2023 date educators upsc gate covering subjects plus,1,Step-by-Step Instruction
00:02:08.089000,00:02:08.099000,will be covering all the subjects plus,covering subjects plus,1,Step-by-Step Instruction
00:02:08.099000,00:02:09.889000,will be covering all the subjects plus some special classes Plus,covering subjects plus special classes plus,1,Step-by-Step Instruction
00:02:09.889000,00:02:09.899000,some special classes Plus,special classes plus,1,Step-by-Step Instruction
00:02:09.899000,00:02:11.869000,some special classes Plus doubt solving session will also be,special classes plus doubt solving session also,1,Step-by-Step Instruction
00:02:11.869000,00:02:11.879000,doubt solving session will also be,doubt solving session also,1,Step-by-Step Instruction
00:02:11.879000,00:02:14.150000,doubt solving session will also be conducted and they are also offering a,doubt solving session also conducted also offering,1,Step-by-Step Instruction
00:02:14.150000,00:02:14.160000,conducted and they are also offering a,conducted also offering,1,Step-by-Step Instruction
00:02:14.160000,00:02:17.510000,conducted and they are also offering a combo offer for gate and ESC and upsc in,conducted also offering combo offer gate esc upsc,1,Step-by-Step Instruction
00:02:17.510000,00:02:17.520000,combo offer for gate and ESC and upsc in,combo offer gate esc upsc,1,Step-by-Step Instruction
00:02:17.520000,00:02:19.970000,combo offer for gate and ESC and upsc in that you can save up to 39 as you can,combo offer gate esc upsc save 39,1,Step-by-Step Instruction
00:02:19.970000,00:02:19.980000,that you can save up to 39 as you can,save 39,1,Step-by-Step Instruction
00:02:19.980000,00:02:22.070000,that you can save up to 39 as you can see on my screen but it is for limited,save 39 see screen limited,5,Practical Application
00:02:22.070000,00:02:22.080000,see on my screen but it is for limited,see screen limited,5,Practical Application
00:02:22.080000,00:02:23.510000,see on my screen but it is for limited period of time,see screen limited period time,5,Practical Application
00:02:23.510000,00:02:23.520000,period of time,period time,6,Conclusion
00:02:23.520000,00:02:25.309000,period of time and an academy is also conducting all,period time academy also conducting,1,Step-by-Step Instruction
00:02:25.309000,00:02:25.319000,and an academy is also conducting all,academy also conducting,1,Step-by-Step Instruction
00:02:25.319000,00:02:28.550000,and an academy is also conducting all India mock test for gate 2023. next mock,academy also conducting india mock test gate 2023 next mock,1,Step-by-Step Instruction
00:02:28.550000,00:02:28.560000,India mock test for gate 2023. next mock,india mock test gate 2023 next mock,1,Step-by-Step Instruction
00:02:28.560000,00:02:30.650000,India mock test for gate 2023. next mock test is on 18th of December and this,india mock test gate 2023 next mock test 18th december,1,Step-by-Step Instruction
00:02:30.650000,00:02:30.660000,test is on 18th of December and this,test 18th december,1,Step-by-Step Instruction
00:02:30.660000,00:02:32.390000,test is on 18th of December and this you'll also get all India rank you can,test 18th december youll also get india rank,2,Context Setting
00:02:32.390000,00:02:32.400000,you'll also get all India rank you can,youll also get india rank,2,Context Setting
00:02:32.400000,00:02:34.369000,you'll also get all India rank you can see where you are standing among other,youll also get india rank see standing among,5,Practical Application
00:02:34.369000,00:02:34.379000,see where you are standing among other,see standing among,5,Practical Application
00:02:34.379000,00:02:37.010000,see where you are standing among other competitors and you will also get your,see standing among competitors also get,5,Practical Application
00:02:37.010000,00:02:37.020000,competitors and you will also get your,competitors also get,2,Context Setting
00:02:37.020000,00:02:40.190000,competitors and you will also get your analysis Report with video Solutions as,competitors also get analysis report video solutions,2,Context Setting
00:02:40.190000,00:02:40.200000,analysis Report with video Solutions as,analysis report video solutions,1,Step-by-Step Instruction
00:02:40.200000,00:02:42.470000,analysis Report with video Solutions as well so you can enroll for this test,analysis report video solutions well enroll test,1,Step-by-Step Instruction
00:02:42.470000,00:02:42.480000,well so you can enroll for this test,well enroll test,1,Step-by-Step Instruction
00:02:42.480000,00:02:44.869000,well so you can enroll for this test free you no need to pay anything you can,well enroll test free need pay anything,1,Step-by-Step Instruction
00:02:44.869000,00:02:44.879000,free you no need to pay anything you can,free need pay anything,1,Step-by-Step Instruction
00:02:44.879000,00:02:47.210000,free you no need to pay anything you can you can use my code jkl into enroll so,free need pay anything use code jkl enroll,1,Step-by-Step Instruction
00:02:47.210000,00:02:47.220000,you can use my code jkl into enroll so,use code jkl enroll,1,Step-by-Step Instruction
00:02:47.220000,00:02:48.530000,you can use my code jkl into enroll so all the relevant links and details I'll,use code jkl enroll relevant links details ill,1,Step-by-Step Instruction
00:02:48.530000,00:02:48.540000,all the relevant links and details I'll,relevant links details ill,1,Step-by-Step Instruction
00:02:48.540000,00:02:49.970000,all the relevant links and details I'll put in the description box of this video,relevant links details ill put description box video,1,Step-by-Step Instruction
00:02:49.970000,00:02:49.980000,put in the description box of this video,put description box video,1,Step-by-Step Instruction
00:02:49.980000,00:02:52.430000,put in the description box of this video and for the paid subsection you can use,put description box video paid subsection use,1,Step-by-Step Instruction
00:02:52.430000,00:02:52.440000,and for the paid subsection you can use,paid subsection use,1,Step-by-Step Instruction
00:02:52.440000,00:02:53.930000,and for the paid subsection you can use my code jkl tend to get extra 10,paid subsection use code jkl tend get extra 10,2,Context Setting
00:02:53.930000,00:02:53.940000,my code jkl tend to get extra 10,code jkl tend get extra 10,2,Context Setting
00:02:53.940000,00:02:56.750000,my code jkl tend to get extra 10 discount now let's see some more about,code jkl tend get extra 10 discount lets see,2,Context Setting
00:02:56.750000,00:02:56.760000,discount now let's see some more about,discount lets see,5,Practical Application
00:02:56.760000,00:02:58.610000,discount now let's see some more about while loop maybe write down one question,discount lets see loop maybe write one question,4,Recap
00:02:58.610000,00:02:58.620000,while loop maybe write down one question,loop maybe write one question,4,Recap
00:02:58.620000,00:03:00.530000,while loop maybe write down one question and you tell me the answer of that,loop maybe write one question tell answer,4,Recap
00:03:00.530000,00:03:00.540000,and you tell me the answer of that,tell answer,1,Step-by-Step Instruction
00:03:00.540000,00:03:02.570000,and you tell me the answer of that question this is the question I'm not,tell answer question question im,1,Step-by-Step Instruction
00:03:02.570000,00:03:02.580000,question this is the question I'm not,question question im,1,Step-by-Step Instruction
00:03:02.580000,00:03:04.490000,question this is the question I'm not writing the complete program see here,question question im writing complete program see,5,Practical Application
00:03:04.490000,00:03:04.500000,writing the complete program see here,writing complete program see,5,Practical Application
00:03:04.500000,00:03:07.009000,writing the complete program see here I'm taking one variable I okay,writing complete program see im taking one variable okay,6,Conclusion
00:03:07.009000,00:03:07.019000,I'm taking one variable I okay,im taking one variable okay,6,Conclusion
00:03:07.019000,00:03:09.949000,I'm taking one variable I okay in this side we have one now in while,im taking one variable okay side one,6,Conclusion
00:03:09.949000,00:03:09.959000,in this side we have one now in while,side one,6,Conclusion
00:03:09.959000,00:03:11.390000,in this side we have one now in while I'm writing a condition termination,side one im writing condition termination,6,Conclusion
00:03:11.390000,00:03:11.400000,I'm writing a condition termination,im writing condition termination,1,Step-by-Step Instruction
00:03:11.400000,00:03:13.970000,I'm writing a condition termination condition I equal to 1.,im writing condition termination condition equal 1,0,Introduction
00:03:13.970000,00:03:13.980000,condition I equal to 1.,condition equal 1,0,Introduction
00:03:13.980000,00:03:17.210000,condition I equal to 1. okay now in this case I'm printing I and,condition equal 1 okay case im printing,0,Introduction
00:03:17.210000,00:03:17.220000,okay now in this case I'm printing I and,okay case im printing,1,Step-by-Step Instruction
00:03:17.220000,00:03:20.509000,okay now in this case I'm printing I and just I plus plus that's it or after this,okay case im printing plus plus thats,1,Step-by-Step Instruction
00:03:20.509000,00:03:20.519000,just I plus plus that's it or after this,plus plus thats,1,Step-by-Step Instruction
00:03:20.519000,00:03:22.070000,just I plus plus that's it or after this you can write down something like this,plus plus thats write something like,1,Step-by-Step Instruction
00:03:22.070000,00:03:22.080000,you can write down something like this,write something like,1,Step-by-Step Instruction
00:03:22.080000,00:03:23.750000,you can write down something like this out of loop,write something like loop,4,Recap
00:03:23.750000,00:03:23.760000,out of loop,loop,4,Recap
00:03:23.760000,00:03:25.550000,out of loop so let's pause the video and think what,loop lets pause video think,4,Recap
00:03:25.550000,00:03:25.560000,so let's pause the video and think what,lets pause video think,1,Step-by-Step Instruction
00:03:25.560000,00:03:27.530000,so let's pause the video and think what output you will get here so I guess you,lets pause video think output get guess,2,Context Setting
00:03:27.530000,00:03:27.540000,output you will get here so I guess you,output get guess,2,Context Setting
00:03:27.540000,00:03:30.350000,output you will get here so I guess you are done with the solution now see I is,output get guess done solution see,2,Context Setting
00:03:30.350000,00:03:30.360000,are done with the solution now see I is,done solution see,5,Practical Application
00:03:30.360000,00:03:33.050000,are done with the solution now see I is 1 now I is equal to 1 this equal to is,done solution see 1 equal 1 equal,0,Introduction
00:03:33.050000,00:03:33.060000,1 now I is equal to 1 this equal to is,1 equal 1 equal,0,Introduction
00:03:33.060000,00:03:34.070000,1 now I is equal to 1 this equal to is what,1 equal 1 equal,0,Introduction
00:03:34.070000,00:03:34.080000,what,,1,Step-by-Step Instruction
00:03:34.080000,00:03:36.350000,what assignment operator,assignment operator,1,Step-by-Step Instruction
00:03:36.350000,00:03:36.360000,assignment operator,assignment operator,1,Step-by-Step Instruction
00:03:36.360000,00:03:38.809000,assignment operator right means the right hand side whatever,assignment operator right means right hand side whatever,1,Step-by-Step Instruction
00:03:38.809000,00:03:38.819000,right means the right hand side whatever,right means right hand side whatever,1,Step-by-Step Instruction
00:03:38.819000,00:03:40.250000,right means the right hand side whatever is there in right hand side that will be,right means right hand side whatever right hand side,1,Step-by-Step Instruction
00:03:40.250000,00:03:40.260000,is there in right hand side that will be,right hand side,1,Step-by-Step Instruction
00:03:40.260000,00:03:42.770000,is there in right hand side that will be assigned to left hand side so in I we,right hand side assigned left hand side,1,Step-by-Step Instruction
00:03:42.770000,00:03:42.780000,assigned to left hand side so in I we,assigned left hand side,1,Step-by-Step Instruction
00:03:42.780000,00:03:45.890000,assigned to left hand side so in I we are assigning 1 okay now in I we I was,assigned left hand side assigning 1 okay,1,Step-by-Step Instruction
00:03:45.890000,00:03:45.900000,are assigning 1 okay now in I we I was,assigning 1 okay,1,Step-by-Step Instruction
00:03:45.900000,00:03:48.410000,are assigning 1 okay now in I we I was signed again one now C out I so one,assigning 1 okay signed one c one,6,Conclusion
00:03:48.410000,00:03:48.420000,signed again one now C out I so one,signed one c one,6,Conclusion
00:03:48.420000,00:03:50.270000,signed again one now C out I so one would be printed on the screen and I,signed one c one would printed screen,6,Conclusion
00:03:50.270000,00:03:50.280000,would be printed on the screen and I,would printed screen,1,Step-by-Step Instruction
00:03:50.280000,00:03:53.990000,would be printed on the screen and I plus plus now I becomes 2 right now,would printed screen plus plus becomes 2 right,1,Step-by-Step Instruction
00:03:53.990000,00:03:54,plus plus now I becomes 2 right now,plus plus becomes 2 right,1,Step-by-Step Instruction
00:03:54,00:03:55.729000,plus plus now I becomes 2 right now again check the condition I is equal to,plus plus becomes 2 right check condition equal,0,Introduction
00:03:55.729000,00:03:55.739000,again check the condition I is equal to,check condition equal,0,Introduction
00:03:55.739000,00:03:56.930000,again check the condition I is equal to 1.,check condition equal 1,0,Introduction
00:03:56.930000,00:03:56.940000,1.,1,1,Step-by-Step Instruction
00:03:56.940000,00:03:59.630000,1. it is just assignment no condition is,1 assignment condition,0,Introduction
00:03:59.630000,00:03:59.640000,it is just assignment no condition is,assignment condition,0,Introduction
00:03:59.640000,00:04:02.570000,it is just assignment no condition is given so again in I we are assigning 1,assignment condition given assigning 1,1,Step-by-Step Instruction
00:04:02.570000,00:04:02.580000,given so again in I we are assigning 1,given assigning 1,1,Step-by-Step Instruction
00:04:02.580000,00:04:04.610000,given so again in I we are assigning 1 so in again I,given assigning 1,1,Step-by-Step Instruction
00:04:04.610000,00:04:04.620000,so in again I,,1,Step-by-Step Instruction
00:04:04.620000,00:04:06.890000,so in again I 1 would be assigned,1 would assigned,1,Step-by-Step Instruction
00:04:06.890000,00:04:06.900000,1 would be assigned,1 would assigned,1,Step-by-Step Instruction
00:04:06.900000,00:04:08.869000,1 would be assigned okay now condition is true,1 would assigned okay condition true,0,Introduction
00:04:08.869000,00:04:08.879000,okay now condition is true,okay condition true,0,Introduction
00:04:08.879000,00:04:10.130000,okay now condition is true it's not conditioned with just,okay condition true conditioned,0,Introduction
00:04:10.130000,00:04:10.140000,it's not conditioned with just,conditioned,1,Step-by-Step Instruction
00:04:10.140000,00:04:11.929000,it's not conditioned with just assignment and one is what one means,conditioned assignment one one means,6,Conclusion
00:04:11.929000,00:04:11.939000,assignment and one is what one means,assignment one one means,6,Conclusion
00:04:11.939000,00:04:15.050000,assignment and one is what one means true only 0 means false other than 0 is,assignment one one means true 0 means false 0,6,Conclusion
00:04:15.050000,00:04:15.060000,true only 0 means false other than 0 is,true 0 means false 0,1,Step-by-Step Instruction
00:04:15.060000,00:04:17.750000,true only 0 means false other than 0 is true again one would be printed I plus,true 0 means false 0 true one would printed plus,6,Conclusion
00:04:17.750000,00:04:17.760000,true again one would be printed I plus,true one would printed plus,6,Conclusion
00:04:17.760000,00:04:20.449000,true again one would be printed I plus plus means not in next line in same line,true one would printed plus plus means next line line,1,Step-by-Step Instruction
00:04:20.449000,00:04:20.459000,plus means not in next line in same line,plus means next line line,1,Step-by-Step Instruction
00:04:20.459000,00:04:23.689000,plus means not in next line in same line we are not writing any slash in right I,plus means next line line writing slash right,1,Step-by-Step Instruction
00:04:23.689000,00:04:23.699000,we are not writing any slash in right I,writing slash right,1,Step-by-Step Instruction
00:04:23.699000,00:04:26.810000,we are not writing any slash in right I plus plus now I becomes again to again I,writing slash right plus plus becomes,1,Step-by-Step Instruction
00:04:26.810000,00:04:26.820000,plus plus now I becomes again to again I,plus plus becomes,1,Step-by-Step Instruction
00:04:26.820000,00:04:29.749000,plus plus now I becomes again to again I is equal to 1 again 1 and this would be,plus plus becomes equal 1 1 would,1,Step-by-Step Instruction
00:04:29.749000,00:04:29.759000,is equal to 1 again 1 and this would be,equal 1 1 would,0,Introduction
00:04:29.759000,00:04:32.090000,is equal to 1 again 1 and this would be an infinite Loop so one one would be,equal 1 1 would infinite loop one one would,4,Recap
00:04:32.090000,00:04:32.100000,an infinite Loop so one one would be,infinite loop one one would,4,Recap
00:04:32.100000,00:04:34.310000,an infinite Loop so one one would be printed something like this,infinite loop one one would printed something like,4,Recap
00:04:34.310000,00:04:34.320000,printed something like this,printed something like,1,Step-by-Step Instruction
00:04:34.320000,00:04:36.590000,printed something like this now if you want to check equality,printed something like want check equality,1,Step-by-Step Instruction
00:04:36.590000,00:04:36.600000,now if you want to check equality,want check equality,1,Step-by-Step Instruction
00:04:36.600000,00:04:38.510000,now if you want to check equality condition then we have to put double,want check equality condition put double,0,Introduction
00:04:38.510000,00:04:38.520000,condition then we have to put double,condition put double,0,Introduction
00:04:38.520000,00:04:40.370000,condition then we have to put double equal to 1.,condition put double equal 1,0,Introduction
00:04:40.370000,00:04:40.380000,equal to 1.,equal 1,0,Introduction
00:04:40.380000,00:04:43.370000,equal to 1. this is very important sometimes you,equal 1 important sometimes,0,Introduction
00:04:43.370000,00:04:43.380000,this is very important sometimes you,important sometimes,1,Step-by-Step Instruction
00:04:43.380000,00:04:44.629000,this is very important sometimes you know,important sometimes know,1,Step-by-Step Instruction
00:04:44.629000,00:04:44.639000,know,know,1,Step-by-Step Instruction
00:04:44.639000,00:04:47.810000,know they put some some you know simply this,know put know simply,1,Step-by-Step Instruction
00:04:47.810000,00:04:47.820000,they put some some you know simply this,put know simply,1,Step-by-Step Instruction
00:04:47.820000,00:04:50.270000,they put some some you know simply this you know this this kind of thing and you,put know simply know kind thing,1,Step-by-Step Instruction
00:04:50.270000,00:04:50.280000,you know this this kind of thing and you,know kind thing,1,Step-by-Step Instruction
00:04:50.280000,00:04:52.430000,you know this this kind of thing and you think that it is it is you are going to,know kind thing think going,1,Step-by-Step Instruction
00:04:52.430000,00:04:52.440000,think that it is it is you are going to,think going,1,Step-by-Step Instruction
00:04:52.440000,00:04:54.409000,think that it is it is you are going to check the equality condition and,think going check equality condition,0,Introduction
00:04:54.409000,00:04:54.419000,check the equality condition and,check equality condition,0,Introduction
00:04:54.419000,00:04:56.090000,check the equality condition and your answer would be wrong,check equality condition answer would wrong,0,Introduction
00:04:56.090000,00:04:56.100000,your answer would be wrong,answer would wrong,1,Step-by-Step Instruction
00:04:56.100000,00:04:58.129000,your answer would be wrong equality condition is this one double,answer would wrong equality condition one double,0,Introduction
00:04:58.129000,00:04:58.139000,equality condition is this one double,equality condition one double,0,Introduction
00:04:58.139000,00:05:00.409000,equality condition is this one double equal to this is what to check equality,equality condition one double equal check equality,0,Introduction
00:05:00.409000,00:05:00.419000,equal to this is what to check equality,equal check equality,0,Introduction
00:05:00.419000,00:05:03.770000,equal to this is what to check equality now at first I is 1 in this case what,equal check equality first 1 case,0,Introduction
00:05:03.770000,00:05:03.780000,now at first I is 1 in this case what,first 1 case,1,Step-by-Step Instruction
00:05:03.780000,00:05:05.749000,now at first I is 1 in this case what output you will get I equal to equal to,first 1 case output get equal equal,0,Introduction
00:05:05.749000,00:05:05.759000,output you will get I equal to equal to,output get equal equal,0,Introduction
00:05:05.759000,00:05:07.850000,output you will get I equal to equal to one the condition true yes condition is,output get equal equal one condition true yes condition,0,Introduction
00:05:07.850000,00:05:07.860000,one the condition true yes condition is,one condition true yes condition,0,Introduction
00:05:07.860000,00:05:09.650000,one the condition true yes condition is true Y is equal to one so one will be,one condition true yes condition true equal one one,0,Introduction
00:05:09.650000,00:05:09.660000,true Y is equal to one so one will be,true equal one one,6,Conclusion
00:05:09.660000,00:05:12.710000,true Y is equal to one so one will be printed now I plus plus I becomes 2.,true equal one one printed plus plus becomes 2,6,Conclusion
00:05:12.710000,00:05:12.720000,printed now I plus plus I becomes 2.,printed plus plus becomes 2,1,Step-by-Step Instruction
00:05:12.720000,00:05:14.510000,printed now I plus plus I becomes 2. again check the condition I is equal to,printed plus plus becomes 2 check condition equal,0,Introduction
00:05:14.510000,00:05:14.520000,again check the condition I is equal to,check condition equal,0,Introduction
00:05:14.520000,00:05:16.189000,again check the condition I is equal to is equal to 1 is this condition true,check condition equal equal 1 condition true,0,Introduction
00:05:16.189000,00:05:16.199000,is equal to 1 is this condition true,equal 1 condition true,0,Introduction
00:05:16.199000,00:05:19.550000,is equal to 1 is this condition true this time no because I is 2 so now out,equal 1 condition true time 2,0,Introduction
00:05:19.550000,00:05:19.560000,this time no because I is 2 so now out,time 2,6,Conclusion
00:05:19.560000,00:05:21.290000,this time no because I is 2 so now out of this Loop and what will be printed,time 2 loop printed,4,Recap
00:05:21.290000,00:05:21.300000,of this Loop and what will be printed,loop printed,4,Recap
00:05:21.300000,00:05:23.090000,of this Loop and what will be printed out of loop,loop printed loop,4,Recap
00:05:23.090000,00:05:23.100000,out of loop,loop,4,Recap
00:05:23.100000,00:05:24.770000,out of loop I hope you got the difference between,loop hope got difference,4,Recap
00:05:24.770000,00:05:24.780000,I hope you got the difference between,hope got difference,1,Step-by-Step Instruction
00:05:24.780000,00:05:27.290000,I hope you got the difference between these let me just give you two more,hope got difference let give two,1,Step-by-Step Instruction
00:05:27.290000,00:05:27.300000,these let me just give you two more,let give two,1,Step-by-Step Instruction
00:05:27.300000,00:05:30.170000,these let me just give you two more questions,let give two questions,1,Step-by-Step Instruction
00:05:36.230000,00:05:36.240000,I'm just asking value of I,im asking value,1,Step-by-Step Instruction
00:05:36.240000,00:05:39.650000,I'm just asking value of I then in while I am writing just I,im asking value writing,1,Step-by-Step Instruction
00:05:39.650000,00:05:39.660000,then in while I am writing just I,writing,1,Step-by-Step Instruction
00:05:39.660000,00:05:42.170000,then in while I am writing just I okay and just printing I and I plus plus,writing okay printing plus plus,1,Step-by-Step Instruction
00:05:42.170000,00:05:42.180000,okay and just printing I and I plus plus,okay printing plus plus,1,Step-by-Step Instruction
00:05:42.180000,00:05:43.909000,okay and just printing I and I plus plus so what output you will get now first of,okay printing plus plus output get first,2,Context Setting
00:05:43.909000,00:05:43.919000,so what output you will get now first of,output get first,2,Context Setting
00:05:43.919000,00:05:46.730000,so what output you will get now first of all it will ask enter I suppose I am,output get first ask enter suppose,2,Context Setting
00:05:46.730000,00:05:46.740000,all it will ask enter I suppose I am,ask enter suppose,1,Step-by-Step Instruction
00:05:46.740000,00:05:49.189000,all it will ask enter I suppose I am entering I value 10.,ask enter suppose entering value 10,1,Step-by-Step Instruction
00:05:49.189000,00:05:49.199000,entering I value 10.,entering value 10,2,Context Setting
00:05:49.199000,00:05:53.629000,entering I value 10. so in I now we have 10 while I so while,entering value 10 10,2,Context Setting
00:05:53.629000,00:05:53.639000,so in I now we have 10 while I so while,10,2,Context Setting
00:05:53.639000,00:05:56.510000,so in I now we have 10 while I so while 10 I means 10 to 10 means true,10 10 means 10 10 means true,2,Context Setting
00:05:56.510000,00:05:56.520000,10 I means 10 to 10 means true,10 means 10 10 means true,2,Context Setting
00:05:56.520000,00:05:58.909000,10 I means 10 to 10 means true enter into the loop 10 would be printed,10 means 10 10 means true enter loop 10 would printed,2,Context Setting
00:05:58.909000,00:05:58.919000,enter into the loop 10 would be printed,enter loop 10 would printed,4,Recap
00:05:58.919000,00:06:01.670000,enter into the loop 10 would be printed now I plus plus this becomes 11. again,enter loop 10 would printed plus plus becomes 11,4,Recap
00:06:01.670000,00:06:01.680000,now I plus plus this becomes 11. again,plus plus becomes 11,1,Step-by-Step Instruction
00:06:01.680000,00:06:03.950000,now I plus plus this becomes 11. again take the condition while 11 11 is also 2,plus plus becomes 11 take condition 11 11 also 2,1,Step-by-Step Instruction
00:06:03.950000,00:06:03.960000,take the condition while 11 11 is also 2,take condition 11 11 also 2,1,Step-by-Step Instruction
00:06:03.960000,00:06:06.950000,take the condition while 11 11 is also 2 because 0 is only false so now 11 would,take condition 11 11 also 2 0 false 11 would,1,Step-by-Step Instruction
00:06:06.950000,00:06:06.960000,because 0 is only false so now 11 would,0 false 11 would,1,Step-by-Step Instruction
00:06:06.960000,00:06:10.129000,because 0 is only false so now 11 would be printed then I plus plus means 2 L,0 false 11 would printed plus plus means 2 l,1,Step-by-Step Instruction
00:06:10.129000,00:06:10.139000,be printed then I plus plus means 2 L,printed plus plus means 2 l,1,Step-by-Step Instruction
00:06:10.139000,00:06:12.770000,be printed then I plus plus means 2 L then while condition while here we have,printed plus plus means 2 l condition,1,Step-by-Step Instruction
00:06:12.770000,00:06:12.780000,then while condition while here we have,condition,0,Introduction
00:06:12.780000,00:06:15.710000,then while condition while here we have now 12 so that is also true,condition 12 also true,0,Introduction
00:06:15.710000,00:06:15.720000,now 12 so that is also true,12 also true,1,Step-by-Step Instruction
00:06:15.720000,00:06:17.930000,now 12 so that is also true right so now 12 would be a period,12 also true right 12 would period,1,Step-by-Step Instruction
00:06:17.930000,00:06:17.940000,right so now 12 would be a period,right 12 would period,1,Step-by-Step Instruction
00:06:17.940000,00:06:19.730000,right so now 12 would be a period something like this,right 12 would period something like,1,Step-by-Step Instruction
00:06:19.730000,00:06:19.740000,something like this,something like,1,Step-by-Step Instruction
00:06:19.740000,00:06:21.890000,something like this maybe you are thinking it would be an,something like maybe thinking would,1,Step-by-Step Instruction
00:06:21.890000,00:06:21.900000,maybe you are thinking it would be an,maybe thinking would,1,Step-by-Step Instruction
00:06:21.900000,00:06:23.270000,maybe you are thinking it would be an infinite Loop,maybe thinking would infinite loop,4,Recap
00:06:23.270000,00:06:23.280000,infinite Loop,infinite loop,4,Recap
00:06:23.280000,00:06:25.070000,infinite Loop just think,infinite loop think,4,Recap
00:06:25.070000,00:06:25.080000,just think,think,1,Step-by-Step Instruction
00:06:25.080000,00:06:26.930000,just think pause the video and think it would be an,think pause video think would,1,Step-by-Step Instruction
00:06:26.930000,00:06:26.940000,pause the video and think it would be an,pause video think would,1,Step-by-Step Instruction
00:06:26.940000,00:06:29.270000,pause the video and think it would be an infinite local node if you have watched,pause video think would infinite local node watched,1,Step-by-Step Instruction
00:06:29.270000,00:06:29.280000,infinite local node if you have watched,infinite local node watched,1,Step-by-Step Instruction
00:06:29.280000,00:06:32.330000,infinite local node if you have watched my videos of four and while loop of CE,infinite local node watched videos four loop ce,4,Recap
00:06:32.330000,00:06:32.340000,my videos of four and while loop of CE,videos four loop ce,4,Recap
00:06:32.340000,00:06:34.670000,my videos of four and while loop of CE programming then,videos four loop ce programming,4,Recap
00:06:34.670000,00:06:34.680000,programming then,programming,1,Step-by-Step Instruction
00:06:34.680000,00:06:37.969000,programming then you got the answer right so now,programming got answer right,1,Step-by-Step Instruction
00:06:37.969000,00:06:37.979000,you got the answer right so now,got answer right,1,Step-by-Step Instruction
00:06:37.979000,00:06:41.870000,you got the answer right so now see it would not be an infinite Loop why,got answer right see would infinite loop,4,Recap
00:06:41.870000,00:06:41.880000,see it would not be an infinite Loop why,see would infinite loop,4,Recap
00:06:41.880000,00:06:44.689000,see it would not be an infinite Loop why so because see we have one Circle,see would infinite loop see one circle,5,Practical Application
00:06:44.689000,00:06:44.699000,so because see we have one Circle,see one circle,5,Practical Application
00:06:44.699000,00:06:48.290000,so because see we have one Circle something like this I'm assuming uh that,see one circle something like im assuming uh,6,Conclusion
00:06:48.290000,00:06:48.300000,something like this I'm assuming uh that,something like im assuming uh,1,Step-by-Step Instruction
00:06:48.300000,00:06:50.570000,something like this I'm assuming uh that int will take four bytes,something like im assuming uh int take four bytes,1,Step-by-Step Instruction
00:06:50.570000,00:06:50.580000,int will take four bytes,int take four bytes,1,Step-by-Step Instruction
00:06:50.580000,00:06:52.570000,int will take four bytes right,int take four bytes right,1,Step-by-Step Instruction
00:06:52.570000,00:06:52.580000,right,right,1,Step-by-Step Instruction
00:06:52.580000,00:06:56.090000,right 164-bit machine right now the range of,right 164bit machine right range,1,Step-by-Step Instruction
00:06:56.090000,00:06:56.100000,164-bit machine right now the range of,164bit machine right range,1,Step-by-Step Instruction
00:06:56.100000,00:06:59.150000,164-bit machine right now the range of int is this one so this would be the,164bit machine right range int one would,6,Conclusion
00:06:59.150000,00:06:59.160000,int is this one so this would be the,int one would,6,Conclusion
00:06:59.160000,00:07:00.170000,int is this one so this would be the range,int one would range,6,Conclusion
00:07:00.170000,00:07:00.180000,range,range,1,Step-by-Step Instruction
00:07:00.180000,00:07:02.090000,range okay according to four bytes of integer,range okay according four bytes integer,1,Step-by-Step Instruction
00:07:02.090000,00:07:02.100000,okay according to four bytes of integer,okay according four bytes integer,1,Step-by-Step Instruction
00:07:02.100000,00:07:04.309000,okay according to four bytes of integer minus two one four seven four eight,okay according four bytes integer minus two one four seven four eight,3,Transitions
00:07:04.309000,00:07:04.319000,minus two one four seven four eight,minus two one four seven four eight,3,Transitions
00:07:04.319000,00:07:06.650000,minus two one four seven four eight three six four eight two plus two one,minus two one four seven four eight three six four eight two plus two one,3,Transitions
00:07:06.650000,00:07:06.660000,three six four eight two plus two one,three six four eight two plus two one,3,Transitions
00:07:06.660000,00:07:08.270000,three six four eight two plus two one four seven four eight three six four,three six four eight two plus two one four seven four eight three six four,3,Transitions
00:07:08.270000,00:07:08.280000,four seven four eight three six four,four seven four eight three six four,3,Transitions
00:07:08.280000,00:07:09.710000,four seven four eight three six four seven right,four seven four eight three six four seven right,3,Transitions
00:07:09.710000,00:07:09.720000,seven right,seven right,1,Step-by-Step Instruction
00:07:09.720000,00:07:14.330000,seven right so how it will work see we have this and,seven right work see,5,Practical Application
00:07:14.330000,00:07:14.340000,so how it will work see we have this and,work see,5,Practical Application
00:07:14.340000,00:07:17.450000,so how it will work see we have this and this is what signed in so we have Circle,work see signed circle,5,Practical Application
00:07:17.450000,00:07:17.460000,this is what signed in so we have Circle,signed circle,1,Step-by-Step Instruction
00:07:17.460000,00:07:20.270000,this is what signed in so we have Circle for signed int so here we have zero then,signed circle signed int zero,1,Step-by-Step Instruction
00:07:20.270000,00:07:20.280000,for signed int so here we have zero then,signed int zero,1,Step-by-Step Instruction
00:07:20.280000,00:07:23.150000,for signed int so here we have zero then one then two something like this and at,signed int zero one two something like,6,Conclusion
00:07:23.150000,00:07:23.160000,one then two something like this and at,one two something like,6,Conclusion
00:07:23.160000,00:07:25.670000,one then two something like this and at one point of time we reach to this one,one two something like one point time reach one,6,Conclusion
00:07:25.670000,00:07:25.680000,one point of time we reach to this one,one point time reach one,6,Conclusion
00:07:25.680000,00:07:29.089000,one point of time we reach to this one two one four seven four eight three six,one point time reach one two one four seven four eight three six,3,Transitions
00:07:29.089000,00:07:29.099000,two one four seven four eight three six,two one four seven four eight three six,3,Transitions
00:07:29.099000,00:07:32.510000,two one four seven four eight three six four seven right and on left hand side,two one four seven four eight three six four seven right left hand side,3,Transitions
00:07:32.510000,00:07:32.520000,four seven right and on left hand side,four seven right left hand side,1,Step-by-Step Instruction
00:07:32.520000,00:07:34.930000,four seven right and on left hand side minus 1 minus 2 minus three,four seven right left hand side minus 1 minus 2 minus three,1,Step-by-Step Instruction
00:07:34.930000,00:07:34.940000,minus 1 minus 2 minus three,minus 1 minus 2 minus three,1,Step-by-Step Instruction
00:07:34.940000,00:07:38.510000,minus 1 minus 2 minus three anti-clockwise like this and finally we,minus 1 minus 2 minus three anticlockwise like finally,1,Step-by-Step Instruction
00:07:38.510000,00:07:38.520000,anti-clockwise like this and finally we,anticlockwise like finally,1,Step-by-Step Instruction
00:07:38.520000,00:07:41.689000,anti-clockwise like this and finally we reach 2 here minus two one four seven,anticlockwise like finally reach 2 minus two one four seven,3,Transitions
00:07:41.689000,00:07:41.699000,reach 2 here minus two one four seven,reach 2 minus two one four seven,3,Transitions
00:07:41.699000,00:07:44.749000,reach 2 here minus two one four seven four eight three six four eight,reach 2 minus two one four seven four eight three six four eight,3,Transitions
00:07:44.749000,00:07:44.759000,four eight three six four eight,four eight three six four eight,3,Transitions
00:07:44.759000,00:07:48.050000,four eight three six four eight and here we have this point of time uh,four eight three six four eight point time uh,3,Transitions
00:07:48.050000,00:07:48.060000,and here we have this point of time uh,point time uh,6,Conclusion
00:07:48.060000,00:07:50.469000,and here we have this point of time uh sorry at this place we have,point time uh sorry place,6,Conclusion
00:07:50.469000,00:07:50.479000,sorry at this place we have,sorry place,1,Step-by-Step Instruction
00:07:50.479000,00:07:53.930000,sorry at this place we have minus two one four seven four eight,sorry place minus two one four seven four eight,3,Transitions
00:07:53.930000,00:07:53.940000,minus two one four seven four eight,minus two one four seven four eight,3,Transitions
00:07:53.940000,00:07:55.969000,minus two one four seven four eight three six four seven,minus two one four seven four eight three six four seven,3,Transitions
00:07:55.969000,00:07:55.979000,three six four seven,three six four seven,3,Transitions
00:07:55.979000,00:07:58.670000,three six four seven and here we have like 46 something like,three six four seven like 46 something like,3,Transitions
00:07:58.670000,00:07:58.680000,and here we have like 46 something like,like 46 something like,1,Step-by-Step Instruction
00:07:58.680000,00:08:00.770000,and here we have like 46 something like this right,like 46 something like right,1,Step-by-Step Instruction
00:08:00.770000,00:08:00.780000,this right,right,1,Step-by-Step Instruction
00:08:00.780000,00:08:02.990000,this right so this according to this it would be,right according would,1,Step-by-Step Instruction
00:08:02.990000,00:08:03,so this according to this it would be,according would,1,Step-by-Step Instruction
00:08:03,00:08:04.670000,so this according to this it would be printed it would not be an infinite Loop,according would printed would infinite loop,4,Recap
00:08:04.670000,00:08:04.680000,printed it would not be an infinite Loop,printed would infinite loop,4,Recap
00:08:04.680000,00:08:06.589000,printed it would not be an infinite Loop so see,printed would infinite loop see,4,Recap
00:08:06.589000,00:08:06.599000,so see,see,5,Practical Application
00:08:06.599000,00:08:10.010000,so see I is 10 so 10 11 12 something like this,see 10 10 11 12 something like,2,Context Setting
00:08:10.010000,00:08:10.020000,I is 10 so 10 11 12 something like this,10 10 11 12 something like,2,Context Setting
00:08:10.020000,00:08:12.050000,I is 10 so 10 11 12 something like this to repeat it at some point of time it,10 10 11 12 something like repeat point time,2,Context Setting
00:08:12.050000,00:08:12.060000,to repeat it at some point of time it,repeat point time,6,Conclusion
00:08:12.060000,00:08:14.029000,to repeat it at some point of time it would reach to this point,repeat point time would reach point,6,Conclusion
00:08:14.029000,00:08:14.039000,would reach to this point,would reach point,6,Conclusion
00:08:14.039000,00:08:16.730000,would reach to this point right now it will not print,would reach point right print,6,Conclusion
00:08:16.730000,00:08:16.740000,right now it will not print,right print,1,Step-by-Step Instruction
00:08:16.740000,00:08:21.830000,right now it will not print 47 48 no after that it will reach to,right print 47 48 reach,1,Step-by-Step Instruction
00:08:21.830000,00:08:21.840000,47 48 no after that it will reach to,47 48 reach,1,Step-by-Step Instruction
00:08:21.840000,00:08:24.469000,47 48 no after that it will reach to this one,47 48 reach one,6,Conclusion
00:08:24.469000,00:08:24.479000,this one,one,6,Conclusion
00:08:24.479000,00:08:26.990000,this one plus two one four seven four eight three,one plus two one four seven four eight three,3,Transitions
00:08:26.990000,00:08:27,plus two one four seven four eight three,plus two one four seven four eight three,3,Transitions
00:08:27,00:08:30.710000,plus two one four seven four eight three six four eight is equal to minus two one,plus two one four seven four eight three six four eight equal minus two one,3,Transitions
00:08:30.710000,00:08:30.720000,six four eight is equal to minus two one,six four eight equal minus two one,3,Transitions
00:08:30.720000,00:08:32.209000,six four eight is equal to minus two one four seven four eight three six four,six four eight equal minus two one four seven four eight three six four,3,Transitions
00:08:32.209000,00:08:32.219000,four seven four eight three six four,four seven four eight three six four,3,Transitions
00:08:32.219000,00:08:32.990000,four seven four eight three six four eight,four seven four eight three six four eight,3,Transitions
00:08:32.990000,00:08:33,eight,eight,1,Step-by-Step Instruction
00:08:33,00:08:35.269000,eight right then this should be printed then,eight right printed,1,Step-by-Step Instruction
00:08:35.269000,00:08:35.279000,right then this should be printed then,right printed,1,Step-by-Step Instruction
00:08:35.279000,00:08:37.790000,right then this should be printed then minus this should be printed then like,right printed minus printed like,1,Step-by-Step Instruction
00:08:37.790000,00:08:37.800000,minus this should be printed then like,minus printed like,1,Step-by-Step Instruction
00:08:37.800000,00:08:38.570000,minus this should be printed then like this,minus printed like,1,Step-by-Step Instruction
00:08:38.570000,00:08:38.580000,this,,1,Step-by-Step Instruction
00:08:38.580000,00:08:41.329000,this then minus 3 minus 2 minus 1 and at,minus 3 minus 2 minus 1,1,Step-by-Step Instruction
00:08:41.329000,00:08:41.339000,then minus 3 minus 2 minus 1 and at,minus 3 minus 2 minus 1,1,Step-by-Step Instruction
00:08:41.339000,00:08:44.510000,then minus 3 minus 2 minus 1 and at first at one time it will reach to zero,minus 3 minus 2 minus 1 first one time reach zero,6,Conclusion
00:08:44.510000,00:08:44.520000,first at one time it will reach to zero,first one time reach zero,6,Conclusion
00:08:44.520000,00:08:47.389000,first at one time it will reach to zero now once I value reached to 0 then it,first one time reach zero value reached 0,6,Conclusion
00:08:47.389000,00:08:47.399000,now once I value reached to 0 then it,value reached 0,1,Step-by-Step Instruction
00:08:47.399000,00:08:49.550000,now once I value reached to 0 then it would become false and then out of loop,value reached 0 would become false loop,4,Recap
00:08:49.550000,00:08:49.560000,would become false and then out of loop,would become false loop,4,Recap
00:08:49.560000,00:08:52.370000,would become false and then out of loop so it would not be any finite Loop and,would become false loop would finite loop,4,Recap
00:08:52.370000,00:08:52.380000,so it would not be any finite Loop and,would finite loop,4,Recap
00:08:52.380000,00:08:54.590000,so it would not be any finite Loop and this way it is going to print I hope you,would finite loop way going print hope,4,Recap
00:08:54.590000,00:08:54.600000,this way it is going to print I hope you,way going print hope,1,Step-by-Step Instruction
00:08:54.600000,00:08:56.389000,this way it is going to print I hope you go to the working of this thing I'll,way going print hope go working thing ill,1,Step-by-Step Instruction
00:08:56.389000,00:08:56.399000,go to the working of this thing I'll,go working thing ill,1,Step-by-Step Instruction
00:08:56.399000,00:08:58.430000,go to the working of this thing I'll show you on my laptop also with help,go working thing ill show laptop also help,1,Step-by-Step Instruction
00:08:58.430000,00:08:58.440000,show you on my laptop also with help,show laptop also help,1,Step-by-Step Instruction
00:08:58.440000,00:08:59.389000,show you on my laptop also with help program,show laptop also help program,1,Step-by-Step Instruction
00:08:59.389000,00:08:59.399000,program,program,1,Step-by-Step Instruction
00:08:59.399000,00:09:03.170000,program right like this if here you are entering,program right like entering,1,Step-by-Step Instruction
00:09:03.170000,00:09:03.180000,right like this if here you are entering,right like entering,1,Step-by-Step Instruction
00:09:03.180000,00:09:06.650000,right like this if here you are entering value of I suppose I am entering this is,right like entering value suppose entering,1,Step-by-Step Instruction
00:09:06.650000,00:09:06.660000,value of I suppose I am entering this is,value suppose entering,1,Step-by-Step Instruction
00:09:06.660000,00:09:11.509000,value of I suppose I am entering this is for your assignment if I enter minus 5.,value suppose entering assignment enter minus 5,1,Step-by-Step Instruction
00:09:11.509000,00:09:11.519000,for your assignment if I enter minus 5.,assignment enter minus 5,1,Step-by-Step Instruction
00:09:11.519000,00:09:13.730000,for your assignment if I enter minus 5. then what output you will get here you,assignment enter minus 5 output get,2,Context Setting
00:09:13.730000,00:09:13.740000,then what output you will get here you,output get,2,Context Setting
00:09:13.740000,00:09:16.370000,then what output you will get here you need to tell me in comment section right,output get need tell comment section right,2,Context Setting
00:09:16.370000,00:09:16.380000,need to tell me in comment section right,need tell comment section right,1,Step-by-Step Instruction
00:09:16.380000,00:09:21.050000,need to tell me in comment section right now see one more thing if I modify this,need tell comment section right see one thing modify,6,Conclusion
00:09:21.050000,00:09:21.060000,now see one more thing if I modify this,see one thing modify,6,Conclusion
00:09:21.060000,00:09:22.790000,now see one more thing if I modify this thing something like this rather than I,see one thing modify thing something like rather,6,Conclusion
00:09:22.790000,00:09:22.800000,thing something like this rather than I,thing something like rather,1,Step-by-Step Instruction
00:09:22.800000,00:09:24.530000,thing something like this rather than I I am writing one,thing something like rather writing one,6,Conclusion
00:09:24.530000,00:09:24.540000,I am writing one,writing one,6,Conclusion
00:09:24.540000,00:09:27.650000,I am writing one in this case what output you will get,writing one case output get,2,Context Setting
00:09:27.650000,00:09:27.660000,in this case what output you will get,case output get,2,Context Setting
00:09:27.660000,00:09:29.990000,in this case what output you will get suppose the video and think now let me,case output get suppose video think let,2,Context Setting
00:09:29.990000,00:09:30,suppose the video and think now let me,suppose video think let,1,Step-by-Step Instruction
00:09:30,00:09:31.670000,suppose the video and think now let me just show you practical of these,suppose video think let show practical,1,Step-by-Step Instruction
00:09:31.670000,00:09:31.680000,just show you practical of these,show practical,1,Step-by-Step Instruction
00:09:31.680000,00:09:35.389000,just show you practical of these programs okay so this is one program let,show practical programs okay one program let,6,Conclusion
00:09:35.389000,00:09:35.399000,programs okay so this is one program let,programs okay one program let,6,Conclusion
00:09:35.399000,00:09:36.290000,programs okay so this is one program let me just,programs okay one program let,6,Conclusion
00:09:36.290000,00:09:36.300000,me just,,1,Step-by-Step Instruction
00:09:36.300000,00:09:39.829000,me just assume this,assume,1,Step-by-Step Instruction
00:09:40.970000,00:09:40.980000,C,c,1,Step-by-Step Instruction
00:09:40.980000,00:09:44.150000,C we are taking variable I we are asking,c taking variable asking,1,Step-by-Step Instruction
00:09:44.150000,00:09:44.160000,we are taking variable I we are asking,taking variable asking,1,Step-by-Step Instruction
00:09:44.160000,00:09:46.070000,we are taking variable I we are asking from user enter I and then in while I am,taking variable asking user enter,1,Step-by-Step Instruction
00:09:46.070000,00:09:46.080000,from user enter I and then in while I am,user enter,1,Step-by-Step Instruction
00:09:46.080000,00:09:48.949000,from user enter I and then in while I am putting just I and we are just printing,user enter putting printing,1,Step-by-Step Instruction
00:09:48.949000,00:09:48.959000,putting just I and we are just printing,putting printing,1,Step-by-Step Instruction
00:09:48.959000,00:09:52.490000,putting just I and we are just printing I I plus plus and then out of flow right,putting printing plus plus flow right,1,Step-by-Step Instruction
00:09:52.490000,00:09:52.500000,I I plus plus and then out of flow right,plus plus flow right,1,Step-by-Step Instruction
00:09:52.500000,00:09:54.590000,I I plus plus and then out of flow right now let me just run this and show you,plus plus flow right let run show,1,Step-by-Step Instruction
00:09:54.590000,00:09:54.600000,now let me just run this and show you,let run show,1,Step-by-Step Instruction
00:09:54.600000,00:09:57.530000,now let me just run this and show you what output you will get here,let run show output get,2,Context Setting
00:09:57.530000,00:09:57.540000,what output you will get here,output get,2,Context Setting
00:09:57.540000,00:10:01.550000,what output you will get here see if I enter I value if I enter like,output get see enter value enter like,5,Practical Application
00:10:01.550000,00:10:01.560000,see if I enter I value if I enter like,see enter value enter like,5,Practical Application
00:10:01.560000,00:10:03.710000,see if I enter I value if I enter like minus 3,see enter value enter like minus 3,5,Practical Application
00:10:03.710000,00:10:03.720000,minus 3,minus 3,1,Step-by-Step Instruction
00:10:03.720000,00:10:06.470000,minus 3 you will get minus 3 minus 2 minus 1.,minus 3 get minus 3 minus 2 minus 1,1,Step-by-Step Instruction
00:10:06.470000,00:10:06.480000,you will get minus 3 minus 2 minus 1.,get minus 3 minus 2 minus 1,1,Step-by-Step Instruction
00:10:06.480000,00:10:08.389000,you will get minus 3 minus 2 minus 1. because it will it will reach to then 0,get minus 3 minus 2 minus 1 reach 0,1,Step-by-Step Instruction
00:10:08.389000,00:10:08.399000,because it will it will reach to then 0,reach 0,1,Step-by-Step Instruction
00:10:08.399000,00:10:11.630000,because it will it will reach to then 0 and then it will stop right but suppose,reach 0 stop right suppose,1,Step-by-Step Instruction
00:10:11.630000,00:10:11.640000,and then it will stop right but suppose,stop right suppose,1,Step-by-Step Instruction
00:10:11.640000,00:10:13.730000,and then it will stop right but suppose again I'm going to run and,stop right suppose im going run,1,Step-by-Step Instruction
00:10:13.730000,00:10:13.740000,again I'm going to run and,im going run,1,Step-by-Step Instruction
00:10:13.740000,00:10:15.889000,again I'm going to run and at this point of time I am entering,im going run point time entering,6,Conclusion
00:10:15.889000,00:10:15.899000,at this point of time I am entering,point time entering,6,Conclusion
00:10:15.899000,00:10:18.949000,at this point of time I am entering values oppose 3.,point time entering values oppose 3,6,Conclusion
00:10:18.949000,00:10:18.959000,values oppose 3.,values oppose 3,1,Step-by-Step Instruction
00:10:18.959000,00:10:21.170000,values oppose 3. not minus 3 it's 3.,values oppose 3 minus 3 3,1,Step-by-Step Instruction
00:10:21.170000,00:10:21.180000,not minus 3 it's 3.,minus 3 3,1,Step-by-Step Instruction
00:10:21.180000,00:10:23.509000,not minus 3 it's 3. let me just run this maybe now you are,minus 3 3 let run maybe,1,Step-by-Step Instruction
00:10:23.509000,00:10:23.519000,let me just run this maybe now you are,let run maybe,1,Step-by-Step Instruction
00:10:23.519000,00:10:25.370000,let me just run this maybe now you are thinking it would be an infinite Loop,let run maybe thinking would infinite loop,4,Recap
00:10:25.370000,00:10:25.380000,thinking it would be an infinite Loop,thinking would infinite loop,4,Recap
00:10:25.380000,00:10:29.509000,thinking it would be an infinite Loop because 3 then up to that range three,thinking would infinite loop 3 range three,4,Recap
00:10:29.509000,00:10:29.519000,because 3 then up to that range three,3 range three,1,Step-by-Step Instruction
00:10:29.519000,00:10:31.310000,because 3 then up to that range three four five then two one four seven four,3 range three four five two one four seven four,3,Transitions
00:10:31.310000,00:10:31.320000,four five then two one four seven four,four five two one four seven four,3,Transitions
00:10:31.320000,00:10:33.110000,four five then two one four seven four eight three six four seven then minus,four five two one four seven four eight three six four seven minus,3,Transitions
00:10:33.110000,00:10:33.120000,eight three six four seven then minus,eight three six four seven minus,3,Transitions
00:10:33.120000,00:10:35.810000,eight three six four seven then minus and then once it will reach to zero then,eight three six four seven minus reach zero,3,Transitions
00:10:35.810000,00:10:35.820000,and then once it will reach to zero then,reach zero,1,Step-by-Step Instruction
00:10:35.820000,00:10:38.410000,and then once it will reach to zero then it is going to stop the complete circle,reach zero going stop complete circle,1,Step-by-Step Instruction
00:10:38.410000,00:10:38.420000,it is going to stop the complete circle,going stop complete circle,1,Step-by-Step Instruction
00:10:38.420000,00:10:41.090000,it is going to stop the complete circle right so definitely you will think it,going stop complete circle right definitely think,1,Step-by-Step Instruction
00:10:41.090000,00:10:41.100000,right so definitely you will think it,right definitely think,1,Step-by-Step Instruction
00:10:41.100000,00:10:42.710000,right so definitely you will think it would be an infinite row but no it would,right definitely think would infinite row would,1,Step-by-Step Instruction
00:10:42.710000,00:10:42.720000,would be an infinite row but no it would,would infinite row would,4,Recap
00:10:42.720000,00:10:45.290000,would be an infinite row but no it would not be an infinite Loop okay,would infinite row would infinite loop okay,4,Recap
00:10:45.290000,00:10:45.300000,not be an infinite Loop okay,infinite loop okay,4,Recap
00:10:45.300000,00:10:46.550000,not be an infinite Loop okay now,infinite loop okay,4,Recap
00:10:46.550000,00:10:46.560000,now,,1,Step-by-Step Instruction
00:10:46.560000,00:10:48.590000,now if I put here,put,1,Step-by-Step Instruction
00:10:48.590000,00:10:48.600000,if I put here,put,1,Step-by-Step Instruction
00:10:48.600000,00:10:53.810000,if I put here those previous one I is equal to 1. okay,put previous one equal 1 okay,6,Conclusion
00:10:53.810000,00:10:53.820000,those previous one I is equal to 1. okay,previous one equal 1 okay,6,Conclusion
00:10:53.820000,00:10:56.150000,those previous one I is equal to 1. okay now let's run this,previous one equal 1 okay lets run,6,Conclusion
00:10:56.150000,00:10:56.160000,now let's run this,lets run,1,Step-by-Step Instruction
00:10:56.160000,00:10:58.970000,now let's run this and we are entering it would ask enter I,lets run entering would ask enter,1,Step-by-Step Instruction
00:10:58.970000,00:10:58.980000,and we are entering it would ask enter I,entering would ask enter,1,Step-by-Step Instruction
00:10:58.980000,00:11:01.430000,and we are entering it would ask enter I and I am entering 1.,entering would ask enter entering 1,1,Step-by-Step Instruction
00:11:01.430000,00:11:01.440000,and I am entering 1.,entering 1,1,Step-by-Step Instruction
00:11:01.440000,00:11:03.170000,and I am entering 1. let's run this,entering 1 lets run,1,Step-by-Step Instruction
00:11:03.170000,00:11:03.180000,let's run this,lets run,1,Step-by-Step Instruction
00:11:03.180000,00:11:06.170000,let's run this see it would be an infinite Loop it is,lets run see would infinite loop,4,Recap
00:11:06.170000,00:11:06.180000,see it would be an infinite Loop it is,see would infinite loop,4,Recap
00:11:06.180000,00:11:08.870000,see it would be an infinite Loop it is not going to stop,see would infinite loop going stop,4,Recap
00:11:08.870000,00:11:08.880000,not going to stop,going stop,1,Step-by-Step Instruction
00:11:08.880000,00:11:10.610000,not going to stop as you can show because this is not,going stop show,1,Step-by-Step Instruction
00:11:10.610000,00:11:10.620000,as you can show because this is not,show,1,Step-by-Step Instruction
00:11:10.620000,00:11:12.530000,as you can show because this is not equality this is assignment operator,show equality assignment operator,1,Step-by-Step Instruction
00:11:12.530000,00:11:12.540000,equality this is assignment operator,equality assignment operator,1,Step-by-Step Instruction
00:11:12.540000,00:11:15.650000,equality this is assignment operator right and if I again enter this and at,equality assignment operator right enter,1,Step-by-Step Instruction
00:11:15.650000,00:11:15.660000,right and if I again enter this and at,right enter,1,Step-by-Step Instruction
00:11:15.660000,00:11:18.949000,right and if I again enter this and at this point of time I enter like what,right enter point time enter like,6,Conclusion
00:11:18.949000,00:11:18.959000,this point of time I enter like what,point time enter like,6,Conclusion
00:11:18.959000,00:11:23.509000,this point of time I enter like what okay,point time enter like okay,6,Conclusion
00:11:26.870000,00:11:26.880000,I am entering I 4 maybe you are thinking,entering 4 maybe thinking,1,Step-by-Step Instruction
00:11:26.880000,00:11:28.670000,I am entering I 4 maybe you are thinking I is 4 so it is the condition is not,entering 4 maybe thinking 4 condition,1,Step-by-Step Instruction
00:11:28.670000,00:11:28.680000,I is 4 so it is the condition is not,4 condition,0,Introduction
00:11:28.680000,00:11:30.590000,I is 4 so it is the condition is not true so it will not run but no this time,4 condition true run time,0,Introduction
00:11:30.590000,00:11:30.600000,true so it will not run but no this time,true run time,6,Conclusion
00:11:30.600000,00:11:32.150000,true so it will not run but no this time also it would be an infinite Loop,true run time also would infinite loop,4,Recap
00:11:32.150000,00:11:32.160000,also it would be an infinite Loop,also would infinite loop,4,Recap
00:11:32.160000,00:11:35.750000,also it would be an infinite Loop printing one one one right okay now,also would infinite loop printing one one one right okay,6,Conclusion
00:11:35.750000,00:11:35.760000,printing one one one right okay now,printing one one one right okay,6,Conclusion
00:11:35.760000,00:11:39.050000,printing one one one right okay now if I put I is equal to is equal to 1 and,printing one one one right okay put equal equal 1,6,Conclusion
00:11:39.050000,00:11:39.060000,if I put I is equal to is equal to 1 and,put equal equal 1,0,Introduction
00:11:39.060000,00:11:41.569000,if I put I is equal to is equal to 1 and that is fine let's run this,put equal equal 1 fine lets run,0,Introduction
00:11:41.569000,00:11:41.579000,that is fine let's run this,fine lets run,1,Step-by-Step Instruction
00:11:41.579000,00:11:45.530000,that is fine let's run this and see enter I I is 2. so condition is,fine lets run see enter 2 condition,5,Practical Application
00:11:45.530000,00:11:45.540000,and see enter I I is 2. so condition is,see enter 2 condition,5,Practical Application
00:11:45.540000,00:11:47.509000,and see enter I I is 2. so condition is not true because 2 is not equal to 1 so,see enter 2 condition true 2 equal 1,0,Introduction
00:11:47.509000,00:11:47.519000,not true because 2 is not equal to 1 so,true 2 equal 1,0,Introduction
00:11:47.519000,00:11:49.250000,not true because 2 is not equal to 1 so it would only print out of loop that's,true 2 equal 1 would print loop thats,4,Recap
00:11:49.250000,00:11:49.260000,it would only print out of loop that's,would print loop thats,4,Recap
00:11:49.260000,00:11:50.210000,it would only print out of loop that's it,would print loop thats,4,Recap
00:11:50.210000,00:11:50.220000,it,,1,Step-by-Step Instruction
00:11:50.220000,00:11:52.850000,it again if you run this and you will enter,run enter,1,Step-by-Step Instruction
00:11:52.850000,00:11:52.860000,again if you run this and you will enter,run enter,1,Step-by-Step Instruction
00:11:52.860000,00:11:55.610000,again if you run this and you will enter I is equal to 1 it will print 1 and out,run enter equal 1 print 1,0,Introduction
00:11:55.610000,00:11:55.620000,I is equal to 1 it will print 1 and out,equal 1 print 1,0,Introduction
00:11:55.620000,00:11:57.590000,I is equal to 1 it will print 1 and out of loop because this time condition is,equal 1 print 1 loop time condition,0,Introduction
00:11:57.590000,00:11:57.600000,of loop because this time condition is,loop time condition,4,Recap
00:11:57.600000,00:11:59.630000,of loop because this time condition is true so it will enter into this while,loop time condition true enter,0,Introduction
00:11:59.630000,00:11:59.640000,true so it will enter into this while,true enter,1,Step-by-Step Instruction
00:11:59.640000,00:12:01.670000,true so it will enter into this while loop it will print I,true enter loop print,4,Recap
00:12:01.670000,00:12:01.680000,loop it will print I,loop print,4,Recap
00:12:01.680000,00:12:04.430000,loop it will print I I plus plus and then out of loop,loop print plus plus loop,4,Recap
00:12:04.430000,00:12:04.440000,I plus plus and then out of loop,plus plus loop,4,Recap
00:12:04.440000,00:12:05.509000,I plus plus and then out of loop right,plus plus loop right,4,Recap
00:12:05.509000,00:12:05.519000,right,right,1,Step-by-Step Instruction
00:12:05.519000,00:12:08.870000,right now at this point of time rather than,right point time rather,6,Conclusion
00:12:08.870000,00:12:08.880000,now at this point of time rather than,point time rather,6,Conclusion
00:12:08.880000,00:12:11.150000,now at this point of time rather than that,point time rather,6,Conclusion
00:12:11.150000,00:12:11.160000,that,,1,Step-by-Step Instruction
00:12:11.160000,00:12:13.670000,that I in this while loop I am just putting,loop putting,4,Recap
00:12:13.670000,00:12:13.680000,I in this while loop I am just putting,loop putting,4,Recap
00:12:13.680000,00:12:14.750000,I in this while loop I am just putting one,loop putting one,4,Recap
00:12:14.750000,00:12:14.760000,one,one,6,Conclusion
00:12:14.760000,00:12:16.790000,one okay,one okay,6,Conclusion
00:12:16.790000,00:12:16.800000,okay,okay,6,Conclusion
00:12:16.800000,00:12:19.190000,okay now at this point of time it will not,okay point time,6,Conclusion
00:12:19.190000,00:12:19.200000,now at this point of time it will not,point time,6,Conclusion
00:12:19.200000,00:12:21.170000,now at this point of time it will not stop,point time stop,6,Conclusion
00:12:21.170000,00:12:21.180000,stop,stop,1,Step-by-Step Instruction
00:12:21.180000,00:12:25.670000,stop okay let me just run this,stop okay let run,1,Step-by-Step Instruction
00:12:25.670000,00:12:25.680000,okay let me just run this,okay let run,1,Step-by-Step Instruction
00:12:25.680000,00:12:29.690000,okay let me just run this sorry enter I is equal to 2 and first of,okay let run sorry enter equal 2 first,0,Introduction
00:12:29.690000,00:12:29.700000,sorry enter I is equal to 2 and first of,sorry enter equal 2 first,0,Introduction
00:12:29.700000,00:12:32.329000,sorry enter I is equal to 2 and first of all we have to save this because after,sorry enter equal 2 first save,0,Introduction
00:12:32.329000,00:12:32.339000,all we have to save this because after,save,1,Step-by-Step Instruction
00:12:32.339000,00:12:34.430000,all we have to save this because after editing I haven't saved this now let me,save editing havent saved let,1,Step-by-Step Instruction
00:12:34.430000,00:12:34.440000,editing I haven't saved this now let me,editing havent saved let,1,Step-by-Step Instruction
00:12:34.440000,00:12:36.410000,editing I haven't saved this now let me just run this,editing havent saved let run,1,Step-by-Step Instruction
00:12:36.410000,00:12:36.420000,just run this,run,1,Step-by-Step Instruction
00:12:36.420000,00:12:38.269000,just run this any value you can enter like I am,run value enter like,1,Step-by-Step Instruction
00:12:38.269000,00:12:38.279000,any value you can enter like I am,value enter like,1,Step-by-Step Instruction
00:12:38.279000,00:12:39.650000,any value you can enter like I am entering I value,value enter like entering value,1,Step-by-Step Instruction
00:12:39.650000,00:12:39.660000,entering I value,entering value,1,Step-by-Step Instruction
00:12:39.660000,00:12:43.250000,entering I value if you enter 0 then also,entering value enter 0 also,1,Step-by-Step Instruction
00:12:43.250000,00:12:43.260000,if you enter 0 then also,enter 0 also,5,Practical Application
00:12:43.260000,00:12:45.829000,if you enter 0 then also see,enter 0 also see,5,Practical Application
00:12:50.569000,00:12:50.579000,because 0 but in y we are having only,0,1,Step-by-Step Instruction
00:12:50.579000,00:12:52.670000,because 0 but in y we are having only one so condition is true,0 one condition true,0,Introduction
00:12:52.670000,00:12:52.680000,one so condition is true,one condition true,0,Introduction
00:12:52.680000,00:12:54.769000,one so condition is true still it will print I value then I plus,one condition true still print value plus,0,Introduction
00:12:54.769000,00:12:54.779000,still it will print I value then I plus,still print value plus,1,Step-by-Step Instruction
00:12:54.779000,00:12:57.470000,still it will print I value then I plus plus and continue it will be continue,still print value plus plus continue continue,1,Step-by-Step Instruction
00:12:57.470000,00:12:57.480000,plus and continue it will be continue,plus continue continue,1,Step-by-Step Instruction
00:12:57.480000,00:12:59.389000,plus and continue it will be continue continue continue that Circle would be,plus continue continue continue continue circle would,1,Step-by-Step Instruction
00:12:59.389000,00:12:59.399000,continue continue that Circle would be,continue continue circle would,1,Step-by-Step Instruction
00:12:59.399000,00:13:01.790000,continue continue that Circle would be first positive then negative then,continue continue circle would first positive negative,1,Step-by-Step Instruction
00:13:01.790000,00:13:01.800000,first positive then negative then,first positive negative,1,Step-by-Step Instruction
00:13:01.800000,00:13:03.650000,first positive then negative then positive negative positive negative all,first positive negative positive negative positive negative,1,Step-by-Step Instruction
00:13:03.650000,00:13:03.660000,positive negative positive negative all,positive negative positive negative,1,Step-by-Step Instruction
00:13:03.660000,00:13:04.850000,positive negative positive negative all values,positive negative positive negative values,1,Step-by-Step Instruction
00:13:04.850000,00:13:04.860000,values,values,1,Step-by-Step Instruction
00:13:04.860000,00:13:06.889000,values so these things you need to take care,values things need take care,1,Step-by-Step Instruction
00:13:06.889000,00:13:06.899000,so these things you need to take care,things need take care,1,Step-by-Step Instruction
00:13:06.899000,00:13:08.870000,so these things you need to take care right now you can try if you put,things need take care right try put,1,Step-by-Step Instruction
00:13:08.870000,00:13:08.880000,right now you can try if you put,right try put,1,Step-by-Step Instruction
00:13:08.880000,00:13:10.550000,right now you can try if you put semicolon here then what output you will,right try put semicolon output,2,Context Setting
00:13:10.550000,00:13:10.560000,semicolon here then what output you will,semicolon output,2,Context Setting
00:13:10.560000,00:13:12.710000,semicolon here then what output you will get this is for your assignment,semicolon output get assignment,2,Context Setting
00:13:12.710000,00:13:12.720000,get this is for your assignment,get assignment,2,Context Setting
00:13:12.720000,00:13:14.569000,get this is for your assignment so I hope you got these things about,get assignment hope got things,2,Context Setting
00:13:14.569000,00:13:14.579000,so I hope you got these things about,hope got things,1,Step-by-Step Instruction
00:13:14.579000,00:13:17.090000,so I hope you got these things about while loop now you can also try because,hope got things loop also try,4,Recap
00:13:17.090000,00:13:17.100000,while loop now you can also try because,loop also try,4,Recap
00:13:17.100000,00:13:19.310000,while loop now you can also try because I cannot tell you everything on you know,loop also try tell everything know,4,Recap
00:13:19.310000,00:13:19.320000,I cannot tell you everything on you know,tell everything know,1,Step-by-Step Instruction
00:13:19.320000,00:13:21.710000,I cannot tell you everything on you know in this whiteboard in one video,tell everything know whiteboard one video,6,Conclusion
00:13:21.710000,00:13:21.720000,in this whiteboard in one video,whiteboard one video,6,Conclusion
00:13:21.720000,00:13:23.690000,in this whiteboard in one video otherwise video will be very lengthy you,whiteboard one video otherwise video lengthy,6,Conclusion
00:13:23.690000,00:13:23.700000,otherwise video will be very lengthy you,otherwise video lengthy,1,Step-by-Step Instruction
00:13:23.700000,00:13:25.250000,otherwise video will be very lengthy you can try out different different things,otherwise video lengthy try different different things,1,Step-by-Step Instruction
00:13:25.250000,00:13:25.260000,can try out different different things,try different different things,1,Step-by-Step Instruction
00:13:25.260000,00:13:27.650000,can try out different different things like what experiment you can do this you,try different different things like experiment,1,Step-by-Step Instruction
00:13:27.650000,00:13:27.660000,like what experiment you can do this you,like experiment,1,Step-by-Step Instruction
00:13:27.660000,00:13:29.269000,like what experiment you can do this you can do with this while loop like if I,like experiment loop like,4,Recap
00:13:29.269000,00:13:29.279000,can do with this while loop like if I,loop like,4,Recap
00:13:29.279000,00:13:31.310000,can do with this while loop like if I put semicolon here then what output you,loop like put semicolon output,2,Context Setting
00:13:31.310000,00:13:31.320000,put semicolon here then what output you,put semicolon output,2,Context Setting
00:13:31.320000,00:13:32.690000,put semicolon here then what output you will get these kind of things you can,put semicolon output get kind things,2,Context Setting
00:13:32.690000,00:13:32.700000,will get these kind of things you can,get kind things,2,Context Setting
00:13:32.700000,00:13:34.190000,will get these kind of things you can try,get kind things try,2,Context Setting
00:13:34.190000,00:13:34.200000,try,try,1,Step-by-Step Instruction
00:13:34.200000,00:13:37.129000,try and that is how you can try try to solve,try try try solve,1,Step-by-Step Instruction
00:13:37.129000,00:13:37.139000,and that is how you can try try to solve,try try solve,1,Step-by-Step Instruction
00:13:37.139000,00:13:41.210000,and that is how you can try try to solve you know problems on every like if you,try try solve know problems every like,1,Step-by-Step Instruction
00:13:41.210000,00:13:41.220000,you know problems on every like if you,know problems every like,1,Step-by-Step Instruction
00:13:41.220000,00:13:43.790000,you know problems on every like if you are going through the section of loops,know problems every like going section loops,1,Step-by-Step Instruction
00:13:43.790000,00:13:43.800000,are going through the section of loops,going section loops,1,Step-by-Step Instruction
00:13:43.800000,00:13:46.730000,are going through the section of loops solve problem on Loops just theory part,going section loops solve problem loops theory part,1,Step-by-Step Instruction
00:13:46.730000,00:13:46.740000,solve problem on Loops just theory part,solve problem loops theory part,1,Step-by-Step Instruction
00:13:46.740000,00:13:48.769000,solve problem on Loops just theory part and then start solving problem drier and,solve problem loops theory part start solving problem drier,1,Step-by-Step Instruction
00:13:48.769000,00:13:48.779000,and then start solving problem drier and,start solving problem drier,1,Step-by-Step Instruction
00:13:48.779000,00:13:50.329000,and then start solving problem drier and those first then,start solving problem drier first,1,Step-by-Step Instruction
00:13:50.329000,00:13:50.339000,those first then,first,1,Step-by-Step Instruction
00:13:50.339000,00:13:53.329000,those first then on your laptop run those problems,first laptop run problems,1,Step-by-Step Instruction
00:13:53.329000,00:13:53.339000,on your laptop run those problems,laptop run problems,1,Step-by-Step Instruction
00:13:53.339000,00:13:54.590000,on your laptop run those problems right,laptop run problems right,1,Step-by-Step Instruction
00:13:54.590000,00:13:54.600000,right,right,1,Step-by-Step Instruction
00:13:54.600000,00:13:57.230000,right so in that way,right way,1,Step-by-Step Instruction
00:13:57.230000,00:13:57.240000,so in that way,way,1,Step-by-Step Instruction
00:13:57.240000,00:13:59.810000,so in that way if more and more problem you will solve,way problem solve,1,Step-by-Step Instruction
00:13:59.810000,00:13:59.820000,if more and more problem you will solve,problem solve,1,Step-by-Step Instruction
00:13:59.820000,00:14:02.750000,if more and more problem you will solve then you will get each and every like,problem solve get every like,2,Context Setting
00:14:02.750000,00:14:02.760000,then you will get each and every like,get every like,2,Context Setting
00:14:02.760000,00:14:05.030000,then you will get each and every like every single detail about that concept,get every like every single detail concept,2,Context Setting
00:14:05.030000,00:14:05.040000,every single detail about that concept,every single detail concept,1,Step-by-Step Instruction
00:14:05.040000,00:14:07.490000,every single detail about that concept if one or two problem you will solve on,every single detail concept one two problem solve,6,Conclusion
00:14:07.490000,00:14:07.500000,if one or two problem you will solve on,one two problem solve,6,Conclusion
00:14:07.500000,00:14:09.889000,if one or two problem you will solve on that concept you will just get the,one two problem solve concept get,6,Conclusion
00:14:09.889000,00:14:09.899000,that concept you will just get the,concept get,2,Context Setting
00:14:09.899000,00:14:13.310000,that concept you will just get the overview about that concept right so if,concept get overview concept right,1,Step-by-Step Instruction
00:14:13.310000,00:14:13.320000,overview about that concept right so if,overview concept right,1,Step-by-Step Instruction
00:14:13.320000,00:14:15.350000,overview about that concept right so if you want to deep down into that concept,overview concept right want deep concept,1,Step-by-Step Instruction
00:14:15.350000,00:14:15.360000,you want to deep down into that concept,want deep concept,1,Step-by-Step Instruction
00:14:15.360000,00:14:16.850000,you want to deep down into that concept you have to solve different different,want deep concept solve different different,1,Step-by-Step Instruction
00:14:16.850000,00:14:16.860000,you have to solve different different,solve different different,1,Step-by-Step Instruction
00:14:16.860000,00:14:19.250000,you have to solve different different type of problems,solve different different type problems,1,Step-by-Step Instruction
00:14:19.250000,00:14:19.260000,type of problems,type problems,1,Step-by-Step Instruction
00:14:19.260000,00:14:22.310000,type of problems then also you know at that time only you,type problems also know time,1,Step-by-Step Instruction
00:14:22.310000,00:14:22.320000,then also you know at that time only you,also know time,1,Step-by-Step Instruction
00:14:22.320000,00:14:24.350000,then also you know at that time only you will face some difficulties and you will,also know time face difficulties,1,Step-by-Step Instruction
00:14:24.350000,00:14:24.360000,will face some difficulties and you will,face difficulties,1,Step-by-Step Instruction
00:14:24.360000,00:14:26.210000,will face some difficulties and you will try to solve those problems like how you,face difficulties try solve problems like,1,Step-by-Step Instruction
00:14:26.210000,00:14:26.220000,try to solve those problems like how you,try solve problems like,1,Step-by-Step Instruction
00:14:26.220000,00:14:28.790000,try to solve those problems like how you are getting that kind of output and all,try solve problems like getting kind output,2,Context Setting
00:14:28.790000,00:14:28.800000,are getting that kind of output and all,getting kind output,2,Context Setting
00:14:28.800000,00:14:30.050000,are getting that kind of output and all right so try out different different,getting kind output right try different different,1,Step-by-Step Instruction
00:14:30.050000,00:14:30.060000,right so try out different different,right try different different,1,Step-by-Step Instruction
00:14:30.060000,00:14:32.090000,right so try out different different things with these Concepts,right try different different things concepts,1,Step-by-Step Instruction
00:14:32.090000,00:14:32.100000,things with these Concepts,things concepts,1,Step-by-Step Instruction
00:14:32.100000,00:14:34.190000,things with these Concepts right now in the next video we will see,things concepts right next video see,5,Practical Application
00:14:34.190000,00:14:34.200000,right now in the next video we will see,right next video see,5,Practical Application
00:14:34.200000,00:14:35.750000,right now in the next video we will see do I look so I will see in the next,right next video see look see next,5,Practical Application
00:14:35.750000,00:14:35.760000,do I look so I will see in the next,look see next,5,Practical Application
00:14:35.760000,00:14:38.899000,do I look so I will see in the next video till then bye take care,look see next video till bye take care,5,Practical Application
