Start Time,End Time,Text,Cleaned Text,Cluster,Workflow Step
00:00:02.330000,00:00:02.340000,hey everyone I hope you all are safe and,hey everyone hope safe,0,Introduction
00:00:02.340000,00:00:03.889000,hey everyone I hope you all are safe and doing good so in the series of learning,hey everyone hope safe good series learning,0,Introduction
00:00:03.889000,00:00:03.899000,doing good so in the series of learning,good series learning,0,Introduction
00:00:03.899000,00:00:05.329000,doing good so in the series of learning C plus plus programming language in the,good series learning c plus plus programming language,0,Introduction
00:00:05.329000,00:00:05.339000,C plus plus programming language in the,c plus plus programming language,0,Introduction
00:00:05.339000,00:00:06.590000,C plus plus programming language in the previous video we have seen what is,c plus plus programming language previous video seen,0,Introduction
00:00:06.590000,00:00:06.600000,previous video we have seen what is,previous video seen,0,Introduction
00:00:06.600000,00:00:09.290000,previous video we have seen what is range based for Loop and why we use this,previous video seen range based loop use,2,Context Setting
00:00:09.290000,00:00:09.300000,range based for Loop and why we use this,range based loop use,2,Context Setting
00:00:09.300000,00:00:10.669000,range based for Loop and why we use this and how this is different from,range based loop use different,2,Context Setting
00:00:10.669000,00:00:10.679000,and how this is different from,different,0,Introduction
00:00:10.679000,00:00:12.650000,and how this is different from traditional for Loop and with the heck,different traditional loop heck,0,Introduction
00:00:12.650000,00:00:12.660000,traditional for Loop and with the heck,traditional loop heck,0,Introduction
00:00:12.660000,00:00:14.690000,traditional for Loop and with the heck of program we have seen that thing right,traditional loop heck program seen thing right,0,Introduction
00:00:14.690000,00:00:14.700000,of program we have seen that thing right,program seen thing right,0,Introduction
00:00:14.700000,00:00:16.790000,of program we have seen that thing right now based on that we will do one coding,program seen thing right based one coding,0,Introduction
00:00:16.790000,00:00:16.800000,now based on that we will do one coding,based one coding,0,Introduction
00:00:16.800000,00:00:20.029000,now based on that we will do one coding exercise in this video okay based on,based one coding exercise video okay based,1,Step-by-Step Instruction
00:00:20.029000,00:00:20.039000,exercise in this video okay based on,exercise video okay based,1,Step-by-Step Instruction
00:00:20.039000,00:00:22.010000,exercise in this video okay based on Range based for Loops so now the,exercise video okay based range based loops,1,Step-by-Step Instruction
00:00:22.010000,00:00:22.020000,Range based for Loops so now the,range based loops,2,Context Setting
00:00:22.020000,00:00:24.170000,Range based for Loops so now the exercise Is We I have given you a vector,range based loops exercise given vector,2,Context Setting
00:00:24.170000,00:00:24.180000,exercise Is We I have given you a vector,exercise given vector,2,Context Setting
00:00:24.180000,00:00:26.450000,exercise Is We I have given you a vector this is a vector although we haven't,exercise given vector vector although havent,2,Context Setting
00:00:26.450000,00:00:26.460000,this is a vector although we haven't,vector although havent,2,Context Setting
00:00:26.460000,00:00:29.150000,this is a vector although we haven't discussed Vector till now in the series,vector although havent discussed vector till series,2,Context Setting
00:00:29.150000,00:00:29.160000,discussed Vector till now in the series,discussed vector till series,2,Context Setting
00:00:29.160000,00:00:31.189000,discussed Vector till now in the series we'll be discussing in detail what,discussed vector till series well discussing detail,2,Context Setting
00:00:31.189000,00:00:31.199000,we'll be discussing in detail what,well discussing detail,0,Introduction
00:00:31.199000,00:00:34.790000,we'll be discussing in detail what Vector is but it's like you can say for,well discussing detail vector like say,2,Context Setting
00:00:34.790000,00:00:34.800000,Vector is but it's like you can say for,vector like say,2,Context Setting
00:00:34.800000,00:00:36.470000,Vector is but it's like you can say for now you can say it's a dynamic array,vector like say say dynamic array,2,Context Setting
00:00:36.470000,00:00:36.480000,now you can say it's a dynamic array,say dynamic array,0,Introduction
00:00:36.480000,00:00:38.930000,now you can say it's a dynamic array just like array but we can change the,say dynamic array like array change,0,Introduction
00:00:38.930000,00:00:38.940000,just like array but we can change the,like array change,0,Introduction
00:00:38.940000,00:00:41.270000,just like array but we can change the size of vector so as you can see array,like array change size vector see array,2,Context Setting
00:00:41.270000,00:00:41.280000,size of vector so as you can see array,size vector see array,2,Context Setting
00:00:41.280000,00:00:43.209000,size of vector so as you can see array is also something like this how to,size vector see array also something like,2,Context Setting
00:00:43.209000,00:00:43.219000,is also something like this how to,also something like,0,Introduction
00:00:43.219000,00:00:45.470000,is also something like this how to declare or Define a vector just write,also something like declare define vector write,2,Context Setting
00:00:45.470000,00:00:45.480000,declare or Define a vector just write,declare define vector write,2,Context Setting
00:00:45.480000,00:00:48.830000,declare or Define a vector just write down Vector here in these,declare define vector write vector,2,Context Setting
00:00:48.830000,00:00:48.840000,down Vector here in these,vector,2,Context Setting
00:00:48.840000,00:00:51.590000,down Vector here in these brackets will lie down int or you can,vector brackets lie int,2,Context Setting
00:00:51.590000,00:00:51.600000,brackets will lie down int or you can,brackets lie int,0,Introduction
00:00:51.600000,00:00:54.290000,brackets will lie down int or you can say the data type their type of this all,brackets lie int say data type type,0,Introduction
00:00:54.290000,00:00:54.300000,say the data type their type of this all,say data type type,0,Introduction
00:00:54.300000,00:00:56.389000,say the data type their type of this all the data is int the name of the vector,say data type type data int name vector,2,Context Setting
00:00:56.389000,00:00:56.399000,the data is int the name of the vector,data int name vector,2,Context Setting
00:00:56.399000,00:00:58.490000,the data is int the name of the vector any variable you can take,data int name vector variable take,6,Conclusion
00:00:58.490000,00:00:58.500000,any variable you can take,variable take,6,Conclusion
00:00:58.500000,00:01:02.569000,any variable you can take a b c x y num back num anything and this,variable take b c x num back num anything,6,Conclusion
00:01:02.569000,00:01:02.579000,a b c x y num back num anything and this,b c x num back num anything,0,Introduction
00:01:02.579000,00:01:05.030000,a b c x y num back num anything and this is the vector the value of vector is 3 6,b c x num back num anything vector value vector 3 6,2,Context Setting
00:01:05.030000,00:01:05.040000,is the vector the value of vector is 3 6,vector value vector 3 6,2,Context Setting
00:01:05.040000,00:01:08.630000,is the vector the value of vector is 3 6 15 and till 300 something like this okay,vector value vector 3 6 15 till 300 something like okay,2,Context Setting
00:01:08.630000,00:01:08.640000,15 and till 300 something like this okay,15 till 300 something like okay,1,Step-by-Step Instruction
00:01:08.640000,00:01:11.210000,15 and till 300 something like this okay now you have to,15 till 300 something like okay,1,Step-by-Step Instruction
00:01:11.210000,00:01:11.220000,now you have to,,0,Introduction
00:01:11.220000,00:01:16.070000,now you have to use range based for Loop to Loop through,use range based loop loop,2,Context Setting
00:01:16.070000,00:01:16.080000,use range based for Loop to Loop through,use range based loop loop,2,Context Setting
00:01:16.080000,00:01:17.690000,use range based for Loop to Loop through this vector,use range based loop loop vector,2,Context Setting
00:01:17.690000,00:01:17.700000,this vector,vector,2,Context Setting
00:01:17.700000,00:01:19.910000,this vector and you have to find out how many,vector find many,2,Context Setting
00:01:19.910000,00:01:19.920000,and you have to find out how many,find many,0,Introduction
00:01:19.920000,00:01:24.830000,and you have to find out how many numbers are evenly divisible by,find many numbers evenly divisible,5,Practical Application
00:01:24.830000,00:01:24.840000,numbers are evenly divisible by,numbers evenly divisible,5,Practical Application
00:01:24.840000,00:01:27.289000,numbers are evenly divisible by either 3,numbers evenly divisible either 3,5,Practical Application
00:01:27.289000,00:01:27.299000,either 3,either 3,0,Introduction
00:01:27.299000,00:01:31.370000,either 3 or 5.,either 3 5,0,Introduction
00:01:33.190000,00:01:33.200000,make this thing very clear I am saying,make thing clear saying,0,Introduction
00:01:33.200000,00:01:37.190000,make this thing very clear I am saying evenly divisible by either three or five,make thing clear saying evenly divisible either three five,5,Practical Application
00:01:37.190000,00:01:37.200000,evenly divisible by either three or five,evenly divisible either three five,5,Practical Application
00:01:37.200000,00:01:39.649000,evenly divisible by either three or five how many numbers you have to count,evenly divisible either three five many numbers count,5,Practical Application
00:01:39.649000,00:01:39.659000,how many numbers you have to count,many numbers count,0,Introduction
00:01:39.659000,00:01:41.390000,how many numbers you have to count those numbers and you have to use a,many numbers count numbers use,0,Introduction
00:01:41.390000,00:01:41.400000,those numbers and you have to use a,numbers use,0,Introduction
00:01:41.400000,00:01:43.550000,those numbers and you have to use a range based for loop I guess this is not,numbers use range based loop guess,2,Context Setting
00:01:43.550000,00:01:43.560000,range based for loop I guess this is not,range based loop guess,2,Context Setting
00:01:43.560000,00:01:44.690000,range based for loop I guess this is not so much stuff,range based loop guess much stuff,2,Context Setting
00:01:44.690000,00:01:44.700000,so much stuff,much stuff,0,Introduction
00:01:44.700000,00:01:46.550000,so much stuff if you have idea about range base for,much stuff idea range base,2,Context Setting
00:01:46.550000,00:01:46.560000,if you have idea about range base for,idea range base,2,Context Setting
00:01:46.560000,00:01:49.910000,if you have idea about range base for Loop how to use this thing and if you,idea range base loop use thing,2,Context Setting
00:01:49.910000,00:01:49.920000,Loop how to use this thing and if you,loop use thing,0,Introduction
00:01:49.920000,00:01:52.249000,Loop how to use this thing and if you have idea like how to find out if a,loop use thing idea like find,0,Introduction
00:01:52.249000,00:01:52.259000,have idea like how to find out if a,idea like find,0,Introduction
00:01:52.259000,00:01:54.410000,have idea like how to find out if a number is divisible by like maybe three,idea like find number divisible like maybe three,5,Practical Application
00:01:54.410000,00:01:54.420000,number is divisible by like maybe three,number divisible like maybe three,5,Practical Application
00:01:54.420000,00:01:56.389000,number is divisible by like maybe three or five or any other number,number divisible like maybe three five number,5,Practical Application
00:01:56.389000,00:01:56.399000,or five or any other number,five number,0,Introduction
00:01:56.399000,00:01:59.870000,or five or any other number we use like mode module operator,five number use like mode module operator,0,Introduction
00:01:59.870000,00:01:59.880000,we use like mode module operator,use like mode module operator,0,Introduction
00:01:59.880000,00:02:02.569000,we use like mode module operator okay so now let's pause the video and,use like mode module operator okay lets pause video,1,Step-by-Step Instruction
00:02:02.569000,00:02:02.579000,okay so now let's pause the video and,okay lets pause video,1,Step-by-Step Instruction
00:02:02.579000,00:02:04.550000,okay so now let's pause the video and try this out okay so I hope you have,okay lets pause video try okay hope,1,Step-by-Step Instruction
00:02:04.550000,00:02:04.560000,try this out okay so I hope you have,try okay hope,1,Step-by-Step Instruction
00:02:04.560000,00:02:09.529000,try this out okay so I hope you have tried this out let's do this together,try okay hope tried lets together,1,Step-by-Step Instruction
00:02:10.850000,00:02:10.860000,so,,0,Introduction
00:02:10.860000,00:02:14.089000,so create a new file coding exercise 4 dot,create new file coding exercise 4 dot,0,Introduction
00:02:14.089000,00:02:14.099000,create a new file coding exercise 4 dot,create new file coding exercise 4 dot,0,Introduction
00:02:14.099000,00:02:16.130000,create a new file coding exercise 4 dot CPP because we have done three coding,create new file coding exercise 4 dot cpp done three coding,0,Introduction
00:02:16.130000,00:02:16.140000,CPP because we have done three coding,cpp done three coding,0,Introduction
00:02:16.140000,00:02:17.210000,CPP because we have done three coding says before,cpp done three coding says,0,Introduction
00:02:17.210000,00:02:17.220000,says before,says,0,Introduction
00:02:17.220000,00:02:22.490000,says before so at first what include IO stream,says first include io stream,0,Introduction
00:02:22.490000,00:02:22.500000,so at first what include IO stream,first include io stream,0,Introduction
00:02:22.500000,00:02:25.130000,so at first what include IO stream the setter file then we will use Vector,first include io stream setter file use vector,2,Context Setting
00:02:25.130000,00:02:25.140000,the setter file then we will use Vector,setter file use vector,2,Context Setting
00:02:25.140000,00:02:27.650000,the setter file then we will use Vector here so you have to include,setter file use vector include,2,Context Setting
00:02:27.650000,00:02:27.660000,here so you have to include,include,0,Introduction
00:02:27.660000,00:02:31.610000,here so you have to include Vector also this header file and then,include vector also header file,2,Context Setting
00:02:31.610000,00:02:31.620000,Vector also this header file and then,vector also header file,2,Context Setting
00:02:31.620000,00:02:34.910000,Vector also this header file and then using namespace STD why we are including,vector also header file using namespace std including,2,Context Setting
00:02:34.910000,00:02:34.920000,using namespace STD why we are including,using namespace std including,0,Introduction
00:02:34.920000,00:02:39.290000,using namespace STD why we are including this header Vector that we will see when,using namespace std including header vector see,2,Context Setting
00:02:39.290000,00:02:39.300000,this header Vector that we will see when,header vector see,2,Context Setting
00:02:39.300000,00:02:41.509000,this header Vector that we will see when we will discuss Vector in detail right,header vector see discuss vector detail right,2,Context Setting
00:02:41.509000,00:02:41.519000,we will discuss Vector in detail right,discuss vector detail right,2,Context Setting
00:02:41.519000,00:02:45.290000,we will discuss Vector in detail right using namespace STD and int main you can,discuss vector detail right using namespace std int main,2,Context Setting
00:02:45.290000,00:02:45.300000,using namespace STD and int main you can,using namespace std int main,0,Introduction
00:02:45.300000,00:02:47.449000,using namespace STD and int main you can access my C plus playlist and there in,using namespace std int main access c plus playlist,0,Introduction
00:02:47.449000,00:02:47.459000,access my C plus playlist and there in,access c plus playlist,0,Introduction
00:02:47.459000,00:02:48.949000,access my C plus playlist and there in the starting videos you will get why we,access c plus playlist starting videos get,0,Introduction
00:02:48.949000,00:02:48.959000,the starting videos you will get why we,starting videos get,6,Conclusion
00:02:48.959000,00:02:51.650000,the starting videos you will get why we are why we are using this we are,starting videos get using,6,Conclusion
00:02:51.650000,00:02:51.660000,are why we are using this we are,using,0,Introduction
00:02:51.660000,00:02:54.170000,are why we are using this we are including this file this you know line,using including file know line,0,Introduction
00:02:54.170000,00:02:54.180000,including this file this you know line,including file know line,0,Introduction
00:02:54.180000,00:02:56.869000,including this file this you know line using namespace STD why we are including,including file know line using namespace std including,0,Introduction
00:02:56.869000,00:02:56.879000,using namespace STD why we are including,using namespace std including,0,Introduction
00:02:56.879000,00:02:58.309000,using namespace STD why we are including the screen space,using namespace std including screen space,0,Introduction
00:02:58.309000,00:02:58.319000,the screen space,screen space,0,Introduction
00:02:58.319000,00:03:00.350000,the screen space so please check out the C plus plus,screen space please check c plus plus,0,Introduction
00:03:00.350000,00:03:00.360000,so please check out the C plus plus,please check c plus plus,0,Introduction
00:03:00.360000,00:03:02.930000,so please check out the C plus plus complete playlist and then in the,please check c plus plus complete playlist,0,Introduction
00:03:02.930000,00:03:02.940000,complete playlist and then in the,complete playlist,0,Introduction
00:03:02.940000,00:03:04.729000,complete playlist and then in the starting videos you will get the basic,complete playlist starting videos get basic,6,Conclusion
00:03:04.729000,00:03:04.739000,starting videos you will get the basic,starting videos get basic,6,Conclusion
00:03:04.739000,00:03:06.350000,starting videos you will get the basic videos right,starting videos get basic videos right,6,Conclusion
00:03:06.350000,00:03:06.360000,videos right,videos right,0,Introduction
00:03:06.360000,00:03:09.890000,videos right okay now,videos right okay,1,Step-by-Step Instruction
00:03:13.490000,00:03:13.500000,I've given you a vector and the name of,ive given vector name,2,Context Setting
00:03:13.500000,00:03:14.809000,I've given you a vector and the name of the this Vector is suppose I'm taking,ive given vector name vector suppose im taking,2,Context Setting
00:03:14.809000,00:03:14.819000,the this Vector is suppose I'm taking,vector suppose im taking,2,Context Setting
00:03:14.819000,00:03:17.509000,the this Vector is suppose I'm taking num what are the values in this Vector 3,vector suppose im taking num values vector 3,2,Context Setting
00:03:17.509000,00:03:17.519000,num what are the values in this Vector 3,num values vector 3,2,Context Setting
00:03:17.519000,00:03:21.050000,num what are the values in this Vector 3 5 6 these values we have,num values vector 3 5 6 values,2,Context Setting
00:03:21.050000,00:03:21.060000,5 6 these values we have,5 6 values,0,Introduction
00:03:21.060000,00:03:24.470000,5 6 these values we have so let's take a variable,5 6 values lets take variable,6,Conclusion
00:03:24.470000,00:03:24.480000,so let's take a variable,lets take variable,6,Conclusion
00:03:24.480000,00:03:26.570000,so let's take a variable count at starting we are initializing,lets take variable count starting initializing,6,Conclusion
00:03:26.570000,00:03:26.580000,count at starting we are initializing,count starting initializing,6,Conclusion
00:03:26.580000,00:03:28.850000,count at starting we are initializing this count with zero now put condition,count starting initializing count zero put condition,6,Conclusion
00:03:28.850000,00:03:28.860000,this count with zero now put condition,count zero put condition,3,Transitions
00:03:28.860000,00:03:32.030000,this count with zero now put condition if sorry obviously you have to use first,count zero put condition sorry obviously use first,3,Transitions
00:03:32.030000,00:03:32.040000,if sorry obviously you have to use first,sorry obviously use first,0,Introduction
00:03:32.040000,00:03:34.430000,if sorry obviously you have to use first because we have to Loop through this,sorry obviously use first loop,0,Introduction
00:03:34.430000,00:03:34.440000,because we have to Loop through this,loop,0,Introduction
00:03:34.440000,00:03:36.770000,because we have to Loop through this complete Vector we will take first three,loop complete vector take first three,6,Conclusion
00:03:36.770000,00:03:36.780000,complete Vector we will take first three,complete vector take first three,6,Conclusion
00:03:36.780000,00:03:38.570000,complete Vector we will take first three then we will check it is divisible by,complete vector take first three check divisible,6,Conclusion
00:03:38.570000,00:03:38.580000,then we will check it is divisible by,check divisible,5,Practical Application
00:03:38.580000,00:03:40.610000,then we will check it is divisible by either three or five then six then,check divisible either three five six,5,Practical Application
00:03:40.610000,00:03:40.620000,either three or five then six then,either three five six,0,Introduction
00:03:40.620000,00:03:42.589000,either three or five then six then fifteen so every variable we have to,either three five six fifteen every variable,6,Conclusion
00:03:42.589000,00:03:42.599000,fifteen so every variable we have to,fifteen every variable,6,Conclusion
00:03:42.599000,00:03:45.110000,fifteen so every variable we have to take so we'll use range base for you,fifteen every variable take well use range base,6,Conclusion
00:03:45.110000,00:03:45.120000,take so we'll use range base for you,take well use range base,6,Conclusion
00:03:45.120000,00:03:46.610000,take so we'll use range base for you four,take well use range base four,6,Conclusion
00:03:46.610000,00:03:46.620000,four,four,0,Introduction
00:03:46.620000,00:03:48.050000,four let's,four lets,6,Conclusion
00:03:48.050000,00:03:48.060000,let's,lets,6,Conclusion
00:03:48.060000,00:03:51.110000,let's write down here Auto rather than it,lets write auto rather,6,Conclusion
00:03:51.110000,00:03:51.120000,write down here Auto rather than it,write auto rather,0,Introduction
00:03:51.120000,00:03:53.089000,write down here Auto rather than it and the variable M suppose in time,write auto rather variable suppose time,6,Conclusion
00:03:53.089000,00:03:53.099000,and the variable M suppose in time,variable suppose time,6,Conclusion
00:03:53.099000,00:03:54.890000,and the variable M suppose in time taking and the name of,variable suppose time taking name,6,Conclusion
00:03:54.890000,00:03:54.900000,taking and the name of,taking name,0,Introduction
00:03:54.900000,00:03:57.229000,taking and the name of this Vector is num,taking name vector num,2,Context Setting
00:03:57.229000,00:03:57.239000,this Vector is num,vector num,2,Context Setting
00:03:57.239000,00:03:59.690000,this Vector is num okay num that the range expression name,vector num okay num range expression name,1,Step-by-Step Instruction
00:03:59.690000,00:03:59.700000,okay num that the range expression name,okay num range expression name,1,Step-by-Step Instruction
00:03:59.700000,00:04:01.369000,okay num that the range expression name is num,okay num range expression name num,1,Step-by-Step Instruction
00:04:01.369000,00:04:01.379000,is num,num,0,Introduction
00:04:01.379000,00:04:04.430000,is num so now let's put the condition if,num lets put condition,3,Transitions
00:04:04.430000,00:04:04.440000,so now let's put the condition if,lets put condition,3,Transitions
00:04:04.440000,00:04:06.530000,so now let's put the condition if this n,lets put condition n,3,Transitions
00:04:06.530000,00:04:06.540000,this n,n,0,Introduction
00:04:06.540000,00:04:08.809000,this n is divisible by,n divisible,5,Practical Application
00:04:08.809000,00:04:08.819000,is divisible by,divisible,5,Practical Application
00:04:08.819000,00:04:10.070000,is divisible by more,divisible,5,Practical Application
00:04:10.070000,00:04:10.080000,more,,0,Introduction
00:04:10.080000,00:04:12.890000,more 3 equal to equal to 0. if it is,3 equal equal 0,4,Recap
00:04:12.890000,00:04:12.900000,3 equal to equal to 0. if it is,3 equal equal 0,4,Recap
00:04:12.900000,00:04:15.110000,3 equal to equal to 0. if it is completely divisible by,3 equal equal 0 completely divisible,4,Recap
00:04:15.110000,00:04:15.120000,completely divisible by,completely divisible,5,Practical Application
00:04:15.120000,00:04:19.610000,completely divisible by a 3 then modulo operator will give 0.,completely divisible 3 modulo operator give 0,5,Practical Application
00:04:19.610000,00:04:19.620000,a 3 then modulo operator will give 0.,3 modulo operator give 0,0,Introduction
00:04:19.620000,00:04:21.949000,a 3 then modulo operator will give 0. and here sorry,3 modulo operator give 0 sorry,0,Introduction
00:04:21.949000,00:04:21.959000,and here sorry,sorry,0,Introduction
00:04:21.959000,00:04:27.110000,and here sorry after that either by 3 or 5 so,sorry either 3 5,0,Introduction
00:04:27.110000,00:04:27.120000,after that either by 3 or 5 so,either 3 5,0,Introduction
00:04:27.120000,00:04:31.010000,after that either by 3 or 5 so this is our operator logical one or n,either 3 5 operator logical one n,0,Introduction
00:04:31.010000,00:04:31.020000,this is our operator logical one or n,operator logical one n,0,Introduction
00:04:31.020000,00:04:34.790000,this is our operator logical one or n mode 5 equal to equal to 0.,operator logical one n mode 5 equal equal 0,4,Recap
00:04:34.790000,00:04:34.800000,mode 5 equal to equal to 0.,mode 5 equal equal 0,4,Recap
00:04:34.800000,00:04:38.210000,mode 5 equal to equal to 0. if this is the case we will do just,mode 5 equal equal 0 case,4,Recap
00:04:38.210000,00:04:38.220000,if this is the case we will do just,case,0,Introduction
00:04:38.220000,00:04:40.310000,if this is the case we will do just count plus plus,case count plus plus,0,Introduction
00:04:40.310000,00:04:40.320000,count plus plus,count plus plus,0,Introduction
00:04:40.320000,00:04:42.770000,count plus plus okay and after,count plus plus okay,0,Introduction
00:04:42.770000,00:04:42.780000,okay and after,okay,1,Step-by-Step Instruction
00:04:42.780000,00:04:44.450000,okay and after this for Loop,okay loop,1,Step-by-Step Instruction
00:04:44.450000,00:04:44.460000,this for Loop,loop,0,Introduction
00:04:44.460000,00:04:47.210000,this for Loop not print C out,loop print c,0,Introduction
00:04:47.210000,00:04:47.220000,not print C out,print c,0,Introduction
00:04:47.220000,00:04:49.790000,not print C out C out just print,print c c print,0,Introduction
00:04:49.790000,00:04:49.800000,C out just print,c print,0,Introduction
00:04:49.800000,00:04:53.390000,C out just print your count variable,c print count variable,6,Conclusion
00:04:53.390000,00:04:53.400000,your count variable,count variable,6,Conclusion
00:04:53.400000,00:04:55.610000,your count variable that's it,count variable thats,6,Conclusion
00:04:55.610000,00:04:55.620000,that's it,thats,0,Introduction
00:04:55.620000,00:04:58.189000,that's it returns 0,thats returns 0,0,Introduction
00:04:58.189000,00:04:58.199000,returns 0,returns 0,0,Introduction
00:04:58.199000,00:05:01.490000,returns 0 I hope this is not the tough one logic,returns 0 hope tough one logic,0,Introduction
00:05:01.490000,00:05:01.500000,I hope this is not the tough one logic,hope tough one logic,0,Introduction
00:05:01.500000,00:05:03.770000,I hope this is not the tough one logic is not tough one because see first time,hope tough one logic tough one see first time,0,Introduction
00:05:03.770000,00:05:03.780000,is not tough one because see first time,tough one see first time,0,Introduction
00:05:03.780000,00:05:06.850000,is not tough one because see first time in nam we have three this is a,tough one see first time nam three,0,Introduction
00:05:06.850000,00:05:06.860000,in nam we have three this is a,nam three,0,Introduction
00:05:06.860000,00:05:09.650000,in nam we have three this is a collection so first time,nam three collection first time,0,Introduction
00:05:09.650000,00:05:09.660000,collection so first time,collection first time,0,Introduction
00:05:09.660000,00:05:12.290000,collection so first time n becomes,collection first time n becomes,0,Introduction
00:05:12.290000,00:05:12.300000,n becomes,n becomes,0,Introduction
00:05:12.300000,00:05:15.409000,n becomes n equal to 3 3 would be assigned right,n becomes n equal 3 3 would assigned right,4,Recap
00:05:15.409000,00:05:15.419000,n equal to 3 3 would be assigned right,n equal 3 3 would assigned right,4,Recap
00:05:15.419000,00:05:17.390000,n equal to 3 3 would be assigned right now let's,n equal 3 3 would assigned right lets,4,Recap
00:05:17.390000,00:05:17.400000,now let's,lets,6,Conclusion
00:05:17.400000,00:05:18.950000,now let's check this condition,lets check condition,3,Transitions
00:05:18.950000,00:05:18.960000,check this condition,check condition,3,Transitions
00:05:18.960000,00:05:21.830000,check this condition if 3 mode 3 equal to equal to 0 yes,check condition 3 mode 3 equal equal 0 yes,4,Recap
00:05:21.830000,00:05:21.840000,if 3 mode 3 equal to equal to 0 yes,3 mode 3 equal equal 0 yes,4,Recap
00:05:21.840000,00:05:24.469000,if 3 mode 3 equal to equal to 0 yes completely divisible by 3 so this,3 mode 3 equal equal 0 yes completely divisible 3,4,Recap
00:05:24.469000,00:05:24.479000,completely divisible by 3 so this,completely divisible 3,5,Practical Application
00:05:24.479000,00:05:26.270000,completely divisible by 3 so this condition is true it is logical or,completely divisible 3 condition true logical,3,Transitions
00:05:26.270000,00:05:26.280000,condition is true it is logical or,condition true logical,3,Transitions
00:05:26.280000,00:05:28.310000,condition is true it is logical or logical or means either this or this to,condition true logical logical means either,3,Transitions
00:05:28.310000,00:05:28.320000,logical or means either this or this to,logical means either,0,Introduction
00:05:28.320000,00:05:31.490000,logical or means either this or this to be true,logical means either true,3,Transitions
00:05:33.770000,00:05:33.780000,if this is true then no need to check,true need check,3,Transitions
00:05:33.780000,00:05:35.749000,if this is true then no need to check the second condition if this is true,true need check second condition true,3,Transitions
00:05:35.749000,00:05:35.759000,the second condition if this is true,second condition true,3,Transitions
00:05:35.759000,00:05:38.270000,the second condition if this is true this complete expression will give true,second condition true complete expression give true,3,Transitions
00:05:38.270000,00:05:38.280000,this complete expression will give true,complete expression give true,3,Transitions
00:05:38.280000,00:05:41.689000,this complete expression will give true okay and if true means you will enter,complete expression give true okay true means enter,3,Transitions
00:05:41.689000,00:05:41.699000,okay and if true means you will enter,okay true means enter,1,Step-by-Step Instruction
00:05:41.699000,00:05:43.370000,okay and if true means you will enter into this if statement and count plus,okay true means enter statement count plus,1,Step-by-Step Instruction
00:05:43.370000,00:05:43.380000,into this if statement and count plus,statement count plus,0,Introduction
00:05:43.380000,00:05:46.070000,into this if statement and count plus plus one now count becomes,statement count plus plus one count becomes,0,Introduction
00:05:46.070000,00:05:46.080000,plus one now count becomes,plus one count becomes,0,Introduction
00:05:46.080000,00:05:47.689000,plus one now count becomes 1.,plus one count becomes 1,0,Introduction
00:05:47.689000,00:05:47.699000,1.,1,0,Introduction
00:05:47.699000,00:05:51.770000,1. right next time 6 would be assigned to,1 right next time 6 would assigned,0,Introduction
00:05:51.770000,00:05:51.780000,right next time 6 would be assigned to,right next time 6 would assigned,0,Introduction
00:05:51.780000,00:05:55.490000,right next time 6 would be assigned to This n now next time n becomes,right next time 6 would assigned n next time n becomes,0,Introduction
00:05:55.490000,00:05:55.500000,This n now next time n becomes,n next time n becomes,0,Introduction
00:05:55.500000,00:05:57.590000,This n now next time n becomes 6.,n next time n becomes 6,0,Introduction
00:05:57.590000,00:05:57.600000,6.,6,0,Introduction
00:05:57.600000,00:06:00.050000,6. now check six mode three equal to equal,6 check six mode three equal equal,4,Recap
00:06:00.050000,00:06:00.060000,now check six mode three equal to equal,check six mode three equal equal,4,Recap
00:06:00.060000,00:06:01.730000,now check six mode three equal to equal to 0 yes,check six mode three equal equal 0 yes,4,Recap
00:06:01.730000,00:06:01.740000,to 0 yes,0 yes,0,Introduction
00:06:01.740000,00:06:03.890000,to 0 yes we will divide six by three then the,0 yes divide six three,0,Introduction
00:06:03.890000,00:06:03.900000,we will divide six by three then the,divide six three,0,Introduction
00:06:03.900000,00:06:06.350000,we will divide six by three then the remainder is 0 so this condition is true,divide six three remainder 0 condition true,3,Transitions
00:06:06.350000,00:06:06.360000,remainder is 0 so this condition is true,remainder 0 condition true,3,Transitions
00:06:06.360000,00:06:08.810000,remainder is 0 so this condition is true so this condition is 2 means this,remainder 0 condition true condition 2 means,3,Transitions
00:06:08.810000,00:06:08.820000,so this condition is 2 means this,condition 2 means,3,Transitions
00:06:08.820000,00:06:10.550000,so this condition is 2 means this complete expression will give true so,condition 2 means complete expression give true,3,Transitions
00:06:10.550000,00:06:10.560000,complete expression will give true so,complete expression give true,3,Transitions
00:06:10.560000,00:06:12.710000,complete expression will give true so we'll enter here now count becomes,complete expression give true well enter count becomes,3,Transitions
00:06:12.710000,00:06:12.720000,we'll enter here now count becomes,well enter count becomes,0,Introduction
00:06:12.720000,00:06:14.810000,we'll enter here now count becomes two,well enter count becomes two,0,Introduction
00:06:14.810000,00:06:14.820000,two,two,0,Introduction
00:06:14.820000,00:06:18.350000,two for 15 now see 15 is divisible by 3 yes,two 15 see 15 divisible 3 yes,5,Practical Application
00:06:18.350000,00:06:18.360000,for 15 now see 15 is divisible by 3 yes,15 see 15 divisible 3 yes,5,Practical Application
00:06:18.360000,00:06:19.610000,for 15 now see 15 is divisible by 3 yes so we will not check the next condition,15 see 15 divisible 3 yes check next condition,5,Practical Application
00:06:19.610000,00:06:19.620000,so we will not check the next condition,check next condition,3,Transitions
00:06:19.620000,00:06:24.529000,so we will not check the next condition again count becomes now 3. okay now 17,check next condition count becomes 3 okay 17,1,Step-by-Step Instruction
00:06:24.529000,00:06:24.539000,again count becomes now 3. okay now 17,count becomes 3 okay 17,1,Step-by-Step Instruction
00:06:24.539000,00:06:29.390000,again count becomes now 3. okay now 17 see 17 more 3 equal to equal to 0 no 17,count becomes 3 okay 17 see 17 3 equal equal 0 17,4,Recap
00:06:29.390000,00:06:29.400000,see 17 more 3 equal to equal to 0 no 17,see 17 3 equal equal 0 17,4,Recap
00:06:29.400000,00:06:31.010000,see 17 more 3 equal to equal to 0 no 17 then we will check the second condition,see 17 3 equal equal 0 17 check second condition,4,Recap
00:06:31.010000,00:06:31.020000,then we will check the second condition,check second condition,3,Transitions
00:06:31.020000,00:06:32.930000,then we will check the second condition if this is false then we'll check the,check second condition false well check,3,Transitions
00:06:32.930000,00:06:32.940000,if this is false then we'll check the,false well check,0,Introduction
00:06:32.940000,00:06:35.330000,if this is false then we'll check the second condition 17 mod 5 equal to equal,false well check second condition 17 mod 5 equal equal,4,Recap
00:06:35.330000,00:06:35.340000,second condition 17 mod 5 equal to equal,second condition 17 mod 5 equal equal,4,Recap
00:06:35.340000,00:06:37.610000,second condition 17 mod 5 equal to equal to 0 no this is also false so we'll not,second condition 17 mod 5 equal equal 0 also false well,4,Recap
00:06:37.610000,00:06:37.620000,to 0 no this is also false so we'll not,0 also false well,0,Introduction
00:06:37.620000,00:06:39.950000,to 0 no this is also false so we'll not enter here count plus plus no count plus,0 also false well enter count plus plus count plus,0,Introduction
00:06:39.950000,00:06:39.960000,enter here count plus plus no count plus,enter count plus plus count plus,0,Introduction
00:06:39.960000,00:06:42.529000,enter here count plus plus no count plus plus now for 18 we will check then same,enter count plus plus count plus plus 18 check,0,Introduction
00:06:42.529000,00:06:42.539000,plus now for 18 we will check then same,plus 18 check,0,Introduction
00:06:42.539000,00:06:46.249000,plus now for 18 we will check then same for 21 then 55 then 100 200 and 300 like,plus 18 check 21 55 100 200 300 like,0,Introduction
00:06:46.249000,00:06:46.259000,for 21 then 55 then 100 200 and 300 like,21 55 100 200 300 like,0,Introduction
00:06:46.259000,00:06:49.969000,for 21 then 55 then 100 200 and 300 like this right okay let's run this,21 55 100 200 300 like right okay lets run,1,Step-by-Step Instruction
00:06:49.969000,00:06:49.979000,this right okay let's run this,right okay lets run,1,Step-by-Step Instruction
00:06:49.979000,00:06:53.990000,this right okay let's run this and see what output you will get here,right okay lets run see output get,1,Step-by-Step Instruction
00:06:55.969000,00:06:55.979000,so 9,9,0,Introduction
00:06:55.979000,00:07:02.749000,so 9 9 elements are completely divisible by,9 9 elements completely divisible,5,Practical Application
00:07:06.590000,00:07:06.600000,either three or five see one two three,either three five see one two three,0,Introduction
00:07:06.600000,00:07:11.029000,either three or five see one two three four five six seven eight nine yeah,either three five see one two three four five six seven eight nine yeah,0,Introduction
00:07:11.029000,00:07:11.039000,four five six seven eight nine yeah,four five six seven eight nine yeah,0,Introduction
00:07:11.039000,00:07:14.090000,four five six seven eight nine yeah only 17 is left,four five six seven eight nine yeah 17 left,0,Introduction
00:07:14.090000,00:07:14.100000,only 17 is left,17 left,0,Introduction
00:07:14.100000,00:07:15.590000,only 17 is left otherwise,17 left otherwise,0,Introduction
00:07:15.590000,00:07:15.600000,otherwise,otherwise,0,Introduction
00:07:15.600000,00:07:17.570000,otherwise these elements are either divisible by,otherwise elements either divisible,5,Practical Application
00:07:17.570000,00:07:17.580000,these elements are either divisible by,elements either divisible,5,Practical Application
00:07:17.580000,00:07:19.850000,these elements are either divisible by three completely evenly divisible by 3,elements either divisible three completely evenly divisible 3,5,Practical Application
00:07:19.850000,00:07:19.860000,three completely evenly divisible by 3,three completely evenly divisible 3,5,Practical Application
00:07:19.860000,00:07:23.510000,three completely evenly divisible by 3 or 5. so answer is 9. I guess that is,three completely evenly divisible 3 5 answer 9 guess,5,Practical Application
00:07:23.510000,00:07:23.520000,or 5. so answer is 9. I guess that is,5 answer 9 guess,0,Introduction
00:07:23.520000,00:07:25.370000,or 5. so answer is 9. I guess that is not so tough coding exercise,5 answer 9 guess tough coding exercise,0,Introduction
00:07:25.370000,00:07:25.380000,not so tough coding exercise,tough coding exercise,0,Introduction
00:07:25.380000,00:07:28.550000,not so tough coding exercise okay if you haven't got this thing it's,tough coding exercise okay havent got thing,1,Step-by-Step Instruction
00:07:28.550000,00:07:28.560000,okay if you haven't got this thing it's,okay havent got thing,1,Step-by-Step Instruction
00:07:28.560000,00:07:30.830000,okay if you haven't got this thing it's okay just write down this code on a,okay havent got thing okay write code,1,Step-by-Step Instruction
00:07:30.830000,00:07:30.840000,okay just write down this code on a,okay write code,1,Step-by-Step Instruction
00:07:30.840000,00:07:32.809000,okay just write down this code on a piece of paper write on this take this,okay write code piece paper write take,1,Step-by-Step Instruction
00:07:32.809000,00:07:32.819000,piece of paper write on this take this,piece paper write take,6,Conclusion
00:07:32.819000,00:07:35.629000,piece of paper write on this take this dry run this manually rather than here,piece paper write take dry run manually rather,6,Conclusion
00:07:35.629000,00:07:35.639000,dry run this manually rather than here,dry run manually rather,0,Introduction
00:07:35.639000,00:07:37.309000,dry run this manually rather than here one by one step by step what is,dry run manually rather one one step step,0,Introduction
00:07:37.309000,00:07:37.319000,one by one step by step what is,one one step step,0,Introduction
00:07:37.319000,00:07:40.430000,one by one step by step what is happening by writing like this right,one one step step happening writing like right,0,Introduction
00:07:40.430000,00:07:40.440000,happening by writing like this right,happening writing like right,0,Introduction
00:07:40.440000,00:07:42.890000,happening by writing like this right then definitely you will get it,happening writing like right definitely get,0,Introduction
00:07:42.890000,00:07:42.900000,then definitely you will get it,definitely get,0,Introduction
00:07:42.900000,00:07:44.210000,then definitely you will get it so I hope you have done this exercise,definitely get hope done exercise,0,Introduction
00:07:44.210000,00:07:44.220000,so I hope you have done this exercise,hope done exercise,0,Introduction
00:07:44.220000,00:07:47.330000,so I hope you have done this exercise yourself or if you haven't done this if,hope done exercise havent done,0,Introduction
00:07:47.330000,00:07:47.340000,yourself or if you haven't done this if,havent done,0,Introduction
00:07:47.340000,00:07:49.430000,yourself or if you haven't done this if you are facing any problem now you are,havent done facing problem,0,Introduction
00:07:49.430000,00:07:49.440000,you are facing any problem now you are,facing problem,0,Introduction
00:07:49.440000,00:07:51.950000,you are facing any problem now you are clear with this exercise okay,facing problem clear exercise okay,1,Step-by-Step Instruction
00:07:51.950000,00:07:51.960000,clear with this exercise okay,clear exercise okay,1,Step-by-Step Instruction
00:07:51.960000,00:07:53.510000,clear with this exercise okay because we have discussed the solution,clear exercise okay discussed solution,1,Step-by-Step Instruction
00:07:53.510000,00:07:53.520000,because we have discussed the solution,discussed solution,0,Introduction
00:07:53.520000,00:07:55.370000,because we have discussed the solution in the next video we'll see what is,discussed solution next video well see,0,Introduction
00:07:55.370000,00:07:55.380000,in the next video we'll see what is,next video well see,0,Introduction
00:07:55.380000,00:07:57.469000,in the next video we'll see what is break and continue and why we use break,next video well see break continue use break,0,Introduction
00:07:57.469000,00:07:57.479000,break and continue and why we use break,break continue use break,0,Introduction
00:07:57.479000,00:07:59.629000,break and continue and why we use break and continuing Loops so now we'll see in,break continue use break continuing loops well see,0,Introduction
00:07:59.629000,00:07:59.639000,and continuing Loops so now we'll see in,continuing loops well see,0,Introduction
00:07:59.639000,00:08:03.199000,and continuing Loops so now we'll see in the next video till then bye take care,continuing loops well see next video till bye take care,0,Introduction
