Start Time,End Time,Text,Cleaned Text,Cluster,Workflow Step
00:00:02.310000,00:00:02.320000,hey everyone I hope you are safe and,hey everyone hope safe,2,Context Setting
00:00:02.320000,00:00:04.269000,hey everyone I hope you are safe and doing good so in the series of learning,hey everyone hope safe good series learning,2,Context Setting
00:00:04.269000,00:00:04.279000,doing good so in the series of learning,good series learning,2,Context Setting
00:00:04.279000,00:00:06.190000,doing good so in the series of learning C++ programming language in the previous,good series learning c programming language previous,2,Context Setting
00:00:06.190000,00:00:06.200000,C++ programming language in the previous,c programming language previous,2,Context Setting
00:00:06.200000,00:00:07.549000,C++ programming language in the previous video we have seen what is break,c programming language previous video seen break,2,Context Setting
00:00:07.549000,00:00:07.559000,video we have seen what is break,video seen break,2,Context Setting
00:00:07.559000,00:00:10.190000,video we have seen what is break statement how to use that and why we use,video seen break statement use use,4,Recap
00:00:10.190000,00:00:10.200000,statement how to use that and why we use,statement use use,4,Recap
00:00:10.200000,00:00:12.390000,statement how to use that and why we use break statement right now the next thing,statement use use break statement right next thing,4,Recap
00:00:12.390000,00:00:12.400000,break statement right now the next thing,break statement right next thing,4,Recap
00:00:12.400000,00:00:14.549000,break statement right now the next thing is continue statement so this thing,break statement right next thing continue statement thing,4,Recap
00:00:14.549000,00:00:14.559000,is continue statement so this thing,continue statement thing,4,Recap
00:00:14.559000,00:00:16.029000,is continue statement so this thing we'll see in this video what is continue,continue statement thing well see video continue,4,Recap
00:00:16.029000,00:00:16.039000,we'll see in this video what is continue,well see video continue,4,Recap
00:00:16.039000,00:00:18.349000,we'll see in this video what is continue statement and how to use this why we use,well see video continue statement use use,4,Recap
00:00:18.349000,00:00:18.359000,statement and how to use this why we use,statement use use,4,Recap
00:00:18.359000,00:00:20.109000,statement and how to use this why we use this and with help of program I'll show,statement use use help program ill show,4,Recap
00:00:20.109000,00:00:20.119000,this and with help of program I'll show,help program ill show,2,Context Setting
00:00:20.119000,00:00:22.189000,this and with help of program I'll show you right everything how to use,help program ill show right everything use,2,Context Setting
00:00:22.189000,00:00:22.199000,you right everything how to use,right everything use,2,Context Setting
00:00:22.199000,00:00:23.589000,you right everything how to use continuous statement practically also,right everything use continuous statement practically also,4,Recap
00:00:23.589000,00:00:23.599000,continuous statement practically also,continuous statement practically also,4,Recap
00:00:23.599000,00:00:25.950000,continuous statement practically also we'll see right first we'll see we'll,continuous statement practically also well see right first well see well,2,Context Setting
00:00:25.950000,00:00:25.960000,we'll see right first we'll see we'll,well see right first well see well,2,Context Setting
00:00:25.960000,00:00:27.790000,we'll see right first we'll see we'll discuss what is continue statement and,well see right first well see well discuss continue statement,4,Recap
00:00:27.790000,00:00:27.800000,discuss what is continue statement and,discuss continue statement,4,Recap
00:00:27.800000,00:00:30.749000,discuss what is continue statement and why we use this when we use this right,discuss continue statement use use right,4,Recap
00:00:30.749000,00:00:30.759000,why we use this when we use this right,use use right,4,Recap
00:00:30.759000,00:00:33.389000,why we use this when we use this right so same as brake statement it is also a,use use right brake statement also,4,Recap
00:00:33.389000,00:00:33.399000,so same as brake statement it is also a,brake statement also,4,Recap
00:00:33.399000,00:00:35.229000,so same as brake statement it is also a control statement or you can say a jump,brake statement also control statement say jump,4,Recap
00:00:35.229000,00:00:35.239000,control statement or you can say a jump,control statement say jump,4,Recap
00:00:35.239000,00:00:39.950000,control statement or you can say a jump statement right and used uh it is used,control statement say jump statement right used uh used,4,Recap
00:00:39.950000,00:00:39.960000,statement right and used uh it is used,statement right used uh used,2,Context Setting
00:00:39.960000,00:00:44.270000,statement right and used uh it is used with loops only within Loops only right,statement right used uh used loops within loops right,1,Step-by-Step Instruction
00:00:44.270000,00:00:44.280000,with loops only within Loops only right,loops within loops right,1,Step-by-Step Instruction
00:00:44.280000,00:00:47.750000,with loops only within Loops only right now see whenever you uh in the last,loops within loops right see whenever uh last,1,Step-by-Step Instruction
00:00:47.750000,00:00:47.760000,now see whenever you uh in the last,see whenever uh last,2,Context Setting
00:00:47.760000,00:00:50.709000,now see whenever you uh in the last video I have told you whenever you get,see whenever uh last video told whenever get,2,Context Setting
00:00:50.709000,00:00:50.719000,video I have told you whenever you get,video told whenever get,2,Context Setting
00:00:50.719000,00:00:52.750000,video I have told you whenever you get the brake statement whenever the control,video told whenever get brake statement whenever control,4,Recap
00:00:52.750000,00:00:52.760000,the brake statement whenever the control,brake statement whenever control,4,Recap
00:00:52.760000,00:00:54.630000,the brake statement whenever the control and counter the brake statement means,brake statement whenever control counter brake statement means,4,Recap
00:00:54.630000,00:00:54.640000,and counter the brake statement means,counter brake statement means,4,Recap
00:00:54.640000,00:00:57.069000,and counter the brake statement means the control will be exit from the loop,counter brake statement means control exit loop,4,Recap
00:00:57.069000,00:00:57.079000,the control will be exit from the loop,control exit loop,0,Introduction
00:00:57.079000,00:00:59.630000,the control will be exit from the loop will be jump out of the loop right but,control exit loop jump loop right,0,Introduction
00:00:59.630000,00:00:59.640000,will be jump out of the loop right but,jump loop right,0,Introduction
00:00:59.640000,00:01:01.389000,will be jump out of the loop right but in this this case it is not the,jump loop right case,0,Introduction
00:01:01.389000,00:01:01.399000,in this this case it is not the,case,2,Context Setting
00:01:01.399000,00:01:03.389000,in this this case it is not the condition right I mean it is not the,case condition right mean,2,Context Setting
00:01:03.389000,00:01:03.399000,condition right I mean it is not the,condition right mean,2,Context Setting
00:01:03.399000,00:01:04.630000,condition right I mean it is not the case,condition right mean case,2,Context Setting
00:01:04.630000,00:01:04.640000,case,case,2,Context Setting
00:01:04.640000,00:01:07.990000,case actually what uh is the thing here in,case actually uh thing,2,Context Setting
00:01:07.990000,00:01:08,actually what uh is the thing here in,actually uh thing,2,Context Setting
00:01:08,00:01:09.789000,actually what uh is the thing here in continue statement let me just discuss,actually uh thing continue statement let discuss,4,Recap
00:01:09.789000,00:01:09.799000,continue statement let me just discuss,continue statement let discuss,4,Recap
00:01:09.799000,00:01:11.710000,continue statement let me just discuss this with the help of real life example,continue statement let discuss help real life example,4,Recap
00:01:11.710000,00:01:11.720000,this with the help of real life example,help real life example,2,Context Setting
00:01:11.720000,00:01:15.550000,this with the help of real life example first see if you have organized a party,help real life example first see organized party,2,Context Setting
00:01:15.550000,00:01:15.560000,first see if you have organized a party,first see organized party,2,Context Setting
00:01:15.560000,00:01:18.789000,first see if you have organized a party right and there are many person standing,first see organized party right many person standing,2,Context Setting
00:01:18.789000,00:01:18.799000,right and there are many person standing,right many person standing,2,Context Setting
00:01:18.799000,00:01:20.230000,right and there are many person standing and so you are going to greet them,right many person standing going greet,2,Context Setting
00:01:20.230000,00:01:20.240000,and so you are going to greet them,going greet,2,Context Setting
00:01:20.240000,00:01:21.469000,and so you are going to greet them you're going to welcome them and you're,going greet youre going welcome youre,2,Context Setting
00:01:21.469000,00:01:21.479000,you're going to welcome them and you're,youre going welcome youre,2,Context Setting
00:01:21.479000,00:01:24.030000,you're going to welcome them and you're are going to like maybe shake your hand,youre going welcome youre going like maybe shake hand,6,Conclusion
00:01:24.030000,00:01:24.040000,are going to like maybe shake your hand,going like maybe shake hand,6,Conclusion
00:01:24.040000,00:01:25.469000,are going to like maybe shake your hand with those,going like maybe shake hand,6,Conclusion
00:01:25.469000,00:01:25.479000,with those,,2,Context Setting
00:01:25.479000,00:01:28.710000,with those person so Suppose there are many persons,person suppose many persons,2,Context Setting
00:01:28.710000,00:01:28.720000,person so Suppose there are many persons,person suppose many persons,2,Context Setting
00:01:28.720000,00:01:30.550000,person so Suppose there are many persons standing right,person suppose many persons standing right,2,Context Setting
00:01:30.550000,00:01:30.560000,standing right,standing right,2,Context Setting
00:01:30.560000,00:01:33.670000,standing right and you come you like Shake hand with,standing right come like shake hand,6,Conclusion
00:01:33.670000,00:01:33.680000,and you come you like Shake hand with,come like shake hand,6,Conclusion
00:01:33.680000,00:01:35.469000,and you come you like Shake hand with this person with this person greet with,come like shake hand person person greet,6,Conclusion
00:01:35.469000,00:01:35.479000,this person with this person greet with,person person greet,2,Context Setting
00:01:35.479000,00:01:38.149000,this person with this person greet with this person something like this but this,person person greet person something like,6,Conclusion
00:01:38.149000,00:01:38.159000,this person something like this but this,person something like,6,Conclusion
00:01:38.159000,00:01:40.789000,this person something like this but this person you hate this person I mean you,person something like person hate person mean,6,Conclusion
00:01:40.789000,00:01:40.799000,person you hate this person I mean you,person hate person mean,2,Context Setting
00:01:40.799000,00:01:44.270000,person you hate this person I mean you don't like this person right so,person hate person mean dont like person right,6,Conclusion
00:01:44.270000,00:01:44.280000,don't like this person right so,dont like person right,6,Conclusion
00:01:44.280000,00:01:46.670000,don't like this person right so generally we do is uh we don't greet,dont like person right generally uh dont greet,6,Conclusion
00:01:46.670000,00:01:46.680000,generally we do is uh we don't greet,generally uh dont greet,2,Context Setting
00:01:46.680000,00:01:48.789000,generally we do is uh we don't greet that person or just ignore that person,generally uh dont greet person ignore person,2,Context Setting
00:01:48.789000,00:01:48.799000,that person or just ignore that person,person ignore person,2,Context Setting
00:01:48.799000,00:01:51.190000,that person or just ignore that person right so you ignore that person and you,person ignore person right ignore person,2,Context Setting
00:01:51.190000,00:01:51.200000,right so you ignore that person and you,right ignore person,2,Context Setting
00:01:51.200000,00:01:54.630000,right so you ignore that person and you shake hand with the next person right so,right ignore person shake hand next person right,2,Context Setting
00:01:54.630000,00:01:54.640000,shake hand with the next person right so,shake hand next person right,2,Context Setting
00:01:54.640000,00:01:56.870000,shake hand with the next person right so you just skip shaking hand with this,shake hand next person right skip shaking hand,2,Context Setting
00:01:56.870000,00:01:56.880000,you just skip shaking hand with this,skip shaking hand,2,Context Setting
00:01:56.880000,00:01:58.830000,you just skip shaking hand with this person and then the next person next,skip shaking hand person next person next,2,Context Setting
00:01:58.830000,00:01:58.840000,person and then the next person next,person next person next,2,Context Setting
00:01:58.840000,00:02:00.709000,person and then the next person next person something like this,person next person next person something like,6,Conclusion
00:02:00.709000,00:02:00.719000,person something like this,person something like,6,Conclusion
00:02:00.719000,00:02:03.109000,person something like this so here shaking hand is like in a loop,person something like shaking hand like loop,6,Conclusion
00:02:03.109000,00:02:03.119000,so here shaking hand is like in a loop,shaking hand like loop,6,Conclusion
00:02:03.119000,00:02:04.429000,so here shaking hand is like in a loop you're going to shake hand with every,shaking hand like loop youre going shake hand every,6,Conclusion
00:02:04.429000,00:02:04.439000,you're going to shake hand with every,youre going shake hand every,2,Context Setting
00:02:04.439000,00:02:06.670000,you're going to shake hand with every person so it's a loop same thing you are,youre going shake hand every person loop thing,2,Context Setting
00:02:06.670000,00:02:06.680000,person so it's a loop same thing you are,person loop thing,0,Introduction
00:02:06.680000,00:02:09.830000,person so it's a loop same thing you are repeating but a particular for a,person loop thing repeating particular,2,Context Setting
00:02:09.830000,00:02:09.840000,repeating but a particular for a,repeating particular,2,Context Setting
00:02:09.840000,00:02:12.630000,repeating but a particular for a particular person you hate that person,repeating particular particular person hate person,2,Context Setting
00:02:12.630000,00:02:12.640000,particular person you hate that person,particular person hate person,2,Context Setting
00:02:12.640000,00:02:14.790000,particular person you hate that person you are going to skip that thing you're,particular person hate person going skip thing youre,2,Context Setting
00:02:14.790000,00:02:14.800000,you are going to skip that thing you're,going skip thing youre,2,Context Setting
00:02:14.800000,00:02:18.229000,you are going to skip that thing you're not going to shake hand with with him or,going skip thing youre going shake hand,2,Context Setting
00:02:18.229000,00:02:18.239000,not going to shake hand with with him or,going shake hand,2,Context Setting
00:02:18.239000,00:02:20.990000,not going to shake hand with with him or her right you're going to skip this,going shake hand right youre going skip,2,Context Setting
00:02:20.990000,00:02:21,her right you're going to skip this,right youre going skip,2,Context Setting
00:02:21,00:02:24.630000,her right you're going to skip this thing it's not like that whenever this,right youre going skip thing like whenever,6,Conclusion
00:02:24.630000,00:02:24.640000,thing it's not like that whenever this,thing like whenever,6,Conclusion
00:02:24.640000,00:02:27.270000,thing it's not like that whenever this person comes you just stop shaking hand,thing like whenever person comes stop shaking hand,6,Conclusion
00:02:27.270000,00:02:27.280000,person comes you just stop shaking hand,person comes stop shaking hand,2,Context Setting
00:02:27.280000,00:02:29.229000,person comes you just stop shaking hand and you just went to your room or,person comes stop shaking hand went room,2,Context Setting
00:02:29.229000,00:02:29.239000,and you just went to your room or,went room,2,Context Setting
00:02:29.239000,00:02:31.670000,and you just went to your room or something like this no you just ignore,went room something like ignore,6,Conclusion
00:02:31.670000,00:02:31.680000,something like this no you just ignore,something like ignore,6,Conclusion
00:02:31.680000,00:02:33.509000,something like this no you just ignore or you just skip that person and start,something like ignore skip person start,6,Conclusion
00:02:33.509000,00:02:33.519000,or you just skip that person and start,skip person start,2,Context Setting
00:02:33.519000,00:02:36.229000,or you just skip that person and start shaking hand with the next person,skip person start shaking hand next person,2,Context Setting
00:02:36.229000,00:02:36.239000,shaking hand with the next person,shaking hand next person,2,Context Setting
00:02:36.239000,00:02:39.470000,shaking hand with the next person simple so this kind of phenomena also we,shaking hand next person simple kind phenomena also,2,Context Setting
00:02:39.470000,00:02:39.480000,simple so this kind of phenomena also we,simple kind phenomena also,2,Context Setting
00:02:39.480000,00:02:42.229000,simple so this kind of phenomena also we can Implement like in you know uh in,simple kind phenomena also implement like know uh,2,Context Setting
00:02:42.229000,00:02:42.239000,can Implement like in you know uh in,implement like know uh,6,Conclusion
00:02:42.239000,00:02:45.149000,can Implement like in you know uh in programming right so if you want to skip,implement like know uh programming right want skip,5,Practical Application
00:02:45.149000,00:02:45.159000,programming right so if you want to skip,programming right want skip,5,Practical Application
00:02:45.159000,00:02:47.270000,programming right so if you want to skip something if you want to skip some,programming right want skip something want skip,5,Practical Application
00:02:47.270000,00:02:47.280000,something if you want to skip some,something want skip,5,Practical Application
00:02:47.280000,00:02:49.309000,something if you want to skip some statements whenever a particular,something want skip statements whenever particular,5,Practical Application
00:02:49.309000,00:02:49.319000,statements whenever a particular,statements whenever particular,2,Context Setting
00:02:49.319000,00:02:53.309000,statements whenever a particular condition met right then we use continue,statements whenever particular condition met right use continue,4,Recap
00:02:53.309000,00:02:53.319000,condition met right then we use continue,condition met right use continue,4,Recap
00:02:53.319000,00:02:56.070000,condition met right then we use continue statement but if you want to exit from,condition met right use continue statement want exit,4,Recap
00:02:56.070000,00:02:56.080000,statement but if you want to exit from,statement want exit,5,Practical Application
00:02:56.080000,00:02:59.390000,statement but if you want to exit from the loop if you want to break if you,statement want exit loop want break,5,Practical Application
00:02:59.390000,00:02:59.400000,the loop if you want to break if you,loop want break,5,Practical Application
00:02:59.400000,00:03:00.750000,the loop if you want to break if you want to jump jump out of the loop then,loop want break want jump jump loop,5,Practical Application
00:03:00.750000,00:03:00.760000,want to jump jump out of the loop then,want jump jump loop,5,Practical Application
00:03:00.760000,00:03:02.509000,want to jump jump out of the loop then we use breake statement but if you want,want jump jump loop use breake statement want,5,Practical Application
00:03:02.509000,00:03:02.519000,we use breake statement but if you want,use breake statement want,4,Recap
00:03:02.519000,00:03:05.869000,we use breake statement but if you want to skip some statement within that Loop,use breake statement want skip statement within loop,4,Recap
00:03:05.869000,00:03:05.879000,to skip some statement within that Loop,skip statement within loop,1,Step-by-Step Instruction
00:03:05.879000,00:03:08.350000,to skip some statement within that Loop just use breake statement just put some,skip statement within loop use breake statement put,4,Recap
00:03:08.350000,00:03:08.360000,just use breake statement just put some,use breake statement put,4,Recap
00:03:08.360000,00:03:09.910000,just use breake statement just put some condition and use sorry continue,use breake statement put condition use sorry continue,4,Recap
00:03:09.910000,00:03:09.920000,condition and use sorry continue,condition use sorry continue,4,Recap
00:03:09.920000,00:03:11.229000,condition and use sorry continue statement not break,condition use sorry continue statement break,4,Recap
00:03:11.229000,00:03:11.239000,statement not break,statement break,4,Recap
00:03:11.239000,00:03:14.589000,statement not break statement just use continue statement,statement break statement use continue statement,4,Recap
00:03:14.589000,00:03:14.599000,statement just use continue statement,statement use continue statement,4,Recap
00:03:14.599000,00:03:18.789000,statement just use continue statement right so so we can say when a continuous,statement use continue statement right say continuous,4,Recap
00:03:18.789000,00:03:18.799000,right so so we can say when a continuous,right say continuous,2,Context Setting
00:03:18.799000,00:03:21.710000,right so so we can say when a continuous statement is encountered within a loop,right say continuous statement encountered within loop,1,Step-by-Step Instruction
00:03:21.710000,00:03:21.720000,statement is encountered within a loop,statement encountered within loop,1,Step-by-Step Instruction
00:03:21.720000,00:03:25.270000,statement is encountered within a loop then control automatically goes to the,statement encountered within loop control automatically goes,1,Step-by-Step Instruction
00:03:25.270000,00:03:25.280000,then control automatically goes to the,control automatically goes,2,Context Setting
00:03:25.280000,00:03:27.550000,then control automatically goes to the beginning of the loop for the next,control automatically goes beginning loop next,0,Introduction
00:03:27.550000,00:03:27.560000,beginning of the loop for the next,beginning loop next,0,Introduction
00:03:27.560000,00:03:30.990000,beginning of the loop for the next iteration and it skips the current,beginning loop next iteration skips current,0,Introduction
00:03:30.990000,00:03:31,iteration and it skips the current,iteration skips current,2,Context Setting
00:03:31,00:03:33.670000,iteration and it skips the current iteration right or we can say it skips,iteration skips current iteration right say skips,2,Context Setting
00:03:33.670000,00:03:33.680000,iteration right or we can say it skips,iteration right say skips,2,Context Setting
00:03:33.680000,00:03:35.750000,iteration right or we can say it skips the execution of the statements inside,iteration right say skips execution statements inside,2,Context Setting
00:03:35.750000,00:03:35.760000,the execution of the statements inside,execution statements inside,2,Context Setting
00:03:35.760000,00:03:38.070000,the execution of the statements inside the body for that current,execution statements inside body current,2,Context Setting
00:03:38.070000,00:03:38.080000,the body for that current,body current,2,Context Setting
00:03:38.080000,00:03:40.910000,the body for that current iteration right if you are not getting,body current iteration right getting,2,Context Setting
00:03:40.910000,00:03:40.920000,iteration right if you are not getting,iteration right getting,2,Context Setting
00:03:40.920000,00:03:42.589000,iteration right if you are not getting the theory part it's okay you will get,iteration right getting theory part okay get,2,Context Setting
00:03:42.589000,00:03:42.599000,the theory part it's okay you will get,theory part okay get,2,Context Setting
00:03:42.599000,00:03:44.910000,the theory part it's okay you will get it whenever we will do practical right,theory part okay get whenever practical right,2,Context Setting
00:03:44.910000,00:03:44.920000,it whenever we will do practical right,whenever practical right,2,Context Setting
00:03:44.920000,00:03:47.869000,it whenever we will do practical right so we can use this also within with all,whenever practical right use also within,1,Step-by-Step Instruction
00:03:47.869000,00:03:47.879000,so we can use this also within with all,use also within,1,Step-by-Step Instruction
00:03:47.879000,00:03:50.630000,so we can use this also within with all the loops for while while range W for,use also within loops range w,1,Step-by-Step Instruction
00:03:50.630000,00:03:50.640000,the loops for while while range W for,loops range w,2,Context Setting
00:03:50.640000,00:03:53.589000,the loops for while while range W for Loop right something like this if the,loops range w loop right something like,6,Conclusion
00:03:53.589000,00:03:53.599000,Loop right something like this if the,loop right something like,6,Conclusion
00:03:53.599000,00:03:56.589000,Loop right something like this if the snx of four Loop is four we have here,loop right something like snx four loop four,0,Introduction
00:03:56.589000,00:03:56.599000,snx of four Loop is four we have here,snx four loop four,0,Introduction
00:03:56.599000,00:03:59.390000,snx of four Loop is four we have here initialization here we have condition,snx four loop four initialization condition,0,Introduction
00:03:59.390000,00:03:59.400000,initialization here we have condition,initialization condition,2,Context Setting
00:03:59.400000,00:04:02.710000,initialization here we have condition and and then we have,initialization condition,2,Context Setting
00:04:02.710000,00:04:02.720000,and and then we have,,2,Context Setting
00:04:02.720000,00:04:06.350000,and and then we have update right and suppose here we have,update right suppose,2,Context Setting
00:04:06.350000,00:04:06.360000,update right and suppose here we have,update right suppose,2,Context Setting
00:04:06.360000,00:04:09.229000,update right and suppose here we have some code some statements and within,update right suppose code statements within,1,Step-by-Step Instruction
00:04:09.229000,00:04:09.239000,some code some statements and within,code statements within,1,Step-by-Step Instruction
00:04:09.239000,00:04:13.069000,some code some statements and within this we have some condition to check and,code statements within condition check,1,Step-by-Step Instruction
00:04:13.069000,00:04:13.079000,this we have some condition to check and,condition check,2,Context Setting
00:04:13.079000,00:04:15.069000,this we have some condition to check and if this condition is true then we are,condition check condition true,2,Context Setting
00:04:15.069000,00:04:15.079000,if this condition is true then we are,condition true,2,Context Setting
00:04:15.079000,00:04:18.069000,if this condition is true then we are using continue and here also after that,condition true using continue also,4,Recap
00:04:18.069000,00:04:18.079000,using continue and here also after that,using continue also,4,Recap
00:04:18.079000,00:04:21.110000,using continue and here also after that we are having some code some statement,using continue also code statement,4,Recap
00:04:21.110000,00:04:21.120000,we are having some code some statement,code statement,4,Recap
00:04:21.120000,00:04:24.270000,we are having some code some statement right so whenever this condition is true,code statement right whenever condition true,4,Recap
00:04:24.270000,00:04:24.280000,right so whenever this condition is true,right whenever condition true,2,Context Setting
00:04:24.280000,00:04:27.189000,right so whenever this condition is true then continue continue means these next,right whenever condition true continue continue means next,4,Recap
00:04:27.189000,00:04:27.199000,then continue continue means these next,continue continue means next,4,Recap
00:04:27.199000,00:04:30.270000,then continue continue means these next statements these this code within this,continue continue means next statements code within,4,Recap
00:04:30.270000,00:04:30.280000,statements these this code within this,statements code within,1,Step-by-Step Instruction
00:04:30.280000,00:04:33.189000,statements these this code within this Loop would be skipped would not be,statements code within loop would skipped would,1,Step-by-Step Instruction
00:04:33.189000,00:04:33.199000,Loop would be skipped would not be,loop would skipped would,1,Step-by-Step Instruction
00:04:33.199000,00:04:36.029000,Loop would be skipped would not be executed right and control will directly,loop would skipped would executed right control directly,1,Step-by-Step Instruction
00:04:36.029000,00:04:36.039000,executed right and control will directly,executed right control directly,2,Context Setting
00:04:36.039000,00:04:39.029000,executed right and control will directly go to for the next iteration go to,executed right control directly go next iteration go,2,Context Setting
00:04:39.029000,00:04:39.039000,go to for the next iteration go to,go next iteration go,2,Context Setting
00:04:39.039000,00:04:40.830000,go to for the next iteration go to update then condition would be checked,go next iteration go update condition would checked,2,Context Setting
00:04:40.830000,00:04:40.840000,update then condition would be checked,update condition would checked,1,Step-by-Step Instruction
00:04:40.840000,00:04:42.189000,update then condition would be checked and then something like,update condition would checked something like,6,Conclusion
00:04:42.189000,00:04:42.199000,and then something like,something like,6,Conclusion
00:04:42.199000,00:04:43.749000,and then something like this,something like,6,Conclusion
00:04:43.749000,00:04:43.759000,this,,2,Context Setting
00:04:43.759000,00:04:46.629000,this right I hope you got this same within,right hope got within,1,Step-by-Step Instruction
00:04:46.629000,00:04:46.639000,right I hope you got this same within,right hope got within,1,Step-by-Step Instruction
00:04:46.639000,00:04:48.710000,right I hope you got this same within while loop also we can use in while loop,right hope got within loop also use loop,0,Introduction
00:04:48.710000,00:04:48.720000,while loop also we can use in while loop,loop also use loop,0,Introduction
00:04:48.720000,00:04:51.510000,while loop also we can use in while loop we have like we put generally condition,loop also use loop like put generally condition,0,Introduction
00:04:51.510000,00:04:51.520000,we have like we put generally condition,like put generally condition,6,Conclusion
00:04:51.520000,00:04:55.189000,we have like we put generally condition here right and he have we have here some,like put generally condition right,6,Conclusion
00:04:55.189000,00:04:55.199000,here right and he have we have here some,right,2,Context Setting
00:04:55.199000,00:04:58.510000,here right and he have we have here some code some statements and then if same we,right code statements,2,Context Setting
00:04:58.510000,00:04:58.520000,code some statements and then if same we,code statements,2,Context Setting
00:04:58.520000,00:05:00.350000,code some statements and then if same we have some condition,code statements condition,2,Context Setting
00:05:00.350000,00:05:00.360000,have some condition,condition,2,Context Setting
00:05:00.360000,00:05:04.189000,have some condition and if this condition is true then,condition condition true,2,Context Setting
00:05:07.749000,00:05:07.759000,continue and here also we have some,continue also,4,Recap
00:05:07.759000,00:05:10.870000,continue and here also we have some code so if this condition is true then,continue also code condition true,4,Recap
00:05:10.870000,00:05:10.880000,code so if this condition is true then,code condition true,2,Context Setting
00:05:10.880000,00:05:12.749000,code so if this condition is true then continue continue means these statements,code condition true continue continue means statements,4,Recap
00:05:12.749000,00:05:12.759000,continue continue means these statements,continue continue means statements,4,Recap
00:05:12.759000,00:05:14.550000,continue continue means these statements would not be executed would be skipped,continue continue means statements would executed would skipped,1,Step-by-Step Instruction
00:05:14.550000,00:05:14.560000,would not be executed would be skipped,would executed would skipped,1,Step-by-Step Instruction
00:05:14.560000,00:05:17.350000,would not be executed would be skipped and directly control will go to here is,would executed would skipped directly control go,1,Step-by-Step Instruction
00:05:17.350000,00:05:17.360000,and directly control will go to here is,directly control go,2,Context Setting
00:05:17.360000,00:05:19.309000,and directly control will go to here is to the beginning of the loop for the,directly control go beginning loop,0,Introduction
00:05:19.309000,00:05:19.319000,to the beginning of the loop for the,beginning loop,0,Introduction
00:05:19.319000,00:05:21.150000,to the beginning of the loop for the next iteration something like this we,beginning loop next iteration something like,0,Introduction
00:05:21.150000,00:05:21.160000,next iteration something like this we,next iteration something like,6,Conclusion
00:05:21.160000,00:05:23.230000,next iteration something like this we will not go out of the loop here also we,next iteration something like go loop also,0,Introduction
00:05:23.230000,00:05:23.240000,will not go out of the loop here also we,go loop also,0,Introduction
00:05:23.240000,00:05:25.710000,will not go out of the loop here also we will not go out of the loop we will go,go loop also go loop go,0,Introduction
00:05:25.710000,00:05:25.720000,will not go out of the loop we will go,go loop go,0,Introduction
00:05:25.720000,00:05:28.309000,will not go out of the loop we will go for the next iteration this is continue,go loop go next iteration continue,0,Introduction
00:05:28.309000,00:05:28.319000,for the next iteration this is continue,next iteration continue,4,Recap
00:05:28.319000,00:05:30.270000,for the next iteration this is continue statement right,next iteration continue statement right,4,Recap
00:05:30.270000,00:05:30.280000,statement right,statement right,4,Recap
00:05:30.280000,00:05:33.550000,statement right so if you want to skip few statements,statement right want skip statements,5,Practical Application
00:05:33.550000,00:05:33.560000,so if you want to skip few statements,want skip statements,5,Practical Application
00:05:33.560000,00:05:35.510000,so if you want to skip few statements for whenever some particular condition,want skip statements whenever particular condition,5,Practical Application
00:05:35.510000,00:05:35.520000,for whenever some particular condition,whenever particular condition,2,Context Setting
00:05:35.520000,00:05:37.670000,for whenever some particular condition is met then use continue statement,whenever particular condition met use continue statement,4,Recap
00:05:37.670000,00:05:37.680000,is met then use continue statement,met use continue statement,4,Recap
00:05:37.680000,00:05:40.390000,is met then use continue statement whenever you want to you know be out,met use continue statement whenever want know,4,Recap
00:05:40.390000,00:05:40.400000,whenever you want to you know be out,whenever want know,5,Practical Application
00:05:40.400000,00:05:41.990000,whenever you want to you know be out completely from the loop whenever a,whenever want know completely loop whenever,5,Practical Application
00:05:41.990000,00:05:42,completely from the loop whenever a,completely loop whenever,0,Introduction
00:05:42,00:05:43.950000,completely from the loop whenever a particular condition is met use break,completely loop whenever particular condition met use break,4,Recap
00:05:43.950000,00:05:43.960000,particular condition is met use break,particular condition met use break,4,Recap
00:05:43.960000,00:05:45.950000,particular condition is met use break statement right so let's see this with,particular condition met use break statement right lets see,4,Recap
00:05:45.950000,00:05:45.960000,statement right so let's see this with,statement right lets see,4,Recap
00:05:45.960000,00:05:48.350000,statement right so let's see this with the help of practical okay so let's,statement right lets see help practical okay lets,2,Context Setting
00:05:48.350000,00:05:48.360000,the help of practical okay so let's,help practical okay lets,2,Context Setting
00:05:48.360000,00:05:49.909000,the help of practical okay so let's create a new,help practical okay lets create new,2,Context Setting
00:05:49.909000,00:05:49.919000,create a new,create new,2,Context Setting
00:05:49.919000,00:05:53.909000,create a new file continue tutorial. CPP right so,create new file continue tutorial cpp right,2,Context Setting
00:05:53.909000,00:05:53.919000,file continue tutorial. CPP right so,file continue tutorial cpp right,2,Context Setting
00:05:53.919000,00:05:56.950000,file continue tutorial. CPP right so first we will use those header that is,file continue tutorial cpp right first use header,2,Context Setting
00:05:56.950000,00:05:56.960000,first we will use those header that is,first use header,2,Context Setting
00:05:56.960000,00:05:59.469000,first we will use those header that is iio stream which is responsible for,first use header iio stream responsible,2,Context Setting
00:05:59.469000,00:05:59.479000,iio stream which is responsible for,iio stream responsible,2,Context Setting
00:05:59.479000,00:06:01.510000,iio stream which is responsible for input output and,iio stream responsible input output,2,Context Setting
00:06:01.510000,00:06:01.520000,input output and,input output,2,Context Setting
00:06:01.520000,00:06:05.589000,input output and then that name space,input output name space,2,Context Setting
00:06:05.589000,00:06:05.599000,then that name space,name space,2,Context Setting
00:06:05.599000,00:06:07.150000,then that name space STD,name space std,2,Context Setting
00:06:07.150000,00:06:07.160000,STD,std,2,Context Setting
00:06:07.160000,00:06:10.990000,STD right and then main function so same uh,std right main function uh,2,Context Setting
00:06:10.990000,00:06:11,right and then main function so same uh,right main function uh,2,Context Setting
00:06:11,00:06:12.790000,right and then main function so same uh example we'll take the previous video we,right main function uh example well take previous video,2,Context Setting
00:06:12.790000,00:06:12.800000,example we'll take the previous video we,example well take previous video,2,Context Setting
00:06:12.800000,00:06:15.029000,example we'll take the previous video we have seen like we want to,example well take previous video seen like want,2,Context Setting
00:06:15.029000,00:06:15.039000,have seen like we want to,seen like want,6,Conclusion
00:06:15.039000,00:06:18.469000,have seen like we want to print from 1 to 10 but whenever the the,seen like want print 1 10 whenever,5,Practical Application
00:06:18.469000,00:06:18.479000,print from 1 to 10 but whenever the the,print 1 10 whenever,5,Practical Application
00:06:18.479000,00:06:20.710000,print from 1 to 10 but whenever the the number becomes seven just break just,print 1 10 whenever number becomes seven break,2,Context Setting
00:06:20.710000,00:06:20.720000,number becomes seven just break just,number becomes seven break,2,Context Setting
00:06:20.720000,00:06:22.790000,number becomes seven just break just print 1 to six that's it but here,number becomes seven break print 1 six thats,2,Context Setting
00:06:22.790000,00:06:22.800000,print 1 to six that's it but here,print 1 six thats,2,Context Setting
00:06:22.800000,00:06:24.870000,print 1 to six that's it but here something different whenever the number,print 1 six thats something different whenever number,2,Context Setting
00:06:24.870000,00:06:24.880000,something different whenever the number,something different whenever number,3,Transitions
00:06:24.880000,00:06:28.350000,something different whenever the number becomes seven just skip that seven like,something different whenever number becomes seven skip seven like,6,Conclusion
00:06:28.350000,00:06:28.360000,becomes seven just skip that seven like,becomes seven skip seven like,6,Conclusion
00:06:28.360000,00:06:30.070000,becomes seven just skip that seven like first print 1 to six,becomes seven skip seven like first print 1 six,6,Conclusion
00:06:30.070000,00:06:30.080000,first print 1 to six,first print 1 six,2,Context Setting
00:06:30.080000,00:06:33.870000,first print 1 to six then skip that seven and print 8 9 10,first print 1 six skip seven print 8 9 10,2,Context Setting
00:06:33.870000,00:06:33.880000,then skip that seven and print 8 9 10,skip seven print 8 9 10,5,Practical Application
00:06:33.880000,00:06:35.830000,then skip that seven and print 8 9 10 this thing you need to do like 1 2 6,skip seven print 8 9 10 thing need like 1 2 6,6,Conclusion
00:06:35.830000,00:06:35.840000,this thing you need to do like 1 2 6,thing need like 1 2 6,6,Conclusion
00:06:35.840000,00:06:38.309000,this thing you need to do like 1 2 6 then 7 should not be printed then 8 9 10,thing need like 1 2 6 7 printed 8 9 10,6,Conclusion
00:06:38.309000,00:06:38.319000,then 7 should not be printed then 8 9 10,7 printed 8 9 10,2,Context Setting
00:06:38.319000,00:06:40.270000,then 7 should not be printed then 8 9 10 should be printed,7 printed 8 9 10 printed,2,Context Setting
00:06:40.270000,00:06:40.280000,should be printed,printed,2,Context Setting
00:06:40.280000,00:06:43.189000,should be printed right so let's take because we know the,printed right lets take know,2,Context Setting
00:06:43.189000,00:06:43.199000,right so let's take because we know the,right lets take know,2,Context Setting
00:06:43.199000,00:06:44.990000,right so let's take because we know the number of iteration exactly because you,right lets take know number iteration exactly,2,Context Setting
00:06:44.990000,00:06:45,number of iteration exactly because you,number iteration exactly,3,Transitions
00:06:45,00:06:47.629000,number of iteration exactly because you want to print only uh 1 to 10 so 10,number iteration exactly want print uh 1 10 10,5,Practical Application
00:06:47.629000,00:06:47.639000,want to print only uh 1 to 10 so 10,want print uh 1 10 10,5,Practical Application
00:06:47.639000,00:06:49.909000,want to print only uh 1 to 10 so 10 number of iterations so better to use,want print uh 1 10 10 number iterations better use,5,Practical Application
00:06:49.909000,00:06:49.919000,number of iterations so better to use,number iterations better use,2,Context Setting
00:06:49.919000,00:06:54.350000,number of iterations so better to use what four Loop right and I ++ so before,number iterations better use four loop right,0,Introduction
00:06:54.350000,00:06:54.360000,what four Loop right and I ++ so before,four loop right,0,Introduction
00:06:54.360000,00:06:56.350000,what four Loop right and I ++ so before using this I you have to initialize you,four loop right using initialize,0,Introduction
00:06:56.350000,00:06:56.360000,using this I you have to initialize you,using initialize,2,Context Setting
00:06:56.360000,00:06:58.469000,using this I you have to initialize you have to declare it so here also I'm,using initialize declare also im,2,Context Setting
00:06:58.469000,00:06:58.479000,have to declare it so here also I'm,declare also im,2,Context Setting
00:06:58.479000,00:07:00.350000,have to declare it so here also I'm going to declare entire is equal to 1,declare also im going declare entire equal 1,2,Context Setting
00:07:00.350000,00:07:00.360000,going to declare entire is equal to 1,going declare entire equal 1,2,Context Setting
00:07:00.360000,00:07:02.749000,going to declare entire is equal to 1 and then something like this,going declare entire equal 1 something like,6,Conclusion
00:07:02.749000,00:07:02.759000,and then something like this,something like,6,Conclusion
00:07:02.759000,00:07:07.670000,and then something like this right okay now if you say let's print,something like right okay say lets print,6,Conclusion
00:07:07.670000,00:07:07.680000,right okay now if you say let's print,right okay say lets print,2,Context Setting
00:07:07.680000,00:07:12.869000,right okay now if you say let's print first this I right and for the next line,right okay say lets print first right next line,2,Context Setting
00:07:12.869000,00:07:12.879000,first this I right and for the next line,first right next line,2,Context Setting
00:07:12.879000,00:07:16.029000,first this I right and for the next line you can use andl or slash and and just,first right next line use andl slash,2,Context Setting
00:07:16.029000,00:07:16.039000,you can use andl or slash and and just,use andl slash,2,Context Setting
00:07:16.039000,00:07:19.830000,you can use andl or slash and and just if if you want to skip some statement,use andl slash want skip statement,5,Practical Application
00:07:19.830000,00:07:19.840000,if if you want to skip some statement,want skip statement,5,Practical Application
00:07:19.840000,00:07:22.830000,if if you want to skip some statement then we use continue okay so maybe you,want skip statement use continue okay maybe,4,Recap
00:07:22.830000,00:07:22.840000,then we use continue okay so maybe you,use continue okay maybe,4,Recap
00:07:22.840000,00:07:24.629000,then we use continue okay so maybe you think like this if I is equal to equal,use continue okay maybe think like equal equal,6,Conclusion
00:07:24.629000,00:07:24.639000,think like this if I is equal to equal,think like equal equal,6,Conclusion
00:07:24.639000,00:07:29.430000,think like this if I is equal to equal to 7 that I have told you to skip some,think like equal equal 7 told skip,6,Conclusion
00:07:29.430000,00:07:29.440000,to 7 that I have told you to skip some,7 told skip,2,Context Setting
00:07:29.440000,00:07:32.390000,to 7 that I have told you to skip some statement sub itation just use sorry,7 told skip statement sub itation use sorry,4,Recap
00:07:32.390000,00:07:32.400000,statement sub itation just use sorry,statement sub itation use sorry,4,Recap
00:07:32.400000,00:07:34.909000,statement sub itation just use sorry continue right so you are using continue,statement sub itation use sorry continue right using continue,4,Recap
00:07:34.909000,00:07:34.919000,continue right so you are using continue,continue right using continue,4,Recap
00:07:34.919000,00:07:35.869000,continue right so you are using continue statement,continue right using continue statement,4,Recap
00:07:35.869000,00:07:35.879000,statement,statement,4,Recap
00:07:35.879000,00:07:37.909000,statement here what do you,statement,4,Recap
00:07:37.909000,00:07:37.919000,here what do you,,2,Context Setting
00:07:37.919000,00:07:41.150000,here what do you think it is right or wrong just pause,think right wrong pause,2,Context Setting
00:07:41.150000,00:07:41.160000,think it is right or wrong just pause,think right wrong pause,2,Context Setting
00:07:41.160000,00:07:43.749000,think it is right or wrong just pause the video dry onun this program and then,think right wrong pause video dry onun program,2,Context Setting
00:07:43.749000,00:07:43.759000,the video dry onun this program and then,video dry onun program,2,Context Setting
00:07:43.759000,00:07:47.350000,the video dry onun this program and then see what you are getting we want 1 2 3 4,video dry onun program see getting want 1 2 3 4,2,Context Setting
00:07:47.350000,00:07:47.360000,see what you are getting we want 1 2 3 4,see getting want 1 2 3 4,5,Practical Application
00:07:47.360000,00:07:50.790000,see what you are getting we want 1 2 3 4 5 6 8 9 10 this should be printed so do,see getting want 1 2 3 4 5 6 8 9 10 printed,5,Practical Application
00:07:50.790000,00:07:50.800000,5 6 8 9 10 this should be printed so do,5 6 8 9 10 printed,2,Context Setting
00:07:50.800000,00:07:53.830000,5 6 8 9 10 this should be printed so do you think this program will print this,5 6 8 9 10 printed think program print,2,Context Setting
00:07:53.830000,00:07:53.840000,you think this program will print this,think program print,2,Context Setting
00:07:53.840000,00:07:57.670000,you think this program will print this thing I don't think so let's see let's,think program print thing dont think lets see lets,2,Context Setting
00:07:57.670000,00:07:57.680000,thing I don't think so let's see let's,thing dont think lets see lets,2,Context Setting
00:07:57.680000,00:08:02.350000,thing I don't think so let's see let's run this and see 1 2 3 4 5 6 7 8 9 10,thing dont think lets see lets run see 1 2 3 4 5 6 7 8 9 10,2,Context Setting
00:08:02.350000,00:08:02.360000,run this and see 1 2 3 4 5 6 7 8 9 10,run see 1 2 3 4 5 6 7 8 9 10,2,Context Setting
00:08:02.360000,00:08:04.149000,run this and see 1 2 3 4 5 6 7 8 9 10 even if you are used continue but it is,run see 1 2 3 4 5 6 7 8 9 10 even used continue,2,Context Setting
00:08:04.149000,00:08:04.159000,even if you are used continue but it is,even used continue,4,Recap
00:08:04.159000,00:08:06.510000,even if you are used continue but it is not skipping anything why so,even used continue skipping anything,2,Context Setting
00:08:06.510000,00:08:06.520000,not skipping anything why so,skipping anything,2,Context Setting
00:08:06.520000,00:08:10.270000,not skipping anything why so because after continue whatever you will,skipping anything continue whatever,2,Context Setting
00:08:10.270000,00:08:10.280000,because after continue whatever you will,continue whatever,4,Recap
00:08:10.280000,00:08:12.270000,because after continue whatever you will write within this for Loop those,continue whatever write within loop,1,Step-by-Step Instruction
00:08:12.270000,00:08:12.280000,write within this for Loop those,write within loop,1,Step-by-Step Instruction
00:08:12.280000,00:08:14.070000,write within this for Loop those statement would be skipped but you are,write within loop statement would skipped,1,Step-by-Step Instruction
00:08:14.070000,00:08:14.080000,statement would be skipped but you are,statement would skipped,1,Step-by-Step Instruction
00:08:14.080000,00:08:15.869000,statement would be skipped but you are printing this I before using this,statement would skipped printing using,1,Step-by-Step Instruction
00:08:15.869000,00:08:15.879000,printing this I before using this,printing using,2,Context Setting
00:08:15.879000,00:08:18.270000,printing this I before using this continue so if you want to skip this,printing using continue want skip,5,Practical Application
00:08:18.270000,00:08:18.280000,continue so if you want to skip this,continue want skip,5,Practical Application
00:08:18.280000,00:08:21.309000,continue so if you want to skip this thing you have to write down this,continue want skip thing write,5,Practical Application
00:08:21.309000,00:08:21.319000,thing you have to write down this,thing write,2,Context Setting
00:08:21.319000,00:08:26.390000,thing you have to write down this printing of this I after continue so it,thing write printing continue,4,Recap
00:08:26.390000,00:08:26.400000,printing of this I after continue so it,printing continue,4,Recap
00:08:26.400000,00:08:28.909000,printing of this I after continue so it will print first 1 2 3 4 5 6 as soon as,printing continue print first 1 2 3 4 5 6 soon,2,Context Setting
00:08:28.909000,00:08:28.919000,will print first 1 2 3 4 5 6 as soon as,print first 1 2 3 4 5 6 soon,2,Context Setting
00:08:28.919000,00:08:31.510000,will print first 1 2 3 4 5 6 as soon as the become seven so this condition true,print first 1 2 3 4 5 6 soon become seven condition true,2,Context Setting
00:08:31.510000,00:08:31.520000,the become seven so this condition true,become seven condition true,2,Context Setting
00:08:31.520000,00:08:35.149000,the become seven so this condition true Yes means continue continue means,become seven condition true yes means continue continue means,4,Recap
00:08:35.149000,00:08:35.159000,Yes means continue continue means,yes means continue continue means,4,Recap
00:08:35.159000,00:08:36.709000,Yes means continue continue means whatever statement you will write down,yes means continue continue means whatever statement write,4,Recap
00:08:36.709000,00:08:36.719000,whatever statement you will write down,whatever statement write,4,Recap
00:08:36.719000,00:08:38.870000,whatever statement you will write down after continue within this Loop would be,whatever statement write continue within loop would,1,Step-by-Step Instruction
00:08:38.870000,00:08:38.880000,after continue within this Loop would be,continue within loop would,1,Step-by-Step Instruction
00:08:38.880000,00:08:42.949000,after continue within this Loop would be skipped so no C out would be entertained,continue within loop would skipped c would entertained,1,Step-by-Step Instruction
00:08:42.949000,00:08:42.959000,skipped so no C out would be entertained,skipped c would entertained,1,Step-by-Step Instruction
00:08:42.959000,00:08:44.910000,skipped so no C out would be entertained and then control will directly go to i++,skipped c would entertained control directly go,1,Step-by-Step Instruction
00:08:44.910000,00:08:44.920000,and then control will directly go to i++,control directly go,2,Context Setting
00:08:44.920000,00:08:48.550000,and then control will directly go to i++ now I becomes 8 right so this time it,control directly go becomes 8 right time,2,Context Setting
00:08:48.550000,00:08:48.560000,now I becomes 8 right so this time it,becomes 8 right time,2,Context Setting
00:08:48.560000,00:08:49.949000,now I becomes 8 right so this time it will work,becomes 8 right time work,2,Context Setting
00:08:49.949000,00:08:49.959000,will work,work,2,Context Setting
00:08:49.959000,00:08:54.990000,will work fine okay we have a problem here let's,work fine okay problem lets,2,Context Setting
00:08:54.990000,00:08:55,fine okay we have a problem here let's,fine okay problem lets,2,Context Setting
00:08:55,00:09:01.430000,fine okay we have a problem here let's run this and see 1 2 3 4 5 6 8 9 10 7,fine okay problem lets run see 1 2 3 4 5 6 8 9 10 7,2,Context Setting
00:09:01.430000,00:09:01.440000,run this and see 1 2 3 4 5 6 8 9 10 7,run see 1 2 3 4 5 6 8 9 10 7,2,Context Setting
00:09:01.440000,00:09:04.110000,run this and see 1 2 3 4 5 6 8 9 10 7 has been skipped right so this is the,run see 1 2 3 4 5 6 8 9 10 7 skipped right,2,Context Setting
00:09:04.110000,00:09:04.120000,has been skipped right so this is the,skipped right,1,Step-by-Step Instruction
00:09:04.120000,00:09:06.590000,has been skipped right so this is the use of continu statement same in while,skipped right use continu statement,4,Recap
00:09:06.590000,00:09:06.600000,use of continu statement same in while,use continu statement,4,Recap
00:09:06.600000,00:09:08.110000,use of continu statement same in while loop if you want,use continu statement loop want,4,Recap
00:09:08.110000,00:09:08.120000,loop if you want,loop want,5,Practical Application
00:09:08.120000,00:09:13.150000,loop if you want to uh use then also you can use like uh,loop want uh use also use like uh,0,Introduction
00:09:13.150000,00:09:13.160000,to uh use then also you can use like uh,uh use also use like uh,4,Recap
00:09:13.160000,00:09:16.750000,to uh use then also you can use like uh same example take with a little twist it,uh use also use like uh example take little twist,2,Context Setting
00:09:16.750000,00:09:16.760000,same example take with a little twist it,example take little twist,2,Context Setting
00:09:16.760000,00:09:18.829000,same example take with a little twist it will ask from the user enter number,example take little twist ask user enter number,3,Transitions
00:09:18.829000,00:09:18.839000,will ask from the user enter number,ask user enter number,3,Transitions
00:09:18.839000,00:09:20.269000,will ask from the user enter number right in the previous video we have seen,ask user enter number right previous video seen,3,Transitions
00:09:20.269000,00:09:20.279000,right in the previous video we have seen,right previous video seen,2,Context Setting
00:09:20.279000,00:09:23.030000,right in the previous video we have seen enter a number and it is going to add,right previous video seen enter number going add,3,Transitions
00:09:23.030000,00:09:23.040000,enter a number and it is going to add,enter number going add,3,Transitions
00:09:23.040000,00:09:24.710000,enter a number and it is going to add those numbers and whenever you enter,enter number going add numbers whenever enter,3,Transitions
00:09:24.710000,00:09:24.720000,those numbers and whenever you enter,numbers whenever enter,3,Transitions
00:09:24.720000,00:09:27.990000,those numbers and whenever you enter negative number it will just stop adding,numbers whenever enter negative number stop adding,3,Transitions
00:09:27.990000,00:09:28,negative number it will just stop adding,negative number stop adding,3,Transitions
00:09:28,00:09:29.870000,negative number it will just stop adding I mean it will be out of the loop and it,negative number stop adding mean loop,3,Transitions
00:09:29.870000,00:09:29.880000,I mean it will be out of the loop and it,mean loop,0,Introduction
00:09:29.880000,00:09:32.350000,I mean it will be out of the loop and it will just print the sum but now at this,mean loop print sum,0,Introduction
00:09:32.350000,00:09:32.360000,will just print the sum but now at this,print sum,2,Context Setting
00:09:32.360000,00:09:36.069000,will just print the sum but now at this time I want to repeat like enter a,print sum time want repeat like enter,5,Practical Application
00:09:36.069000,00:09:36.079000,time I want to repeat like enter a,time want repeat like enter,5,Practical Application
00:09:36.079000,00:09:39.990000,time I want to repeat like enter a number enter number 10 times right but,time want repeat like enter number enter number 10 times right,3,Transitions
00:09:39.990000,00:09:40,number enter number 10 times right but,number enter number 10 times right,3,Transitions
00:09:40,00:09:43.310000,number enter number 10 times right but whenever a user enter negative number it,number enter number 10 times right whenever user enter negative number,3,Transitions
00:09:43.310000,00:09:43.320000,whenever a user enter negative number it,whenever user enter negative number,3,Transitions
00:09:43.320000,00:09:45.750000,whenever a user enter negative number it will Skip and it will ask for the next,whenever user enter negative number skip ask next,3,Transitions
00:09:45.750000,00:09:45.760000,will Skip and it will ask for the next,skip ask next,5,Practical Application
00:09:45.760000,00:09:47.750000,will Skip and it will ask for the next number,skip ask next number,3,Transitions
00:09:47.750000,00:09:47.760000,number,number,3,Transitions
00:09:47.760000,00:09:51.670000,number right and this termination condition is,number right termination condition,2,Context Setting
00:09:51.670000,00:09:51.680000,right and this termination condition is,right termination condition,2,Context Setting
00:09:51.680000,00:09:54.590000,right and this termination condition is this should be repeated 10 times right,right termination condition repeated 10 times right,2,Context Setting
00:09:54.590000,00:09:54.600000,this should be repeated 10 times right,repeated 10 times right,2,Context Setting
00:09:54.600000,00:09:55.670000,this should be repeated 10 times right it's not like that whenever you will,repeated 10 times right like whenever,6,Conclusion
00:09:55.670000,00:09:55.680000,it's not like that whenever you will,like whenever,6,Conclusion
00:09:55.680000,00:09:57.350000,it's not like that whenever you will enter negative number just exit from the,like whenever enter negative number exit,3,Transitions
00:09:57.350000,00:09:57.360000,enter negative number just exit from the,enter negative number exit,3,Transitions
00:09:57.360000,00:09:59.670000,enter negative number just exit from the loop no this is not the,enter negative number exit loop,3,Transitions
00:09:59.670000,00:09:59.680000,loop no this is not the,loop,0,Introduction
00:09:59.680000,00:10:01.509000,loop no this is not the you say the exit condition,loop say exit condition,0,Introduction
00:10:01.509000,00:10:01.519000,you say the exit condition,say exit condition,2,Context Setting
00:10:01.519000,00:10:04.590000,you say the exit condition no you if you have entered five numbers,say exit condition entered five numbers,2,Context Setting
00:10:04.590000,00:10:04.600000,no you if you have entered five numbers,entered five numbers,2,Context Setting
00:10:04.600000,00:10:07.230000,no you if you have entered five numbers like enter number one enter number two,entered five numbers like enter number one enter number two,3,Transitions
00:10:07.230000,00:10:07.240000,like enter number one enter number two,like enter number one enter number two,3,Transitions
00:10:07.240000,00:10:09.710000,like enter number one enter number two three and now you have entered minus,like enter number one enter number two three entered minus,3,Transitions
00:10:09.710000,00:10:09.720000,three and now you have entered minus,three entered minus,2,Context Setting
00:10:09.720000,00:10:12.870000,three and now you have entered minus one so I want 10 times it should ask,three entered minus one want 10 times ask,5,Practical Application
00:10:12.870000,00:10:12.880000,one so I want 10 times it should ask,one want 10 times ask,5,Practical Application
00:10:12.880000,00:10:16.430000,one so I want 10 times it should ask from the user so 1 2 3 4 still six,one want 10 times ask user 1 2 3 4 still six,5,Practical Application
00:10:16.430000,00:10:16.440000,from the user so 1 2 3 4 still six,user 1 2 3 4 still six,2,Context Setting
00:10:16.440000,00:10:19.710000,from the user so 1 2 3 4 still six time it has to ask so it will skip this,user 1 2 3 4 still six time ask skip,5,Practical Application
00:10:19.710000,00:10:19.720000,time it has to ask so it will skip this,time ask skip,5,Practical Application
00:10:19.720000,00:10:22.310000,time it has to ask so it will skip this minus one and again it will ask like,time ask skip minus one ask like,5,Practical Application
00:10:22.310000,00:10:22.320000,minus one and again it will ask like,minus one ask like,6,Conclusion
00:10:22.320000,00:10:25.350000,minus one and again it will ask like four one something like this and while,minus one ask like four one something like,6,Conclusion
00:10:25.350000,00:10:25.360000,four one something like this and while,four one something like,6,Conclusion
00:10:25.360000,00:10:27.269000,four one something like this and while doing addition of these numbers it is,four one something like addition numbers,6,Conclusion
00:10:27.269000,00:10:27.279000,doing addition of these numbers it is,addition numbers,2,Context Setting
00:10:27.279000,00:10:29.069000,doing addition of these numbers it is not going to add these negative number,addition numbers going add negative number,3,Transitions
00:10:29.069000,00:10:29.079000,not going to add these negative number,going add negative number,3,Transitions
00:10:29.079000,00:10:30.430000,not going to add these negative number to the,going add negative number,3,Transitions
00:10:30.430000,00:10:30.440000,to the,,2,Context Setting
00:10:30.440000,00:10:33.350000,to the sum right so this thing you need to,sum right thing need,2,Context Setting
00:10:33.350000,00:10:33.360000,sum right so this thing you need to,sum right thing need,2,Context Setting
00:10:33.360000,00:10:36.509000,sum right so this thing you need to implement so either you can use this uh,sum right thing need implement either use uh,2,Context Setting
00:10:36.509000,00:10:36.519000,implement so either you can use this uh,implement either use uh,2,Context Setting
00:10:36.519000,00:10:38.829000,implement so either you can use this uh while loop here or you can use for Loop,implement either use uh loop use loop,0,Introduction
00:10:38.829000,00:10:38.839000,while loop here or you can use for Loop,loop use loop,0,Introduction
00:10:38.839000,00:10:40.110000,while loop here or you can use for Loop because we know the exact number of,loop use loop know exact number,0,Introduction
00:10:40.110000,00:10:40.120000,because we know the exact number of,know exact number,3,Transitions
00:10:40.120000,00:10:42.509000,because we know the exact number of iteration 10 times I want to execute the,know exact number iteration 10 times want execute,5,Practical Application
00:10:42.509000,00:10:42.519000,iteration 10 times I want to execute the,iteration 10 times want execute,5,Practical Application
00:10:42.519000,00:10:46.870000,iteration 10 times I want to execute the loop so if you want to uh run this with,iteration 10 times want execute loop want uh run,5,Practical Application
00:10:46.870000,00:10:46.880000,loop so if you want to uh run this with,loop want uh run,5,Practical Application
00:10:46.880000,00:10:50.590000,loop so if you want to uh run this with the Y Loop then just so first let's take,loop want uh run loop first lets take,0,Introduction
00:10:50.590000,00:10:50.600000,the Y Loop then just so first let's take,loop first lets take,0,Introduction
00:10:50.600000,00:10:55.150000,the Y Loop then just so first let's take a variable num one I variable for Loop,loop first lets take variable num one variable loop,0,Introduction
00:10:55.150000,00:10:55.160000,a variable num one I variable for Loop,variable num one variable loop,0,Introduction
00:10:55.160000,00:10:57.949000,a variable num one I variable for Loop and one is we have total total we are,variable num one variable loop one total total,2,Context Setting
00:10:57.949000,00:10:57.959000,and one is we have total total we are,one total total,2,Context Setting
00:10:57.959000,00:11:01.030000,and one is we have total total we are going to initialize with zero right now,one total total going initialize zero right,2,Context Setting
00:11:01.030000,00:11:01.040000,going to initialize with zero right now,going initialize zero right,2,Context Setting
00:11:01.040000,00:11:04.069000,going to initialize with zero right now let's put a y Loop while I less than,going initialize zero right lets put loop less,0,Introduction
00:11:04.069000,00:11:04.079000,let's put a y Loop while I less than,lets put loop less,0,Introduction
00:11:04.079000,00:11:06.470000,let's put a y Loop while I less than equal to because 10 time I want to,lets put loop less equal 10 time want,5,Practical Application
00:11:06.470000,00:11:06.480000,equal to because 10 time I want to,equal 10 time want,5,Practical Application
00:11:06.480000,00:11:08.629000,equal to because 10 time I want to iterate this Loop 10 time I want to ask,equal 10 time want iterate loop 10 time want ask,5,Practical Application
00:11:08.629000,00:11:08.639000,iterate this Loop 10 time I want to ask,iterate loop 10 time want ask,5,Practical Application
00:11:08.639000,00:11:11.190000,iterate this Loop 10 time I want to ask from the user right so less than equal,iterate loop 10 time want ask user right less equal,5,Practical Application
00:11:11.190000,00:11:11.200000,from the user right so less than equal,user right less equal,2,Context Setting
00:11:11.200000,00:11:14.509000,from the user right so less than equal to 10 and initialize this I is equal to,user right less equal 10 initialize equal,2,Context Setting
00:11:14.509000,00:11:14.519000,to 10 and initialize this I is equal to,10 initialize equal,2,Context Setting
00:11:14.519000,00:11:16.590000,to 10 and initialize this I is equal to first one,10 initialize equal first one,2,Context Setting
00:11:16.590000,00:11:16.600000,first one,first one,2,Context Setting
00:11:16.600000,00:11:18.870000,first one better so that it will not take any,first one better take,2,Context Setting
00:11:18.870000,00:11:18.880000,better so that it will not take any,better take,2,Context Setting
00:11:18.880000,00:11:22.670000,better so that it will not take any garbage value so now 1 to 10 it will it,better take garbage value 1 10,2,Context Setting
00:11:22.670000,00:11:22.680000,garbage value so now 1 to 10 it will it,garbage value 1 10,2,Context Setting
00:11:22.680000,00:11:25.389000,garbage value so now 1 to 10 it will it it is going to repeat 10 times right and,garbage value 1 10 going repeat 10 times right,2,Context Setting
00:11:25.389000,00:11:25.399000,it is going to repeat 10 times right and,going repeat 10 times right,2,Context Setting
00:11:25.399000,00:11:27.670000,it is going to repeat 10 times right and obviously you have to update this I,going repeat 10 times right obviously update,2,Context Setting
00:11:27.670000,00:11:27.680000,obviously you have to update this I,obviously update,2,Context Setting
00:11:27.680000,00:11:29.670000,obviously you have to update this I variable within this while loop,obviously update variable within loop,1,Step-by-Step Instruction
00:11:29.670000,00:11:29.680000,variable within this while loop,variable within loop,1,Step-by-Step Instruction
00:11:29.680000,00:11:32.310000,variable within this while loop otherwise it will be infinite Lo right,variable within loop otherwise infinite lo right,1,Step-by-Step Instruction
00:11:32.310000,00:11:32.320000,otherwise it will be infinite Lo right,otherwise infinite lo right,2,Context Setting
00:11:32.320000,00:11:34.750000,otherwise it will be infinite Lo right but first obviously we will ask from the,otherwise infinite lo right first obviously ask,2,Context Setting
00:11:34.750000,00:11:34.760000,but first obviously we will ask from the,first obviously ask,2,Context Setting
00:11:34.760000,00:11:38.150000,but first obviously we will ask from the user what enter a,first obviously ask user enter,3,Transitions
00:11:38.150000,00:11:38.160000,user what enter a,user enter,3,Transitions
00:11:38.160000,00:11:46.310000,user what enter a number,user enter number,3,Transitions
00:11:48.829000,00:11:48.839000,and in Num variable we are going to,num variable going,2,Context Setting
00:11:48.839000,00:11:52.790000,and in Num variable we are going to store that but if this,num variable going store,2,Context Setting
00:11:52.790000,00:11:52.800000,store that but if this,store,2,Context Setting
00:11:52.800000,00:11:58.710000,store that but if this num num is less than zero means negative,store num num less zero means negative,2,Context Setting
00:11:58.710000,00:11:58.720000,num num is less than zero means negative,num num less zero means negative,2,Context Setting
00:11:58.720000,00:12:03.590000,num num is less than zero means negative then we not going to exit just,num num less zero means negative going exit,2,Context Setting
00:12:06.389000,00:12:06.399000,continue just continue and continue,continue continue continue,4,Recap
00:12:06.399000,00:12:07.990000,continue just continue and continue means whatever you will write after this,continue continue continue means whatever write,4,Recap
00:12:07.990000,00:12:08,means whatever you will write after this,means whatever write,2,Context Setting
00:12:08,00:12:09.590000,means whatever you will write after this continue within this while loop that,means whatever write continue within loop,1,Step-by-Step Instruction
00:12:09.590000,00:12:09.600000,continue within this while loop that,continue within loop,1,Step-by-Step Instruction
00:12:09.600000,00:12:11.110000,continue within this while loop that would be skipped so here we are going to,continue within loop would skipped going,1,Step-by-Step Instruction
00:12:11.110000,00:12:11.120000,would be skipped so here we are going to,would skipped going,1,Step-by-Step Instruction
00:12:11.120000,00:12:13.750000,would be skipped so here we are going to do total because we don't want to add,would skipped going total dont want add,1,Step-by-Step Instruction
00:12:13.750000,00:12:13.760000,do total because we don't want to add,total dont want add,5,Practical Application
00:12:13.760000,00:12:15.550000,do total because we don't want to add that negative number to the total right,total dont want add negative number total right,3,Transitions
00:12:15.550000,00:12:15.560000,that negative number to the total right,negative number total right,3,Transitions
00:12:15.560000,00:12:17.590000,that negative number to the total right that is why after continue statement we,negative number total right continue statement,4,Recap
00:12:17.590000,00:12:17.600000,that is why after continue statement we,continue statement,4,Recap
00:12:17.600000,00:12:21.069000,that is why after continue statement we are updating our total right don't do,continue statement updating total right dont,4,Recap
00:12:21.069000,00:12:21.079000,are updating our total right don't do,updating total right dont,2,Context Setting
00:12:21.079000,00:12:23.829000,are updating our total right don't do this don't write this line before uh,updating total right dont dont write line uh,2,Context Setting
00:12:23.829000,00:12:23.839000,this don't write this line before uh,dont write line uh,2,Context Setting
00:12:23.839000,00:12:28.110000,this don't write this line before uh this continue statement right so this,dont write line uh continue statement right,4,Recap
00:12:28.110000,00:12:28.120000,this continue statement right so this,continue statement right,4,Recap
00:12:28.120000,00:12:29.590000,this continue statement right so this and as well as don't forget to update,continue statement right well dont forget update,4,Recap
00:12:29.590000,00:12:29.600000,and as well as don't forget to update,well dont forget update,2,Context Setting
00:12:29.600000,00:12:30.590000,and as well as don't forget to update this I,well dont forget update,2,Context Setting
00:12:30.590000,00:12:30.600000,this I,,2,Context Setting
00:12:30.600000,00:12:33.110000,this I variable because first I is one,variable first one,2,Context Setting
00:12:33.110000,00:12:33.120000,variable because first I is one,variable first one,2,Context Setting
00:12:33.120000,00:12:35.110000,variable because first I is one condition true this would be executed,variable first one condition true would executed,1,Step-by-Step Instruction
00:12:35.110000,00:12:35.120000,condition true this would be executed,condition true would executed,1,Step-by-Step Instruction
00:12:35.120000,00:12:37.590000,condition true this would be executed then I ++ I becomes two next time I is,condition true would executed becomes two next time,2,Context Setting
00:12:37.590000,00:12:37.600000,then I ++ I becomes two next time I is,becomes two next time,2,Context Setting
00:12:37.600000,00:12:41.030000,then I ++ I becomes two next time I is to less than 10 yes and now 10 time this,becomes two next time less 10 yes 10 time,5,Practical Application
00:12:41.030000,00:12:41.040000,to less than 10 yes and now 10 time this,less 10 yes 10 time,5,Practical Application
00:12:41.040000,00:12:45.150000,to less than 10 yes and now 10 time this would be iterated right okay now after,less 10 yes 10 time would iterated right okay,5,Practical Application
00:12:45.150000,00:12:45.160000,would be iterated right okay now after,would iterated right okay,1,Step-by-Step Instruction
00:12:45.160000,00:12:48.310000,would be iterated right okay now after this after this let's just print,would iterated right okay lets print,2,Context Setting
00:12:48.310000,00:12:48.320000,this after this let's just print,lets print,2,Context Setting
00:12:48.320000,00:12:50.110000,this after this let's just print whatever the total,lets print whatever total,2,Context Setting
00:12:50.110000,00:12:50.120000,whatever the total,whatever total,2,Context Setting
00:12:50.120000,00:12:53.590000,whatever the total is I hope it will work fine let's run,whatever total hope work fine lets run,2,Context Setting
00:12:53.590000,00:12:53.600000,is I hope it will work fine let's run,hope work fine lets run,2,Context Setting
00:12:53.600000,00:12:57.310000,is I hope it will work fine let's run this so enter a number I'm entering one,hope work fine lets run enter number im entering one,3,Transitions
00:12:57.310000,00:12:57.320000,this so enter a number I'm entering one,enter number im entering one,3,Transitions
00:12:57.320000,00:12:59.590000,this so enter a number I'm entering one again it is asking I'm entering 2 now,enter number im entering one asking im entering 2,3,Transitions
00:12:59.590000,00:12:59.600000,again it is asking I'm entering 2 now,asking im entering 2,2,Context Setting
00:12:59.600000,00:13:02.310000,again it is asking I'm entering 2 now I'm entering minus one see it is asking,asking im entering 2 im entering minus one see asking,2,Context Setting
00:13:02.310000,00:13:02.320000,I'm entering minus one see it is asking,im entering minus one see asking,2,Context Setting
00:13:02.320000,00:13:07.350000,I'm entering minus one see it is asking enter a number I'm entering 1 now - 9,im entering minus one see asking enter number im entering 1 9,3,Transitions
00:13:07.350000,00:13:07.360000,enter a number I'm entering 1 now - 9,enter number im entering 1 9,3,Transitions
00:13:07.360000,00:13:09.990000,enter a number I'm entering 1 now - 9 enter a number one enter a number again,enter number im entering 1 9 enter number one enter number,3,Transitions
00:13:09.990000,00:13:10,enter a number one enter a number again,enter number one enter number,3,Transitions
00:13:10,00:13:12.110000,enter a number one enter a number again I miss again one any number you can,enter number one enter number miss one number,3,Transitions
00:13:12.110000,00:13:12.120000,I miss again one any number you can,miss one number,3,Transitions
00:13:12.120000,00:13:13.590000,I miss again one any number you can enter,miss one number enter,3,Transitions
00:13:13.590000,00:13:13.600000,enter,enter,3,Transitions
00:13:13.600000,00:13:15.750000,enter 0o -,enter 0o,3,Transitions
00:13:15.750000,00:13:15.760000,0o -,0o,2,Context Setting
00:13:15.760000,00:13:21.030000,0o - 7 2 okay now see the total is you can 2,0o 7 2 okay see total 2,2,Context Setting
00:13:21.030000,00:13:21.040000,7 2 okay now see the total is you can 2,7 2 okay see total 2,2,Context Setting
00:13:21.040000,00:13:27.550000,7 2 okay now see the total is you can 2 3 4 5 6 7 8 9 10 11 11 but we want that,7 2 okay see total 2 3 4 5 6 7 8 9 10 11 11 want,5,Practical Application
00:13:27.550000,00:13:27.560000,3 4 5 6 7 8 9 10 11 11 but we want that,3 4 5 6 7 8 9 10 11 11 want,5,Practical Application
00:13:27.560000,00:13:29.870000,3 4 5 6 7 8 9 10 11 11 but we want that this should ask only 10 times from the,3 4 5 6 7 8 9 10 11 11 want ask 10 times,5,Practical Application
00:13:29.870000,00:13:29.880000,this should ask only 10 times from the,ask 10 times,5,Practical Application
00:13:29.880000,00:13:31.790000,this should ask only 10 times from the user enter number but it is asking I,ask 10 times user enter number asking,3,Transitions
00:13:31.790000,00:13:31.800000,user enter number but it is asking I,user enter number asking,3,Transitions
00:13:31.800000,00:13:33.870000,user enter number but it is asking I think 13 time,user enter number asking think 13 time,3,Transitions
00:13:33.870000,00:13:33.880000,think 13 time,think 13 time,2,Context Setting
00:13:33.880000,00:13:36.949000,think 13 time because 1 2 3 three times you have,think 13 time 1 2 3 three times,2,Context Setting
00:13:36.949000,00:13:36.959000,because 1 2 3 three times you have,1 2 3 three times,2,Context Setting
00:13:36.959000,00:13:38.870000,because 1 2 3 three times you have entered minus number so it is not,1 2 3 three times entered minus number,3,Transitions
00:13:38.870000,00:13:38.880000,entered minus number so it is not,entered minus number,3,Transitions
00:13:38.880000,00:13:40.910000,entered minus number so it is not incrementing that I while you are,entered minus number incrementing,3,Transitions
00:13:40.910000,00:13:40.920000,incrementing that I while you are,incrementing,2,Context Setting
00:13:40.920000,00:13:42.470000,incrementing that I while you are entering,incrementing entering,2,Context Setting
00:13:42.470000,00:13:42.480000,entering,entering,2,Context Setting
00:13:42.480000,00:13:46.430000,entering minus negative number because I ++ we,entering minus negative number,3,Transitions
00:13:46.430000,00:13:46.440000,minus negative number because I ++ we,minus negative number,3,Transitions
00:13:46.440000,00:13:49.389000,minus negative number because I ++ we are doing after continue so whenever you,minus negative number continue whenever,3,Transitions
00:13:49.389000,00:13:49.399000,are doing after continue so whenever you,continue whenever,4,Recap
00:13:49.399000,00:13:52.030000,are doing after continue so whenever you will enter a negative number these both,continue whenever enter negative number,3,Transitions
00:13:52.030000,00:13:52.040000,will enter a negative number these both,enter negative number,3,Transitions
00:13:52.040000,00:13:53.829000,will enter a negative number these both these two statements would be skipped,enter negative number two statements would skipped,3,Transitions
00:13:53.829000,00:13:53.839000,these two statements would be skipped,two statements would skipped,1,Step-by-Step Instruction
00:13:53.839000,00:13:55.870000,these two statements would be skipped and directly control will go to the,two statements would skipped directly control go,1,Step-by-Step Instruction
00:13:55.870000,00:13:55.880000,and directly control will go to the,directly control go,2,Context Setting
00:13:55.880000,00:13:59.150000,and directly control will go to the beginning of the loop right so what we,directly control go beginning loop right,0,Introduction
00:13:59.150000,00:13:59.160000,beginning of the loop right so what we,beginning loop right,0,Introduction
00:13:59.160000,00:14:04.110000,beginning of the loop right so what we can do we can use we can do this uh,beginning loop right use uh,0,Introduction
00:14:04.110000,00:14:04.120000,can do we can use we can do this uh,use uh,4,Recap
00:14:04.120000,00:14:08.030000,can do we can use we can do this uh i++ before continue so that whenever you,use uh continue whenever,4,Recap
00:14:08.030000,00:14:08.040000,i++ before continue so that whenever you,continue whenever,4,Recap
00:14:08.040000,00:14:10.430000,i++ before continue so that whenever you will enter the negative number it should,continue whenever enter negative number,3,Transitions
00:14:10.430000,00:14:10.440000,will enter the negative number it should,enter negative number,3,Transitions
00:14:10.440000,00:14:14.269000,will enter the negative number it should not be skipped right this also we can do,enter negative number skipped right also,3,Transitions
00:14:14.269000,00:14:14.279000,not be skipped right this also we can do,skipped right also,1,Step-by-Step Instruction
00:14:14.279000,00:14:15.949000,not be skipped right this also we can do and now you can run this and now this,skipped right also run,1,Step-by-Step Instruction
00:14:15.949000,00:14:15.959000,and now you can run this and now this,run,2,Context Setting
00:14:15.959000,00:14:17.790000,and now you can run this and now this time exactly it will ask 10 times,run time exactly ask 10 times,5,Practical Application
00:14:17.790000,00:14:17.800000,time exactly it will ask 10 times,time exactly ask 10 times,5,Practical Application
00:14:17.800000,00:14:26.990000,time exactly it will ask 10 times including negative,time exactly ask 10 times including negative,5,Practical Application
00:14:30.629000,00:14:30.639000,number see only 10 times it is asking,number see 10 times asking,3,Transitions
00:14:30.639000,00:14:33.430000,number see only 10 times it is asking including negative number and the sum is,number see 10 times asking including negative number sum,3,Transitions
00:14:33.430000,00:14:33.440000,including negative number and the sum is,including negative number sum,3,Transitions
00:14:33.440000,00:14:36.230000,including negative number and the sum is five right so I hope you got this you,including negative number sum five right hope got,3,Transitions
00:14:36.230000,00:14:36.240000,five right so I hope you got this you,five right hope got,2,Context Setting
00:14:36.240000,00:14:38.509000,five right so I hope you got this you can I think this is assignment for you,five right hope got think assignment,2,Context Setting
00:14:38.509000,00:14:38.519000,can I think this is assignment for you,think assignment,2,Context Setting
00:14:38.519000,00:14:40.670000,can I think this is assignment for you guys you just draw the flowchart of this,think assignment guys draw flowchart,2,Context Setting
00:14:40.670000,00:14:40.680000,guys you just draw the flowchart of this,guys draw flowchart,2,Context Setting
00:14:40.680000,00:14:42.150000,guys you just draw the flowchart of this continue statement I think it's very,guys draw flowchart continue statement think,4,Recap
00:14:42.150000,00:14:42.160000,continue statement I think it's very,continue statement think,4,Recap
00:14:42.160000,00:14:44.230000,continue statement I think it's very easy if you have understood the working,continue statement think easy understood working,4,Recap
00:14:44.230000,00:14:44.240000,easy if you have understood the working,easy understood working,2,Context Setting
00:14:44.240000,00:14:46.470000,easy if you have understood the working of this continue you can easily draw the,easy understood working continue easily draw,2,Context Setting
00:14:46.470000,00:14:46.480000,of this continue you can easily draw the,continue easily draw,4,Recap
00:14:46.480000,00:14:49.710000,of this continue you can easily draw the flowchart right so it's up to you now,continue easily draw flowchart right,2,Context Setting
00:14:49.710000,00:14:49.720000,flowchart right so it's up to you now,flowchart right,2,Context Setting
00:14:49.720000,00:14:51.509000,flowchart right so it's up to you now you have to draw this thing so I hope,flowchart right draw thing hope,2,Context Setting
00:14:51.509000,00:14:51.519000,you have to draw this thing so I hope,draw thing hope,2,Context Setting
00:14:51.519000,00:14:53.189000,you have to draw this thing so I hope now the use of break and continue,draw thing hope use break continue,4,Recap
00:14:53.189000,00:14:53.199000,now the use of break and continue,use break continue,4,Recap
00:14:53.199000,00:14:54.590000,now the use of break and continue statement is clear to you guys now in,use break continue statement clear guys,4,Recap
00:14:54.590000,00:14:54.600000,statement is clear to you guys now in,statement clear guys,4,Recap
00:14:54.600000,00:14:56.389000,statement is clear to you guys now in the next video we'll see one coding,statement clear guys next video well see one coding,2,Context Setting
00:14:56.389000,00:14:56.399000,the next video we'll see one coding,next video well see one coding,2,Context Setting
00:14:56.399000,00:14:59.030000,the next video we'll see one coding exercise based on break and a new,next video well see one coding exercise based break new,2,Context Setting
00:14:59.030000,00:14:59.040000,exercise based on break and a new,exercise based break new,2,Context Setting
00:14:59.040000,00:15:00.829000,exercise based on break and a new statement right so now I'll see you in,exercise based break new statement right ill see,2,Context Setting
00:15:00.829000,00:15:00.839000,statement right so now I'll see you in,statement right ill see,4,Recap
00:15:00.839000,00:15:06.910000,statement right so now I'll see you in the next video till bye-bye take,statement right ill see next video till byebye take,2,Context Setting
