Start Time,End Time,Text,Cleaned Text,Cluster,Workflow Step
00:00:01.910000,00:00:01.920000,hey everyone I hope you are safe and,hey everyone hope safe,0,Introduction
00:00:01.920000,00:00:03.949000,hey everyone I hope you are safe and doing good so the series of learning C++,hey everyone hope safe good series learning c,0,Introduction
00:00:03.949000,00:00:03.959000,doing good so the series of learning C++,good series learning c,0,Introduction
00:00:03.959000,00:00:06.150000,doing good so the series of learning C++ programming language we are discussing,good series learning c programming language discussing,0,Introduction
00:00:06.150000,00:00:06.160000,programming language we are discussing,programming language discussing,0,Introduction
00:00:06.160000,00:00:07.630000,programming language we are discussing we have discussed actually break and,programming language discussing discussed actually break,1,Step-by-Step Instruction
00:00:07.630000,00:00:07.640000,we have discussed actually break and,discussed actually break,1,Step-by-Step Instruction
00:00:07.640000,00:00:09.430000,we have discussed actually break and continue statement in the previous video,discussed actually break continue statement previous video,1,Step-by-Step Instruction
00:00:09.430000,00:00:09.440000,continue statement in the previous video,continue statement previous video,2,Context Setting
00:00:09.440000,00:00:11.190000,continue statement in the previous video we have seen continue statement now,continue statement previous video seen continue statement,2,Context Setting
00:00:11.190000,00:00:11.200000,we have seen continue statement now,seen continue statement,2,Context Setting
00:00:11.200000,00:00:12.270000,we have seen continue statement now based on those statement we will be,seen continue statement based statement,2,Context Setting
00:00:12.270000,00:00:12.280000,based on those statement we will be,based statement,2,Context Setting
00:00:12.280000,00:00:14.629000,based on those statement we will be discussing one coding exercise right in,based statement discussing one coding exercise right,2,Context Setting
00:00:14.629000,00:00:14.639000,discussing one coding exercise right in,discussing one coding exercise right,5,Practical Application
00:00:14.639000,00:00:16.590000,discussing one coding exercise right in in this you have to use both break and,discussing one coding exercise right use break,1,Step-by-Step Instruction
00:00:16.590000,00:00:16.600000,in this you have to use both break and,use break,1,Step-by-Step Instruction
00:00:16.600000,00:00:20.429000,in this you have to use both break and continue statement together right so the,use break continue statement together right,2,Context Setting
00:00:20.429000,00:00:20.439000,continue statement together right so the,continue statement together right,2,Context Setting
00:00:20.439000,00:00:22.390000,continue statement together right so the problem statement is suppose we have,continue statement together right problem statement suppose,2,Context Setting
00:00:22.390000,00:00:22.400000,problem statement is suppose we have,problem statement suppose,2,Context Setting
00:00:22.400000,00:00:25.470000,problem statement is suppose we have some data in an,problem statement suppose data,2,Context Setting
00:00:25.470000,00:00:25.480000,some data in an,data,3,Transitions
00:00:25.480000,00:00:28.070000,some data in an array array is simply like it's,data array array simply like,6,Conclusion
00:00:28.070000,00:00:28.080000,array array is simply like it's,array array simply like,6,Conclusion
00:00:28.080000,00:00:30.310000,array array is simply like it's collection of homogeneous dat type right,array array simply like collection homogeneous dat type right,6,Conclusion
00:00:30.310000,00:00:30.320000,collection of homogeneous dat type right,collection homogeneous dat type right,6,Conclusion
00:00:30.320000,00:00:32.910000,collection of homogeneous dat type right so we have an integer array and this is,collection homogeneous dat type right integer array,6,Conclusion
00:00:32.910000,00:00:32.920000,so we have an integer array and this is,integer array,6,Conclusion
00:00:32.920000,00:00:35.190000,so we have an integer array and this is the data of this array right it is being,integer array data array right,6,Conclusion
00:00:35.190000,00:00:35.200000,the data of this array right it is being,data array right,6,Conclusion
00:00:35.200000,00:00:38.790000,the data of this array right it is being sent by some device let's assume right,data array right sent device lets assume right,6,Conclusion
00:00:38.790000,00:00:38.800000,sent by some device let's assume right,sent device lets assume right,6,Conclusion
00:00:38.800000,00:00:40.869000,sent by some device let's assume right and that device also sends sometimes,sent device lets assume right device also sends sometimes,6,Conclusion
00:00:40.869000,00:00:40.879000,and that device also sends sometimes,device also sends sometimes,0,Introduction
00:00:40.879000,00:00:43.069000,and that device also sends sometimes noise the noise is represented by minus,device also sends sometimes noise noise represented minus,5,Practical Application
00:00:43.069000,00:00:43.079000,noise the noise is represented by minus,noise noise represented minus,5,Practical Application
00:00:43.079000,00:00:46.510000,noise the noise is represented by minus one right and one stopping signal,noise noise represented minus one right one stopping signal,5,Practical Application
00:00:46.510000,00:00:46.520000,one right and one stopping signal,one right one stopping signal,5,Practical Application
00:00:46.520000,00:00:50.310000,one right and one stopping signal stopping signal is represented by - 99,one right one stopping signal stopping signal represented 99,5,Practical Application
00:00:50.310000,00:00:50.320000,stopping signal is represented by - 99,stopping signal represented 99,5,Practical Application
00:00:50.320000,00:00:51.950000,stopping signal is represented by - 99 right now what you have to do you have,stopping signal represented 99 right,5,Practical Application
00:00:51.950000,00:00:51.960000,right now what you have to do you have,right,6,Conclusion
00:00:51.960000,00:00:53.750000,right now what you have to do you have to process that data process means you,right process data process means,6,Conclusion
00:00:53.750000,00:00:53.760000,to process that data process means you,process data process means,6,Conclusion
00:00:53.760000,00:00:57.510000,to process that data process means you have to print this data right but you,process data process means print data right,6,Conclusion
00:00:57.510000,00:00:57.520000,have to print this data right but you,print data right,3,Transitions
00:00:57.520000,00:01:00.869000,have to print this data right but you don't have to process noise,print data right dont process noise,6,Conclusion
00:01:00.869000,00:01:00.879000,don't have to process noise,dont process noise,6,Conclusion
00:01:00.879000,00:01:02.950000,don't have to process noise means you don't you don't have to print,dont process noise means dont dont print,4,Recap
00:01:02.950000,00:01:02.960000,means you don't you don't have to print,means dont dont print,4,Recap
00:01:02.960000,00:01:06.070000,means you don't you don't have to print noise means minus one right and you have,means dont dont print noise means minus one right,4,Recap
00:01:06.070000,00:01:06.080000,noise means minus one right and you have,noise means minus one right,5,Practical Application
00:01:06.080000,00:01:08.109000,noise means minus one right and you have to stop processing the data once you,noise means minus one right stop processing data,5,Practical Application
00:01:08.109000,00:01:08.119000,to stop processing the data once you,stop processing data,3,Transitions
00:01:08.119000,00:01:10.950000,to stop processing the data once you reach once you get the stopping signal,stop processing data reach get stopping signal,5,Practical Application
00:01:10.950000,00:01:10.960000,reach once you get the stopping signal,reach get stopping signal,5,Practical Application
00:01:10.960000,00:01:14.270000,reach once you get the stopping signal and that is -,reach get stopping signal,5,Practical Application
00:01:14.270000,00:01:14.280000,and that is -,,0,Introduction
00:01:14.280000,00:01:16.710000,and that is - 99 I hope you got what is the problem,99 hope got problem,5,Practical Application
00:01:16.710000,00:01:16.720000,99 I hope you got what is the problem,99 hope got problem,5,Practical Application
00:01:16.720000,00:01:19.429000,99 I hope you got what is the problem statement right you have to just print,99 hope got problem statement right print,2,Context Setting
00:01:19.429000,00:01:19.439000,statement right you have to just print,statement right print,2,Context Setting
00:01:19.439000,00:01:21.030000,statement right you have to just print this array but you don't have to print,statement right print array dont print,4,Recap
00:01:21.030000,00:01:21.040000,this array but you don't have to print,array dont print,4,Recap
00:01:21.040000,00:01:22.630000,this array but you don't have to print minus one minus one and you have to stop,array dont print minus one minus one stop,5,Practical Application
00:01:22.630000,00:01:22.640000,minus one minus one and you have to stop,minus one minus one stop,5,Practical Application
00:01:22.640000,00:01:25.510000,minus one minus one and you have to stop whenever you will get min - 99 so,minus one minus one stop whenever get min 99,5,Practical Application
00:01:25.510000,00:01:25.520000,whenever you will get min - 99 so,whenever get min 99,5,Practical Application
00:01:25.520000,00:01:28.950000,whenever you will get min - 99 so ultimately the answer would be 1 10 5 6,whenever get min 99 ultimately answer would 1 10 5 6,5,Practical Application
00:01:28.950000,00:01:28.960000,ultimately the answer would be 1 10 5 6,ultimately answer would 1 10 5 6,0,Introduction
00:01:28.960000,00:01:30.510000,ultimately the answer would be 1 10 5 6 7 that's it,ultimately answer would 1 10 5 6 7 thats,1,Step-by-Step Instruction
00:01:30.510000,00:01:30.520000,7 that's it,7 thats,1,Step-by-Step Instruction
00:01:30.520000,00:01:32.910000,7 that's it you have to print this thing and one,7 thats print thing one,1,Step-by-Step Instruction
00:01:32.910000,00:01:32.920000,you have to print this thing and one,print thing one,4,Recap
00:01:32.920000,00:01:36.950000,you have to print this thing and one more condition use range based for Loop,print thing one condition use range based loop,2,Context Setting
00:01:36.950000,00:01:36.960000,more condition use range based for Loop,condition use range based loop,2,Context Setting
00:01:36.960000,00:01:38.590000,more condition use range based for Loop although you can implement this with any,condition use range based loop although implement,0,Introduction
00:01:38.590000,00:01:38.600000,although you can implement this with any,although implement,0,Introduction
00:01:38.600000,00:01:41.510000,although you can implement this with any Loop for while do while but you can try,although implement loop try,0,Introduction
00:01:41.510000,00:01:41.520000,Loop for while do while but you can try,loop try,0,Introduction
00:01:41.520000,00:01:42.550000,Loop for while do while but you can try implementing this with different,loop try implementing different,0,Introduction
00:01:42.550000,00:01:42.560000,implementing this with different,implementing different,0,Introduction
00:01:42.560000,00:01:44.670000,implementing this with different different Loops but we are going to,implementing different different loops going,0,Introduction
00:01:44.670000,00:01:44.680000,different Loops but we are going to,different loops going,0,Introduction
00:01:44.680000,00:01:46.830000,different Loops but we are going to discuss in this exercise using range,different loops going discuss exercise using range,0,Introduction
00:01:46.830000,00:01:46.840000,discuss in this exercise using range,discuss exercise using range,0,Introduction
00:01:46.840000,00:01:49.069000,discuss in this exercise using range based for right I hope you got this,discuss exercise using range based right hope got,2,Context Setting
00:01:49.069000,00:01:49.079000,based for right I hope you got this,based right hope got,2,Context Setting
00:01:49.079000,00:01:50.910000,based for right I hope you got this thing so pause the video and try this,based right hope got thing pause video try,1,Step-by-Step Instruction
00:01:50.910000,00:01:50.920000,thing so pause the video and try this,thing pause video try,1,Step-by-Step Instruction
00:01:50.920000,00:01:54.030000,thing so pause the video and try this out okay so I hope you have done this we,thing pause video try okay hope done,1,Step-by-Step Instruction
00:01:54.030000,00:01:54.040000,out okay so I hope you have done this we,okay hope done,0,Introduction
00:01:54.040000,00:01:56.069000,out okay so I hope you have done this we have this array,okay hope done array,0,Introduction
00:01:56.069000,00:01:56.079000,have this array,array,6,Conclusion
00:01:56.079000,00:01:59.830000,have this array of data right so we have to process,array data right process,6,Conclusion
00:01:59.830000,00:01:59.840000,of data right so we have to process,data right process,6,Conclusion
00:01:59.840000,00:02:02.830000,of data right so we have to process process this thing using range based for,data right process process thing using range based,6,Conclusion
00:02:02.830000,00:02:02.840000,process this thing using range based for,process thing using range based,2,Context Setting
00:02:02.840000,00:02:04.910000,process this thing using range based for Loop so range based for Loop syntaxes,process thing using range based loop range based loop syntaxes,2,Context Setting
00:02:04.910000,00:02:04.920000,Loop so range based for Loop syntaxes,loop range based loop syntaxes,0,Introduction
00:02:04.920000,00:02:05.910000,Loop so range based for Loop syntaxes just use,loop range based loop syntaxes use,0,Introduction
00:02:05.910000,00:02:05.920000,just use,use,0,Introduction
00:02:05.920000,00:02:09.510000,just use four and the data type which is of this,use four data type,3,Transitions
00:02:09.510000,00:02:09.520000,four and the data type which is of this,four data type,3,Transitions
00:02:09.520000,00:02:11.990000,four and the data type which is of this data so better to use Auto because it,four data type data better use auto,3,Transitions
00:02:11.990000,00:02:12,data so better to use Auto because it,data better use auto,3,Transitions
00:02:12,00:02:14.229000,data so better to use Auto because it will automatically detect the data type,data better use auto automatically detect data type,3,Transitions
00:02:14.229000,00:02:14.239000,will automatically detect the data type,automatically detect data type,3,Transitions
00:02:14.239000,00:02:17.110000,will automatically detect the data type of the this range and automatically you,automatically detect data type range automatically,3,Transitions
00:02:17.110000,00:02:17.120000,of the this range and automatically you,range automatically,0,Introduction
00:02:17.120000,00:02:18.910000,of the this range and automatically you know consider the data type of let's,range automatically know consider data type lets,3,Transitions
00:02:18.910000,00:02:18.920000,know consider the data type of let's,know consider data type lets,3,Transitions
00:02:18.920000,00:02:20.990000,know consider the data type of let's take any variable any variable x y z ABC,know consider data type lets take variable variable x z abc,3,Transitions
00:02:20.990000,00:02:21,take any variable any variable x y z ABC,take variable variable x z abc,0,Introduction
00:02:21,00:02:22.509000,take any variable any variable x y z ABC anything I'm taking,take variable variable x z abc anything im taking,0,Introduction
00:02:22.509000,00:02:22.519000,anything I'm taking,anything im taking,0,Introduction
00:02:22.519000,00:02:25.949000,anything I'm taking n right and then colon so the data type,anything im taking n right colon data type,3,Transitions
00:02:25.949000,00:02:25.959000,n right and then colon so the data type,n right colon data type,3,Transitions
00:02:25.959000,00:02:27.430000,n right and then colon so the data type of this variable would be automatically,n right colon data type variable would automatically,3,Transitions
00:02:27.430000,00:02:27.440000,of this variable would be automatically,variable would automatically,0,Introduction
00:02:27.440000,00:02:31.589000,of this variable would be automatically int right because what whatever here,variable would automatically int right whatever,0,Introduction
00:02:31.589000,00:02:31.599000,int right because what whatever here,int right whatever,0,Introduction
00:02:31.599000,00:02:34.150000,int right because what whatever here that range or that collection you will,int right whatever range collection,0,Introduction
00:02:34.150000,00:02:34.160000,that range or that collection you will,range collection,0,Introduction
00:02:34.160000,00:02:35.869000,that range or that collection you will write name of that thing so name of the,range collection write name thing name,1,Step-by-Step Instruction
00:02:35.869000,00:02:35.879000,write name of that thing so name of the,write name thing name,1,Step-by-Step Instruction
00:02:35.879000,00:02:39.630000,write name of that thing so name of the array is data so WR data here so,write name thing name array data wr data,3,Transitions
00:02:39.630000,00:02:39.640000,array is data so WR data here so,array data wr data,3,Transitions
00:02:39.640000,00:02:41.630000,array is data so WR data here so whatever the data type of this data this,array data wr data whatever data type data,3,Transitions
00:02:41.630000,00:02:41.640000,whatever the data type of this data this,whatever data type data,3,Transitions
00:02:41.640000,00:02:43.270000,whatever the data type of this data this array automatically that data type would,whatever data type data array automatically data type would,3,Transitions
00:02:43.270000,00:02:43.280000,array automatically that data type would,array automatically data type would,3,Transitions
00:02:43.280000,00:02:45.790000,array automatically that data type would be of this n so it is in 10 see whenever,array automatically data type would n 10 see whenever,3,Transitions
00:02:45.790000,00:02:45.800000,be of this n so it is in 10 see whenever,n 10 see whenever,0,Introduction
00:02:45.800000,00:02:49.030000,be of this n so it is in 10 see whenever you will drag the cursor move the cursor,n 10 see whenever drag cursor move cursor,0,Introduction
00:02:49.030000,00:02:49.040000,you will drag the cursor move the cursor,drag cursor move cursor,0,Introduction
00:02:49.040000,00:02:51.830000,you will drag the cursor move the cursor Over N it is showing you int n but I'm,drag cursor move cursor n showing int n im,0,Introduction
00:02:51.830000,00:02:51.840000,Over N it is showing you int n but I'm,n showing int n im,0,Introduction
00:02:51.840000,00:02:56.949000,Over N it is showing you int n but I'm writing Auto n right so now you have to,n showing int n im writing auto n right,0,Introduction
00:02:56.949000,00:02:56.959000,writing Auto n right so now you have to,writing auto n right,0,Introduction
00:02:56.959000,00:03:00.550000,writing Auto n right so now you have to implement the logic first let's,writing auto n right implement logic first lets,0,Introduction
00:03:00.550000,00:03:00.560000,implement the logic first let's,implement logic first lets,0,Introduction
00:03:00.560000,00:03:02.110000,implement the logic first let's uh just write down the stopping,implement logic first lets uh write stopping,0,Introduction
00:03:02.110000,00:03:02.120000,uh just write down the stopping,uh write stopping,0,Introduction
00:03:02.120000,00:03:07.190000,uh just write down the stopping condition if this n equal to equal to -,uh write stopping condition n equal equal,0,Introduction
00:03:07.190000,00:03:07.200000,condition if this n equal to equal to -,condition n equal equal,0,Introduction
00:03:07.200000,00:03:11.229000,condition if this n equal to equal to - 99 then break means you don't have to,condition n equal equal 99 break means dont,0,Introduction
00:03:11.229000,00:03:11.239000,99 then break means you don't have to,99 break means dont,1,Step-by-Step Instruction
00:03:11.239000,00:03:12.910000,99 then break means you don't have to process after that so we'll use,99 break means dont process well use,6,Conclusion
00:03:12.910000,00:03:12.920000,process after that so we'll use,process well use,6,Conclusion
00:03:12.920000,00:03:14.830000,process after that so we'll use obviously to jump out of the loop use,process well use obviously jump loop use,0,Introduction
00:03:14.830000,00:03:14.840000,obviously to jump out of the loop use,obviously jump loop use,0,Introduction
00:03:14.840000,00:03:17.110000,obviously to jump out of the loop use break now next,obviously jump loop use break next,1,Step-by-Step Instruction
00:03:17.110000,00:03:17.120000,break now next,break next,1,Step-by-Step Instruction
00:03:17.120000,00:03:20.350000,break now next is else,break next else,1,Step-by-Step Instruction
00:03:20.350000,00:03:20.360000,is else,else,0,Introduction
00:03:20.360000,00:03:26.110000,is else if this Nal equal minus1 then you don't,else nal equal minus1 dont,0,Introduction
00:03:26.110000,00:03:26.120000,if this Nal equal minus1 then you don't,nal equal minus1 dont,0,Introduction
00:03:26.120000,00:03:28.030000,if this Nal equal minus1 then you don't have to stop you just have to skip that,nal equal minus1 dont stop skip,0,Introduction
00:03:28.030000,00:03:28.040000,have to stop you just have to skip that,stop skip,0,Introduction
00:03:28.040000,00:03:29.429000,have to stop you just have to skip that equation means we don't want to print,stop skip equation means dont want print,4,Recap
00:03:29.429000,00:03:29.439000,equation means we don't want to print,equation means dont want print,4,Recap
00:03:29.439000,00:03:31.350000,equation means we don't want to print this minus one but after that we want to,equation means dont want print minus one want,4,Recap
00:03:31.350000,00:03:31.360000,this minus one but after that we want to,minus one want,4,Recap
00:03:31.360000,00:03:33.830000,this minus one but after that we want to print 5 six right so we will use,minus one want print 5 six right use,4,Recap
00:03:33.830000,00:03:33.840000,print 5 six right so we will use,print 5 six right use,4,Recap
00:03:33.840000,00:03:37.149000,print 5 six right so we will use continue we are going to skip something,print 5 six right use continue going skip something,4,Recap
00:03:37.149000,00:03:37.159000,continue we are going to skip something,continue going skip something,1,Step-by-Step Instruction
00:03:37.159000,00:03:39.910000,continue we are going to skip something some condition right and after that what,continue going skip something condition right,1,Step-by-Step Instruction
00:03:39.910000,00:03:39.920000,some condition right and after that what,condition right,6,Conclusion
00:03:39.920000,00:03:43.070000,some condition right and after that what you want to skip this printing,condition right want skip printing,4,Recap
00:03:43.070000,00:03:43.080000,you want to skip this printing,want skip printing,4,Recap
00:03:43.080000,00:03:45.070000,you want to skip this printing processing processing means simply you,want skip printing processing processing means simply,4,Recap
00:03:45.070000,00:03:45.080000,processing processing means simply you,processing processing means simply,0,Introduction
00:03:45.080000,00:03:49.110000,processing processing means simply you want to print this,processing processing means simply want print,4,Recap
00:03:49.110000,00:03:49.120000,want to print this,want print,4,Recap
00:03:49.120000,00:03:50.910000,want to print this n,want print n,4,Recap
00:03:50.910000,00:03:50.920000,n,n,0,Introduction
00:03:50.920000,00:03:53.869000,n right so I think this is simple one we,n right think simple one,5,Practical Application
00:03:53.869000,00:03:53.879000,right so I think this is simple one we,right think simple one,5,Practical Application
00:03:53.879000,00:03:55.990000,right so I think this is simple one we have used break continue and range based,right think simple one used break continue range based,2,Context Setting
00:03:55.990000,00:03:56,have used break continue and range based,used break continue range based,2,Context Setting
00:03:56,00:03:58.149000,have used break continue and range based for Loop let's run this I hope it will,used break continue range based loop lets run hope,2,Context Setting
00:03:58.149000,00:03:58.159000,for Loop let's run this I hope it will,loop lets run hope,0,Introduction
00:03:58.159000,00:04:01.910000,for Loop let's run this I hope it will work see one 11 10 5 6 7 and that's,loop lets run hope work see one 11 10 5 6 7 thats,1,Step-by-Step Instruction
00:04:01.910000,00:04:01.920000,work see one 11 10 5 6 7 and that's,work see one 11 10 5 6 7 thats,1,Step-by-Step Instruction
00:04:01.920000,00:04:04.190000,work see one 11 10 5 6 7 and that's exactly you want it should be printed,work see one 11 10 5 6 7 thats exactly want printed,4,Recap
00:04:04.190000,00:04:04.200000,exactly you want it should be printed,exactly want printed,4,Recap
00:04:04.200000,00:04:05.949000,exactly you want it should be printed like,exactly want printed like,4,Recap
00:04:05.949000,00:04:05.959000,like,like,0,Introduction
00:04:05.959000,00:04:10.869000,like this 11 10 5 6 7 no minus one and once,like 11 10 5 6 7 minus one,5,Practical Application
00:04:10.869000,00:04:10.879000,this 11 10 5 6 7 no minus one and once,11 10 5 6 7 minus one,5,Practical Application
00:04:10.879000,00:04:13.789000,this 11 10 5 6 7 no minus one and once we it reach to - 99 just stop printing,11 10 5 6 7 minus one reach 99 stop printing,5,Practical Application
00:04:13.789000,00:04:13.799000,we it reach to - 99 just stop printing,reach 99 stop printing,5,Practical Application
00:04:13.799000,00:04:17.110000,we it reach to - 99 just stop printing or stop processing the data right now I,reach 99 stop printing stop processing data right,5,Practical Application
00:04:17.110000,00:04:17.120000,or stop processing the data right now I,stop processing data right,3,Transitions
00:04:17.120000,00:04:19.550000,or stop processing the data right now I hope you have now a clear idea of using,stop processing data right hope clear idea using,3,Transitions
00:04:19.550000,00:04:19.560000,hope you have now a clear idea of using,hope clear idea using,0,Introduction
00:04:19.560000,00:04:22.710000,hope you have now a clear idea of using break continue and this kind of thing,hope clear idea using break continue kind thing,1,Step-by-Step Instruction
00:04:22.710000,00:04:22.720000,break continue and this kind of thing,break continue kind thing,1,Step-by-Step Instruction
00:04:22.720000,00:04:25.870000,break continue and this kind of thing right so that's it for this video so I,break continue kind thing right thats video,1,Step-by-Step Instruction
00:04:25.870000,00:04:25.880000,right so that's it for this video so I,right thats video,1,Step-by-Step Instruction
00:04:25.880000,00:04:27.710000,right so that's it for this video so I hope this exercise was not tough for you,right thats video hope exercise tough,1,Step-by-Step Instruction
00:04:27.710000,00:04:27.720000,hope this exercise was not tough for you,hope exercise tough,0,Introduction
00:04:27.720000,00:04:29.950000,hope this exercise was not tough for you guys and you have done this now in the,hope exercise tough guys done,0,Introduction
00:04:29.950000,00:04:29.960000,guys and you have done this now in the,guys done,0,Introduction
00:04:29.960000,00:04:31.909000,guys and you have done this now in the next video we'll see what is infinite,guys done next video well see infinite,1,Step-by-Step Instruction
00:04:31.909000,00:04:31.919000,next video we'll see what is infinite,next video well see infinite,1,Step-by-Step Instruction
00:04:31.919000,00:04:33.390000,next video we'll see what is infinite Loop so now I'll see you in the next,next video well see infinite loop ill see next,1,Step-by-Step Instruction
00:04:33.390000,00:04:33.400000,Loop so now I'll see you in the next,loop ill see next,1,Step-by-Step Instruction
00:04:33.400000,00:04:39.430000,Loop so now I'll see you in the next video then bye take,loop ill see next video bye take,1,Step-by-Step Instruction
