Start Time,End Time,Text,Cleaned Text,Cluster,Workflow Step
00:00:02.030000,00:00:02.040000,hey everyone I hope you all are safe and,hey everyone hope safe,1,Step-by-Step Instruction
00:00:02.040000,00:00:03.790000,hey everyone I hope you all are safe and doing good so in the series of learning,hey everyone hope safe good series learning,1,Step-by-Step Instruction
00:00:03.790000,00:00:03.800000,doing good so in the series of learning,good series learning,1,Step-by-Step Instruction
00:00:03.800000,00:00:05.550000,doing good so in the series of learning C++ programming language in the previous,good series learning c programming language previous,1,Step-by-Step Instruction
00:00:05.550000,00:00:05.560000,C++ programming language in the previous,c programming language previous,1,Step-by-Step Instruction
00:00:05.560000,00:00:07.269000,C++ programming language in the previous video we have seen what is continu,c programming language previous video seen continu,1,Step-by-Step Instruction
00:00:07.269000,00:00:07.279000,video we have seen what is continu,video seen continu,1,Step-by-Step Instruction
00:00:07.279000,00:00:10.350000,video we have seen what is continu statement in C++ and how to use it right,video seen continu statement c use right,4,Recap
00:00:10.350000,00:00:10.360000,statement in C++ and how to use it right,statement c use right,4,Recap
00:00:10.360000,00:00:11.870000,statement in C++ and how to use it right and as well as we have seen break,statement c use right well seen break,4,Recap
00:00:11.870000,00:00:11.880000,and as well as we have seen break,well seen break,1,Step-by-Step Instruction
00:00:11.880000,00:00:14.190000,and as well as we have seen break statement right break and continue in,well seen break statement right break continue,4,Recap
00:00:14.190000,00:00:14.200000,statement right break and continue in,statement right break continue,3,Transitions
00:00:14.200000,00:00:16.590000,statement right break and continue in C++ now in this video we'll see one,statement right break continue c video well see one,4,Recap
00:00:16.590000,00:00:16.600000,C++ now in this video we'll see one,c video well see one,1,Step-by-Step Instruction
00:00:16.600000,00:00:19.510000,C++ now in this video we'll see one small topic that is infinite loops loops,c video well see one small topic infinite loops loops,4,Recap
00:00:19.510000,00:00:19.520000,small topic that is infinite loops loops,small topic infinite loops loops,4,Recap
00:00:19.520000,00:00:21.630000,small topic that is infinite loops loops we have discussed for Loop y Loop do y,small topic infinite loops loops discussed loop loop,4,Recap
00:00:21.630000,00:00:21.640000,we have discussed for Loop y Loop do y,discussed loop loop,2,Context Setting
00:00:21.640000,00:00:23.870000,we have discussed for Loop y Loop do y Loop and range based for Loop now,discussed loop loop loop range based loop,2,Context Setting
00:00:23.870000,00:00:23.880000,Loop and range based for Loop now,loop range based loop,2,Context Setting
00:00:23.880000,00:00:26.950000,Loop and range based for Loop now sometimes we have infinite Loop right so,loop range based loop sometimes infinite loop right,2,Context Setting
00:00:26.950000,00:00:26.960000,sometimes we have infinite Loop right so,sometimes infinite loop right,2,Context Setting
00:00:26.960000,00:00:28.910000,sometimes we have infinite Loop right so this thing we'll see in this video what,sometimes infinite loop right thing well see video,2,Context Setting
00:00:28.910000,00:00:28.920000,this thing we'll see in this video what,thing well see video,1,Step-by-Step Instruction
00:00:28.920000,00:00:31.790000,this thing we'll see in this video what is infinite Loop and why this thing,thing well see video infinite loop thing,2,Context Setting
00:00:31.790000,00:00:31.800000,is infinite Loop and why this thing,infinite loop thing,2,Context Setting
00:00:31.800000,00:00:34.670000,is infinite Loop and why this thing occur in your program and when to use,infinite loop thing occur program use,2,Context Setting
00:00:34.670000,00:00:34.680000,occur in your program and when to use,occur program use,4,Recap
00:00:34.680000,00:00:38.470000,occur in your program and when to use infinite Loops the applications when,occur program use infinite loops applications,4,Recap
00:00:38.470000,00:00:38.480000,infinite Loops the applications when,infinite loops applications,4,Recap
00:00:38.480000,00:00:40.990000,infinite Loops the applications when intentionally we use infinite Loops in,infinite loops applications intentionally use infinite loops,4,Recap
00:00:40.990000,00:00:41,intentionally we use infinite Loops in,intentionally use infinite loops,4,Recap
00:00:41,00:00:43.830000,intentionally we use infinite Loops in our program the applications the uses of,intentionally use infinite loops program applications uses,4,Recap
00:00:43.830000,00:00:43.840000,our program the applications the uses of,program applications uses,1,Step-by-Step Instruction
00:00:43.840000,00:00:46.069000,our program the applications the uses of infinite Loop right with the help of,program applications uses infinite loop right help,2,Context Setting
00:00:46.069000,00:00:46.079000,infinite Loop right with the help of,infinite loop right help,2,Context Setting
00:00:46.079000,00:00:48.270000,infinite Loop right with the help of program also I'll show you flowchart and,infinite loop right help program also ill show flowchart,2,Context Setting
00:00:48.270000,00:00:48.280000,program also I'll show you flowchart and,program also ill show flowchart,1,Step-by-Step Instruction
00:00:48.280000,00:00:50.189000,program also I'll show you flowchart and everything we'll discuss in this video,program also ill show flowchart everything well discuss video,1,Step-by-Step Instruction
00:00:50.189000,00:00:50.199000,everything we'll discuss in this video,everything well discuss video,1,Step-by-Step Instruction
00:00:50.199000,00:00:51.910000,everything we'll discuss in this video right now maybe you are thinking,everything well discuss video right maybe thinking,4,Recap
00:00:51.910000,00:00:51.920000,right now maybe you are thinking,right maybe thinking,4,Recap
00:00:51.920000,00:00:54.069000,right now maybe you are thinking infinite means obviously that is never,right maybe thinking infinite means obviously never,4,Recap
00:00:54.069000,00:00:54.079000,infinite means obviously that is never,infinite means obviously never,4,Recap
00:00:54.079000,00:00:56.670000,infinite means obviously that is never going to end so why we use this kind of,infinite means obviously never going end use kind,3,Transitions
00:00:56.670000,00:00:56.680000,going to end so why we use this kind of,going end use kind,3,Transitions
00:00:56.680000,00:00:59.750000,going to end so why we use this kind of FL because whenever till now I guess you,going end use kind fl whenever till guess,3,Transitions
00:00:59.750000,00:00:59.760000,FL because whenever till now I guess you,fl whenever till guess,1,Step-by-Step Instruction
00:00:59.760000,00:01:01.229000,FL because whenever till now I guess you know maybe you have done your,fl whenever till guess know maybe done,6,Conclusion
00:01:01.229000,00:01:01.239000,know maybe you have done your,know maybe done,6,Conclusion
00:01:01.239000,00:01:04.030000,know maybe you have done your programming and sometimes it happens,know maybe done programming sometimes happens,6,Conclusion
00:01:04.030000,00:01:04.040000,programming and sometimes it happens,programming sometimes happens,1,Step-by-Step Instruction
00:01:04.040000,00:01:07.310000,programming and sometimes it happens like your Loop is your program is,programming sometimes happens like loop program,1,Step-by-Step Instruction
00:01:07.310000,00:01:07.320000,like your Loop is your program is,like loop program,2,Context Setting
00:01:07.320000,00:01:08.910000,like your Loop is your program is running,like loop program running,1,Step-by-Step Instruction
00:01:08.910000,00:01:08.920000,running,running,1,Step-by-Step Instruction
00:01:08.920000,00:01:12.990000,running continuously right and by default by by,running continuously right default,4,Recap
00:01:12.990000,00:01:13,continuously right and by default by by,continuously right default,4,Recap
00:01:13,00:01:16.070000,continuously right and by default by by mistake you have put in finite Loop this,continuously right default mistake put finite loop,4,Recap
00:01:16.070000,00:01:16.080000,mistake you have put in finite Loop this,mistake put finite loop,1,Step-by-Step Instruction
00:01:16.080000,00:01:17.710000,mistake you have put in finite Loop this kind of thing in your program so that is,mistake put finite loop kind thing program,1,Step-by-Step Instruction
00:01:17.710000,00:01:17.720000,kind of thing in your program so that is,kind thing program,1,Step-by-Step Instruction
00:01:17.720000,00:01:19.310000,kind of thing in your program so that is kind of error in your program and you,kind thing program kind error program,1,Step-by-Step Instruction
00:01:19.310000,00:01:19.320000,kind of error in your program and you,kind error program,1,Step-by-Step Instruction
00:01:19.320000,00:01:22.749000,kind of error in your program and you have to stop that Loop right but,kind error program stop loop right,2,Context Setting
00:01:22.749000,00:01:22.759000,have to stop that Loop right but,stop loop right,2,Context Setting
00:01:22.759000,00:01:25.149000,have to stop that Loop right but sometimes we intentionally put infinite,stop loop right sometimes intentionally put infinite,2,Context Setting
00:01:25.149000,00:01:25.159000,sometimes we intentionally put infinite,sometimes intentionally put infinite,1,Step-by-Step Instruction
00:01:25.159000,00:01:28.270000,sometimes we intentionally put infinite Loop in a program right now first let's,sometimes intentionally put infinite loop program right first lets,2,Context Setting
00:01:28.270000,00:01:28.280000,Loop in a program right now first let's,loop program right first lets,2,Context Setting
00:01:28.280000,00:01:30.590000,Loop in a program right now first let's understand what is infinite Loop a loop,loop program right first lets understand infinite loop loop,2,Context Setting
00:01:30.590000,00:01:30.600000,understand what is infinite Loop a loop,understand infinite loop loop,2,Context Setting
00:01:30.600000,00:01:33.429000,understand what is infinite Loop a loop without exit condition or a loop which,understand infinite loop loop without exit condition loop,2,Context Setting
00:01:33.429000,00:01:33.439000,without exit condition or a loop which,without exit condition loop,5,Practical Application
00:01:33.439000,00:01:35.870000,without exit condition or a loop which is never going to end or it is also,without exit condition loop never going end also,3,Transitions
00:01:35.870000,00:01:35.880000,is never going to end or it is also,never going end also,3,Transitions
00:01:35.880000,00:01:38.149000,is never going to end or it is also known as endless,never going end also known endless,3,Transitions
00:01:38.149000,00:01:38.159000,known as endless,known endless,1,Step-by-Step Instruction
00:01:38.159000,00:01:42.830000,known as endless loop right now this infinite kind of,known endless loop right infinite kind,2,Context Setting
00:01:42.830000,00:01:42.840000,loop right now this infinite kind of,loop right infinite kind,2,Context Setting
00:01:42.840000,00:01:47.910000,loop right now this infinite kind of thing occurs when some condition meant,loop right infinite kind thing occurs condition meant,2,Context Setting
00:01:47.910000,00:01:47.920000,thing occurs when some condition meant,thing occurs condition meant,1,Step-by-Step Instruction
00:01:47.920000,00:01:51.590000,thing occurs when some condition meant in your program maybe first thing if you,thing occurs condition meant program maybe first thing,1,Step-by-Step Instruction
00:01:51.590000,00:01:51.600000,in your program maybe first thing if you,program maybe first thing,1,Step-by-Step Instruction
00:01:51.600000,00:01:54.950000,in your program maybe first thing if you have written a loop with no termination,program maybe first thing written loop termination,1,Step-by-Step Instruction
00:01:54.950000,00:01:54.960000,have written a loop with no termination,written loop termination,5,Practical Application
00:01:54.960000,00:01:57.149000,have written a loop with no termination condition that is infinite that would be,written loop termination condition infinite would,5,Practical Application
00:01:57.149000,00:01:57.159000,condition that is infinite that would be,condition infinite would,5,Practical Application
00:01:57.159000,00:01:59.069000,condition that is infinite that would be an infinite Loop because to stop the,condition infinite would infinite loop stop,2,Context Setting
00:01:59.069000,00:01:59.079000,an infinite Loop because to stop the,infinite loop stop,2,Context Setting
00:01:59.079000,00:02:00.830000,an infinite Loop because to stop the loop you have to put some termination,infinite loop stop loop put termination,2,Context Setting
00:02:00.830000,00:02:00.840000,loop you have to put some termination,loop put termination,5,Practical Application
00:02:00.840000,00:02:03.469000,loop you have to put some termination condition like in four we have we use,loop put termination condition like four use,5,Practical Application
00:02:03.469000,00:02:03.479000,condition like in four we have we use,condition like four use,1,Step-by-Step Instruction
00:02:03.479000,00:02:05.670000,condition like in four we have we use four here we have initialization then we,condition like four use four initialization,1,Step-by-Step Instruction
00:02:05.670000,00:02:05.680000,four here we have initialization then we,four initialization,1,Step-by-Step Instruction
00:02:05.680000,00:02:07.870000,four here we have initialization then we have termination condition then update,four initialization termination condition update,5,Practical Application
00:02:07.870000,00:02:07.880000,have termination condition then update,termination condition update,5,Practical Application
00:02:07.880000,00:02:09.910000,have termination condition then update so if you forget to put this termination,termination condition update forget put termination,5,Practical Application
00:02:09.910000,00:02:09.920000,so if you forget to put this termination,forget put termination,5,Practical Application
00:02:09.920000,00:02:11.510000,so if you forget to put this termination condition then also this Loop would be,forget put termination condition also loop would,5,Practical Application
00:02:11.510000,00:02:11.520000,condition then also this Loop would be,condition also loop would,5,Practical Application
00:02:11.520000,00:02:12.790000,condition then also this Loop would be infinite,condition also loop would infinite,2,Context Setting
00:02:12.790000,00:02:12.800000,infinite,infinite,2,Context Setting
00:02:12.800000,00:02:18.070000,infinite Loop right like uh maybe when I in my,infinite loop right like uh maybe,2,Context Setting
00:02:18.070000,00:02:18.080000,Loop right like uh maybe when I in my,loop right like uh maybe,2,Context Setting
00:02:18.080000,00:02:21.630000,Loop right like uh maybe when I in my class if I you know ask any student like,loop right like uh maybe class know ask student like,6,Conclusion
00:02:21.630000,00:02:21.640000,class if I you know ask any student like,class know ask student like,6,Conclusion
00:02:21.640000,00:02:24.070000,class if I you know ask any student like please stand up and read this thing read,class know ask student like please stand read thing read,6,Conclusion
00:02:24.070000,00:02:24.080000,please stand up and read this thing read,please stand read thing read,1,Step-by-Step Instruction
00:02:24.080000,00:02:27.390000,please stand up and read this thing read this paragraph or read this chapter,please stand read thing read paragraph read chapter,1,Step-by-Step Instruction
00:02:27.390000,00:02:27.400000,this paragraph or read this chapter,paragraph read chapter,1,Step-by-Step Instruction
00:02:27.400000,00:02:30.470000,this paragraph or read this chapter right and I forgot to mention when to,paragraph read chapter right forgot mention,1,Step-by-Step Instruction
00:02:30.470000,00:02:30.480000,right and I forgot to mention when to,right forgot mention,1,Step-by-Step Instruction
00:02:30.480000,00:02:32.949000,right and I forgot to mention when to stop maybe after one paragraph or maybe,right forgot mention stop maybe one paragraph maybe,1,Step-by-Step Instruction
00:02:32.949000,00:02:32.959000,stop maybe after one paragraph or maybe,stop maybe one paragraph maybe,1,Step-by-Step Instruction
00:02:32.959000,00:02:34.830000,stop maybe after one paragraph or maybe after two paragraph or maybe after,stop maybe one paragraph maybe two paragraph maybe,1,Step-by-Step Instruction
00:02:34.830000,00:02:34.840000,after two paragraph or maybe after,two paragraph maybe,1,Step-by-Step Instruction
00:02:34.840000,00:02:36.869000,after two paragraph or maybe after completing this chapter something like,two paragraph maybe completing chapter something like,1,Step-by-Step Instruction
00:02:36.869000,00:02:36.879000,completing this chapter something like,completing chapter something like,1,Step-by-Step Instruction
00:02:36.879000,00:02:39.630000,completing this chapter something like this so I forgot to mention to him or,completing chapter something like forgot mention,1,Step-by-Step Instruction
00:02:39.630000,00:02:39.640000,this so I forgot to mention to him or,forgot mention,1,Step-by-Step Instruction
00:02:39.640000,00:02:41.670000,this so I forgot to mention to him or her when to stop I have just said start,forgot mention stop said start,0,Introduction
00:02:41.670000,00:02:41.680000,her when to stop I have just said start,stop said start,0,Introduction
00:02:41.680000,00:02:43.589000,her when to stop I have just said start reading so that would be an infinite,stop said start reading would infinite,0,Introduction
00:02:43.589000,00:02:43.599000,reading so that would be an infinite,reading would infinite,2,Context Setting
00:02:43.599000,00:02:47.670000,reading so that would be an infinite kind of thing right second thing maybe,reading would infinite kind thing right second thing maybe,1,Step-by-Step Instruction
00:02:47.670000,00:02:47.680000,kind of thing right second thing maybe,kind thing right second thing maybe,1,Step-by-Step Instruction
00:02:47.680000,00:02:49.630000,kind of thing right second thing maybe if you have mentioned in uh the,kind thing right second thing maybe mentioned uh,1,Step-by-Step Instruction
00:02:49.630000,00:02:49.640000,if you have mentioned in uh the,mentioned uh,1,Step-by-Step Instruction
00:02:49.640000,00:02:52.070000,if you have mentioned in uh the termination condition but that is never,mentioned uh termination condition never,5,Practical Application
00:02:52.070000,00:02:52.080000,termination condition but that is never,termination condition never,5,Practical Application
00:02:52.080000,00:02:53.630000,termination condition but that is never going to,termination condition never going,5,Practical Application
00:02:53.630000,00:02:53.640000,going to,going,3,Transitions
00:02:53.640000,00:02:55.949000,going to meet this kind of termination condition,going meet kind termination condition,5,Practical Application
00:02:55.949000,00:02:55.959000,meet this kind of termination condition,meet kind termination condition,5,Practical Application
00:02:55.959000,00:02:57.630000,meet this kind of termination condition you have put in your program that is,meet kind termination condition put program,5,Practical Application
00:02:57.630000,00:02:57.640000,you have put in your program that is,put program,1,Step-by-Step Instruction
00:02:57.640000,00:03:00.869000,you have put in your program that is never going to meet right so that is,put program never going meet right,3,Transitions
00:03:00.869000,00:03:00.879000,never going to meet right so that is,never going meet right,3,Transitions
00:03:00.879000,00:03:03.270000,never going to meet right so that is also you know that also will result in,never going meet right also know also result,6,Conclusion
00:03:03.270000,00:03:03.280000,also you know that also will result in,also know also result,6,Conclusion
00:03:03.280000,00:03:06.309000,also you know that also will result in infinite Loop third thing if in your,also know also result infinite loop third thing,6,Conclusion
00:03:06.309000,00:03:06.319000,infinite Loop third thing if in your,infinite loop third thing,2,Context Setting
00:03:06.319000,00:03:09.910000,infinite Loop third thing if in your Loop there is a condition that instruct,infinite loop third thing loop condition instruct,2,Context Setting
00:03:09.910000,00:03:09.920000,Loop there is a condition that instruct,loop condition instruct,5,Practical Application
00:03:09.920000,00:03:12.910000,Loop there is a condition that instruct it to start over to start,loop condition instruct start start,0,Introduction
00:03:12.910000,00:03:12.920000,it to start over to start,start start,0,Introduction
00:03:12.920000,00:03:15.789000,it to start over to start again like sometimes we Us in while loop,start start like sometimes us loop,0,Introduction
00:03:15.789000,00:03:15.799000,again like sometimes we Us in while loop,like sometimes us loop,1,Step-by-Step Instruction
00:03:15.799000,00:03:19.030000,again like sometimes we Us in while loop continue uh uh press y to continue press,like sometimes us loop continue uh uh press continue press,3,Transitions
00:03:19.030000,00:03:19.040000,continue uh uh press y to continue press,continue uh uh press continue press,3,Transitions
00:03:19.040000,00:03:21.789000,continue uh uh press y to continue press n to exit so if you every time if you,continue uh uh press continue press n exit every time,3,Transitions
00:03:21.789000,00:03:21.799000,n to exit so if you every time if you,n exit every time,3,Transitions
00:03:21.799000,00:03:23.789000,n to exit so if you every time if you enter y it is going to continue continue,n exit every time enter going continue continue,3,Transitions
00:03:23.789000,00:03:23.799000,enter y it is going to continue continue,enter going continue continue,3,Transitions
00:03:23.799000,00:03:24.830000,enter y it is going to continue continue continue,enter going continue continue continue,3,Transitions
00:03:24.830000,00:03:24.840000,continue,continue,3,Transitions
00:03:24.840000,00:03:27.309000,continue continue so in the loop we have put some,continue continue loop put,3,Transitions
00:03:27.309000,00:03:27.319000,continue so in the loop we have put some,continue loop put,3,Transitions
00:03:27.319000,00:03:29.229000,continue so in the loop we have put some condition that instruct this Loop to,continue loop put condition instruct loop,2,Context Setting
00:03:29.229000,00:03:29.239000,condition that instruct this Loop to,condition instruct loop,5,Practical Application
00:03:29.239000,00:03:30.910000,condition that instruct this Loop to start again,condition instruct loop start,0,Introduction
00:03:30.910000,00:03:30.920000,start again,start,0,Introduction
00:03:30.920000,00:03:33.589000,start again so in these three situations a loop,start three situations loop,0,Introduction
00:03:33.589000,00:03:33.599000,so in these three situations a loop,three situations loop,2,Context Setting
00:03:33.599000,00:03:36.990000,so in these three situations a loop would be infinite Loop let me write down,three situations loop would infinite loop let write,2,Context Setting
00:03:36.990000,00:03:37,would be infinite Loop let me write down,would infinite loop let write,2,Context Setting
00:03:37,00:03:39.750000,would be infinite Loop let me write down these condition so infinite Loop happens,would infinite loop let write condition infinite loop happens,2,Context Setting
00:03:39.750000,00:03:39.760000,these condition so infinite Loop happens,condition infinite loop happens,2,Context Setting
00:03:39.760000,00:03:42.270000,these condition so infinite Loop happens when one of these conditions occur in,condition infinite loop happens one conditions occur,2,Context Setting
00:03:42.270000,00:03:42.280000,when one of these conditions occur in,one conditions occur,1,Step-by-Step Instruction
00:03:42.280000,00:03:44.470000,when one of these conditions occur in your program either there is no,one conditions occur program either,1,Step-by-Step Instruction
00:03:44.470000,00:03:44.480000,your program either there is no,program either,1,Step-by-Step Instruction
00:03:44.480000,00:03:46.830000,your program either there is no termination condition second you have a,program either termination condition second,5,Practical Application
00:03:46.830000,00:03:46.840000,termination condition second you have a,termination condition second,5,Practical Application
00:03:46.840000,00:03:48.229000,termination condition second you have a termination condition Loop has a,termination condition second termination condition loop,5,Practical Application
00:03:48.229000,00:03:48.239000,termination condition Loop has a,termination condition loop,5,Practical Application
00:03:48.239000,00:03:49.990000,termination condition Loop has a termination condition that cannot be met,termination condition loop termination condition met,5,Practical Application
00:03:49.990000,00:03:50,termination condition that cannot be met,termination condition met,5,Practical Application
00:03:50,00:03:52.110000,termination condition that cannot be met or Loop has a condition that instructed,termination condition met loop condition instructed,5,Practical Application
00:03:52.110000,00:03:52.120000,or Loop has a condition that instructed,loop condition instructed,5,Practical Application
00:03:52.120000,00:03:55.190000,or Loop has a condition that instructed to start over start again right so for,loop condition instructed start start right,0,Introduction
00:03:55.190000,00:03:55.200000,to start over start again right so for,start start right,0,Introduction
00:03:55.200000,00:03:57.149000,to start over start again right so for these things we will be discussing,start start right things discussing,0,Introduction
00:03:57.149000,00:03:57.159000,these things we will be discussing,things discussing,1,Step-by-Step Instruction
00:03:57.159000,00:03:59.149000,these things we will be discussing individual programs and examples I'll,things discussing individual programs examples ill,1,Step-by-Step Instruction
00:03:59.149000,00:03:59.159000,individual programs and examples I'll,individual programs examples ill,1,Step-by-Step Instruction
00:03:59.159000,00:04:00.390000,individual programs and examples I'll show you,individual programs examples ill show,1,Step-by-Step Instruction
00:04:00.390000,00:04:00.400000,show you,show,1,Step-by-Step Instruction
00:04:00.400000,00:04:04.670000,show you right now how do you draw a flowchart,show right draw flowchart,4,Recap
00:04:04.670000,00:04:04.680000,right now how do you draw a flowchart,right draw flowchart,4,Recap
00:04:04.680000,00:04:06.630000,right now how do you draw a flowchart first let's discuss this practically,right draw flowchart first lets discuss practically,4,Recap
00:04:06.630000,00:04:06.640000,first let's discuss this practically,first lets discuss practically,1,Step-by-Step Instruction
00:04:06.640000,00:04:08.589000,first let's discuss this practically then we will draw flow chart right so,first lets discuss practically draw flow chart right,4,Recap
00:04:08.589000,00:04:08.599000,then we will draw flow chart right so,draw flow chart right,4,Recap
00:04:08.599000,00:04:11.030000,then we will draw flow chart right so let's create a new file infinite loop.,draw flow chart right lets create new file infinite loop,4,Recap
00:04:11.030000,00:04:11.040000,let's create a new file infinite loop.,lets create new file infinite loop,2,Context Setting
00:04:11.040000,00:04:14.949000,let's create a new file infinite loop. CPP and same first we will write this,lets create new file infinite loop cpp first write,2,Context Setting
00:04:14.949000,00:04:14.959000,CPP and same first we will write this,cpp first write,1,Step-by-Step Instruction
00:04:14.959000,00:04:17.909000,CPP and same first we will write this header and I'll show you the example of,cpp first write header ill show example,1,Step-by-Step Instruction
00:04:17.909000,00:04:17.919000,header and I'll show you the example of,header ill show example,1,Step-by-Step Instruction
00:04:17.919000,00:04:21.550000,header and I'll show you the example of infinite Loop right see if I write a for,header ill show example infinite loop right see write,2,Context Setting
00:04:21.550000,00:04:21.560000,infinite Loop right see if I write a for,infinite loop right see write,2,Context Setting
00:04:21.560000,00:04:23.350000,infinite Loop right see if I write a for Loop some for Loop something like this,infinite loop right see write loop loop something like,2,Context Setting
00:04:23.350000,00:04:23.360000,Loop some for Loop something like this,loop loop something like,2,Context Setting
00:04:23.360000,00:04:27.310000,Loop some for Loop something like this sorry we have here semicolon right and,loop loop something like sorry semicolon right,2,Context Setting
00:04:27.310000,00:04:27.320000,sorry we have here semicolon right and,sorry semicolon right,4,Recap
00:04:27.320000,00:04:32.189000,sorry we have here semicolon right and within this if I print like see out high,sorry semicolon right within print like see high,1,Step-by-Step Instruction
00:04:32.189000,00:04:32.199000,within this if I print like see out high,within print like see high,1,Step-by-Step Instruction
00:04:32.199000,00:04:33.830000,within this if I print like see out high so this would be an infinite Loop,within print like see high would infinite loop,2,Context Setting
00:04:33.830000,00:04:33.840000,so this would be an infinite Loop,would infinite loop,2,Context Setting
00:04:33.840000,00:04:35.390000,so this would be an infinite Loop because there is no termination,would infinite loop termination,5,Practical Application
00:04:35.390000,00:04:35.400000,because there is no termination,termination,5,Practical Application
00:04:35.400000,00:04:36.590000,because there is no termination condition in this,termination condition,5,Practical Application
00:04:36.590000,00:04:36.600000,condition in this,condition,5,Practical Application
00:04:36.600000,00:04:39.670000,condition in this Loop if you want me to run this let me,condition loop want run let,1,Step-by-Step Instruction
00:04:39.670000,00:04:39.680000,Loop if you want me to run this let me,loop want run let,1,Step-by-Step Instruction
00:04:39.680000,00:04:41.710000,Loop if you want me to run this let me run this and I'll show you see this is,loop want run let run ill show see,1,Step-by-Step Instruction
00:04:41.710000,00:04:41.720000,run this and I'll show you see this is,run ill show see,1,Step-by-Step Instruction
00:04:41.720000,00:04:45.270000,run this and I'll show you see this is an infinite Loop right so because there,run ill show see infinite loop right,2,Context Setting
00:04:45.270000,00:04:45.280000,an infinite Loop right so because there,infinite loop right,2,Context Setting
00:04:45.280000,00:04:47.990000,an infinite Loop right so because there is no termination condition here same if,infinite loop right termination condition,5,Practical Application
00:04:47.990000,00:04:48,is no termination condition here same if,termination condition,5,Practical Application
00:04:48,00:04:50.350000,is no termination condition here same if you put something like this we have like,termination condition put something like like,5,Practical Application
00:04:50.350000,00:04:50.360000,you put something like this we have like,put something like like,1,Step-by-Step Instruction
00:04:50.360000,00:04:54.670000,you put something like this we have like I is equal to 10 and then we put uh,put something like like equal 10 put uh,1,Step-by-Step Instruction
00:04:54.670000,00:04:54.680000,I is equal to 10 and then we put uh,equal 10 put uh,1,Step-by-Step Instruction
00:04:54.680000,00:04:57.550000,I is equal to 10 and then we put uh termination condition I less than equal,equal 10 put uh termination condition less equal,5,Practical Application
00:04:57.550000,00:04:57.560000,termination condition I less than equal,termination condition less equal,5,Practical Application
00:04:57.560000,00:04:58.550000,termination condition I less than equal to,termination condition less equal,5,Practical Application
00:04:58.550000,00:04:58.560000,to,,1,Step-by-Step Instruction
00:04:58.560000,00:05:02.990000,to 10 but the thing is it's sorry it's I,10 thing sorry,1,Step-by-Step Instruction
00:05:02.990000,00:05:03,10 but the thing is it's sorry it's I,10 thing sorry,1,Step-by-Step Instruction
00:05:03,00:05:04.749000,10 but the thing is it's sorry it's I not one,10 thing sorry one,1,Step-by-Step Instruction
00:05:04.749000,00:05:04.759000,not one,one,1,Step-by-Step Instruction
00:05:04.759000,00:05:08.230000,not one right but now this also an infinite Loop,one right also infinite loop,2,Context Setting
00:05:08.230000,00:05:08.240000,right but now this also an infinite Loop,right also infinite loop,2,Context Setting
00:05:08.240000,00:05:10.670000,right but now this also an infinite Loop because there is no update so I would,right also infinite loop update would,2,Context Setting
00:05:10.670000,00:05:10.680000,because there is no update so I would,update would,1,Step-by-Step Instruction
00:05:10.680000,00:05:13.270000,because there is no update so I would always be one one would always be less,update would always one one would always less,1,Step-by-Step Instruction
00:05:13.270000,00:05:13.280000,always be one one would always be less,always one one would always less,1,Step-by-Step Instruction
00:05:13.280000,00:05:15.029000,always be one one would always be less than equal to 10 so this is the case,always one one would always less equal 10 case,1,Step-by-Step Instruction
00:05:15.029000,00:05:15.039000,than equal to 10 so this is the case,equal 10 case,1,Step-by-Step Instruction
00:05:15.039000,00:05:16.909000,than equal to 10 so this is the case where we have termination condition that,equal 10 case termination condition,5,Practical Application
00:05:16.909000,00:05:16.919000,where we have termination condition that,termination condition,5,Practical Application
00:05:16.919000,00:05:19.830000,where we have termination condition that is never going to meant right so this is,termination condition never going meant right,5,Practical Application
00:05:19.830000,00:05:19.840000,is never going to meant right so this is,never going meant right,3,Transitions
00:05:19.840000,00:05:23.270000,is never going to meant right so this is also an infinite Loop right if you have,never going meant right also infinite loop right,2,Context Setting
00:05:23.270000,00:05:23.280000,also an infinite Loop right if you have,also infinite loop right,2,Context Setting
00:05:23.280000,00:05:24.990000,also an infinite Loop right if you have put something the condition which is,also infinite loop right put something condition,2,Context Setting
00:05:24.990000,00:05:25,put something the condition which is,put something condition,5,Practical Application
00:05:25,00:05:28.390000,put something the condition which is always true like I put like uh 10 equal,put something condition always true like put like uh 10 equal,1,Step-by-Step Instruction
00:05:28.390000,00:05:28.400000,always true like I put like uh 10 equal,always true like put like uh 10 equal,1,Step-by-Step Instruction
00:05:28.400000,00:05:31.029000,always true like I put like uh 10 equal to equal to 10 the is always true or 9,always true like put like uh 10 equal equal 10 always true 9,1,Step-by-Step Instruction
00:05:31.029000,00:05:31.039000,to equal to 10 the is always true or 9,equal 10 always true 9,1,Step-by-Step Instruction
00:05:31.039000,00:05:32.590000,to equal to 10 the is always true or 9 less than equal to 10 this is always,equal 10 always true 9 less equal 10 always,1,Step-by-Step Instruction
00:05:32.590000,00:05:32.600000,less than equal to 10 this is always,less equal 10 always,1,Step-by-Step Instruction
00:05:32.600000,00:05:34.950000,less than equal to 10 this is always true so the condition is never going to,less equal 10 always true condition never going,1,Step-by-Step Instruction
00:05:34.950000,00:05:34.960000,true so the condition is never going to,true condition never going,3,Transitions
00:05:34.960000,00:05:37.830000,true so the condition is never going to met right so this is some kind of you,true condition never going met right kind,3,Transitions
00:05:37.830000,00:05:37.840000,met right so this is some kind of you,met right kind,4,Recap
00:05:37.840000,00:05:41.029000,met right so this is some kind of you know infinite for Loop same with while,met right kind know infinite loop,6,Conclusion
00:05:41.029000,00:05:41.039000,know infinite for Loop same with while,know infinite loop,6,Conclusion
00:05:41.039000,00:05:43.870000,know infinite for Loop same with while loop if I put something like this same,know infinite loop loop put something like,2,Context Setting
00:05:43.870000,00:05:43.880000,loop if I put something like this same,loop put something like,2,Context Setting
00:05:43.880000,00:05:47.390000,loop if I put something like this same like for this while loop also we have,loop put something like like loop also,2,Context Setting
00:05:47.390000,00:05:47.400000,like for this while loop also we have,like loop also,2,Context Setting
00:05:47.400000,00:05:51.189000,like for this while loop also we have initialized I is equal to 1 at first,like loop also initialized equal 1 first,1,Step-by-Step Instruction
00:05:51.189000,00:05:51.199000,initialized I is equal to 1 at first,initialized equal 1 first,1,Step-by-Step Instruction
00:05:51.199000,00:05:55.990000,initialized I is equal to 1 at first and the condition is I less than,initialized equal 1 first condition less,1,Step-by-Step Instruction
00:05:55.990000,00:05:56,and the condition is I less than,condition less,5,Practical Application
00:05:56,00:05:58.670000,and the condition is I less than 10 and see out high but this would be an,condition less 10 see high would,1,Step-by-Step Instruction
00:05:58.670000,00:05:58.680000,10 and see out high but this would be an,10 see high would,1,Step-by-Step Instruction
00:05:58.680000,00:06:00.870000,10 and see out high but this would be an infinite Loop Loop because I is never,10 see high would infinite loop loop never,2,Context Setting
00:06:00.870000,00:06:00.880000,infinite Loop Loop because I is never,infinite loop loop never,2,Context Setting
00:06:00.880000,00:06:01.870000,infinite Loop Loop because I is never going to,infinite loop loop never going,2,Context Setting
00:06:01.870000,00:06:01.880000,going to,going,3,Transitions
00:06:01.880000,00:06:04.150000,going to update okay let me show you let's run,going update okay let show lets run,1,Step-by-Step Instruction
00:06:04.150000,00:06:04.160000,update okay let me show you let's run,update okay let show lets run,1,Step-by-Step Instruction
00:06:04.160000,00:06:08.909000,update okay let me show you let's run this and see it's an infinite Loop,update okay let show lets run see infinite loop,2,Context Setting
00:06:08.909000,00:06:08.919000,this and see it's an infinite Loop,see infinite loop,2,Context Setting
00:06:08.919000,00:06:13.589000,this and see it's an infinite Loop right so and now the third Cas is when,see infinite loop right third cas,2,Context Setting
00:06:13.589000,00:06:13.599000,right so and now the third Cas is when,right third cas,4,Recap
00:06:13.599000,00:06:15.950000,right so and now the third Cas is when uh in the loop we have some condition,right third cas uh loop condition,2,Context Setting
00:06:15.950000,00:06:15.960000,uh in the loop we have some condition,uh loop condition,5,Practical Application
00:06:15.960000,00:06:19.550000,uh in the loop we have some condition that instruct the loop to start again so,uh loop condition instruct loop start,0,Introduction
00:06:19.550000,00:06:19.560000,that instruct the loop to start again so,instruct loop start,0,Introduction
00:06:19.560000,00:06:22.990000,that instruct the loop to start again so same if if I have something like this,instruct loop start something like,0,Introduction
00:06:22.990000,00:06:23,same if if I have something like this,something like,1,Step-by-Step Instruction
00:06:23,00:06:25.029000,same if if I have something like this why if you put while one or while true,something like put one true,1,Step-by-Step Instruction
00:06:25.029000,00:06:25.039000,why if you put while one or while true,put one true,1,Step-by-Step Instruction
00:06:25.039000,00:06:26.589000,why if you put while one or while true or other than zero whatever you will put,put one true zero whatever put,1,Step-by-Step Instruction
00:06:26.589000,00:06:26.599000,or other than zero whatever you will put,zero whatever put,1,Step-by-Step Instruction
00:06:26.599000,00:06:28.150000,or other than zero whatever you will put put here number 1 2 3 4 something like,zero whatever put put number 1 2 3 4 something like,1,Step-by-Step Instruction
00:06:28.150000,00:06:28.160000,put here number 1 2 3 4 something like,put number 1 2 3 4 something like,1,Step-by-Step Instruction
00:06:28.160000,00:06:30.670000,put here number 1 2 3 4 something like this that has always be true,put number 1 2 3 4 something like always true,1,Step-by-Step Instruction
00:06:30.670000,00:06:30.680000,this that has always be true,always true,1,Step-by-Step Instruction
00:06:30.680000,00:06:32.830000,this that has always be true so this condition will always be always,always true condition always always,1,Step-by-Step Instruction
00:06:32.830000,00:06:32.840000,so this condition will always be always,condition always always,1,Step-by-Step Instruction
00:06:32.840000,00:06:34.070000,so this condition will always be always always be true and this would be,condition always always always true would,1,Step-by-Step Instruction
00:06:34.070000,00:06:34.080000,always be true and this would be,always true would,1,Step-by-Step Instruction
00:06:34.080000,00:06:36.990000,always be true and this would be infinite Loop right so if you put like,always true would infinite loop right put like,2,Context Setting
00:06:36.990000,00:06:37,infinite Loop right so if you put like,infinite loop right put like,2,Context Setting
00:06:37,00:06:40.710000,infinite Loop right so if you put like while one and here if you ask like see,infinite loop right put like one ask like see,2,Context Setting
00:06:40.710000,00:06:40.720000,while one and here if you ask like see,one ask like see,1,Step-by-Step Instruction
00:06:40.720000,00:06:44.350000,while one and here if you ask like see out high and if we ask from the user if,one ask like see high ask user,1,Step-by-Step Instruction
00:06:44.350000,00:06:44.360000,out high and if we ask from the user if,high ask user,1,Step-by-Step Instruction
00:06:44.360000,00:06:45.510000,out high and if we ask from the user if you ask from the user like do you want,high ask user ask user like want,1,Step-by-Step Instruction
00:06:45.510000,00:06:45.520000,you ask from the user like do you want,ask user like want,1,Step-by-Step Instruction
00:06:45.520000,00:06:48.710000,you ask from the user like do you want to continue yes or no so if the choice,ask user like want continue yes choice,1,Step-by-Step Instruction
00:06:48.710000,00:06:48.720000,to continue yes or no so if the choice,continue yes choice,3,Transitions
00:06:48.720000,00:06:52.270000,to continue yes or no so if the choice equal to equal to equal to this no,continue yes choice equal equal equal,1,Step-by-Step Instruction
00:06:52.270000,00:06:52.280000,equal to equal to equal to this no,equal equal equal,1,Step-by-Step Instruction
00:06:52.280000,00:06:56.230000,equal to equal to equal to this no either it's small or Capital so and the,equal equal equal either small capital,1,Step-by-Step Instruction
00:06:56.230000,00:06:56.240000,either it's small or Capital so and the,either small capital,1,Step-by-Step Instruction
00:06:56.240000,00:06:59.990000,either it's small or Capital so and the CH y Choice equal to equal to,either small capital ch choice equal equal,1,Step-by-Step Instruction
00:06:59.990000,00:07:00,CH y Choice equal to equal to,ch choice equal equal,1,Step-by-Step Instruction
00:07:00,00:07:03.150000,CH y Choice equal to equal to capital N then,ch choice equal equal capital n,1,Step-by-Step Instruction
00:07:03.150000,00:07:03.160000,capital N then,capital n,1,Step-by-Step Instruction
00:07:03.160000,00:07:07.230000,capital N then only exit means,capital n exit means,3,Transitions
00:07:07.230000,00:07:07.240000,only exit means,exit means,3,Transitions
00:07:07.240000,00:07:10.909000,only exit means break otherwise it will continue right,exit means break otherwise continue right,3,Transitions
00:07:10.909000,00:07:10.919000,break otherwise it will continue right,break otherwise continue right,3,Transitions
00:07:10.919000,00:07:14.430000,break otherwise it will continue right so if I run this let me show you first,break otherwise continue right run let show first,1,Step-by-Step Instruction
00:07:14.430000,00:07:14.440000,so if I run this let me show you first,run let show first,1,Step-by-Step Instruction
00:07:14.440000,00:07:16.150000,so if I run this let me show you first it will print high then it will ask do,run let show first print high ask,1,Step-by-Step Instruction
00:07:16.150000,00:07:16.160000,it will print high then it will ask do,print high ask,1,Step-by-Step Instruction
00:07:16.160000,00:07:18.790000,it will print high then it will ask do you want to continue and I press y do,print high ask want continue press,3,Transitions
00:07:18.790000,00:07:18.800000,you want to continue and I press y do,want continue press,3,Transitions
00:07:18.800000,00:07:21.909000,you want to continue and I press y do you want again hi do you want to,want continue press want hi want,3,Transitions
00:07:21.909000,00:07:21.919000,you want again hi do you want to,want hi want,1,Step-by-Step Instruction
00:07:21.919000,00:07:25.270000,you want again hi do you want to continue again I press y again it last,want hi want continue press last,3,Transitions
00:07:25.270000,00:07:25.280000,continue again I press y again it last,continue press last,3,Transitions
00:07:25.280000,00:07:28.830000,continue again I press y again it last so if you again enter y y y then it is,continue press last enter,3,Transitions
00:07:28.830000,00:07:28.840000,so if you again enter y y y then it is,enter,1,Step-by-Step Instruction
00:07:28.840000,00:07:29.990000,so if you again enter y y y then it is going to,enter going,3,Transitions
00:07:29.990000,00:07:30,going to,going,3,Transitions
00:07:30,00:07:32.629000,going to if you have to exit you have to press n,going exit press n,3,Transitions
00:07:32.629000,00:07:32.639000,if you have to exit you have to press n,exit press n,3,Transitions
00:07:32.639000,00:07:38.749000,if you have to exit you have to press n so this kind of thing is there,exit press n kind thing,3,Transitions
00:07:41.629000,00:07:41.639000,right this is the case the last,right case last,4,Recap
00:07:41.639000,00:07:44.629000,right this is the case the last condition to occur in finite program,right case last condition occur finite program,4,Recap
00:07:44.629000,00:07:44.639000,condition to occur in finite program,condition occur finite program,1,Step-by-Step Instruction
00:07:44.639000,00:07:46.270000,condition to occur in finite program because we have some condition in our,condition occur finite program condition,5,Practical Application
00:07:46.270000,00:07:46.280000,because we have some condition in our,condition,5,Practical Application
00:07:46.280000,00:07:47.950000,because we have some condition in our Loop that is going to instruct it to,condition loop going instruct,3,Transitions
00:07:47.950000,00:07:47.960000,Loop that is going to instruct it to,loop going instruct,3,Transitions
00:07:47.960000,00:07:51.070000,Loop that is going to instruct it to start over again right if you don't,loop going instruct start right dont,0,Introduction
00:07:51.070000,00:07:51.080000,start over again right if you don't,start right dont,0,Introduction
00:07:51.080000,00:07:54.230000,start over again right if you don't press n it is not going to exit but,start right dont press n going exit,3,Transitions
00:07:54.230000,00:07:54.240000,press n it is not going to exit but,press n going exit,3,Transitions
00:07:54.240000,00:07:56.230000,press n it is not going to exit but right so this kind of thing we will see,press n going exit right kind thing see,3,Transitions
00:07:56.230000,00:07:56.240000,right so this kind of thing we will see,right kind thing see,4,Recap
00:07:56.240000,00:07:59.550000,right so this kind of thing we will see in many programs so we use infinite,right kind thing see many programs use infinite,4,Recap
00:07:59.550000,00:07:59.560000,in many programs so we use infinite,many programs use infinite,4,Recap
00:07:59.560000,00:08:02.189000,in many programs so we use infinite Loops in many programs specifically what,many programs use infinite loops many programs specifically,4,Recap
00:08:02.189000,00:08:02.199000,Loops in many programs specifically what,loops many programs specifically,4,Recap
00:08:02.199000,00:08:04.149000,Loops in many programs specifically what is use of now this infinite Loop why we,loops many programs specifically use infinite loop,4,Recap
00:08:04.149000,00:08:04.159000,is use of now this infinite Loop why we,use infinite loop,2,Context Setting
00:08:04.159000,00:08:06.189000,is use of now this infinite Loop why we use this in which type of things see in,use infinite loop use type things see,4,Recap
00:08:06.189000,00:08:06.199000,use this in which type of things see in,use type things see,4,Recap
00:08:06.199000,00:08:08.110000,use this in which type of things see in operating system infinite Loops are used,use type things see operating system infinite loops used,4,Recap
00:08:08.110000,00:08:08.120000,operating system infinite Loops are used,operating system infinite loops used,4,Recap
00:08:08.120000,00:08:09.629000,operating system infinite Loops are used because operating system you know,operating system infinite loops used operating system know,6,Conclusion
00:08:09.629000,00:08:09.639000,because operating system you know,operating system know,6,Conclusion
00:08:09.639000,00:08:11.430000,because operating system you know continuously continuously check for user,operating system know continuously continuously check user,6,Conclusion
00:08:11.430000,00:08:11.440000,continuously continuously check for user,continuously continuously check user,1,Step-by-Step Instruction
00:08:11.440000,00:08:13.350000,continuously continuously check for user input manage resources handling input,continuously continuously check user input manage resources handling input,1,Step-by-Step Instruction
00:08:13.350000,00:08:13.360000,input manage resources handling input,input manage resources handling input,1,Step-by-Step Instruction
00:08:13.360000,00:08:16.749000,input manage resources handling input and output and all until you switch off,input manage resources handling input output switch,1,Step-by-Step Instruction
00:08:16.749000,00:08:16.759000,and output and all until you switch off,output switch,1,Step-by-Step Instruction
00:08:16.759000,00:08:20.510000,and output and all until you switch off your device right in a meded system also,output switch device right meded system also,4,Recap
00:08:20.510000,00:08:20.520000,your device right in a meded system also,device right meded system also,4,Recap
00:08:20.520000,00:08:22.909000,your device right in a meded system also like in event driven programming event,device right meded system also like event driven programming event,1,Step-by-Step Instruction
00:08:22.909000,00:08:22.919000,like in event driven programming event,like event driven programming event,1,Step-by-Step Instruction
00:08:22.919000,00:08:25.749000,like in event driven programming event Loops event Loops are designed in for,like event driven programming event loops event loops designed,4,Recap
00:08:25.749000,00:08:25.759000,Loops event Loops are designed in for,loops event loops designed,4,Recap
00:08:25.759000,00:08:27.309000,Loops event Loops are designed in for mobiles and eded system that are,loops event loops designed mobiles eded system,4,Recap
00:08:27.309000,00:08:27.319000,mobiles and eded system that are,mobiles eded system,1,Step-by-Step Instruction
00:08:27.319000,00:08:30.189000,mobiles and eded system that are continuously checking for the you know,mobiles eded system continuously checking know,6,Conclusion
00:08:30.189000,00:08:30.199000,continuously checking for the you know,continuously checking know,6,Conclusion
00:08:30.199000,00:08:33.550000,continuously checking for the you know um events like uh moving a cursor,continuously checking know um events like uh moving cursor,6,Conclusion
00:08:33.550000,00:08:33.560000,um events like uh moving a cursor,um events like uh moving cursor,1,Step-by-Step Instruction
00:08:33.560000,00:08:36.829000,um events like uh moving a cursor pressing any key or clicking something,um events like uh moving cursor pressing key clicking something,1,Step-by-Step Instruction
00:08:36.829000,00:08:36.839000,pressing any key or clicking something,pressing key clicking something,1,Step-by-Step Instruction
00:08:36.839000,00:08:38.750000,pressing any key or clicking something something like this until you switch off,pressing key clicking something something like switch,1,Step-by-Step Instruction
00:08:38.750000,00:08:38.760000,something like this until you switch off,something like switch,1,Step-by-Step Instruction
00:08:38.760000,00:08:42.110000,something like this until you switch off that device right so these are Loops,something like switch device right loops,4,Recap
00:08:42.110000,00:08:42.120000,that device right so these are Loops,device right loops,4,Recap
00:08:42.120000,00:08:44.430000,that device right so these are Loops viruses sometimes use you know these,device right loops viruses sometimes use know,6,Conclusion
00:08:44.430000,00:08:44.440000,viruses sometimes use you know these,viruses sometimes use know,6,Conclusion
00:08:44.440000,00:08:47.030000,viruses sometimes use you know these infinite Loops to crash your computer,viruses sometimes use know infinite loops crash computer,6,Conclusion
00:08:47.030000,00:08:47.040000,infinite Loops to crash your computer,infinite loops crash computer,4,Recap
00:08:47.040000,00:08:48.949000,infinite Loops to crash your computer like whenever you open any link that,infinite loops crash computer like whenever open link,4,Recap
00:08:48.949000,00:08:48.959000,like whenever you open any link that,like whenever open link,1,Step-by-Step Instruction
00:08:48.959000,00:08:52.190000,like whenever you open any link that contains a virus virus then it is going,like whenever open link contains virus virus going,3,Transitions
00:08:52.190000,00:08:52.200000,contains a virus virus then it is going,contains virus virus going,3,Transitions
00:08:52.200000,00:08:54.509000,contains a virus virus then it is going to maybe sometimes open the infinite,contains virus virus going maybe sometimes open infinite,3,Transitions
00:08:54.509000,00:08:54.519000,to maybe sometimes open the infinite,maybe sometimes open infinite,1,Step-by-Step Instruction
00:08:54.519000,00:08:57.110000,to maybe sometimes open the infinite number of Windows exhausted your,maybe sometimes open infinite number windows exhausted,1,Step-by-Step Instruction
00:08:57.110000,00:08:57.120000,number of Windows exhausted your,number windows exhausted,1,Step-by-Step Instruction
00:08:57.120000,00:08:59.190000,number of Windows exhausted your resources and you are not able to use,number windows exhausted resources able use,1,Step-by-Step Instruction
00:08:59.190000,00:08:59.200000,resources and you are not able to use,resources able use,4,Recap
00:08:59.200000,00:09:02.829000,resources and you are not able to use use your computer right so they use this,resources able use use computer right use,4,Recap
00:09:02.829000,00:09:02.839000,use your computer right so they use this,use computer right use,4,Recap
00:09:02.839000,00:09:04.509000,use your computer right so they use this thing in finite Loops to crash your,use computer right use thing finite loops crash,4,Recap
00:09:04.509000,00:09:04.519000,thing in finite Loops to crash your,thing finite loops crash,4,Recap
00:09:04.519000,00:09:07.590000,thing in finite Loops to crash your computer next web servers use this this,thing finite loops crash computer next web servers use,4,Recap
00:09:07.590000,00:09:07.600000,computer next web servers use this this,computer next web servers use,4,Recap
00:09:07.600000,00:09:10.310000,computer next web servers use this this thing uh because they generally take,computer next web servers use thing uh generally take,4,Recap
00:09:10.310000,00:09:10.320000,thing uh because they generally take,thing uh generally take,1,Step-by-Step Instruction
00:09:10.320000,00:09:12.949000,thing uh because they generally take user request and they return a web page,thing uh generally take user request return web page,1,Step-by-Step Instruction
00:09:12.949000,00:09:12.959000,user request and they return a web page,user request return web page,1,Step-by-Step Instruction
00:09:12.959000,00:09:15.590000,user request and they return a web page and again they wait for so long to uh to,user request return web page wait long uh,1,Step-by-Step Instruction
00:09:15.590000,00:09:15.600000,and again they wait for so long to uh to,wait long uh,1,Step-by-Step Instruction
00:09:15.600000,00:09:19.230000,and again they wait for so long to uh to accept or for the next request right so,wait long uh accept next request right,4,Recap
00:09:19.230000,00:09:19.240000,accept or for the next request right so,accept next request right,4,Recap
00:09:19.240000,00:09:22.310000,accept or for the next request right so they have they use in finite Loops web,accept next request right use finite loops web,4,Recap
00:09:22.310000,00:09:22.320000,they have they use in finite Loops web,use finite loops web,4,Recap
00:09:22.320000,00:09:25.110000,they have they use in finite Loops web servers also so there are these kind of,use finite loops web servers also kind,4,Recap
00:09:25.110000,00:09:25.120000,servers also so there are these kind of,servers also kind,1,Step-by-Step Instruction
00:09:25.120000,00:09:28.230000,servers also so there are these kind of things there the we intentionally,servers also kind things intentionally,1,Step-by-Step Instruction
00:09:28.230000,00:09:28.240000,things there the we intentionally,things intentionally,1,Step-by-Step Instruction
00:09:28.240000,00:09:31.230000,things there the we intentionally infinite Loops are being used right,things intentionally infinite loops used right,4,Recap
00:09:31.230000,00:09:31.240000,infinite Loops are being used right,infinite loops used right,4,Recap
00:09:31.240000,00:09:33.030000,infinite Loops are being used right otherwise generally in simple programs,infinite loops used right otherwise generally simple programs,4,Recap
00:09:33.030000,00:09:33.040000,otherwise generally in simple programs,otherwise generally simple programs,1,Step-by-Step Instruction
00:09:33.040000,00:09:35.310000,otherwise generally in simple programs if there is an infinite Loop then we see,otherwise generally simple programs infinite loop see,2,Context Setting
00:09:35.310000,00:09:35.320000,if there is an infinite Loop then we see,infinite loop see,2,Context Setting
00:09:35.320000,00:09:38.509000,if there is an infinite Loop then we see it as a error as a bu bug and we correct,infinite loop see error bu bug correct,2,Context Setting
00:09:38.509000,00:09:38.519000,it as a error as a bu bug and we correct,error bu bug correct,1,Step-by-Step Instruction
00:09:38.519000,00:09:41.350000,it as a error as a bu bug and we correct it right so I hope now you got what is,error bu bug correct right hope got,4,Recap
00:09:41.350000,00:09:41.360000,it right so I hope now you got what is,right hope got,4,Recap
00:09:41.360000,00:09:44.110000,it right so I hope now you got what is infinite Loop and why we use this what,right hope got infinite loop use,4,Recap
00:09:44.110000,00:09:44.120000,infinite Loop and why we use this what,infinite loop use,2,Context Setting
00:09:44.120000,00:09:46.310000,infinite Loop and why we use this what is need and when to use infinite Loops,infinite loop use need use infinite loops,4,Recap
00:09:46.310000,00:09:46.320000,is need and when to use infinite Loops,need use infinite loops,4,Recap
00:09:46.320000,00:09:48.389000,is need and when to use infinite Loops so I think you can draw flowchart for,need use infinite loops think draw flowchart,4,Recap
00:09:48.389000,00:09:48.399000,so I think you can draw flowchart for,think draw flowchart,4,Recap
00:09:48.399000,00:09:50.430000,so I think you can draw flowchart for these Loops infinite four Loop infinite,think draw flowchart loops infinite four loop infinite,4,Recap
00:09:50.430000,00:09:50.440000,these Loops infinite four Loop infinite,loops infinite four loop infinite,2,Context Setting
00:09:50.440000,00:09:53.829000,these Loops infinite four Loop infinite wide Loop even you can also uh do this,loops infinite four loop infinite wide loop even also uh,2,Context Setting
00:09:53.829000,00:09:53.839000,wide Loop even you can also uh do this,wide loop even also uh,2,Context Setting
00:09:53.839000,00:09:57.509000,wide Loop even you can also uh do this thing with doy Loop so if you draw,wide loop even also uh thing doy loop draw,2,Context Setting
00:09:57.509000,00:09:57.519000,thing with doy Loop so if you draw,thing doy loop draw,2,Context Setting
00:09:57.519000,00:09:59.949000,thing with doy Loop so if you draw flowchart of infinite for four Loop then,thing doy loop draw flowchart infinite four loop,2,Context Setting
00:09:59.949000,00:09:59.959000,flowchart of infinite for four Loop then,flowchart infinite four loop,2,Context Setting
00:09:59.959000,00:10:01.389000,flowchart of infinite for four Loop then we have initialization first in four,flowchart infinite four loop initialization first four,2,Context Setting
00:10:01.389000,00:10:01.399000,we have initialization first in four,initialization first four,1,Step-by-Step Instruction
00:10:01.399000,00:10:03.310000,we have initialization first in four Loop then condition would be checked and,initialization first four loop condition would checked,1,Step-by-Step Instruction
00:10:03.310000,00:10:03.320000,Loop then condition would be checked and,loop condition would checked,5,Practical Application
00:10:03.320000,00:10:06.310000,Loop then condition would be checked and it is always true so true then Loop body,loop condition would checked always true true loop body,1,Step-by-Step Instruction
00:10:06.310000,00:10:06.320000,it is always true so true then Loop body,always true true loop body,1,Step-by-Step Instruction
00:10:06.320000,00:10:08.190000,it is always true so true then Loop body then update then again condition which,always true true loop body update condition,1,Step-by-Step Instruction
00:10:08.190000,00:10:08.200000,then update then again condition which,update condition,5,Practical Application
00:10:08.200000,00:10:10.430000,then update then again condition which is always true update Loop body and,update condition always true update loop body,1,Step-by-Step Instruction
00:10:10.430000,00:10:10.440000,is always true update Loop body and,always true update loop body,1,Step-by-Step Instruction
00:10:10.440000,00:10:11.949000,is always true update Loop body and something like this this is infinite,always true update loop body something like infinite,1,Step-by-Step Instruction
00:10:11.949000,00:10:11.959000,something like this this is infinite,something like infinite,2,Context Setting
00:10:11.959000,00:10:14.829000,something like this this is infinite Loop right if you draw for while loop,something like infinite loop right draw loop,2,Context Setting
00:10:14.829000,00:10:14.839000,Loop right if you draw for while loop,loop right draw loop,2,Context Setting
00:10:14.839000,00:10:18.069000,Loop right if you draw for while loop then something like this we have like we,loop right draw loop something like like,2,Context Setting
00:10:18.069000,00:10:18.079000,then something like this we have like we,something like like,1,Step-by-Step Instruction
00:10:18.079000,00:10:19.470000,then something like this we have like we have a,something like like,1,Step-by-Step Instruction
00:10:19.470000,00:10:19.480000,have a,,1,Step-by-Step Instruction
00:10:19.480000,00:10:21.550000,have a condition it's not like that there must,condition like must,1,Step-by-Step Instruction
00:10:21.550000,00:10:21.560000,condition it's not like that there must,condition like must,1,Step-by-Step Instruction
00:10:21.560000,00:10:23.829000,condition it's not like that there must be an initialization in by Loop and then,condition like must initialization loop,1,Step-by-Step Instruction
00:10:23.829000,00:10:23.839000,be an initialization in by Loop and then,initialization loop,2,Context Setting
00:10:23.839000,00:10:27.430000,be an initialization in by Loop and then we will enter into the loop body right,initialization loop enter loop body right,2,Context Setting
00:10:27.430000,00:10:27.440000,we will enter into the loop body right,enter loop body right,2,Context Setting
00:10:27.440000,00:10:30.470000,we will enter into the loop body right and then again condition then low body,enter loop body right condition low body,1,Step-by-Step Instruction
00:10:30.470000,00:10:30.480000,and then again condition then low body,condition low body,1,Step-by-Step Instruction
00:10:30.480000,00:10:33.230000,and then again condition then low body condition low body it's always true,condition low body condition low body always true,1,Step-by-Step Instruction
00:10:33.230000,00:10:33.240000,condition low body it's always true,condition low body always true,1,Step-by-Step Instruction
00:10:33.240000,00:10:36.350000,condition low body it's always true right so this is infinite while l so,condition low body always true right infinite l,1,Step-by-Step Instruction
00:10:36.350000,00:10:36.360000,right so this is infinite while l so,right infinite l,2,Context Setting
00:10:36.360000,00:10:38.430000,right so this is infinite while l so this type of flow chart we can draw,right infinite l type flow chart draw,4,Recap
00:10:38.430000,00:10:38.440000,this type of flow chart we can draw,type flow chart draw,4,Recap
00:10:38.440000,00:10:40.269000,this type of flow chart we can draw right so I hope you got what is infinite,type flow chart draw right hope got infinite,4,Recap
00:10:40.269000,00:10:40.279000,right so I hope you got what is infinite,right hope got infinite,4,Recap
00:10:40.279000,00:10:43.030000,right so I hope you got what is infinite Loop and when to use infinite Loops so,right hope got infinite loop use infinite loops,4,Recap
00:10:43.030000,00:10:43.040000,Loop and when to use infinite Loops so,loop use infinite loops,4,Recap
00:10:43.040000,00:10:44.470000,Loop and when to use infinite Loops so now in the next video we'll see what are,loop use infinite loops next video well see,4,Recap
00:10:44.470000,00:10:44.480000,now in the next video we'll see what are,next video well see,4,Recap
00:10:44.480000,00:10:46.910000,now in the next video we'll see what are nested loops and what is need of nested,next video well see nested loops need nested,4,Recap
00:10:46.910000,00:10:46.920000,nested loops and what is need of nested,nested loops need nested,4,Recap
00:10:46.920000,00:10:48.550000,nested loops and what is need of nested Loops right so now I'll see you in the,nested loops need nested loops right ill see,4,Recap
00:10:48.550000,00:10:48.560000,Loops right so now I'll see you in the,loops right ill see,4,Recap
00:10:48.560000,00:10:52.870000,Loops right so now I'll see you in the next video till then bye-bye take,loops right ill see next video till byebye take,4,Recap
