Start Time,End Time,Text,Cleaned Text,Cluster,Workflow Step
00:00:01.990000,00:00:02,hey everyone I hope you are safe and,hey everyone hope safe,2,Context Setting
00:00:02,00:00:03.550000,hey everyone I hope you are safe and doing good so in the series of learning,hey everyone hope safe good series learning,2,Context Setting
00:00:03.550000,00:00:03.560000,doing good so in the series of learning,good series learning,2,Context Setting
00:00:03.560000,00:00:05.309000,doing good so in the series of learning C++ programming language in the previous,good series learning c programming language previous,2,Context Setting
00:00:05.309000,00:00:05.319000,C++ programming language in the previous,c programming language previous,2,Context Setting
00:00:05.319000,00:00:08.190000,C++ programming language in the previous video we have seen infinite Loops now in,c programming language previous video seen infinite loops,2,Context Setting
00:00:08.190000,00:00:08.200000,video we have seen infinite Loops now in,video seen infinite loops,0,Introduction
00:00:08.200000,00:00:10.910000,video we have seen infinite Loops now in this video we'll see nested Loops in C++,video seen infinite loops video well see nested loops c,0,Introduction
00:00:10.910000,00:00:10.920000,this video we'll see nested Loops in C++,video well see nested loops c,0,Introduction
00:00:10.920000,00:00:12.950000,this video we'll see nested Loops in C++ what are nested loops and the important,video well see nested loops c nested loops important,0,Introduction
00:00:12.950000,00:00:12.960000,what are nested loops and the important,nested loops important,0,Introduction
00:00:12.960000,00:00:15.829000,what are nested loops and the important point is what we will see is need of,nested loops important point see need,0,Introduction
00:00:15.829000,00:00:15.839000,point is what we will see is need of,point see need,5,Practical Application
00:00:15.839000,00:00:18.590000,point is what we will see is need of nested Loops why we use nested loops and,point see need nested loops use nested loops,0,Introduction
00:00:18.590000,00:00:18.600000,nested Loops why we use nested loops and,nested loops use nested loops,0,Introduction
00:00:18.600000,00:00:20.990000,nested Loops why we use nested loops and when to use nested loops with the help,nested loops use nested loops use nested loops help,0,Introduction
00:00:20.990000,00:00:21,when to use nested loops with the help,use nested loops help,0,Introduction
00:00:21,00:00:24.390000,when to use nested loops with the help of program also I'll show you okay now,use nested loops help program also ill show okay,0,Introduction
00:00:24.390000,00:00:24.400000,of program also I'll show you okay now,program also ill show okay,1,Step-by-Step Instruction
00:00:24.400000,00:00:27.269000,of program also I'll show you okay now in simple term if I say nested Loops,program also ill show okay simple term say nested loops,0,Introduction
00:00:27.269000,00:00:27.279000,in simple term if I say nested Loops,simple term say nested loops,0,Introduction
00:00:27.279000,00:00:30.189000,in simple term if I say nested Loops means a loop within a loop that is,simple term say nested loops means loop within loop,2,Context Setting
00:00:30.189000,00:00:30.199000,means a loop within a loop that is,means loop within loop,2,Context Setting
00:00:30.199000,00:00:33.830000,means a loop within a loop that is nested Loop right if a loop is inside,means loop within loop nested loop right loop inside,2,Context Setting
00:00:33.830000,00:00:33.840000,nested Loop right if a loop is inside,nested loop right loop inside,2,Context Setting
00:00:33.840000,00:00:35.869000,nested Loop right if a loop is inside another loop that is nothing but nested,nested loop right loop inside another loop nothing nested,2,Context Setting
00:00:35.869000,00:00:35.879000,another loop that is nothing but nested,another loop nothing nested,2,Context Setting
00:00:35.879000,00:00:39.750000,another loop that is nothing but nested Loop right if General syntax if I say,another loop nothing nested loop right general syntax say,2,Context Setting
00:00:39.750000,00:00:39.760000,Loop right if General syntax if I say,loop right general syntax say,2,Context Setting
00:00:39.760000,00:00:42.190000,Loop right if General syntax if I say then it's something like this nested,loop right general syntax say something like nested,5,Practical Application
00:00:42.190000,00:00:42.200000,then it's something like this nested,something like nested,5,Practical Application
00:00:42.200000,00:00:44.389000,then it's something like this nested Loops for Loop can be nested Loops while,something like nested loops loop nested loops,0,Introduction
00:00:44.389000,00:00:44.399000,Loops for Loop can be nested Loops while,loops loop nested loops,0,Introduction
00:00:44.399000,00:00:47.950000,Loops for Loop can be nested Loops while loop do while loop and these see so we,loops loop nested loops loop loop see,0,Introduction
00:00:47.950000,00:00:47.960000,loop do while loop and these see so we,loop loop see,2,Context Setting
00:00:47.960000,00:00:51.029000,loop do while loop and these see so we have a for Loop here and within this for,loop loop see loop within,2,Context Setting
00:00:51.029000,00:00:51.039000,have a for Loop here and within this for,loop within,2,Context Setting
00:00:51.039000,00:00:54.869000,have a for Loop here and within this for Loop we have another for Loop right so,loop within loop another loop right,2,Context Setting
00:00:54.869000,00:00:54.879000,Loop we have another for Loop right so,loop another loop right,2,Context Setting
00:00:54.879000,00:00:58.069000,Loop we have another for Loop right so this is why what nested for Loop if you,loop another loop right nested loop,2,Context Setting
00:00:58.069000,00:00:58.079000,this is why what nested for Loop if you,nested loop,2,Context Setting
00:00:58.079000,00:01:00.430000,this is why what nested for Loop if you have y Loop that is also fine,nested loop loop also fine,1,Step-by-Step Instruction
00:01:00.430000,00:01:00.440000,have y Loop that is also fine,loop also fine,1,Step-by-Step Instruction
00:01:00.440000,00:01:02.110000,have y Loop that is also fine we have while loop here we have,loop also fine loop,1,Step-by-Step Instruction
00:01:02.110000,00:01:02.120000,we have while loop here we have,loop,2,Context Setting
00:01:02.120000,00:01:04.509000,we have while loop here we have condition within this we have one more,loop condition within one,2,Context Setting
00:01:04.509000,00:01:04.519000,condition within this we have one more,condition within one,2,Context Setting
00:01:04.519000,00:01:07.870000,condition within this we have one more wi Loop right so this white Loop is,condition within one wi loop right white loop,2,Context Setting
00:01:07.870000,00:01:07.880000,wi Loop right so this white Loop is,wi loop right white loop,2,Context Setting
00:01:07.880000,00:01:09.830000,wi Loop right so this white Loop is within this while loop so this is nested,wi loop right white loop within loop nested,2,Context Setting
00:01:09.830000,00:01:09.840000,within this while loop so this is nested,within loop nested,2,Context Setting
00:01:09.840000,00:01:11.749000,within this while loop so this is nested while loop this is known as inner loop,within loop nested loop known inner loop,2,Context Setting
00:01:11.749000,00:01:11.759000,while loop this is known as inner loop,loop known inner loop,2,Context Setting
00:01:11.759000,00:01:13.830000,while loop this is known as inner loop this is known as outer loop inner four,loop known inner loop known outer loop inner four,2,Context Setting
00:01:13.830000,00:01:13.840000,this is known as outer loop inner four,known outer loop inner four,2,Context Setting
00:01:13.840000,00:01:15.670000,this is known as outer loop inner four Loop outer for loop it's not like that,known outer loop inner four loop outer loop like,2,Context Setting
00:01:15.670000,00:01:15.680000,Loop outer for loop it's not like that,loop outer loop like,2,Context Setting
00:01:15.680000,00:01:18.270000,Loop outer for loop it's not like that only two level of two level is possible,loop outer loop like two level two level possible,1,Step-by-Step Instruction
00:01:18.270000,00:01:18.280000,only two level of two level is possible,two level two level possible,1,Step-by-Step Instruction
00:01:18.280000,00:01:20.429000,only two level of two level is possible like one Loop within another loop,two level two level possible like one loop within another loop,1,Step-by-Step Instruction
00:01:20.429000,00:01:20.439000,like one Loop within another loop,like one loop within another loop,2,Context Setting
00:01:20.439000,00:01:23.149000,like one Loop within another loop no nesting can be possible up to many,like one loop within another loop nesting possible many,1,Step-by-Step Instruction
00:01:23.149000,00:01:23.159000,no nesting can be possible up to many,nesting possible many,1,Step-by-Step Instruction
00:01:23.159000,00:01:25.030000,no nesting can be possible up to many level within this for Loop we can have,nesting possible many level within loop,1,Step-by-Step Instruction
00:01:25.030000,00:01:25.040000,level within this for Loop we can have,level within loop,2,Context Setting
00:01:25.040000,00:01:27.990000,level within this for Loop we can have one more for Loop within this we can,level within loop one loop within,2,Context Setting
00:01:27.990000,00:01:28,one more for Loop within this we can,one loop within,2,Context Setting
00:01:28,00:01:31.550000,one more for Loop within this we can have one more for Loop and up to many,one loop within one loop many,2,Context Setting
00:01:31.550000,00:01:31.560000,have one more for Loop and up to many,one loop many,2,Context Setting
00:01:31.560000,00:01:34.230000,have one more for Loop and up to many level right nesting is,one loop many level right nesting,1,Step-by-Step Instruction
00:01:34.230000,00:01:34.240000,level right nesting is,level right nesting,1,Step-by-Step Instruction
00:01:34.240000,00:01:37.310000,level right nesting is possible Right same with while loop same,level right nesting possible right loop,1,Step-by-Step Instruction
00:01:37.310000,00:01:37.320000,possible Right same with while loop same,possible right loop,1,Step-by-Step Instruction
00:01:37.320000,00:01:40.590000,possible Right same with while loop same with do Loop and it is also possible,possible right loop loop also possible,1,Step-by-Step Instruction
00:01:40.590000,00:01:40.600000,with do Loop and it is also possible,loop also possible,1,Step-by-Step Instruction
00:01:40.600000,00:01:42.950000,with do Loop and it is also possible within a while loop we have a four,loop also possible within loop four,1,Step-by-Step Instruction
00:01:42.950000,00:01:42.960000,within a while loop we have a four,within loop four,2,Context Setting
00:01:42.960000,00:01:46.429000,within a while loop we have a four Loop this is also nesting it is also,within loop four loop also nesting also,1,Step-by-Step Instruction
00:01:46.429000,00:01:46.439000,Loop this is also nesting it is also,loop also nesting also,1,Step-by-Step Instruction
00:01:46.439000,00:01:48.749000,Loop this is also nesting it is also possible within a for Loop we have a wi,loop also nesting also possible within loop wi,1,Step-by-Step Instruction
00:01:48.749000,00:01:48.759000,possible within a for Loop we have a wi,possible within loop wi,1,Step-by-Step Instruction
00:01:48.759000,00:01:51.230000,possible within a for Loop we have a wi Loop then within wi Loop we have for,possible within loop wi loop within wi loop,2,Context Setting
00:01:51.230000,00:01:51.240000,Loop then within wi Loop we have for,loop within wi loop,2,Context Setting
00:01:51.240000,00:01:53.429000,Loop then within wi Loop we have for Loop then again we have wi Loop mixing,loop within wi loop loop wi loop mixing,2,Context Setting
00:01:53.429000,00:01:53.439000,Loop then again we have wi Loop mixing,loop wi loop mixing,2,Context Setting
00:01:53.439000,00:01:56.149000,Loop then again we have wi Loop mixing of this these Loops are also possible in,loop wi loop mixing loops also possible,1,Step-by-Step Instruction
00:01:56.149000,00:01:56.159000,of this these Loops are also possible in,loops also possible,1,Step-by-Step Instruction
00:01:56.159000,00:01:59.510000,of this these Loops are also possible in nesting right nesting of range based for,loops also possible nesting right nesting range based,1,Step-by-Step Instruction
00:01:59.510000,00:01:59.520000,nesting right nesting of range based for,nesting right nesting range based,1,Step-by-Step Instruction
00:01:59.520000,00:02:02.510000,nesting right nesting of range based for Loop is also possible up to many levels,nesting right nesting range based loop also possible many levels,1,Step-by-Step Instruction
00:02:02.510000,00:02:02.520000,Loop is also possible up to many levels,loop also possible many levels,1,Step-by-Step Instruction
00:02:02.520000,00:02:05.590000,Loop is also possible up to many levels any levels right now this is what,loop also possible many levels levels right,1,Step-by-Step Instruction
00:02:05.590000,00:02:05.600000,any levels right now this is what,levels right,2,Context Setting
00:02:05.600000,00:02:10.109000,any levels right now this is what nesting but now when to use this nested,levels right nesting use nested,0,Introduction
00:02:10.109000,00:02:10.119000,nesting but now when to use this nested,nesting use nested,0,Introduction
00:02:10.119000,00:02:12.710000,nesting but now when to use this nested loops and why we use what is need of,nesting use nested loops use need,0,Introduction
00:02:12.710000,00:02:12.720000,loops and why we use what is need of,loops use need,0,Introduction
00:02:12.720000,00:02:15.390000,loops and why we use what is need of nested Loops see generally when you deal,loops use need nested loops see generally deal,0,Introduction
00:02:15.390000,00:02:15.400000,nested Loops see generally when you deal,nested loops see generally deal,0,Introduction
00:02:15.400000,00:02:17.910000,nested Loops see generally when you deal with multi-dimensional arrays like 2D,nested loops see generally deal multidimensional arrays like 2d,5,Practical Application
00:02:17.910000,00:02:17.920000,with multi-dimensional arrays like 2D,multidimensional arrays like 2d,5,Practical Application
00:02:17.920000,00:02:20.470000,with multi-dimensional arrays like 2D array 3D array and these arrays then we,multidimensional arrays like 2d array 3d array arrays,5,Practical Application
00:02:20.470000,00:02:20.480000,array 3D array and these arrays then we,array 3d array arrays,2,Context Setting
00:02:20.480000,00:02:24.229000,array 3D array and these arrays then we use nested Loops when you draw that,array 3d array arrays use nested loops draw,0,Introduction
00:02:24.229000,00:02:24.239000,use nested Loops when you draw that,use nested loops draw,0,Introduction
00:02:24.239000,00:02:27.550000,use nested Loops when you draw that pattern printing programs star with,use nested loops draw pattern printing programs star,0,Introduction
00:02:27.550000,00:02:27.560000,pattern printing programs star with,pattern printing programs star,4,Recap
00:02:27.560000,00:02:29.990000,pattern printing programs star with alphabets or these pattern then you have,pattern printing programs star alphabets pattern,4,Recap
00:02:29.990000,00:02:30,alphabets or these pattern then you have,alphabets pattern,2,Context Setting
00:02:30,00:02:32.030000,alphabets or these pattern then you have to use nested Loops when you to deal,alphabets pattern use nested loops deal,0,Introduction
00:02:32.030000,00:02:32.040000,to use nested Loops when you to deal,use nested loops deal,0,Introduction
00:02:32.040000,00:02:35.070000,to use nested Loops when you to deal with like uh data having more than one,use nested loops deal like uh data one,0,Introduction
00:02:35.070000,00:02:35.080000,with like uh data having more than one,like uh data one,5,Practical Application
00:02:35.080000,00:02:37.270000,with like uh data having more than one dimension if data is in a matrix or,like uh data one dimension data matrix,5,Practical Application
00:02:37.270000,00:02:37.280000,dimension if data is in a matrix or,dimension data matrix,2,Context Setting
00:02:37.280000,00:02:39.790000,dimension if data is in a matrix or histogram or these kind of thing in a,dimension data matrix histogram kind thing,6,Conclusion
00:02:39.790000,00:02:39.800000,histogram or these kind of thing in a,histogram kind thing,6,Conclusion
00:02:39.800000,00:02:42.550000,histogram or these kind of thing in a chart then we deal with that data with,histogram kind thing chart deal data,6,Conclusion
00:02:42.550000,00:02:42.560000,chart then we deal with that data with,chart deal data,5,Practical Application
00:02:42.560000,00:02:48.190000,chart then we deal with that data with nested Loops right see you can say like,chart deal data nested loops right see say like,5,Practical Application
00:02:48.190000,00:02:48.200000,nested Loops right see you can say like,nested loops right see say like,0,Introduction
00:02:48.200000,00:02:49.830000,nested Loops right see you can say like these nested Loops are used basically,nested loops right see say like nested loops used basically,0,Introduction
00:02:49.830000,00:02:49.840000,these nested Loops are used basically,nested loops used basically,0,Introduction
00:02:49.840000,00:02:51.790000,these nested Loops are used basically for pattern printing or for displaying,nested loops used basically pattern printing displaying,0,Introduction
00:02:51.790000,00:02:51.800000,for pattern printing or for displaying,pattern printing displaying,2,Context Setting
00:02:51.800000,00:02:54.229000,for pattern printing or for displaying multi-dimensional data right now let's,pattern printing displaying multidimensional data right lets,2,Context Setting
00:02:54.229000,00:02:54.239000,multi-dimensional data right now let's,multidimensional data right lets,2,Context Setting
00:02:54.239000,00:02:56.030000,multi-dimensional data right now let's take a simple example then you will get,multidimensional data right lets take simple example get,5,Practical Application
00:02:56.030000,00:02:56.040000,take a simple example then you will get,take simple example get,5,Practical Application
00:02:56.040000,00:02:57.589000,take a simple example then you will get to know the need of this Loop if you,take simple example get know need loop,2,Context Setting
00:02:57.589000,00:02:57.599000,to know the need of this Loop if you,know need loop,2,Context Setting
00:02:57.599000,00:03:00.229000,to know the need of this Loop if you want to print these pack these t five,know need loop want print pack five,4,Recap
00:03:00.229000,00:03:00.239000,want to print these pack these t five,want print pack five,4,Recap
00:03:00.239000,00:03:05.550000,want to print these pack these t five star then simply will say either see out,want print pack five star simply say either see,4,Recap
00:03:05.550000,00:03:05.560000,star then simply will say either see out,star simply say either see,5,Practical Application
00:03:05.560000,00:03:07.630000,star then simply will say either see out it not like that simply print here like,star simply say either see like simply print like,5,Practical Application
00:03:07.630000,00:03:07.640000,it not like that simply print here like,like simply print like,5,Practical Application
00:03:07.640000,00:03:09.750000,it not like that simply print here like star star star star,like simply print like star star star star,4,Recap
00:03:09.750000,00:03:09.760000,star star star star,star star star star,4,Recap
00:03:09.760000,00:03:12.070000,star star star star no okay you can do this thing also this,star star star star okay thing also,4,Recap
00:03:12.070000,00:03:12.080000,no okay you can do this thing also this,okay thing also,6,Conclusion
00:03:12.080000,00:03:14.910000,no okay you can do this thing also this will give you the same result but either,okay thing also give result either,6,Conclusion
00:03:14.910000,00:03:14.920000,will give you the same result but either,give result either,2,Context Setting
00:03:14.920000,00:03:18.430000,will give you the same result but either you can do that thing or you can uh put,give result either thing uh put,6,Conclusion
00:03:18.430000,00:03:18.440000,you can do that thing or you can uh put,thing uh put,6,Conclusion
00:03:18.440000,00:03:20.869000,you can do that thing or you can uh put like something like this and five C out,thing uh put like something like five c,5,Practical Application
00:03:20.869000,00:03:20.879000,like something like this and five C out,like something like five c,5,Practical Application
00:03:20.879000,00:03:23.110000,like something like this and five C out statement but that is not a good idea we,like something like five c statement good idea,5,Practical Application
00:03:23.110000,00:03:23.120000,statement but that is not a good idea we,statement good idea,2,Context Setting
00:03:23.120000,00:03:24.550000,statement but that is not a good idea we are repeating the same thing we're,statement good idea repeating thing,6,Conclusion
00:03:24.550000,00:03:24.560000,are repeating the same thing we're,repeating thing,6,Conclusion
00:03:24.560000,00:03:26.190000,are repeating the same thing we're printing star so if you're repeating,repeating thing printing star youre repeating,6,Conclusion
00:03:26.190000,00:03:26.200000,printing star so if you're repeating,printing star youre repeating,4,Recap
00:03:26.200000,00:03:29.750000,printing star so if you're repeating something we use Loops here right so I,printing star youre repeating something use loops right,0,Introduction
00:03:29.750000,00:03:29.760000,something we use Loops here right so I,something use loops right,0,Introduction
00:03:29.760000,00:03:31.350000,something we use Loops here right so I can put something like this we have a,something use loops right put something like,5,Practical Application
00:03:31.350000,00:03:31.360000,can put something like this we have a,put something like,5,Practical Application
00:03:31.360000,00:03:34.429000,can put something like this we have a full loop and we have like I is equal to,put something like full loop like equal,5,Practical Application
00:03:34.429000,00:03:34.439000,full loop and we have like I is equal to,full loop like equal,5,Practical Application
00:03:34.439000,00:03:37.030000,full loop and we have like I is equal to 1 and I should be less than equal to how,full loop like equal 1 less equal,5,Practical Application
00:03:37.030000,00:03:37.040000,1 and I should be less than equal to how,1 less equal,4,Recap
00:03:37.040000,00:03:39.070000,1 and I should be less than equal to how many times 1 2 3 4 five times I want to,1 less equal many times 1 2 3 4 five times want,4,Recap
00:03:39.070000,00:03:39.080000,many times 1 2 3 4 five times I want to,many times 1 2 3 4 five times want,4,Recap
00:03:39.080000,00:03:41.509000,many times 1 2 3 4 five times I want to print less than equal to 5 and I,many times 1 2 3 4 five times want print less equal 5,4,Recap
00:03:41.509000,00:03:41.519000,print less than equal to 5 and I,print less equal 5,4,Recap
00:03:41.519000,00:03:45.470000,print less than equal to 5 and I ++ right within this I can print star so,print less equal 5 right within print star,4,Recap
00:03:45.470000,00:03:45.480000,++ right within this I can print star so,right within print star,4,Recap
00:03:45.480000,00:03:48.030000,++ right within this I can print star so this will give you this result right,right within print star give result right,4,Recap
00:03:48.030000,00:03:48.040000,this will give you this result right,give result right,2,Context Setting
00:03:48.040000,00:03:49.910000,this will give you this result right five time the star will be printed okay,give result right five time star printed okay,4,Recap
00:03:49.910000,00:03:49.920000,five time the star will be printed okay,five time star printed okay,4,Recap
00:03:49.920000,00:03:53.910000,five time the star will be printed okay fine now suppose I want to print this,five time star printed okay fine suppose want print,4,Recap
00:03:53.910000,00:03:53.920000,fine now suppose I want to print this,fine suppose want print,4,Recap
00:03:53.920000,00:03:56.869000,fine now suppose I want to print this pattern now we have data,fine suppose want print pattern data,4,Recap
00:03:56.869000,00:03:56.879000,pattern now we have data,pattern data,2,Context Setting
00:03:56.879000,00:04:00.229000,pattern now we have data in 2D more than one dimension,pattern data 2d one dimension,2,Context Setting
00:04:00.229000,00:04:00.239000,in 2D more than one dimension,2d one dimension,2,Context Setting
00:04:00.239000,00:04:02.550000,in 2D more than one dimension previous data was in having only one,2d one dimension previous data one,2,Context Setting
00:04:02.550000,00:04:02.560000,previous data was in having only one,previous data one,2,Context Setting
00:04:02.560000,00:04:04.110000,previous data was in having only one dimension now we have two Dimension this,previous data one dimension two dimension,2,Context Setting
00:04:04.110000,00:04:04.120000,dimension now we have two Dimension this,dimension two dimension,2,Context Setting
00:04:04.120000,00:04:09.509000,dimension now we have two Dimension this and this right rows and columns you can,dimension two dimension right rows columns,2,Context Setting
00:04:09.509000,00:04:09.519000,and this right rows and columns you can,right rows columns,2,Context Setting
00:04:09.519000,00:04:11.149000,and this right rows and columns you can say it's a matrix form of something like,right rows columns say matrix form something like,5,Practical Application
00:04:11.149000,00:04:11.159000,say it's a matrix form of something like,say matrix form something like,5,Practical Application
00:04:11.159000,00:04:13.550000,say it's a matrix form of something like this right now I want to print this kind,say matrix form something like right want print kind,5,Practical Application
00:04:13.550000,00:04:13.560000,this right now I want to print this kind,right want print kind,4,Recap
00:04:13.560000,00:04:15.270000,this right now I want to print this kind of thing,right want print kind thing,6,Conclusion
00:04:15.270000,00:04:15.280000,of thing,thing,6,Conclusion
00:04:15.280000,00:04:18.390000,of thing so,thing,6,Conclusion
00:04:22.590000,00:04:22.600000,this this process is used to print this,process used print,4,Recap
00:04:22.600000,00:04:26.510000,this this process is used to print this line this full loop right now again same,process used print line full loop right,2,Context Setting
00:04:26.510000,00:04:26.520000,line this full loop right now again same,line full loop right,2,Context Setting
00:04:26.520000,00:04:29.310000,line this full loop right now again same five star I want to print same five star,line full loop right five star want print five star,4,Recap
00:04:29.310000,00:04:29.320000,five star I want to print same five star,five star want print five star,4,Recap
00:04:29.320000,00:04:31.230000,five star I want to print same five star I want to print same five star I want to,five star want print five star want print five star want,4,Recap
00:04:31.230000,00:04:31.240000,I want to print same five star I want to,want print five star want,4,Recap
00:04:31.240000,00:04:34.629000,I want to print same five star I want to print right means basically we are,want print five star want print right means basically,4,Recap
00:04:34.629000,00:04:34.639000,print right means basically we are,print right means basically,4,Recap
00:04:34.639000,00:04:37.070000,print right means basically we are repeating this process we want to repeat,print right means basically repeating process want repeat,4,Recap
00:04:37.070000,00:04:37.080000,repeating this process we want to repeat,repeating process want repeat,2,Context Setting
00:04:37.080000,00:04:39.670000,repeating this process we want to repeat this process so either you can write,repeating process want repeat process either write,2,Context Setting
00:04:39.670000,00:04:39.680000,this process so either you can write,process either write,2,Context Setting
00:04:39.680000,00:04:42.029000,this process so either you can write down here same process like same for,process either write process like,5,Practical Application
00:04:42.029000,00:04:42.039000,down here same process like same for,process like,5,Practical Application
00:04:42.039000,00:04:45.270000,down here same process like same for Loop here four for Loop one for this one,process like loop four loop one one,2,Context Setting
00:04:45.270000,00:04:45.280000,Loop here four for Loop one for this one,loop four loop one one,2,Context Setting
00:04:45.280000,00:04:47.070000,Loop here four for Loop one for this one for this one for this one for this but,loop four loop one one one one,2,Context Setting
00:04:47.070000,00:04:47.080000,for this one for this one for this but,one one,2,Context Setting
00:04:47.080000,00:04:48.670000,for this one for this one for this but obviously that is not a good idea,one one obviously good idea,2,Context Setting
00:04:48.670000,00:04:48.680000,obviously that is not a good idea,obviously good idea,2,Context Setting
00:04:48.680000,00:04:51.310000,obviously that is not a good idea writing four four Loops for four lines,obviously good idea writing four four loops four lines,2,Context Setting
00:04:51.310000,00:04:51.320000,writing four four Loops for four lines,writing four four loops four lines,2,Context Setting
00:04:51.320000,00:04:54.950000,writing four four Loops for four lines no so here we use nested loops loops,writing four four loops four lines use nested loops loops,0,Introduction
00:04:54.950000,00:04:54.960000,no so here we use nested loops loops,use nested loops loops,0,Introduction
00:04:54.960000,00:04:57.990000,no so here we use nested loops loops within Loop so we want to repeat this,use nested loops loops within loop want repeat,0,Introduction
00:04:57.990000,00:04:58,within Loop so we want to repeat this,within loop want repeat,2,Context Setting
00:04:58,00:05:01.550000,within Loop so we want to repeat this process again right so same whatever you,within loop want repeat process right whatever,2,Context Setting
00:05:01.550000,00:05:01.560000,process again right so same whatever you,process right whatever,2,Context Setting
00:05:01.560000,00:05:04.230000,process again right so same whatever you want to repeat that thing we put in a,process right whatever want repeat thing put,6,Conclusion
00:05:04.230000,00:05:04.240000,want to repeat that thing we put in a,want repeat thing put,6,Conclusion
00:05:04.240000,00:05:06.670000,want to repeat that thing we put in a loop either four while four while while,want repeat thing put loop either four four,6,Conclusion
00:05:06.670000,00:05:06.680000,loop either four while four while while,loop either four four,2,Context Setting
00:05:06.680000,00:05:09.670000,loop either four while four while while or any Loop right so this process again,loop either four four loop right process,2,Context Setting
00:05:09.670000,00:05:09.680000,or any Loop right so this process again,loop right process,2,Context Setting
00:05:09.680000,00:05:13.629000,or any Loop right so this process again we put in a suppose for Loop this this,loop right process put suppose loop,2,Context Setting
00:05:13.629000,00:05:13.639000,we put in a suppose for Loop this this,put suppose loop,2,Context Setting
00:05:13.639000,00:05:16.790000,we put in a suppose for Loop this this complete thing right so how many times,put suppose loop complete thing right many times,6,Conclusion
00:05:16.790000,00:05:16.800000,complete thing right so how many times,complete thing right many times,6,Conclusion
00:05:16.800000,00:05:19.870000,complete thing right so how many times this should be repeated how many rows,complete thing right many times repeated many rows,6,Conclusion
00:05:19.870000,00:05:19.880000,this should be repeated how many rows,repeated many rows,2,Context Setting
00:05:19.880000,00:05:23.990000,this should be repeated how many rows are there 1 2 3 4 four times right so,repeated many rows 1 2 3 4 four times right,2,Context Setting
00:05:23.990000,00:05:24,are there 1 2 3 4 four times right so,1 2 3 4 four times right,2,Context Setting
00:05:24,00:05:26.550000,are there 1 2 3 4 four times right so this outer loop should be repeated four,1 2 3 4 four times right outer loop repeated four,2,Context Setting
00:05:26.550000,00:05:26.560000,this outer loop should be repeated four,outer loop repeated four,2,Context Setting
00:05:26.560000,00:05:29.790000,this outer loop should be repeated four times right so we put some something,outer loop repeated four times right put something,2,Context Setting
00:05:29.790000,00:05:29.800000,times right so we put some something,times right put something,5,Practical Application
00:05:29.800000,00:05:32.309000,times right so we put some something like this in any variable you can take,times right put something like variable take,5,Practical Application
00:05:32.309000,00:05:32.319000,like this in any variable you can take,like variable take,5,Practical Application
00:05:32.319000,00:05:35.230000,like this in any variable you can take suppose I'm taking J J is equal to 1 J,like variable take suppose im taking j j equal 1 j,5,Practical Application
00:05:35.230000,00:05:35.240000,suppose I'm taking J J is equal to 1 J,suppose im taking j j equal 1 j,2,Context Setting
00:05:35.240000,00:05:37.430000,suppose I'm taking J J is equal to 1 J less than equal to how many times 1 2 3,suppose im taking j j equal 1 j less equal many times 1 2 3,4,Recap
00:05:37.430000,00:05:37.440000,less than equal to how many times 1 2 3,less equal many times 1 2 3,4,Recap
00:05:37.440000,00:05:40.670000,less than equal to how many times 1 2 3 4 4 and J,less equal many times 1 2 3 4 4 j,4,Recap
00:05:40.670000,00:05:40.680000,4 4 and J,4 4 j,2,Context Setting
00:05:40.680000,00:05:44.710000,4 4 and J ++ and within this we have this inner,4 4 j within inner,2,Context Setting
00:05:44.710000,00:05:44.720000,++ and within this we have this inner,within inner,2,Context Setting
00:05:44.720000,00:05:47.469000,++ and within this we have this inner for Loop right but generally in for Loop,within inner loop right generally loop,2,Context Setting
00:05:47.469000,00:05:47.479000,for Loop right but generally in for Loop,loop right generally loop,2,Context Setting
00:05:47.479000,00:05:49.550000,for Loop right but generally in for Loop we say like in outer for Loop we take,loop right generally loop say like outer loop take,2,Context Setting
00:05:49.550000,00:05:49.560000,we say like in outer for Loop we take,say like outer loop take,5,Practical Application
00:05:49.560000,00:05:52.510000,we say like in outer for Loop we take variable I for inner for Loop we take,say like outer loop take variable inner loop take,5,Practical Application
00:05:52.510000,00:05:52.520000,variable I for inner for Loop we take,variable inner loop take,2,Context Setting
00:05:52.520000,00:05:55.189000,variable I for inner for Loop we take J I'm not saying that it is wrong you,variable inner loop take j im saying wrong,2,Context Setting
00:05:55.189000,00:05:55.199000,J I'm not saying that it is wrong you,j im saying wrong,2,Context Setting
00:05:55.199000,00:05:57.110000,J I'm not saying that it is wrong you cannot take J here you cannot take I,j im saying wrong take j take,5,Practical Application
00:05:57.110000,00:05:57.120000,cannot take J here you cannot take I,take j take,5,Practical Application
00:05:57.120000,00:05:59.110000,cannot take J here you cannot take I here no but generally we put something,take j take generally put something,5,Practical Application
00:05:59.110000,00:05:59.120000,here no but generally we put something,generally put something,5,Practical Application
00:05:59.120000,00:05:59.990000,here no but generally we put something like this,generally put something like,5,Practical Application
00:05:59.990000,00:06:00,like this,like,5,Practical Application
00:06:00,00:06:03.830000,like this here we take I in for outer for,like take outer,5,Practical Application
00:06:03.830000,00:06:03.840000,here we take I in for outer for,take outer,5,Practical Application
00:06:03.840000,00:06:07.629000,here we take I in for outer for Loop and for inner we take J it's maybe,take outer loop inner take j maybe,5,Practical Application
00:06:07.629000,00:06:07.639000,Loop and for inner we take J it's maybe,loop inner take j maybe,2,Context Setting
00:06:07.639000,00:06:11.870000,Loop and for inner we take J it's maybe something like maybe J comes after I in,loop inner take j maybe something like maybe j comes,5,Practical Application
00:06:11.870000,00:06:11.880000,something like maybe J comes after I in,something like maybe j comes,5,Practical Application
00:06:11.880000,00:06:13.430000,something like maybe J comes after I in alphabetic order that is why we are,something like maybe j comes alphabetic order,5,Practical Application
00:06:13.430000,00:06:13.440000,alphabetic order that is why we are,alphabetic order,2,Context Setting
00:06:13.440000,00:06:16.469000,alphabetic order that is why we are doing this but I don't know but it's not,alphabetic order dont know,2,Context Setting
00:06:16.469000,00:06:16.479000,doing this but I don't know but it's not,dont know,2,Context Setting
00:06:16.479000,00:06:18.270000,doing this but I don't know but it's not something like it's a rule no it's not,dont know something like rule,5,Practical Application
00:06:18.270000,00:06:18.280000,something like it's a rule no it's not,something like rule,5,Practical Application
00:06:18.280000,00:06:20.909000,something like it's a rule no it's not any rule you can take any variable,something like rule rule take variable,5,Practical Application
00:06:20.909000,00:06:20.919000,any rule you can take any variable,rule take variable,5,Practical Application
00:06:20.919000,00:06:24.070000,any rule you can take any variable right now now there is one problem here,rule take variable right one problem,5,Practical Application
00:06:24.070000,00:06:24.080000,right now now there is one problem here,right one problem,2,Context Setting
00:06:24.080000,00:06:25.629000,right now now there is one problem here see,right one problem see,5,Practical Application
00:06:25.629000,00:06:25.639000,see,see,5,Practical Application
00:06:25.639000,00:06:28.950000,see first in I so we have a variable I that,see first variable,5,Practical Application
00:06:28.950000,00:06:28.960000,first in I so we have a variable I that,first variable,2,Context Setting
00:06:28.960000,00:06:31.110000,first in I so we have a variable I that is one this condition is true so we will,first variable one condition true,2,Context Setting
00:06:31.110000,00:06:31.120000,is one this condition is true so we will,one condition true,2,Context Setting
00:06:31.120000,00:06:33.830000,is one this condition is true so we will enter here now again we have a variable,one condition true enter variable,2,Context Setting
00:06:33.830000,00:06:33.840000,enter here now again we have a variable,enter variable,2,Context Setting
00:06:33.840000,00:06:36.469000,enter here now again we have a variable J that is one condition true so enter,enter variable j one condition true enter,2,Context Setting
00:06:36.469000,00:06:36.479000,J that is one condition true so enter,j one condition true enter,2,Context Setting
00:06:36.479000,00:06:39.469000,J that is one condition true so enter here first star would be printed right,j one condition true enter first star would printed right,4,Recap
00:06:39.469000,00:06:39.479000,here first star would be printed right,first star would printed right,4,Recap
00:06:39.479000,00:06:42.749000,here first star would be printed right now we are still in this inner loop so,first star would printed right still inner loop,4,Recap
00:06:42.749000,00:06:42.759000,now we are still in this inner loop so,still inner loop,2,Context Setting
00:06:42.759000,00:06:46.189000,now we are still in this inner loop so now j++ now J becomes two condition true,still inner loop j j becomes two condition true,2,Context Setting
00:06:46.189000,00:06:46.199000,now j++ now J becomes two condition true,j j becomes two condition true,4,Recap
00:06:46.199000,00:06:49.150000,now j++ now J becomes two condition true again star would be printed again j++ J,j j becomes two condition true star would printed j j,4,Recap
00:06:49.150000,00:06:49.160000,again star would be printed again j++ J,star would printed j j,4,Recap
00:06:49.160000,00:06:51.270000,again star would be printed again j++ J becomes three condition true again star,star would printed j j becomes three condition true star,4,Recap
00:06:51.270000,00:06:51.280000,becomes three condition true again star,becomes three condition true star,4,Recap
00:06:51.280000,00:06:54.350000,becomes three condition true again star would be printed now j++ J becomes four,becomes three condition true star would printed j j becomes four,4,Recap
00:06:54.350000,00:06:54.360000,would be printed now j++ J becomes four,would printed j j becomes four,4,Recap
00:06:54.360000,00:06:56.350000,would be printed now j++ J becomes four condition true again star would be,would printed j j becomes four condition true star would,4,Recap
00:06:56.350000,00:06:56.360000,condition true again star would be,condition true star would,4,Recap
00:06:56.360000,00:06:58.790000,condition true again star would be printed now J becomes five condition,condition true star would printed j becomes five condition,4,Recap
00:06:58.790000,00:06:58.800000,printed now J becomes five condition,printed j becomes five condition,4,Recap
00:06:58.800000,00:07:01.309000,printed now J becomes five condition true again n star would be printed now J,printed j becomes five condition true n star would printed j,4,Recap
00:07:01.309000,00:07:01.319000,true again n star would be printed now J,true n star would printed j,4,Recap
00:07:01.319000,00:07:04.950000,true again n star would be printed now J becomes six is this condition true no,true n star would printed j becomes six condition true,4,Recap
00:07:04.950000,00:07:04.960000,becomes six is this condition true no,becomes six condition true,4,Recap
00:07:04.960000,00:07:08.110000,becomes six is this condition true no now we'll be out of this inner four,becomes six condition true well inner four,2,Context Setting
00:07:08.110000,00:07:08.120000,now we'll be out of this inner four,well inner four,2,Context Setting
00:07:08.120000,00:07:11.670000,now we'll be out of this inner four Loop right now out of this inner for,well inner four loop right inner,2,Context Setting
00:07:11.670000,00:07:11.680000,Loop right now out of this inner for,loop right inner,2,Context Setting
00:07:11.680000,00:07:15.029000,Loop right now out of this inner for loop after that it will go to here I ++,loop right inner loop go,2,Context Setting
00:07:15.029000,00:07:15.039000,loop after that it will go to here I ++,loop go,2,Context Setting
00:07:15.039000,00:07:17.830000,loop after that it will go to here I ++ now I becomes two but we want to print,loop go becomes two want print,4,Recap
00:07:17.830000,00:07:17.840000,now I becomes two but we want to print,becomes two want print,4,Recap
00:07:17.840000,00:07:21.869000,now I becomes two but we want to print the next next these five stars in Next,becomes two want print next next five stars next,4,Recap
00:07:21.869000,00:07:21.879000,the next next these five stars in Next,next next five stars next,4,Recap
00:07:21.879000,00:07:25.550000,the next next these five stars in Next plan so after this for Loop you have to,next next five stars next plan loop,4,Recap
00:07:25.550000,00:07:25.560000,plan so after this for Loop you have to,plan loop,2,Context Setting
00:07:25.560000,00:07:29.869000,plan so after this for Loop you have to put a new line sln or andl after this,plan loop put new line sln andl,2,Context Setting
00:07:29.869000,00:07:29.879000,put a new line sln or andl after this,put new line sln andl,2,Context Setting
00:07:29.879000,00:07:32.350000,put a new line sln or andl after this four Loop but within this outer loop so,put new line sln andl four loop within outer loop,2,Context Setting
00:07:32.350000,00:07:32.360000,four Loop but within this outer loop so,four loop within outer loop,2,Context Setting
00:07:32.360000,00:07:34.510000,four Loop but within this outer loop so After exiting if J is six means,four loop within outer loop exiting j six means,2,Context Setting
00:07:34.510000,00:07:34.520000,After exiting if J is six means,exiting j six means,2,Context Setting
00:07:34.520000,00:07:36.390000,After exiting if J is six means condition is not true exit from this,exiting j six means condition true exit,2,Context Setting
00:07:36.390000,00:07:36.400000,condition is not true exit from this,condition true exit,2,Context Setting
00:07:36.400000,00:07:37.749000,condition is not true exit from this four Loop so whatever you will write,condition true exit four loop whatever write,2,Context Setting
00:07:37.749000,00:07:37.759000,four Loop so whatever you will write,four loop whatever write,2,Context Setting
00:07:37.759000,00:07:39.110000,four Loop so whatever you will write after this for Loop just after the,four loop whatever write loop,2,Context Setting
00:07:39.110000,00:07:39.120000,after this for Loop just after the,loop,2,Context Setting
00:07:39.120000,00:07:40.469000,after this for Loop just after the statement that would be executed means,loop statement would executed means,2,Context Setting
00:07:40.469000,00:07:40.479000,statement that would be executed means,statement would executed means,2,Context Setting
00:07:40.479000,00:07:41.869000,statement that would be executed means slash and Slash and means the control,statement would executed means slash slash means control,2,Context Setting
00:07:41.869000,00:07:41.879000,slash and Slash and means the control,slash slash means control,2,Context Setting
00:07:41.879000,00:07:42.990000,slash and Slash and means the control would be here,slash slash means control would,2,Context Setting
00:07:42.990000,00:07:43,would be here,would,4,Recap
00:07:43,00:07:47.029000,would be here now now I ++ now I becomes two now,would becomes two,4,Recap
00:07:47.029000,00:07:47.039000,now now I ++ now I becomes two now,becomes two,4,Recap
00:07:47.039000,00:07:48.430000,now now I ++ now I becomes two now condition true again we will enter here,becomes two condition true enter,4,Recap
00:07:48.430000,00:07:48.440000,condition true again we will enter here,condition true enter,2,Context Setting
00:07:48.440000,00:07:53.670000,condition true again we will enter here now same for I2 same would be repeated J,condition true enter i2 would repeated j,4,Recap
00:07:53.670000,00:07:53.680000,now same for I2 same would be repeated J,i2 would repeated j,4,Recap
00:07:53.680000,00:07:56.629000,now same for I2 same would be repeated J 1 2 3 4 5 and five star would be,i2 would repeated j 1 2 3 4 5 five star would,4,Recap
00:07:56.629000,00:07:56.639000,1 2 3 4 5 and five star would be,1 2 3 4 5 five star would,4,Recap
00:07:56.639000,00:08:00.749000,1 2 3 4 5 and five star would be printed right so so this is the case so,1 2 3 4 5 five star would printed right case,4,Recap
00:08:00.749000,00:08:00.759000,printed right so so this is the case so,printed right case,4,Recap
00:08:00.759000,00:08:05.189000,printed right so so this is the case so here in these cases we need nested Loops,printed right case cases need nested loops,0,Introduction
00:08:05.189000,00:08:05.199000,here in these cases we need nested Loops,cases need nested loops,0,Introduction
00:08:05.199000,00:08:07.670000,here in these cases we need nested Loops but it is recommended not to use nested,cases need nested loops recommended use nested,0,Introduction
00:08:07.670000,00:08:07.680000,but it is recommended not to use nested,recommended use nested,0,Introduction
00:08:07.680000,00:08:09.390000,but it is recommended not to use nested Loops actually because of the complexity,recommended use nested loops actually complexity,0,Introduction
00:08:09.390000,00:08:09.400000,Loops actually because of the complexity,loops actually complexity,0,Introduction
00:08:09.400000,00:08:11.790000,Loops actually because of the complexity and you know complex readability of the,loops actually complexity know complex readability,2,Context Setting
00:08:11.790000,00:08:11.800000,and you know complex readability of the,know complex readability,2,Context Setting
00:08:11.800000,00:08:14.390000,and you know complex readability of the program whatever you do with nested Loop,know complex readability program whatever nested loop,2,Context Setting
00:08:14.390000,00:08:14.400000,program whatever you do with nested Loop,program whatever nested loop,2,Context Setting
00:08:14.400000,00:08:16.309000,program whatever you do with nested Loop that thing we can also do with with,program whatever nested loop thing also,6,Conclusion
00:08:16.309000,00:08:16.319000,that thing we can also do with with,thing also,6,Conclusion
00:08:16.319000,00:08:17.909000,that thing we can also do with with other methods also that are more,thing also methods also,6,Conclusion
00:08:17.909000,00:08:17.919000,other methods also that are more,methods also,1,Step-by-Step Instruction
00:08:17.919000,00:08:21.149000,other methods also that are more manageable more readable and less time,methods also manageable readable less time,1,Step-by-Step Instruction
00:08:21.149000,00:08:21.159000,manageable more readable and less time,manageable readable less time,2,Context Setting
00:08:21.159000,00:08:24.790000,manageable more readable and less time consuming right but if it is mandatory,manageable readable less time consuming right mandatory,2,Context Setting
00:08:24.790000,00:08:24.800000,consuming right but if it is mandatory,consuming right mandatory,2,Context Setting
00:08:24.800000,00:08:28.110000,consuming right but if it is mandatory to use nested Loops then you can use it,consuming right mandatory use nested loops use,0,Introduction
00:08:28.110000,00:08:28.120000,to use nested Loops then you can use it,use nested loops use,0,Introduction
00:08:28.120000,00:08:31.110000,to use nested Loops then you can use it so this is I I think you got why we need,use nested loops use think got need,0,Introduction
00:08:31.110000,00:08:31.120000,so this is I I think you got why we need,think got need,2,Context Setting
00:08:31.120000,00:08:33.149000,so this is I I think you got why we need nested loops and what is need of nested,think got need nested loops need nested,0,Introduction
00:08:33.149000,00:08:33.159000,nested loops and what is need of nested,nested loops need nested,0,Introduction
00:08:33.159000,00:08:35.909000,nested loops and what is need of nested loops and working of nested Loops for,nested loops need nested loops working nested loops,0,Introduction
00:08:35.909000,00:08:35.919000,loops and working of nested Loops for,loops working nested loops,0,Introduction
00:08:35.919000,00:08:38.190000,loops and working of nested Loops for one iteration of this outer,loops working nested loops one iteration outer,0,Introduction
00:08:38.190000,00:08:38.200000,one iteration of this outer,one iteration outer,2,Context Setting
00:08:38.200000,00:08:41.310000,one iteration of this outer loop this inner loop will have how many,one iteration outer loop inner loop many,2,Context Setting
00:08:41.310000,00:08:41.320000,loop this inner loop will have how many,loop inner loop many,2,Context Setting
00:08:41.320000,00:08:45.990000,loop this inner loop will have how many iteration five iteration right so if you,loop inner loop many iteration five iteration right,2,Context Setting
00:08:45.990000,00:08:46,iteration five iteration right so if you,iteration five iteration right,2,Context Setting
00:08:46,00:08:48.030000,iteration five iteration right so if you uh take a real life example of these,iteration five iteration right uh take real life example,5,Practical Application
00:08:48.030000,00:08:48.040000,uh take a real life example of these,uh take real life example,5,Practical Application
00:08:48.040000,00:08:52.110000,uh take a real life example of these nested Loop you see the working of this,uh take real life example nested loop see working,5,Practical Application
00:08:52.110000,00:08:52.120000,nested Loop you see the working of this,nested loop see working,2,Context Setting
00:08:52.120000,00:08:54.509000,nested Loop you see the working of this type of nested loop I hope you want the,nested loop see working type nested loop hope want,2,Context Setting
00:08:54.509000,00:08:54.519000,type of nested loop I hope you want the,type nested loop hope want,2,Context Setting
00:08:54.519000,00:08:58.750000,type of nested loop I hope you want the working right in your daily life daily,type nested loop hope want working right daily life daily,2,Context Setting
00:08:58.750000,00:08:58.760000,working right in your daily life daily,working right daily life daily,2,Context Setting
00:08:58.760000,00:08:59.949000,working right in your daily life daily you see,working right daily life daily see,5,Practical Application
00:08:59.949000,00:08:59.959000,you see,see,5,Practical Application
00:08:59.959000,00:09:02.910000,you see so you can just write down the real life,see write real life,5,Practical Application
00:09:02.910000,00:09:02.920000,so you can just write down the real life,write real life,2,Context Setting
00:09:02.920000,00:09:05.389000,so you can just write down the real life example of using this nested Loop,write real life example using nested loop,2,Context Setting
00:09:05.389000,00:09:05.399000,example of using this nested Loop,example using nested loop,2,Context Setting
00:09:05.399000,00:09:07.990000,example of using this nested Loop phenomena this nested Loop pattern in,example using nested loop phenomena nested loop pattern,2,Context Setting
00:09:07.990000,00:09:08,phenomena this nested Loop pattern in,phenomena nested loop pattern,2,Context Setting
00:09:08,00:09:10.710000,phenomena this nested Loop pattern in comment section you just think and write,phenomena nested loop pattern comment section think write,2,Context Setting
00:09:10.710000,00:09:10.720000,comment section you just think and write,comment section think write,2,Context Setting
00:09:10.720000,00:09:13.389000,comment section you just think and write down one thing let me just tell you we,comment section think write one thing let tell,6,Conclusion
00:09:13.389000,00:09:13.399000,down one thing let me just tell you we,one thing let tell,6,Conclusion
00:09:13.399000,00:09:16.870000,down one thing let me just tell you we can take example of cloak one three hand,one thing let tell take example cloak one three hand,6,Conclusion
00:09:16.870000,00:09:16.880000,can take example of cloak one three hand,take example cloak one three hand,5,Practical Application
00:09:16.880000,00:09:21.550000,can take example of cloak one three hand one hour and minute and and second so,take example cloak one three hand one hour minute second,3,Transitions
00:09:21.550000,00:09:21.560000,one hour and minute and and second so,one hour minute second,3,Transitions
00:09:21.560000,00:09:24.110000,one hour and minute and and second so this second will move the second hand,one hour minute second second move second hand,3,Transitions
00:09:24.110000,00:09:24.120000,this second will move the second hand,second move second hand,3,Transitions
00:09:24.120000,00:09:24.870000,this second will move the second hand will,second move second hand,3,Transitions
00:09:24.870000,00:09:24.880000,will,,2,Context Setting
00:09:24.880000,00:09:28.910000,will move in every 60 seconds 60 times after,move every 60 seconds 60 times,3,Transitions
00:09:28.910000,00:09:28.920000,move in every 60 seconds 60 times after,move every 60 seconds 60 times,3,Transitions
00:09:28.920000,00:09:29.790000,move in every 60 seconds 60 times after that,move every 60 seconds 60 times,3,Transitions
00:09:29.790000,00:09:29.800000,that,,2,Context Setting
00:09:29.800000,00:09:31.949000,that after completing the 60 this minute will,completing 60 minute,3,Transitions
00:09:31.949000,00:09:31.959000,after completing the 60 this minute will,completing 60 minute,3,Transitions
00:09:31.959000,00:09:35.550000,after completing the 60 this minute will move one step like 1 minute then again,completing 60 minute move one step like 1 minute,3,Transitions
00:09:35.550000,00:09:35.560000,move one step like 1 minute then again,move one step like 1 minute,3,Transitions
00:09:35.560000,00:09:38.710000,move one step like 1 minute then again for next minute this this this uh Second,move one step like 1 minute next minute uh second,3,Transitions
00:09:38.710000,00:09:38.720000,for next minute this this this uh Second,next minute uh second,3,Transitions
00:09:38.720000,00:09:40.750000,for next minute this this this uh Second Hand move 60 times then again it will,next minute uh second hand move 60 times,3,Transitions
00:09:40.750000,00:09:40.760000,Hand move 60 times then again it will,hand move 60 times,3,Transitions
00:09:40.760000,00:09:43.190000,Hand move 60 times then again it will move 1 minute again it will move one 1,hand move 60 times move 1 minute move one 1,3,Transitions
00:09:43.190000,00:09:43.200000,move 1 minute again it will move one 1,move 1 minute move one 1,3,Transitions
00:09:43.200000,00:09:45.269000,move 1 minute again it will move one 1 minute so this is kind,move 1 minute move one 1 minute kind,3,Transitions
00:09:45.269000,00:09:45.279000,minute so this is kind,minute kind,3,Transitions
00:09:45.279000,00:09:48.870000,minute so this is kind of nested Loops so let's let's do some,minute kind nested loops lets lets,0,Introduction
00:09:48.870000,00:09:48.880000,of nested Loops so let's let's do some,nested loops lets lets,0,Introduction
00:09:48.880000,00:09:50.470000,of nested Loops so let's let's do some practical of this nested Loop how to,nested loops lets lets practical nested loop,0,Introduction
00:09:50.470000,00:09:50.480000,practical of this nested Loop how to,practical nested loop,2,Context Setting
00:09:50.480000,00:09:52.990000,practical of this nested Loop how to print the this kind of star okay so,practical nested loop print kind star okay,4,Recap
00:09:52.990000,00:09:53,print the this kind of star okay so,print kind star okay,4,Recap
00:09:53,00:09:56.470000,print the this kind of star okay so let's create a new file nested loop.,print kind star okay lets create new file nested loop,4,Recap
00:09:56.470000,00:09:56.480000,let's create a new file nested loop.,lets create new file nested loop,2,Context Setting
00:09:56.480000,00:09:59.670000,let's create a new file nested loop. CPP same first we will take,lets create new file nested loop cpp first take,2,Context Setting
00:09:59.670000,00:09:59.680000,CPP same first we will take,cpp first take,5,Practical Application
00:09:59.680000,00:10:01.470000,CPP same first we will take that,cpp first take,5,Practical Application
00:10:01.470000,00:10:01.480000,that,,2,Context Setting
00:10:01.480000,00:10:04.310000,that header then name space using name space,header name space using name space,2,Context Setting
00:10:04.310000,00:10:04.320000,header then name space using name space,header name space using name space,2,Context Setting
00:10:04.320000,00:10:09.069000,header then name space using name space s2d and in main we will uh draw that,header name space using name space s2d main uh draw,2,Context Setting
00:10:09.069000,00:10:09.079000,s2d and in main we will uh draw that,s2d main uh draw,2,Context Setting
00:10:09.079000,00:10:13.230000,s2d and in main we will uh draw that pattern right so in outter for Loop out,s2d main uh draw pattern right outter loop,2,Context Setting
00:10:13.230000,00:10:13.240000,pattern right so in outter for Loop out,pattern right outter loop,2,Context Setting
00:10:13.240000,00:10:15.670000,pattern right so in outter for Loop out for Loop is for you can say for the rows,pattern right outter loop loop say rows,2,Context Setting
00:10:15.670000,00:10:15.680000,for Loop is for you can say for the rows,loop say rows,2,Context Setting
00:10:15.680000,00:10:17.670000,for Loop is for you can say for the rows number of rows and inner for Loop is for,loop say rows number rows inner loop,2,Context Setting
00:10:17.670000,00:10:17.680000,number of rows and inner for Loop is for,number rows inner loop,2,Context Setting
00:10:17.680000,00:10:20.710000,number of rows and inner for Loop is for number of columns in each rows so outer,number rows inner loop number columns rows outer,2,Context Setting
00:10:20.710000,00:10:20.720000,number of columns in each rows so outer,number columns rows outer,2,Context Setting
00:10:20.720000,00:10:23.069000,number of columns in each rows so outer for Loop would be traded for how many,number columns rows outer loop would traded many,2,Context Setting
00:10:23.069000,00:10:23.079000,for Loop would be traded for how many,loop would traded many,2,Context Setting
00:10:23.079000,00:10:24.550000,for Loop would be traded for how many number of rows are there in that pattern,loop would traded many number rows pattern,2,Context Setting
00:10:24.550000,00:10:24.560000,number of rows are there in that pattern,number rows pattern,2,Context Setting
00:10:24.560000,00:10:28.630000,number of rows are there in that pattern four right and for every Row the inner,number rows pattern four right every row inner,2,Context Setting
00:10:28.630000,00:10:28.640000,four right and for every Row the inner,four right every row inner,2,Context Setting
00:10:28.640000,00:10:30.509000,four right and for every Row the inner loop would be rated five times because,four right every row inner loop would rated five times,4,Recap
00:10:30.509000,00:10:30.519000,loop would be rated five times because,loop would rated five times,4,Recap
00:10:30.519000,00:10:32.870000,loop would be rated five times because you have to print five star so actual,loop would rated five times print five star actual,4,Recap
00:10:32.870000,00:10:32.880000,you have to print five star so actual,print five star actual,4,Recap
00:10:32.880000,00:10:37.870000,you have to print five star so actual printing is done with the inner for rule,print five star actual printing done inner rule,4,Recap
00:10:37.870000,00:10:37.880000,printing is done with the inner for rule,printing done inner rule,2,Context Setting
00:10:37.880000,00:10:40.670000,printing is done with the inner for rule right so I is equal to 1 and this would,printing done inner rule right equal 1 would,4,Recap
00:10:40.670000,00:10:40.680000,right so I is equal to 1 and this would,right equal 1 would,4,Recap
00:10:40.680000,00:10:43.590000,right so I is equal to 1 and this would be number of rows here we have done,right equal 1 would number rows done,4,Recap
00:10:43.590000,00:10:43.600000,be number of rows here we have done,number rows done,2,Context Setting
00:10:43.600000,00:10:45.949000,be number of rows here we have done hardcoded we are taking like four and,number rows done hardcoded taking like four,5,Practical Application
00:10:45.949000,00:10:45.959000,hardcoded we are taking like four and,hardcoded taking like four,5,Practical Application
00:10:45.959000,00:10:48.069000,hardcoded we are taking like four and this or you can take here like from user,hardcoded taking like four take like user,5,Practical Application
00:10:48.069000,00:10:48.079000,this or you can take here like from user,take like user,5,Practical Application
00:10:48.079000,00:10:49.590000,this or you can take here like from user you can ask enter number of rows enter,take like user ask enter number rows enter,5,Practical Application
00:10:49.590000,00:10:49.600000,you can ask enter number of rows enter,ask enter number rows enter,2,Context Setting
00:10:49.600000,00:10:51.269000,you can ask enter number of rows enter number of columns something like this,ask enter number rows enter number columns something like,5,Practical Application
00:10:51.269000,00:10:51.279000,number of columns something like this,number columns something like,5,Practical Application
00:10:51.279000,00:10:55.430000,number of columns something like this right that is also,number columns something like right also,5,Practical Application
00:10:58.269000,00:10:58.279000,fine so now we have another for Loop in,fine another loop,2,Context Setting
00:10:58.279000,00:11:01.269000,fine so now we have another for Loop in J is equal to 1 and J less than equal to,fine another loop j equal 1 j less equal,2,Context Setting
00:11:01.269000,00:11:01.279000,J is equal to 1 and J less than equal to,j equal 1 j less equal,4,Recap
00:11:01.279000,00:11:03.829000,J is equal to 1 and J less than equal to how many Star I want to print in each,j equal 1 j less equal many star want print,4,Recap
00:11:03.829000,00:11:03.839000,how many Star I want to print in each,many star want print,4,Recap
00:11:03.839000,00:11:07.990000,how many Star I want to print in each row five star so j++ and then actually,many star want print row five star j actually,4,Recap
00:11:07.990000,00:11:08,row five star so j++ and then actually,row five star j actually,4,Recap
00:11:08,00:11:10.389000,row five star so j++ and then actually we are printing,row five star j actually printing,4,Recap
00:11:10.389000,00:11:10.399000,we are printing,printing,2,Context Setting
00:11:10.399000,00:11:13.230000,we are printing here in inner loop,printing inner loop,2,Context Setting
00:11:13.230000,00:11:13.240000,here in inner loop,inner loop,2,Context Setting
00:11:13.240000,00:11:16.870000,here in inner loop Star right and after this after every,inner loop star right every,2,Context Setting
00:11:16.870000,00:11:16.880000,Star right and after this after every,star right every,4,Recap
00:11:16.880000,00:11:18.910000,Star right and after this after every after completing the,star right every completing,4,Recap
00:11:18.910000,00:11:18.920000,after completing the,completing,2,Context Setting
00:11:18.920000,00:11:22.310000,after completing the iteration of inner loop five iteration,completing iteration inner loop five iteration,2,Context Setting
00:11:22.310000,00:11:22.320000,iteration of inner loop five iteration,iteration inner loop five iteration,2,Context Setting
00:11:22.320000,00:11:25.030000,iteration of inner loop five iteration the next for next row would be in next,iteration inner loop five iteration next next row would next,4,Recap
00:11:25.030000,00:11:25.040000,the next for next row would be in next,next next row would next,4,Recap
00:11:25.040000,00:11:27.470000,the next for next row would be in next line so after this you have to put,next next row would next line put,4,Recap
00:11:27.470000,00:11:27.480000,line so after this you have to put,line put,2,Context Setting
00:11:27.480000,00:11:31.310000,line so after this you have to put either endl or slash,line put either endl slash,2,Context Setting
00:11:33.870000,00:11:33.880000,right and just write down return 0 for,right write return 0,2,Context Setting
00:11:33.880000,00:11:35.509000,right and just write down return 0 for successful completion and let's run this,right write return 0 successful completion lets run,2,Context Setting
00:11:35.509000,00:11:35.519000,successful completion and let's run this,successful completion lets run,2,Context Setting
00:11:35.519000,00:11:39.949000,successful completion and let's run this and I'll show you the output now,successful completion lets run ill show output,2,Context Setting
00:11:39.949000,00:11:39.959000,and I'll show you the output now,ill show output,2,Context Setting
00:11:39.959000,00:11:41.949000,and I'll show you the output now see this is the,ill show output see,5,Practical Application
00:11:41.949000,00:11:41.959000,see this is the,see,5,Practical Application
00:11:41.959000,00:11:46.069000,see this is the pattern right so like this using nested,see pattern right like using nested,5,Practical Application
00:11:46.069000,00:11:46.079000,pattern right so like this using nested,pattern right like using nested,5,Practical Application
00:11:46.079000,00:11:48.069000,pattern right so like this using nested Loops we can do we can draw different,pattern right like using nested loops draw different,0,Introduction
00:11:48.069000,00:11:48.079000,Loops we can do we can draw different,loops draw different,0,Introduction
00:11:48.079000,00:11:50.590000,Loops we can do we can draw different different type of pattern we already,loops draw different different type pattern already,2,Context Setting
00:11:50.590000,00:11:50.600000,different type of pattern we already,different type pattern already,2,Context Setting
00:11:50.600000,00:11:53.590000,different type of pattern we already have a playlist of pattern printing but,different type pattern already playlist pattern printing,2,Context Setting
00:11:53.590000,00:11:53.600000,have a playlist of pattern printing but,playlist pattern printing,2,Context Setting
00:11:53.600000,00:11:56.269000,have a playlist of pattern printing but that that is in C language but it's not,playlist pattern printing c language,2,Context Setting
00:11:56.269000,00:11:56.279000,that that is in C language but it's not,c language,2,Context Setting
00:11:56.279000,00:11:58.350000,that that is in C language but it's not you know so much different because synx,c language know much different synx,2,Context Setting
00:11:58.350000,00:11:58.360000,you know so much different because synx,know much different synx,2,Context Setting
00:11:58.360000,00:12:01.310000,you know so much different because synx is almost same print F here see out and,know much different synx almost print f see,5,Practical Application
00:12:01.310000,00:12:01.320000,is almost same print F here see out and,almost print f see,5,Practical Application
00:12:01.320000,00:12:04.910000,is almost same print F here see out and something like this right so those that,almost print f see something like right,5,Practical Application
00:12:04.910000,00:12:04.920000,something like this right so those that,something like right,5,Practical Application
00:12:04.920000,00:12:07.150000,something like this right so those that playlist you can check pattern printing,something like right playlist check pattern printing,5,Practical Application
00:12:07.150000,00:12:07.160000,playlist you can check pattern printing,playlist check pattern printing,2,Context Setting
00:12:07.160000,00:12:10.790000,playlist you can check pattern printing playlist in C so this is the use of you,playlist check pattern printing playlist c use,2,Context Setting
00:12:10.790000,00:12:10.800000,playlist in C so this is the use of you,playlist c use,0,Introduction
00:12:10.800000,00:12:13.269000,playlist in C so this is the use of you can say nest if you want to deal with,playlist c use say nest want deal,5,Practical Application
00:12:13.269000,00:12:13.279000,can say nest if you want to deal with,say nest want deal,5,Practical Application
00:12:13.279000,00:12:17.350000,can say nest if you want to deal with metrix also or we use like 4,say nest want deal metrix also use like 4,5,Practical Application
00:12:17.350000,00:12:17.360000,metrix also or we use like 4,metrix also use like 4,5,Practical Application
00:12:17.360000,00:12:20.629000,metrix also or we use like 4 43 nested for Loop right that is also,metrix also use like 4 43 nested loop right also,1,Step-by-Step Instruction
00:12:20.629000,00:12:20.639000,43 nested for Loop right that is also,43 nested loop right also,1,Step-by-Step Instruction
00:12:20.639000,00:12:22.550000,43 nested for Loop right that is also fine that generally we do when we do,43 nested loop right also fine generally,1,Step-by-Step Instruction
00:12:22.550000,00:12:22.560000,fine that generally we do when we do,fine generally,2,Context Setting
00:12:22.560000,00:12:24.550000,fine that generally we do when we do multiplication of two matrics right I J,fine generally multiplication two matrics right j,2,Context Setting
00:12:24.550000,00:12:24.560000,multiplication of two matrics right I J,multiplication two matrics right j,2,Context Setting
00:12:24.560000,00:12:26.629000,multiplication of two matrics right I J K three Loops we need right that also we,multiplication two matrics right j k three loops need right also,1,Step-by-Step Instruction
00:12:26.629000,00:12:26.639000,K three Loops we need right that also we,k three loops need right also,1,Step-by-Step Instruction
00:12:26.639000,00:12:28.910000,K three Loops we need right that also we have discussed when we were discussing C,k three loops need right also discussed discussing c,1,Step-by-Step Instruction
00:12:28.910000,00:12:28.920000,have discussed when we were discussing C,discussed discussing c,2,Context Setting
00:12:28.920000,00:12:30.790000,have discussed when we were discussing C programming language the link I'll put,discussed discussing c programming language link ill put,2,Context Setting
00:12:30.790000,00:12:30.800000,programming language the link I'll put,programming language link ill put,2,Context Setting
00:12:30.800000,00:12:31.910000,programming language the link I'll put in the side button you can check out,programming language link ill put side button check,2,Context Setting
00:12:31.910000,00:12:31.920000,in the side button you can check out,side button check,2,Context Setting
00:12:31.920000,00:12:34.069000,in the side button you can check out that video also right so any level of,side button check video also right level,1,Step-by-Step Instruction
00:12:34.069000,00:12:34.079000,that video also right so any level of,video also right level,1,Step-by-Step Instruction
00:12:34.079000,00:12:36.110000,that video also right so any level of nesting is possible four four again four,video also right level nesting possible four four four,1,Step-by-Step Instruction
00:12:36.110000,00:12:36.120000,nesting is possible four four again four,nesting possible four four four,1,Step-by-Step Instruction
00:12:36.120000,00:12:38.509000,nesting is possible four four again four again four or here also while four four,nesting possible four four four four also four four,1,Step-by-Step Instruction
00:12:38.509000,00:12:38.519000,again four or here also while four four,four also four four,1,Step-by-Step Instruction
00:12:38.519000,00:12:40.910000,again four or here also while four four while do while nesting of do while,four also four four nesting,1,Step-by-Step Instruction
00:12:40.910000,00:12:40.920000,while do while nesting of do while,nesting,1,Step-by-Step Instruction
00:12:40.920000,00:12:43.030000,while do while nesting of do while nesting of range for Loop thing is,nesting nesting range loop thing,6,Conclusion
00:12:43.030000,00:12:43.040000,nesting of range for Loop thing is,nesting range loop thing,6,Conclusion
00:12:43.040000,00:12:45.189000,nesting of range for Loop thing is possible right so it it's your,nesting range loop thing possible right,1,Step-by-Step Instruction
00:12:45.189000,00:12:45.199000,possible right so it it's your,possible right,1,Step-by-Step Instruction
00:12:45.199000,00:12:47.069000,possible right so it it's your assignment you have to do this same kind,possible right assignment kind,1,Step-by-Step Instruction
00:12:47.069000,00:12:47.079000,assignment you have to do this same kind,assignment kind,2,Context Setting
00:12:47.079000,00:12:48.710000,assignment you have to do this same kind of things you have to draw same pattern,assignment kind things draw pattern,2,Context Setting
00:12:48.710000,00:12:48.720000,of things you have to draw same pattern,things draw pattern,2,Context Setting
00:12:48.720000,00:12:52.590000,of things you have to draw same pattern with doy Loop do while loop as well as,things draw pattern doy loop loop well,2,Context Setting
00:12:52.590000,00:12:52.600000,with doy Loop do while loop as well as,doy loop loop well,2,Context Setting
00:12:52.600000,00:12:55.870000,with doy Loop do while loop as well as with Y Loop right so the the there's two,doy loop loop well loop right theres two,2,Context Setting
00:12:55.870000,00:12:55.880000,with Y Loop right so the the there's two,loop right theres two,2,Context Setting
00:12:55.880000,00:12:58.269000,with Y Loop right so the the there's two program you have to write you can just,loop right theres two program write,2,Context Setting
00:12:58.269000,00:12:58.279000,program you have to write you can just,program write,2,Context Setting
00:12:58.279000,00:12:59.629000,program you have to write you can just uh write down that code in comment,program write uh write code comment,2,Context Setting
00:12:59.629000,00:12:59.639000,uh write down that code in comment,uh write code comment,2,Context Setting
00:12:59.639000,00:13:01.550000,uh write down that code in comment section so in the next video we'll see,uh write code comment section next video well see,5,Practical Application
00:13:01.550000,00:13:01.560000,section so in the next video we'll see,section next video well see,5,Practical Application
00:13:01.560000,00:13:03.750000,section so in the next video we'll see one coding exercise on nested Loops so,section next video well see one coding exercise nested loops,0,Introduction
00:13:03.750000,00:13:03.760000,one coding exercise on nested Loops so,one coding exercise nested loops,0,Introduction
00:13:03.760000,00:13:05.150000,one coding exercise on nested Loops so now I'll see you in the next video till,one coding exercise nested loops ill see next video till,0,Introduction
00:13:05.150000,00:13:05.160000,now I'll see you in the next video till,ill see next video till,5,Practical Application
00:13:05.160000,00:13:09.189000,now I'll see you in the next video till then bye-bye take,ill see next video till byebye take,5,Practical Application
