Start Time,End Time,Text,Cleaned Text,Cluster,Workflow Step
00:00:02.070000,00:00:02.080000,hey everyone I hope you are safe and,hey everyone hope safe,4,Recap
00:00:02.080000,00:00:03.909000,hey everyone I hope you are safe and doing good so in the series of learning,hey everyone hope safe good series learning,4,Recap
00:00:03.909000,00:00:03.919000,doing good so in the series of learning,good series learning,4,Recap
00:00:03.919000,00:00:05.710000,doing good so in the series of learning C++ programming language we have,good series learning c programming language,4,Recap
00:00:05.710000,00:00:05.720000,C++ programming language we have,c programming language,4,Recap
00:00:05.720000,00:00:07.990000,C++ programming language we have discussed arrays and C 1D array but,c programming language discussed arrays c 1d array,1,Step-by-Step Instruction
00:00:07.990000,00:00:08,discussed arrays and C 1D array but,discussed arrays c 1d array,1,Step-by-Step Instruction
00:00:08,00:00:09.910000,discussed arrays and C 1D array but there's a small topic left in 1D array,discussed arrays c 1d array theres small topic left 1d array,1,Step-by-Step Instruction
00:00:09.910000,00:00:09.920000,there's a small topic left in 1D array,theres small topic left 1d array,1,Step-by-Step Instruction
00:00:09.920000,00:00:12.669000,there's a small topic left in 1D array so before discussing 2D array Let's uh,theres small topic left 1d array discussing 2d array lets uh,1,Step-by-Step Instruction
00:00:12.669000,00:00:12.679000,so before discussing 2D array Let's uh,discussing 2d array lets uh,1,Step-by-Step Instruction
00:00:12.679000,00:00:15.070000,so before discussing 2D array Let's uh finish this topic as well that is the,discussing 2d array lets uh finish topic well,1,Step-by-Step Instruction
00:00:15.070000,00:00:15.080000,finish this topic as well that is the,finish topic well,4,Recap
00:00:15.080000,00:00:16.670000,finish this topic as well that is the addressing of array elements how to,finish topic well addressing array elements,1,Step-by-Step Instruction
00:00:16.670000,00:00:16.680000,addressing of array elements how to,addressing array elements,1,Step-by-Step Instruction
00:00:16.680000,00:00:19.349000,addressing of array elements how to calculate address of the elements of 1D,addressing array elements calculate address elements 1d,1,Step-by-Step Instruction
00:00:19.349000,00:00:19.359000,calculate address of the elements of 1D,calculate address elements 1d,1,Step-by-Step Instruction
00:00:19.359000,00:00:21.990000,calculate address of the elements of 1D array right okay if you're not getting,calculate address elements 1d array right okay youre getting,1,Step-by-Step Instruction
00:00:21.990000,00:00:22,array right okay if you're not getting,array right okay youre getting,1,Step-by-Step Instruction
00:00:22,00:00:23.710000,array right okay if you're not getting anything have patience you'll get,array right okay youre getting anything patience youll get,1,Step-by-Step Instruction
00:00:23.710000,00:00:23.720000,anything have patience you'll get,anything patience youll get,4,Recap
00:00:23.720000,00:00:27.750000,anything have patience you'll get everything right what is when 1 D if I,anything patience youll get everything right 1,4,Recap
00:00:27.750000,00:00:27.760000,everything right what is when 1 D if I,everything right 1,4,Recap
00:00:27.760000,00:00:29.429000,everything right what is when 1 D if I take one example like I'm just taking an,everything right 1 take one example like im taking,5,Practical Application
00:00:29.429000,00:00:29.439000,take one example like I'm just taking an,take one example like im taking,5,Practical Application
00:00:29.439000,00:00:32.709000,take one example like I'm just taking an integer as AR of name a and just only,take one example like im taking integer ar name,5,Practical Application
00:00:32.709000,00:00:32.719000,integer as AR of name a and just only,integer ar name,5,Practical Application
00:00:32.719000,00:00:35.869000,integer as AR of name a and just only five integer right and suppose here I,integer ar name five integer right suppose,5,Practical Application
00:00:35.869000,00:00:35.879000,five integer right and suppose here I,five integer right suppose,5,Practical Application
00:00:35.879000,00:00:38.350000,five integer right and suppose here I have like some values five values in,five integer right suppose like values five values,3,Transitions
00:00:38.350000,00:00:38.360000,have like some values five values in,like values five values,3,Transitions
00:00:38.360000,00:00:40.510000,have like some values five values in this array right this is I have,like values five values array right,3,Transitions
00:00:40.510000,00:00:40.520000,this array right this is I have,array right,1,Step-by-Step Instruction
00:00:40.520000,00:00:42.150000,this array right this is I have initialized this array with some,array right initialized array,1,Step-by-Step Instruction
00:00:42.150000,00:00:42.160000,initialized this array with some,initialized array,1,Step-by-Step Instruction
00:00:42.160000,00:00:45.350000,initialized this array with some initializer list so how in memory this,initialized array initializer list memory,1,Step-by-Step Instruction
00:00:45.350000,00:00:45.360000,initializer list so how in memory this,initializer list memory,4,Recap
00:00:45.360000,00:00:48.029000,initializer list so how in memory this is to be stored in continuous memory,initializer list memory stored continuous memory,4,Recap
00:00:48.029000,00:00:48.039000,is to be stored in continuous memory,stored continuous memory,4,Recap
00:00:48.039000,00:00:49.830000,is to be stored in continuous memory location,stored continuous memory location,4,Recap
00:00:49.830000,00:00:49.840000,location,location,4,Recap
00:00:49.840000,00:00:54.389000,location right so if the Base address suppose I,location right base address suppose,2,Context Setting
00:00:54.389000,00:00:54.399000,right so if the Base address suppose I,right base address suppose,2,Context Setting
00:00:54.399000,00:00:56.510000,right so if the Base address suppose I don't know the address suppose because,right base address suppose dont know address suppose,2,Context Setting
00:00:56.510000,00:00:56.520000,don't know the address suppose because,dont know address suppose,2,Context Setting
00:00:56.520000,00:00:58.430000,don't know the address suppose because that is in hexadecimal form suppose the,dont know address suppose hexadecimal form suppose,2,Context Setting
00:00:58.430000,00:00:58.440000,that is in hexadecimal form suppose the,hexadecimal form suppose,4,Recap
00:00:58.440000,00:01:01.670000,that is in hexadecimal form suppose the address is 100 simple address I'm taking,hexadecimal form suppose address 100 simple address im taking,2,Context Setting
00:01:01.670000,00:01:01.680000,address is 100 simple address I'm taking,address 100 simple address im taking,2,Context Setting
00:01:01.680000,00:01:03.830000,address is 100 simple address I'm taking right so integer is going to take,address 100 simple address im taking right integer going take,5,Practical Application
00:01:03.830000,00:01:03.840000,right so integer is going to take,right integer going take,5,Practical Application
00:01:03.840000,00:01:06.550000,right so integer is going to take obviously four bytes right actually,right integer going take obviously four bytes right actually,5,Practical Application
00:01:06.550000,00:01:06.560000,obviously four bytes right actually,obviously four bytes right actually,5,Practical Application
00:01:06.560000,00:01:09.390000,obviously four bytes right actually depends on it depends on compiler also,obviously four bytes right actually depends depends compiler also,4,Recap
00:01:09.390000,00:01:09.400000,depends on it depends on compiler also,depends depends compiler also,4,Recap
00:01:09.400000,00:01:12.149000,depends on it depends on compiler also but in my case in my laptop it is taking,depends depends compiler also case laptop taking,4,Recap
00:01:12.149000,00:01:12.159000,but in my case in my laptop it is taking,case laptop taking,5,Practical Application
00:01:12.159000,00:01:14.270000,but in my case in my laptop it is taking four bytes right so you can check out in,case laptop taking four bytes right check,5,Practical Application
00:01:14.270000,00:01:14.280000,four bytes right so you can check out in,four bytes right check,5,Practical Application
00:01:14.280000,00:01:17.469000,four bytes right so you can check out in your laptop right size of int and you,four bytes right check laptop right size int,5,Practical Application
00:01:17.469000,00:01:17.479000,your laptop right size of int and you,laptop right size int,4,Recap
00:01:17.479000,00:01:20.429000,your laptop right size of int and you can just print that thing 100 now the,laptop right size int print thing 100,4,Recap
00:01:20.429000,00:01:20.439000,can just print that thing 100 now the,print thing 100,4,Recap
00:01:20.439000,00:01:22.749000,can just print that thing 100 now the next element would be at 104 because,print thing 100 next element would 104,4,Recap
00:01:22.749000,00:01:22.759000,next element would be at 104 because,next element would 104,4,Recap
00:01:22.759000,00:01:25.149000,next element would be at 104 because this is going to take four byes one,next element would 104 going take four byes one,5,Practical Application
00:01:25.149000,00:01:25.159000,this is going to take four byes one,going take four byes one,5,Practical Application
00:01:25.159000,00:01:31.670000,this is going to take four byes one element 104 108 112 and 11 6 right index,going take four byes one element 104 108 112 11 6 right index,5,Practical Application
00:01:31.670000,00:01:31.680000,element 104 108 112 and 11 6 right index,element 104 108 112 11 6 right index,6,Conclusion
00:01:31.680000,00:01:37.389000,element 104 108 112 and 11 6 right index always starts from zero 0 1 2 3 4 Arrow,element 104 108 112 11 6 right index always starts zero 0 1 2 3 4 arrow,0,Introduction
00:01:37.389000,00:01:37.399000,always starts from zero 0 1 2 3 4 Arrow,always starts zero 0 1 2 3 4 arrow,0,Introduction
00:01:37.399000,00:01:39.069000,always starts from zero 0 1 2 3 4 Arrow Index,always starts zero 0 1 2 3 4 arrow index,0,Introduction
00:01:39.069000,00:01:39.079000,Index,index,6,Conclusion
00:01:39.079000,00:01:42.270000,Index right this is what array name a and in,index right array name,1,Step-by-Step Instruction
00:01:42.270000,00:01:42.280000,right this is what array name a and in,right array name,1,Step-by-Step Instruction
00:01:42.280000,00:01:43.950000,right this is what array name a and in Array,right array name array,1,Step-by-Step Instruction
00:01:43.950000,00:01:43.960000,Array,array,1,Step-by-Step Instruction
00:01:43.960000,00:01:46.830000,Array here what is to be stored The Base,array stored base,2,Context Setting
00:01:46.830000,00:01:46.840000,here what is to be stored The Base,stored base,2,Context Setting
00:01:46.840000,00:01:49.510000,here what is to be stored The Base address of the array Base address is 100,stored base address array base address 100,2,Context Setting
00:01:49.510000,00:01:49.520000,address of the array Base address is 100,address array base address 100,2,Context Setting
00:01:49.520000,00:01:51.709000,address of the array Base address is 100 or you can say the address of first,address array base address 100 say address first,2,Context Setting
00:01:51.709000,00:01:51.719000,or you can say the address of first,say address first,4,Recap
00:01:51.719000,00:01:54.670000,or you can say the address of first element of array right so 100 is to be,say address first element array right 100,1,Step-by-Step Instruction
00:01:54.670000,00:01:54.680000,element of array right so 100 is to be,element array right 100,1,Step-by-Step Instruction
00:01:54.680000,00:01:57.230000,element of array right so 100 is to be stored and so this is pointing to here,element array right 100 stored pointing,1,Step-by-Step Instruction
00:01:57.230000,00:01:57.240000,stored and so this is pointing to here,stored pointing,4,Recap
00:01:57.240000,00:01:59.870000,stored and so this is pointing to here AR name a so I have told you like,stored pointing ar name told like,3,Transitions
00:01:59.870000,00:01:59.880000,AR name a so I have told you like,ar name told like,3,Transitions
00:01:59.880000,00:02:02.990000,AR name a so I have told you like internally implicitly it is AR name is,ar name told like internally implicitly ar name,3,Transitions
00:02:02.990000,00:02:03,internally implicitly it is AR name is,internally implicitly ar name,4,Recap
00:02:03,00:02:07.589000,internally implicitly it is AR name is acting as a pointer except few cases,internally implicitly ar name acting pointer except cases,4,Recap
00:02:07.589000,00:02:07.599000,acting as a pointer except few cases,acting pointer except cases,4,Recap
00:02:07.599000,00:02:10.309000,acting as a pointer except few cases right see we have discussed this thing,acting pointer except cases right see discussed thing,4,Recap
00:02:10.309000,00:02:10.319000,right see we have discussed this thing,right see discussed thing,4,Recap
00:02:10.319000,00:02:13.190000,right see we have discussed this thing why this is start from zero and all,right see discussed thing start zero,0,Introduction
00:02:13.190000,00:02:13.200000,why this is start from zero and all,start zero,0,Introduction
00:02:13.200000,00:02:14.790000,why this is start from zero and all these things the index start from zero,start zero things index start zero,0,Introduction
00:02:14.790000,00:02:14.800000,these things the index start from zero,things index start zero,0,Introduction
00:02:14.800000,00:02:16.670000,these things the index start from zero when we're discussing the very first,things index start zero discussing first,0,Introduction
00:02:16.670000,00:02:16.680000,when we're discussing the very first,discussing first,4,Recap
00:02:16.680000,00:02:19.630000,when we're discussing the very first video of array I guess the introdu,discussing first video array guess introdu,1,Step-by-Step Instruction
00:02:19.630000,00:02:19.640000,video of array I guess the introdu,video array guess introdu,1,Step-by-Step Instruction
00:02:19.640000,00:02:21.750000,video of array I guess the introdu introductory part introduction to 1D,video array guess introdu introductory part introduction 1d,1,Step-by-Step Instruction
00:02:21.750000,00:02:21.760000,introductory part introduction to 1D,introductory part introduction 1d,4,Recap
00:02:21.760000,00:02:24.150000,introductory part introduction to 1D aray right you can go and check out that,introductory part introduction 1d aray right go check,4,Recap
00:02:24.150000,00:02:24.160000,aray right you can go and check out that,aray right go check,4,Recap
00:02:24.160000,00:02:28.070000,aray right you can go and check out that video so see now this is what if you,aray right go check video see,4,Recap
00:02:28.070000,00:02:28.080000,video so see now this is what if you,video see,4,Recap
00:02:28.080000,00:02:30.030000,video so see now this is what if you want to access the array elements then,video see want access array elements,6,Conclusion
00:02:30.030000,00:02:30.040000,want to access the array elements then,want access array elements,6,Conclusion
00:02:30.040000,00:02:31.990000,want to access the array elements then directly we can access AR any array,want access array elements directly access ar array,6,Conclusion
00:02:31.990000,00:02:32,directly we can access AR any array,directly access ar array,6,Conclusion
00:02:32,00:02:35.790000,directly we can access AR any array element randomly right so if I want to,directly access ar array element randomly right want,6,Conclusion
00:02:35.790000,00:02:35.800000,element randomly right so if I want to,element randomly right want,6,Conclusion
00:02:35.800000,00:02:38.990000,element randomly right so if I want to access this this element so the index is,element randomly right want access element index,6,Conclusion
00:02:38.990000,00:02:39,access this this element so the index is,access element index,6,Conclusion
00:02:39,00:02:41.949000,access this this element so the index is a what you have to write a of 1 and it,access element index write 1,6,Conclusion
00:02:41.949000,00:02:41.959000,a what you have to write a of 1 and it,write 1,4,Recap
00:02:41.959000,00:02:45.830000,a what you have to write a of 1 and it will give you zero if I write a of three,write 1 give zero write three,0,Introduction
00:02:45.830000,00:02:45.840000,will give you zero if I write a of three,give zero write three,0,Introduction
00:02:45.840000,00:02:47.550000,will give you zero if I write a of three it will give you,give zero write three give,0,Introduction
00:02:47.550000,00:02:47.560000,it will give you,give,4,Recap
00:02:47.560000,00:02:50.190000,it will give you one right it's not like that the third,give one right like third,3,Transitions
00:02:50.190000,00:02:50.200000,one right it's not like that the third,one right like third,3,Transitions
00:02:50.200000,00:02:53.350000,one right it's not like that the third element 1 2 3 no this index is actually,one right like third element 1 2 3 index actually,6,Conclusion
00:02:53.350000,00:02:53.360000,element 1 2 3 no this index is actually,element 1 2 3 index actually,6,Conclusion
00:02:53.360000,00:02:55.509000,element 1 2 3 no this index is actually the offset mean the distance from the,element 1 2 3 index actually offset mean distance,6,Conclusion
00:02:55.509000,00:02:55.519000,the offset mean the distance from the,offset mean distance,4,Recap
00:02:55.519000,00:02:57.350000,the offset mean the distance from the first element how many step you need to,offset mean distance first element many step need,6,Conclusion
00:02:57.350000,00:02:57.360000,first element how many step you need to,first element many step need,6,Conclusion
00:02:57.360000,00:03:01.670000,first element how many step you need to take to reach to this this this offset,first element many step need take reach offset,6,Conclusion
00:03:01.670000,00:03:01.680000,take to reach to this this this offset,take reach offset,5,Practical Application
00:03:01.680000,00:03:06.110000,take to reach to this this this offset third offset so 1 2 3 so this is the,take reach offset third offset 1 2 3,5,Practical Application
00:03:06.110000,00:03:06.120000,third offset so 1 2 3 so this is the,third offset 1 2 3,4,Recap
00:03:06.120000,00:03:08.750000,third offset so 1 2 3 so this is the output one right but how the address is,third offset 1 2 3 output one right address,5,Practical Application
00:03:08.750000,00:03:08.760000,output one right but how the address is,output one right address,5,Practical Application
00:03:08.760000,00:03:09.789000,output one right but how the address is to be,output one right address,5,Practical Application
00:03:09.789000,00:03:09.799000,to be,,4,Recap
00:03:09.799000,00:03:12.070000,to be calculated obviously when we are writing,calculated obviously writing,4,Recap
00:03:12.070000,00:03:12.080000,calculated obviously when we are writing,calculated obviously writing,4,Recap
00:03:12.080000,00:03:13.350000,calculated obviously when we are writing something then there is some inner,calculated obviously writing something inner,4,Recap
00:03:13.350000,00:03:13.360000,something then there is some inner,something inner,4,Recap
00:03:13.360000,00:03:14.789000,something then there is some inner working,something inner working,4,Recap
00:03:14.789000,00:03:14.799000,working,working,4,Recap
00:03:14.799000,00:03:19.190000,working right the address is like 112 and at 112,working right address like 112 112,5,Practical Application
00:03:19.190000,00:03:19.200000,right the address is like 112 and at 112,right address like 112 112,5,Practical Application
00:03:19.200000,00:03:22.110000,right the address is like 112 and at 112 there is one so one is to be fast,right address like 112 112 one one fast,5,Practical Application
00:03:22.110000,00:03:22.120000,there is one so one is to be fast,one one fast,5,Practical Application
00:03:22.120000,00:03:24.390000,there is one so one is to be fast suppose if you have five friends and,one one fast suppose five friends,5,Practical Application
00:03:24.390000,00:03:24.400000,suppose if you have five friends and,suppose five friends,2,Context Setting
00:03:24.400000,00:03:26.470000,suppose if you have five friends and your five friends are you know their,suppose five friends five friends know,2,Context Setting
00:03:26.470000,00:03:26.480000,your five friends are you know their,five friends know,2,Context Setting
00:03:26.480000,00:03:29.309000,your five friends are you know their houses are in a line something like this,five friends know houses line something like,3,Transitions
00:03:29.309000,00:03:29.319000,houses are in a line something like this,houses line something like,3,Transitions
00:03:29.319000,00:03:33.350000,houses are in a line something like this so if I say and and this house is of,houses line something like say house,3,Transitions
00:03:33.350000,00:03:33.360000,so if I say and and this house is of,say house,4,Recap
00:03:33.360000,00:03:36.630000,so if I say and and this house is of your friend like maybe uh Rahul so if I,say house friend like maybe uh rahul,3,Transitions
00:03:36.630000,00:03:36.640000,your friend like maybe uh Rahul so if I,friend like maybe uh rahul,3,Transitions
00:03:36.640000,00:03:38.630000,your friend like maybe uh Rahul so if I say go and call Rahul so you will,friend like maybe uh rahul say go call rahul,3,Transitions
00:03:38.630000,00:03:38.640000,say go and call Rahul so you will,say go call rahul,3,Transitions
00:03:38.640000,00:03:42.229000,say go and call Rahul so you will directly go to rahul's house because you,say go call rahul directly go rahuls house,3,Transitions
00:03:42.229000,00:03:42.239000,directly go to rahul's house because you,directly go rahuls house,4,Recap
00:03:42.239000,00:03:45.949000,directly go to rahul's house because you know the address right so how to,directly go rahuls house know address right,2,Context Setting
00:03:45.949000,00:03:45.959000,know the address right so how to,know address right,2,Context Setting
00:03:45.959000,00:03:48.309000,know the address right so how to calculate this address what is the,know address right calculate address,2,Context Setting
00:03:48.309000,00:03:48.319000,calculate this address what is the,calculate address,2,Context Setting
00:03:48.319000,00:03:51.030000,calculate this address what is the formula how this addressing addressing,calculate address formula addressing addressing,4,Recap
00:03:51.030000,00:03:51.040000,formula how this addressing addressing,formula addressing addressing,4,Recap
00:03:51.040000,00:03:52.589000,formula how this addressing addressing is to be done of every element so there,formula addressing addressing done every element,4,Recap
00:03:52.589000,00:03:52.599000,is to be done of every element so there,done every element,4,Recap
00:03:52.599000,00:03:56.990000,is to be done of every element so there is a simple formula what is that,done every element simple formula,5,Practical Application
00:03:56.990000,00:03:57,is a simple formula what is that,simple formula,5,Practical Application
00:03:57,00:04:01.990000,is a simple formula what is that see now here this B is Base address so,simple formula see b base address,2,Context Setting
00:04:01.990000,00:04:02,see now here this B is Base address so,see b base address,2,Context Setting
00:04:02,00:04:04.990000,see now here this B is Base address so if I take example of a of,see b base address take example,2,Context Setting
00:04:04.990000,00:04:05,if I take example of a of,take example,5,Practical Application
00:04:05,00:04:07.550000,if I take example of a of three Base address of the Base address,take example three base address base address,2,Context Setting
00:04:07.550000,00:04:07.560000,three Base address of the Base address,three base address base address,2,Context Setting
00:04:07.560000,00:04:10.309000,three Base address of the Base address of this array is what 100 so let's take,three base address base address array 100 lets take,2,Context Setting
00:04:10.309000,00:04:10.319000,of this array is what 100 so let's take,array 100 lets take,1,Step-by-Step Instruction
00:04:10.319000,00:04:13.869000,of this array is what 100 so let's take 100 plus this s is what size of a single,array 100 lets take 100 plus size single,1,Step-by-Step Instruction
00:04:13.869000,00:04:13.879000,100 plus this s is what size of a single,100 plus size single,4,Recap
00:04:13.879000,00:04:16.830000,100 plus this s is what size of a single element of that array in bites so in,100 plus size single element array bites,1,Step-by-Step Instruction
00:04:16.830000,00:04:16.840000,element of that array in bites so in,element array bites,1,Step-by-Step Instruction
00:04:16.840000,00:04:18.670000,element of that array in bites so in this array size of a single element,element array bites array size single element,1,Step-by-Step Instruction
00:04:18.670000,00:04:18.680000,this array size of a single element,array size single element,1,Step-by-Step Instruction
00:04:18.680000,00:04:20.590000,this array size of a single element because this is of integer type right,array size single element integer type right,1,Step-by-Step Instruction
00:04:20.590000,00:04:20.600000,because this is of integer type right,integer type right,5,Practical Application
00:04:20.600000,00:04:22.110000,because this is of integer type right and obviously all the element would be,integer type right obviously element would,5,Practical Application
00:04:22.110000,00:04:22.120000,and obviously all the element would be,obviously element would,4,Recap
00:04:22.120000,00:04:23.990000,and obviously all the element would be integer because array is collection of,obviously element would integer array collection,1,Step-by-Step Instruction
00:04:23.990000,00:04:24,integer because array is collection of,integer array collection,1,Step-by-Step Instruction
00:04:24,00:04:27.030000,integer because array is collection of homogeneous stereotypes right so one,integer array collection homogeneous stereotypes right one,5,Practical Application
00:04:27.030000,00:04:27.040000,homogeneous stereotypes right so one,homogeneous stereotypes right one,5,Practical Application
00:04:27.040000,00:04:30.629000,homogeneous stereotypes right so one element will take four bytes so sizes 4,homogeneous stereotypes right one element take four bytes sizes 4,5,Practical Application
00:04:30.629000,00:04:30.639000,element will take four bytes so sizes 4,element take four bytes sizes 4,5,Practical Application
00:04:30.639000,00:04:33.390000,element will take four bytes so sizes 4 into this I is what the,element take four bytes sizes 4,5,Practical Application
00:04:33.390000,00:04:33.400000,into this I is what the,,4,Recap
00:04:33.400000,00:04:36.629000,into this I is what the index right index is,index right index,6,Conclusion
00:04:36.629000,00:04:36.639000,index right index is,index right index,6,Conclusion
00:04:36.639000,00:04:39.029000,index right index is three because for this I want to,index right index three want,6,Conclusion
00:04:39.029000,00:04:39.039000,three because for this I want to,three want,6,Conclusion
00:04:39.039000,00:04:41.270000,three because for this I want to calculate the address so index is three,three want calculate address index three,6,Conclusion
00:04:41.270000,00:04:41.280000,calculate the address so index is three,calculate address index three,6,Conclusion
00:04:41.280000,00:04:43.830000,calculate the address so index is three minus this lb is what lower,calculate address index three minus lb lower,6,Conclusion
00:04:43.830000,00:04:43.840000,minus this lb is what lower,minus lb lower,4,Recap
00:04:43.840000,00:04:46.510000,minus this lb is what lower bound lower bound is what you can say,minus lb lower bound lower bound say,4,Recap
00:04:46.510000,00:04:46.520000,bound lower bound is what you can say,bound lower bound say,4,Recap
00:04:46.520000,00:04:48.510000,bound lower bound is what you can say that array of the address of the first,bound lower bound say array address first,4,Recap
00:04:48.510000,00:04:48.520000,that array of the address of the first,array address first,1,Step-by-Step Instruction
00:04:48.520000,00:04:51.070000,that array of the address of the first element or the index of the sorry index,array address first element index sorry index,6,Conclusion
00:04:51.070000,00:04:51.080000,element or the index of the sorry index,element index sorry index,6,Conclusion
00:04:51.080000,00:04:53.950000,element or the index of the sorry index of the first element of the if no lower,element index sorry index first element lower,6,Conclusion
00:04:53.950000,00:04:53.960000,of the first element of the if no lower,first element lower,4,Recap
00:04:53.960000,00:04:55.870000,of the first element of the if no lower bound is given then you have to assume,first element lower bound given assume,4,Recap
00:04:55.870000,00:04:55.880000,bound is given then you have to assume,bound given assume,4,Recap
00:04:55.880000,00:05:01.710000,bound is given then you have to assume it zero so lower bound is in this case,bound given assume zero lower bound case,4,Recap
00:05:04.790000,00:05:04.800000,zero right because no lower bound is,zero right lower bound,4,Recap
00:05:04.800000,00:05:12.230000,zero right because no lower bound is given now 100 + 4 into 3 so it is 1 1 2,zero right lower bound given 100 4 3 1 1 2,4,Recap
00:05:12.230000,00:05:12.240000,given now 100 + 4 into 3 so it is 1 1 2,given 100 4 3 1 1 2,4,Recap
00:05:12.240000,00:05:14.670000,given now 100 + 4 into 3 so it is 1 1 2 and we know array of this third this,given 100 4 3 1 1 2 know array third,1,Step-by-Step Instruction
00:05:14.670000,00:05:14.680000,and we know array of this third this,know array third,1,Step-by-Step Instruction
00:05:14.680000,00:05:17.029000,and we know array of this third this element is what at address,know array third element address,1,Step-by-Step Instruction
00:05:17.029000,00:05:17.039000,element is what at address,element address,2,Context Setting
00:05:17.039000,00:05:19.940000,element is what at address 112 right so this is the simple,element address 112 right simple,5,Practical Application
00:05:19.940000,00:05:19.950000,112 right so this is the simple,112 right simple,5,Practical Application
00:05:19.950000,00:05:21.430000,112 right so this is the simple [Music],112 right simple music,5,Practical Application
00:05:21.430000,00:05:21.440000,[Music],music,4,Recap
00:05:21.440000,00:05:24.189000,[Music] formula you can take any suppose I'm,music formula take suppose im,5,Practical Application
00:05:24.189000,00:05:24.199000,formula you can take any suppose I'm,formula take suppose im,5,Practical Application
00:05:24.199000,00:05:25.430000,formula you can take any suppose I'm taking a,formula take suppose im taking,5,Practical Application
00:05:25.430000,00:05:25.440000,taking a,taking,5,Practical Application
00:05:25.440000,00:05:30.430000,taking a of0 right so Base address 100 plus size,taking of0 right base address 100 plus size,2,Context Setting
00:05:30.430000,00:05:30.440000,of0 right so Base address 100 plus size,of0 right base address 100 plus size,2,Context Setting
00:05:30.440000,00:05:35.430000,of0 right so Base address 100 plus size 4 bytes into I is what index 0 minus,of0 right base address 100 plus size 4 bytes index 0 minus,2,Context Setting
00:05:35.430000,00:05:35.440000,4 bytes into I is what index 0 minus,4 bytes index 0 minus,6,Conclusion
00:05:35.440000,00:05:38.150000,4 bytes into I is what index 0 minus lower bound is also zero so this would,4 bytes index 0 minus lower bound also zero would,4,Recap
00:05:38.150000,00:05:38.160000,lower bound is also zero so this would,lower bound also zero would,4,Recap
00:05:38.160000,00:05:42.110000,lower bound is also zero so this would be 100 only and we know a of0 is the,lower bound also zero would 100 know of0,4,Recap
00:05:42.110000,00:05:42.120000,be 100 only and we know a of0 is the,100 know of0,2,Context Setting
00:05:42.120000,00:05:44.629000,be 100 only and we know a of0 is the address of a of0 this element is what,100 know of0 address of0 element,2,Context Setting
00:05:44.629000,00:05:44.639000,address of a of0 this element is what,address of0 element,2,Context Setting
00:05:44.639000,00:05:46.469000,address of a of0 this element is what 100 only,address of0 element 100,2,Context Setting
00:05:46.469000,00:05:46.479000,100 only,100,4,Recap
00:05:46.479000,00:05:49.430000,100 only right so this formula you need to you,100 right formula need,5,Practical Application
00:05:49.430000,00:05:49.440000,right so this formula you need to you,right formula need,5,Practical Application
00:05:49.440000,00:05:53.309000,right so this formula you need to you know remember right if you want to,right formula need know remember right want,6,Conclusion
00:05:53.309000,00:05:53.319000,know remember right if you want to,know remember right want,6,Conclusion
00:05:53.319000,00:05:55.430000,know remember right if you want to calculate the address of any array,know remember right want calculate address array,1,Step-by-Step Instruction
00:05:55.430000,00:05:55.440000,calculate the address of any array,calculate address array,1,Step-by-Step Instruction
00:05:55.440000,00:05:58.749000,calculate the address of any array element 1D array right for 2D array it's,calculate address array element 1d array right 2d array,1,Step-by-Step Instruction
00:05:58.749000,00:05:58.759000,element 1D array right for 2D array it's,element 1d array right 2d array,1,Step-by-Step Instruction
00:05:58.759000,00:06:00.749000,element 1D array right for 2D array it's little bit different so that thing we'll,element 1d array right 2d array little bit different thing well,1,Step-by-Step Instruction
00:06:00.749000,00:06:00.759000,little bit different so that thing we'll,little bit different thing well,4,Recap
00:06:00.759000,00:06:02.670000,little bit different so that thing we'll discuss in next video like from next,little bit different thing well discuss next video like next,3,Transitions
00:06:02.670000,00:06:02.680000,discuss in next video like from next,discuss next video like next,3,Transitions
00:06:02.680000,00:06:05.029000,discuss in next video like from next video we'll see about multi-dimensional,discuss next video like next video well see multidimensional,3,Transitions
00:06:05.029000,00:06:05.039000,video we'll see about multi-dimensional,video well see multidimensional,4,Recap
00:06:05.039000,00:06:08.430000,video we'll see about multi-dimensional arrays especially 2D arrays right so now,video well see multidimensional arrays especially 2d arrays right,4,Recap
00:06:08.430000,00:06:08.440000,arrays especially 2D arrays right so now,arrays especially 2d arrays right,4,Recap
00:06:08.440000,00:06:09.629000,arrays especially 2D arrays right so now that's it for this video now I'll see,arrays especially 2d arrays right thats video ill see,4,Recap
00:06:09.629000,00:06:09.639000,that's it for this video now I'll see,thats video ill see,4,Recap
00:06:09.639000,00:06:16.309000,that's it for this video now I'll see you in the next Tut then bye take,thats video ill see next tut bye take,4,Recap
