Start Time,End Time,Text,Cleaned Text,Cluster,Workflow Step
00:00:02.070000,00:00:02.080000,hey everyone I hope you are safe and,hey everyone hope safe,3,Transitions
00:00:02.080000,00:00:04.070000,hey everyone I hope you are safe and doing good so in the series of learning,hey everyone hope safe good series learning,3,Transitions
00:00:04.070000,00:00:04.080000,doing good so in the series of learning,good series learning,3,Transitions
00:00:04.080000,00:00:05.869000,doing good so in the series of learning C++ programming language we are,good series learning c programming language,3,Transitions
00:00:05.869000,00:00:05.879000,C++ programming language we are,c programming language,3,Transitions
00:00:05.879000,00:00:08.070000,C++ programming language we are discussing 2D arrays in the previous,c programming language discussing 2d arrays previous,4,Recap
00:00:08.070000,00:00:08.080000,discussing 2D arrays in the previous,discussing 2d arrays previous,4,Recap
00:00:08.080000,00:00:09.549000,discussing 2D arrays in the previous video we have seen what is 2D array how,discussing 2d arrays previous video seen 2d array,4,Recap
00:00:09.549000,00:00:09.559000,video we have seen what is 2D array how,video seen 2d array,4,Recap
00:00:09.559000,00:00:12.030000,video we have seen what is 2D array how to declare 2D array how to initialize,video seen 2d array declare 2d array initialize,4,Recap
00:00:12.030000,00:00:12.040000,to declare 2D array how to initialize,declare 2d array initialize,4,Recap
00:00:12.040000,00:00:15.110000,to declare 2D array how to initialize this right now the next point is in this,declare 2d array initialize right next point,4,Recap
00:00:15.110000,00:00:15.120000,this right now the next point is in this,right next point,2,Context Setting
00:00:15.120000,00:00:17.070000,this right now the next point is in this video we'll discuss like memory,right next point video well discuss like memory,4,Recap
00:00:17.070000,00:00:17.080000,video we'll discuss like memory,video well discuss like memory,4,Recap
00:00:17.080000,00:00:19.269000,video we'll discuss like memory representation of 2D array and how to,video well discuss like memory representation 2d array,4,Recap
00:00:19.269000,00:00:19.279000,representation of 2D array and how to,representation 2d array,4,Recap
00:00:19.279000,00:00:23.189000,representation of 2D array and how to access elements from that array right,representation 2d array access elements array right,1,Step-by-Step Instruction
00:00:23.189000,00:00:23.199000,access elements from that array right,access elements array right,1,Step-by-Step Instruction
00:00:23.199000,00:00:24.950000,access elements from that array right because obviously when in the previous,access elements array right obviously previous,1,Step-by-Step Instruction
00:00:24.950000,00:00:24.960000,because obviously when in the previous,obviously previous,3,Transitions
00:00:24.960000,00:00:26.710000,because obviously when in the previous video we have seen like generally we,obviously previous video seen like generally,4,Recap
00:00:26.710000,00:00:26.720000,video we have seen like generally we,video seen like generally,4,Recap
00:00:26.720000,00:00:28.910000,video we have seen like generally we visualize 2D something like this uh in,video seen like generally visualize 2d something like uh,0,Introduction
00:00:28.910000,00:00:28.920000,visualize 2D something like this uh in,visualize 2d something like uh,0,Introduction
00:00:28.920000,00:00:30.790000,visualize 2D something like this uh in metrix form in rows and,visualize 2d something like uh metrix form rows,0,Introduction
00:00:30.790000,00:00:30.800000,metrix form in rows and,metrix form rows,2,Context Setting
00:00:30.800000,00:00:34.110000,metrix form in rows and columns right here we have like 1 2 3,metrix form rows columns right like 1 2 3,2,Context Setting
00:00:34.110000,00:00:34.120000,columns right here we have like 1 2 3,columns right like 1 2 3,2,Context Setting
00:00:34.120000,00:00:36.229000,columns right here we have like 1 2 3 three rows and three columns three two,columns right like 1 2 3 three rows three columns three two,2,Context Setting
00:00:36.229000,00:00:36.239000,three rows and three columns three two,three rows three columns three two,2,Context Setting
00:00:36.239000,00:00:38.869000,three rows and three columns three two three Matrix so here the data is to be,three rows three columns three two three matrix data,2,Context Setting
00:00:38.869000,00:00:38.879000,three Matrix so here the data is to be,three matrix data,2,Context Setting
00:00:38.879000,00:00:40.750000,three Matrix so here the data is to be stored whatever you say the elements but,three matrix data stored whatever say elements,1,Step-by-Step Instruction
00:00:40.750000,00:00:40.760000,stored whatever you say the elements but,stored whatever say elements,1,Step-by-Step Instruction
00:00:40.760000,00:00:42.630000,stored whatever you say the elements but it's not like that in memory this is,stored whatever say elements like memory,1,Step-by-Step Instruction
00:00:42.630000,00:00:42.640000,it's not like that in memory this is,like memory,2,Context Setting
00:00:42.640000,00:00:44.709000,it's not like that in memory this is stored in this form only because memory,like memory stored form memory,2,Context Setting
00:00:44.709000,00:00:44.719000,stored in this form only because memory,stored form memory,2,Context Setting
00:00:44.719000,00:00:47.350000,stored in this form only because memory is a like tape,stored form memory like tape,2,Context Setting
00:00:47.350000,00:00:47.360000,is a like tape,like tape,2,Context Setting
00:00:47.360000,00:00:52.110000,is a like tape of this B right either you can represent,like tape b right either represent,2,Context Setting
00:00:52.110000,00:00:52.120000,of this B right either you can represent,b right either represent,2,Context Setting
00:00:52.120000,00:00:53.869000,of this B right either you can represent it in horizontal form or vertical form,b right either represent horizontal form vertical form,2,Context Setting
00:00:53.869000,00:00:53.879000,it in horizontal form or vertical form,horizontal form vertical form,2,Context Setting
00:00:53.879000,00:00:56.750000,it in horizontal form or vertical form so this is not the case like just pick,horizontal form vertical form case like pick,2,Context Setting
00:00:56.750000,00:00:56.760000,so this is not the case like just pick,case like pick,2,Context Setting
00:00:56.760000,00:00:58.509000,so this is not the case like just pick this and place this in memory something,case like pick place memory something,0,Introduction
00:00:58.509000,00:00:58.519000,this and place this in memory something,place memory something,0,Introduction
00:00:58.519000,00:01:01.509000,this and place this in memory something like this no you have to store the these,place memory something like store,0,Introduction
00:01:01.509000,00:01:01.519000,like this no you have to store the these,like store,2,Context Setting
00:01:01.519000,00:01:05.469000,like this no you have to store the these elements in this form only right so how,like store elements form right,1,Step-by-Step Instruction
00:01:05.469000,00:01:05.479000,elements in this form only right so how,elements form right,1,Step-by-Step Instruction
00:01:05.479000,00:01:07.950000,elements in this form only right so how to map this thing how those elements of,elements form right map thing elements,1,Step-by-Step Instruction
00:01:07.950000,00:01:07.960000,to map this thing how those elements of,map thing elements,1,Step-by-Step Instruction
00:01:07.960000,00:01:10.710000,to map this thing how those elements of 2D array the data is stored in memory,map thing elements 2d array data stored memory,1,Step-by-Step Instruction
00:01:10.710000,00:01:10.720000,2D array the data is stored in memory,2d array data stored memory,4,Recap
00:01:10.720000,00:01:13.190000,2D array the data is stored in memory that thing we'll see in this video right,2d array data stored memory thing well see video right,4,Recap
00:01:13.190000,00:01:13.200000,that thing we'll see in this video right,thing well see video right,4,Recap
00:01:13.200000,00:01:15.710000,that thing we'll see in this video right and how to access definitely those,thing well see video right access definitely,4,Recap
00:01:15.710000,00:01:15.720000,and how to access definitely those,access definitely,1,Step-by-Step Instruction
00:01:15.720000,00:01:18.950000,and how to access definitely those elements from AR right but before that I,access definitely elements ar right,1,Step-by-Step Instruction
00:01:18.950000,00:01:18.960000,elements from AR right but before that I,elements ar right,1,Step-by-Step Instruction
00:01:18.960000,00:01:20.429000,elements from AR right but before that I want to tell you something if you are,elements ar right want tell something,1,Step-by-Step Instruction
00:01:20.429000,00:01:20.439000,want to tell you something if you are,want tell something,0,Introduction
00:01:20.439000,00:01:22.590000,want to tell you something if you are interested if you are a gate aspirant or,want tell something interested gate aspirant,3,Transitions
00:01:22.590000,00:01:22.600000,interested if you are a gate aspirant or,interested gate aspirant,3,Transitions
00:01:22.600000,00:01:24.109000,interested if you are a gate aspirant or especially especially if you are,interested gate aspirant especially especially,3,Transitions
00:01:24.109000,00:01:24.119000,especially especially if you are,especially especially,3,Transitions
00:01:24.119000,00:01:26.270000,especially especially if you are interested in uh data science and,especially especially interested uh data science,5,Practical Application
00:01:26.270000,00:01:26.280000,interested in uh data science and,interested uh data science,5,Practical Application
00:01:26.280000,00:01:30.350000,interested in uh data science and artificial intelligence field right so,interested uh data science artificial intelligence field right,5,Practical Application
00:01:30.350000,00:01:30.360000,artificial intelligence field right so,artificial intelligence field right,2,Context Setting
00:01:30.360000,00:01:32.350000,artificial intelligence field right so like we know AI is future it is going to,artificial intelligence field right like know ai future going,5,Practical Application
00:01:32.350000,00:01:32.360000,like we know AI is future it is going to,like know ai future going,5,Practical Application
00:01:32.360000,00:01:33.950000,like we know AI is future it is going to replace many jobs and even it has,like know ai future going replace many jobs even,5,Practical Application
00:01:33.950000,00:01:33.960000,replace many jobs and even it has,replace many jobs even,5,Practical Application
00:01:33.960000,00:01:36.789000,replace many jobs and even it has already replaced some jobs right so in,replace many jobs even already replaced jobs right,5,Practical Application
00:01:36.789000,00:01:36.799000,already replaced some jobs right so in,already replaced jobs right,5,Practical Application
00:01:36.799000,00:01:40.830000,already replaced some jobs right so in this Academic Year for 2024 gate 2024,already replaced jobs right academic year 2024 gate 2024,3,Transitions
00:01:40.830000,00:01:40.840000,this Academic Year for 2024 gate 2024,academic year 2024 gate 2024,3,Transitions
00:01:40.840000,00:01:43.230000,this Academic Year for 2024 gate 2024 this IC Bangalore has introduced a new,academic year 2024 gate 2024 ic bangalore introduced new,3,Transitions
00:01:43.230000,00:01:43.240000,this IC Bangalore has introduced a new,ic bangalore introduced new,3,Transitions
00:01:43.240000,00:01:45.230000,this IC Bangalore has introduced a new paper for data science and artificial,ic bangalore introduced new paper data science artificial,3,Transitions
00:01:45.230000,00:01:45.240000,paper for data science and artificial,paper data science artificial,3,Transitions
00:01:45.240000,00:01:47.230000,paper for data science and artificial intelligence having code,paper data science artificial intelligence code,3,Transitions
00:01:47.230000,00:01:47.240000,intelligence having code,intelligence code,3,Transitions
00:01:47.240000,00:01:50.749000,intelligence having code da and this is open for all the students,intelligence code da open students,5,Practical Application
00:01:50.749000,00:01:50.759000,da and this is open for all the students,da open students,5,Practical Application
00:01:50.759000,00:01:53.190000,da and this is open for all the students who have uh you know bachelor degree in,da open students uh know bachelor degree,5,Practical Application
00:01:53.190000,00:01:53.200000,who have uh you know bachelor degree in,uh know bachelor degree,5,Practical Application
00:01:53.200000,00:01:55.789000,who have uh you know bachelor degree in engineering uh technology or even in,uh know bachelor degree engineering uh technology even,5,Practical Application
00:01:55.789000,00:01:55.799000,engineering uh technology or even in,engineering uh technology even,5,Practical Application
00:01:55.799000,00:01:58.429000,engineering uh technology or even in architecture science technology right so,engineering uh technology even architecture science technology right,5,Practical Application
00:01:58.429000,00:01:58.439000,architecture science technology right so,architecture science technology right,5,Practical Application
00:01:58.439000,00:02:01.109000,architecture science technology right so even known csit students can write this,architecture science technology right even known csit students write,5,Practical Application
00:02:01.109000,00:02:01.119000,even known csit students can write this,even known csit students write,5,Practical Application
00:02:01.119000,00:02:03.270000,even known csit students can write this paper and get benefit benefit from it,even known csit students write paper get benefit benefit,5,Practical Application
00:02:03.270000,00:02:03.280000,paper and get benefit benefit from it,paper get benefit benefit,3,Transitions
00:02:03.280000,00:02:04.870000,paper and get benefit benefit from it like if you want to want to go for,paper get benefit benefit like want want go,2,Context Setting
00:02:04.870000,00:02:04.880000,like if you want to want to go for,like want want go,2,Context Setting
00:02:04.880000,00:02:06.670000,like if you want to want to go for higher education like for get admiss in,like want want go higher education like get admiss,2,Context Setting
00:02:06.670000,00:02:06.680000,higher education like for get admiss in,higher education like get admiss,2,Context Setting
00:02:06.680000,00:02:08.389000,higher education like for get admiss in mtech or PHD programs in data science,higher education like get admiss mtech phd programs data science,2,Context Setting
00:02:08.389000,00:02:08.399000,mtech or PHD programs in data science,mtech phd programs data science,3,Transitions
00:02:08.399000,00:02:10.469000,mtech or PHD programs in data science and AI then definitely if you go for,mtech phd programs data science ai definitely go,3,Transitions
00:02:10.469000,00:02:10.479000,and AI then definitely if you go for,ai definitely go,3,Transitions
00:02:10.479000,00:02:12.869000,and AI then definitely if you go for this gate paper gate 2024 da then it,ai definitely go gate paper gate 2024 da,3,Transitions
00:02:12.869000,00:02:12.879000,this gate paper gate 2024 da then it,gate paper gate 2024 da,3,Transitions
00:02:12.879000,00:02:15.030000,this gate paper gate 2024 da then it will be helpful for you guys right and,gate paper gate 2024 da helpful guys right,3,Transitions
00:02:15.030000,00:02:15.040000,will be helpful for you guys right and,helpful guys right,2,Context Setting
00:02:15.040000,00:02:17.270000,will be helpful for you guys right and for job perspective also you can stand,helpful guys right job perspective also stand,2,Context Setting
00:02:17.270000,00:02:17.280000,for job perspective also you can stand,job perspective also stand,2,Context Setting
00:02:17.280000,00:02:20.190000,for job perspective also you can stand out in the job market right so the thing,job perspective also stand job market right thing,2,Context Setting
00:02:20.190000,00:02:20.200000,out in the job market right so the thing,job market right thing,2,Context Setting
00:02:20.200000,00:02:22.670000,out in the job market right so the thing is there like if you want to prepare for,job market right thing like want prepare,2,Context Setting
00:02:22.670000,00:02:22.680000,is there like if you want to prepare for,like want prepare,2,Context Setting
00:02:22.680000,00:02:24.790000,is there like if you want to prepare for this gate this paper then there is a,like want prepare gate paper,2,Context Setting
00:02:24.790000,00:02:24.800000,this gate this paper then there is a,gate paper,3,Transitions
00:02:24.800000,00:02:26.869000,this gate this paper then there is a good news for you guys an academy is,gate paper good news guys academy,3,Transitions
00:02:26.869000,00:02:26.879000,good news for you guys an academy is,good news guys academy,3,Transitions
00:02:26.879000,00:02:30.630000,good news for you guys an academy is going to launch India's biggest and best,good news guys academy going launch indias biggest best,3,Transitions
00:02:30.630000,00:02:30.640000,going to launch India's biggest and best,going launch indias biggest best,3,Transitions
00:02:30.640000,00:02:34.270000,going to launch India's biggest and best team G team csit for csit and this DS,going launch indias biggest best team g team csit csit ds,3,Transitions
00:02:34.270000,00:02:34.280000,team G team csit for csit and this DS,team g team csit csit ds,3,Transitions
00:02:34.280000,00:02:38.229000,team G team csit for csit and this DS and AI paper and why I saying like one,team g team csit csit ds ai paper saying like one,3,Transitions
00:02:38.229000,00:02:38.239000,and AI paper and why I saying like one,ai paper saying like one,2,Context Setting
00:02:38.239000,00:02:40.350000,and AI paper and why I saying like one of the best team because of their,ai paper saying like one best team,3,Transitions
00:02:40.350000,00:02:40.360000,of the best team because of their,best team,3,Transitions
00:02:40.360000,00:02:43.070000,of the best team because of their credentials their Educators credentials,best team credentials educators credentials,3,Transitions
00:02:43.070000,00:02:43.080000,credentials their Educators credentials,credentials educators credentials,3,Transitions
00:02:43.080000,00:02:45.070000,credentials their Educators credentials their teaching experience and even they,credentials educators credentials teaching experience even,5,Practical Application
00:02:45.070000,00:02:45.080000,their teaching experience and even they,teaching experience even,5,Practical Application
00:02:45.080000,00:02:47.270000,their teaching experience and even they have also correct many exam gate net,teaching experience even also correct many exam gate net,5,Practical Application
00:02:47.270000,00:02:47.280000,have also correct many exam gate net,also correct many exam gate net,3,Transitions
00:02:47.280000,00:02:50.509000,have also correct many exam gate net ISRO they all ining in those exams they,also correct many exam gate net isro ining exams,3,Transitions
00:02:50.509000,00:02:50.519000,ISRO they all ining in those exams they,isro ining exams,3,Transitions
00:02:50.519000,00:02:52.910000,ISRO they all ining in those exams they have published many research papers and,isro ining exams published many research papers,3,Transitions
00:02:52.910000,00:02:52.920000,have published many research papers and,published many research papers,5,Practical Application
00:02:52.920000,00:02:55.390000,have published many research papers and even writing PhD students and already,published many research papers even writing phd students already,5,Practical Application
00:02:55.390000,00:02:55.400000,even writing PhD students and already,even writing phd students already,5,Practical Application
00:02:55.400000,00:02:57.949000,even writing PhD students and already mentoring gate aspirant so if you want,even writing phd students already mentoring gate aspirant want,5,Practical Application
00:02:57.949000,00:02:57.959000,mentoring gate aspirant so if you want,mentoring gate aspirant want,3,Transitions
00:02:57.959000,00:03:00.670000,mentoring gate aspirant so if you want to prepare for gate csit or this DS a,mentoring gate aspirant want prepare gate csit ds,3,Transitions
00:03:00.670000,00:03:00.680000,to prepare for gate csit or this DS a,prepare gate csit ds,3,Transitions
00:03:00.680000,00:03:02.149000,to prepare for gate csit or this DS a paper then this is I guess one of the,prepare gate csit ds paper guess one,3,Transitions
00:03:02.149000,00:03:02.159000,paper then this is I guess one of the,paper guess one,3,Transitions
00:03:02.159000,00:03:04.470000,paper then this is I guess one of the best platform on Academy so all the,paper guess one best platform academy,3,Transitions
00:03:04.470000,00:03:04.480000,best platform on Academy so all the,best platform academy,3,Transitions
00:03:04.480000,00:03:05.670000,best platform on Academy so all the links and detail I'll put in the,best platform academy links detail ill put,3,Transitions
00:03:05.670000,00:03:05.680000,links and detail I'll put in the,links detail ill put,3,Transitions
00:03:05.680000,00:03:06.949000,links and detail I'll put in the description box of this video you can go,links detail ill put description box video go,4,Recap
00:03:06.949000,00:03:06.959000,description box of this video you can go,description box video go,4,Recap
00:03:06.959000,00:03:09.309000,description box of this video you can go and check out now let's get back to this,description box video go check lets get back,4,Recap
00:03:09.309000,00:03:09.319000,and check out now let's get back to this,check lets get back,3,Transitions
00:03:09.319000,00:03:11.990000,and check out now let's get back to this video so see there are two technique to,check lets get back video see two technique,4,Recap
00:03:11.990000,00:03:12,video so see there are two technique to,video see two technique,4,Recap
00:03:12,00:03:14.470000,video so see there are two technique to store the elements of 2D array in memory,video see two technique store elements 2d array memory,4,Recap
00:03:14.470000,00:03:14.480000,store the elements of 2D array in memory,store elements 2d array memory,1,Step-by-Step Instruction
00:03:14.480000,00:03:16.350000,store the elements of 2D array in memory one is row measure and second is column,store elements 2d array memory one row measure second column,1,Step-by-Step Instruction
00:03:16.350000,00:03:16.360000,one is row measure and second is column,one row measure second column,3,Transitions
00:03:16.360000,00:03:17.869000,one is row measure and second is column Mees both things we'll discuss in this,one row measure second column mees things well discuss,3,Transitions
00:03:17.869000,00:03:17.879000,Mees both things we'll discuss in this,mees things well discuss,3,Transitions
00:03:17.879000,00:03:20.630000,Mees both things we'll discuss in this video now how to how to you know,mees things well discuss video know,4,Recap
00:03:20.630000,00:03:20.640000,video now how to how to you know,video know,4,Recap
00:03:20.640000,00:03:23.110000,video now how to how to you know initialize at compile time a let's take,video know initialize compile time lets take,4,Recap
00:03:23.110000,00:03:23.120000,initialize at compile time a let's take,initialize compile time lets take,3,Transitions
00:03:23.120000,00:03:26.070000,initialize at compile time a let's take a 2d array like this right number of,initialize compile time lets take 2d array like right number,4,Recap
00:03:26.070000,00:03:26.080000,a 2d array like this right number of,2d array like right number,4,Recap
00:03:26.080000,00:03:28.110000,a 2d array like this right number of rows number of columns right this thing,2d array like right number rows number columns right thing,2,Context Setting
00:03:28.110000,00:03:28.120000,rows number of columns right this thing,rows number columns right thing,2,Context Setting
00:03:28.120000,00:03:30.470000,rows number of columns right this thing we have seen in previous video right now,rows number columns right thing seen previous video right,4,Recap
00:03:30.470000,00:03:30.480000,we have seen in previous video right now,seen previous video right,4,Recap
00:03:30.480000,00:03:33.270000,we have seen in previous video right now how to initialize it at compile time,seen previous video right initialize compile time,4,Recap
00:03:33.270000,00:03:33.280000,how to initialize it at compile time,initialize compile time,3,Transitions
00:03:33.280000,00:03:35.229000,how to initialize it at compile time directly there are three ways that those,initialize compile time directly three ways,2,Context Setting
00:03:35.229000,00:03:35.239000,directly there are three ways that those,directly three ways,2,Context Setting
00:03:35.239000,00:03:36.990000,directly there are three ways that those also we we have seen in the previous,directly three ways also seen previous,2,Context Setting
00:03:36.990000,00:03:37,also we we have seen in the previous,also seen previous,4,Recap
00:03:37,00:03:39.030000,also we we have seen in the previous video one way is like I can write,also seen previous video one way like write,4,Recap
00:03:39.030000,00:03:39.040000,video one way is like I can write,video one way like write,0,Introduction
00:03:39.040000,00:03:40.229000,video one way is like I can write something like this if I write something,video one way like write something like write something,0,Introduction
00:03:40.229000,00:03:40.239000,something like this if I write something,something like write something,0,Introduction
00:03:40.239000,00:03:44.190000,something like this if I write something like this like uh so this is one way,something like write something like like uh one way,0,Introduction
00:03:44.190000,00:03:44.200000,like this like uh so this is one way,like like uh one way,0,Introduction
00:03:44.200000,00:03:46.429000,like this like uh so this is one way like here we have two rows three columns,like like uh one way like two rows three columns,2,Context Setting
00:03:46.429000,00:03:46.439000,like here we have two rows three columns,like two rows three columns,2,Context Setting
00:03:46.439000,00:03:48.949000,like here we have two rows three columns so this value I have given one row,like two rows three columns value given one row,2,Context Setting
00:03:48.949000,00:03:48.959000,so this value I have given one row,value given one row,6,Conclusion
00:03:48.959000,00:03:51.110000,so this value I have given one row second row and for three columns I have,value given one row second row three columns,2,Context Setting
00:03:51.110000,00:03:51.120000,second row and for three columns I have,second row three columns,2,Context Setting
00:03:51.120000,00:03:53.550000,second row and for three columns I have given value so if you visualize this,second row three columns given value visualize,2,Context Setting
00:03:53.550000,00:03:53.560000,given value so if you visualize this,given value visualize,3,Transitions
00:03:53.560000,00:03:56.990000,given value so if you visualize this thing then we will visualize this,given value visualize thing visualize,3,Transitions
00:03:56.990000,00:03:57,thing then we will visualize this,thing visualize,3,Transitions
00:03:57,00:03:58.190000,thing then we will visualize this something like this we are having two,thing visualize something like two,0,Introduction
00:03:58.190000,00:03:58.200000,something like this we are having two,something like two,0,Introduction
00:03:58.200000,00:04:00.149000,something like this we are having two rows and three columns so how we are,something like two rows three columns,2,Context Setting
00:04:00.149000,00:04:00.159000,rows and three columns so how we are,rows three columns,2,Context Setting
00:04:00.159000,00:04:02.110000,rows and three columns so how we are going to store in first row we are,rows three columns going store first row,2,Context Setting
00:04:02.110000,00:04:02.120000,going to store in first row we are,going store first row,3,Transitions
00:04:02.120000,00:04:05.710000,going to store in first row we are having 1 10 so there is no third element,going store first row 1 10 third element,3,Transitions
00:04:05.710000,00:04:05.720000,having 1 10 so there is no third element,1 10 third element,3,Transitions
00:04:05.720000,00:04:07.190000,having 1 10 so there is no third element we have given so by default it would be,1 10 third element given default would,6,Conclusion
00:04:07.190000,00:04:07.200000,we have given so by default it would be,given default would,6,Conclusion
00:04:07.200000,00:04:12.710000,we have given so by default it would be zero -1 12 and 1 row and columns so 0,given default would zero 1 12 1 row columns 0,6,Conclusion
00:04:12.710000,00:04:12.720000,zero -1 12 and 1 row and columns so 0,zero 1 12 1 row columns 0,2,Context Setting
00:04:12.720000,00:04:14.670000,zero -1 12 and 1 row and columns so 0 and one index would be started from zero,zero 1 12 1 row columns 0 one index would started zero,6,Conclusion
00:04:14.670000,00:04:14.680000,and one index would be started from zero,one index would started zero,6,Conclusion
00:04:14.680000,00:04:18.430000,and one index would be started from zero we know 0 1 2 this is zeroth Row first,one index would started zero know 0 1 2 zeroth row first,6,Conclusion
00:04:18.430000,00:04:18.440000,we know 0 1 2 this is zeroth Row first,know 0 1 2 zeroth row first,5,Practical Application
00:04:18.440000,00:04:20.189000,we know 0 1 2 this is zeroth Row first row zeroth column First Column second,know 0 1 2 zeroth row first row zeroth column first column second,3,Transitions
00:04:20.189000,00:04:20.199000,row zeroth column First Column second,row zeroth column first column second,3,Transitions
00:04:20.199000,00:04:23.909000,row zeroth column First Column second column something like this right row and,row zeroth column first column second column something like right row,3,Transitions
00:04:23.909000,00:04:23.919000,column something like this right row and,column something like right row,0,Introduction
00:04:23.919000,00:04:25.189000,column something like this right row and column so we'll see first the row,column something like right row column well see first row,3,Transitions
00:04:25.189000,00:04:25.199000,column so we'll see first the row,column well see first row,3,Transitions
00:04:25.199000,00:04:26.710000,column so we'll see first the row measure representation memory,column well see first row measure representation memory,3,Transitions
00:04:26.710000,00:04:26.720000,measure representation memory,measure representation memory,3,Transitions
00:04:26.720000,00:04:29.629000,measure representation memory representation right now in row measure,measure representation memory representation right row measure,3,Transitions
00:04:29.629000,00:04:29.639000,representation right now in row measure,representation right row measure,3,Transitions
00:04:29.639000,00:04:31.629000,representation right now in row measure presentation because we know memory is,representation right row measure presentation know memory,3,Transitions
00:04:31.629000,00:04:31.639000,presentation because we know memory is,presentation know memory,5,Practical Application
00:04:31.639000,00:04:34.150000,presentation because we know memory is like it's like a long tape of,presentation know memory like like long tape,2,Context Setting
00:04:34.150000,00:04:34.160000,like it's like a long tape of,like like long tape,2,Context Setting
00:04:34.160000,00:04:38.710000,like it's like a long tape of bytes right so in row measure rowwise,like like long tape bytes right row measure rowwise,2,Context Setting
00:04:38.710000,00:04:38.720000,bytes right so in row measure rowwise,bytes right row measure rowwise,3,Transitions
00:04:38.720000,00:04:43.110000,bytes right so in row measure rowwise the data is to be stored means first row,bytes right row measure rowwise data stored means first row,3,Transitions
00:04:43.110000,00:04:43.120000,the data is to be stored means first row,data stored means first row,3,Transitions
00:04:43.120000,00:04:45.070000,the data is to be stored means first row second row third row fourth row,data stored means first row second row third row fourth row,3,Transitions
00:04:45.070000,00:04:45.080000,second row third row fourth row,second row third row fourth row,3,Transitions
00:04:45.080000,00:04:47.670000,second row third row fourth row something like this means all the,second row third row fourth row something like means,0,Introduction
00:04:47.670000,00:04:47.680000,something like this means all the,something like means,0,Introduction
00:04:47.680000,00:04:49.749000,something like this means all the elements or All The Columns of first row,something like means elements columns first row,0,Introduction
00:04:49.749000,00:04:49.759000,elements or All The Columns of first row,elements columns first row,1,Step-by-Step Instruction
00:04:49.759000,00:04:51.790000,elements or All The Columns of first row will be stored then second row then,elements columns first row stored second row,1,Step-by-Step Instruction
00:04:51.790000,00:04:51.800000,will be stored then second row then,stored second row,3,Transitions
00:04:51.800000,00:04:55.350000,will be stored then second row then third row right so first zero throw,stored second row third row right first zero throw,3,Transitions
00:04:55.350000,00:04:55.360000,third row right so first zero throw,third row right first zero throw,3,Transitions
00:04:55.360000,00:04:56.909000,third row right so first zero throw would be stored I mean the first row,third row right first zero throw would stored mean first row,6,Conclusion
00:04:56.909000,00:04:56.919000,would be stored I mean the first row,would stored mean first row,6,Conclusion
00:04:56.919000,00:04:59.629000,would be stored I mean the first row index is zero so suppose suppose the,would stored mean first row index zero suppose suppose,6,Conclusion
00:04:59.629000,00:04:59.639000,index is zero so suppose suppose the,index zero suppose suppose,6,Conclusion
00:04:59.639000,00:05:01.270000,index is zero so suppose suppose the Base address memory manager has,index zero suppose suppose base address memory manager,6,Conclusion
00:05:01.270000,00:05:01.280000,Base address memory manager has,base address memory manager,3,Transitions
00:05:01.280000,00:05:05.510000,Base address memory manager has allocated some Base address uh 100 from,base address memory manager allocated base address uh 100,5,Practical Application
00:05:05.510000,00:05:05.520000,allocated some Base address uh 100 from,allocated base address uh 100,5,Practical Application
00:05:05.520000,00:05:08.430000,allocated some Base address uh 100 from this B 100,allocated base address uh 100 b 100,5,Practical Application
00:05:08.430000,00:05:08.440000,this B 100,b 100,3,Transitions
00:05:08.440000,00:05:12.749000,this B 100 right so first one would be stored then,b 100 right first one would stored,6,Conclusion
00:05:12.749000,00:05:12.759000,right so first one would be stored then,right first one would stored,6,Conclusion
00:05:12.759000,00:05:14.469000,right so first one would be stored then 10 would be stored then zero would be,right first one would stored 10 would stored zero would,6,Conclusion
00:05:14.469000,00:05:14.479000,10 would be stored then zero would be,10 would stored zero would,6,Conclusion
00:05:14.479000,00:05:18.390000,10 would be stored then zero would be stored obviously here this is not if you,10 would stored zero would stored obviously,6,Conclusion
00:05:18.390000,00:05:18.400000,stored obviously here this is not if you,stored obviously,3,Transitions
00:05:18.400000,00:05:22.029000,stored obviously here this is not if you consider it one by then this one would,stored obviously consider one one would,6,Conclusion
00:05:22.029000,00:05:22.039000,consider it one by then this one would,consider one one would,6,Conclusion
00:05:22.039000,00:05:24.550000,consider it one by then this one would be uh stored in four bytes because,consider one one would uh stored four bytes,6,Conclusion
00:05:24.550000,00:05:24.560000,be uh stored in four bytes because,uh stored four bytes,5,Practical Application
00:05:24.560000,00:05:26.390000,be uh stored in four bytes because integer is going to take four bytes,uh stored four bytes integer going take four bytes,5,Practical Application
00:05:26.390000,00:05:26.400000,integer is going to take four bytes,integer going take four bytes,3,Transitions
00:05:26.400000,00:05:34.029000,integer is going to take four bytes right so 10 1 102 1 3 like 1 2 3 4 in,integer going take four bytes right 10 1 102 1 3 like 1 2 3 4,2,Context Setting
00:05:34.029000,00:05:34.039000,right so 10 1 102 1 3 like 1 2 3 4 in,right 10 1 102 1 3 like 1 2 3 4,2,Context Setting
00:05:34.039000,00:05:37.029000,right so 10 1 102 1 3 like 1 2 3 4 in these four byes one would be stored,right 10 1 102 1 3 like 1 2 3 4 four byes one would stored,6,Conclusion
00:05:37.029000,00:05:37.039000,these four byes one would be stored,four byes one would stored,6,Conclusion
00:05:37.039000,00:05:39.990000,these four byes one would be stored right obviously in a binary form zeros,four byes one would stored right obviously binary form zeros,6,Conclusion
00:05:39.990000,00:05:40,right obviously in a binary form zeros,right obviously binary form zeros,2,Context Setting
00:05:40,00:05:42.790000,right obviously in a binary form zeros and ones right converted and then store,right obviously binary form zeros ones right converted store,2,Context Setting
00:05:42.790000,00:05:42.800000,and ones right converted and then store,ones right converted store,2,Context Setting
00:05:42.800000,00:05:44.350000,and ones right converted and then store then again in four bytes 10 would be,ones right converted store four bytes 10 would,6,Conclusion
00:05:44.350000,00:05:44.360000,then again in four bytes 10 would be,four bytes 10 would,6,Conclusion
00:05:44.360000,00:05:45.990000,then again in four bytes 10 would be stored then in four byes zero would be,four bytes 10 would stored four byes zero would,6,Conclusion
00:05:45.990000,00:05:46,stored then in four byes zero would be,stored four byes zero would,6,Conclusion
00:05:46,00:05:49.469000,stored then in four byes zero would be stored right so I'm not taking it,stored four byes zero would stored right im taking,6,Conclusion
00:05:49.469000,00:05:49.479000,stored right so I'm not taking it,stored right im taking,2,Context Setting
00:05:49.479000,00:05:52.710000,stored right so I'm not taking it something like this directly I'll take a,stored right im taking something like directly ill take,0,Introduction
00:05:52.710000,00:05:52.720000,something like this directly I'll take a,something like directly ill take,0,Introduction
00:05:52.720000,00:05:56.590000,something like this directly I'll take a block of 4 bytes right in memory so if,something like directly ill take block 4 bytes right memory,0,Introduction
00:05:56.590000,00:05:56.600000,block of 4 bytes right in memory so if,block 4 bytes right memory,2,Context Setting
00:05:56.600000,00:05:58.590000,block of 4 bytes right in memory so if the Base address is 100 one would be,block 4 bytes right memory base address 100 one would,6,Conclusion
00:05:58.590000,00:05:58.600000,the Base address is 100 one would be,base address 100 one would,6,Conclusion
00:05:58.600000,00:06:01.550000,the Base address is 100 one would be stored then 10 then zero rowwise first,base address 100 one would stored 10 zero rowwise first,6,Conclusion
00:06:01.550000,00:06:01.560000,stored then 10 then zero rowwise first,stored 10 zero rowwise first,6,Conclusion
00:06:01.560000,00:06:05.469000,stored then 10 then zero rowwise first row then second row -1 20 and 1,stored 10 zero rowwise first row second row 1 20 1,6,Conclusion
00:06:05.469000,00:06:05.479000,row then second row -1 20 and 1,row second row 1 20 1,3,Transitions
00:06:05.479000,00:06:07.670000,row then second row -1 20 and 1 something like this right so if it is,row second row 1 20 1 something like right,0,Introduction
00:06:07.670000,00:06:07.680000,something like this right so if it is,something like right,0,Introduction
00:06:07.680000,00:06:11.309000,something like this right so if it is 100 it's 104 it's 108 so how much,something like right 100 104 108 much,0,Introduction
00:06:11.309000,00:06:11.319000,100 it's 104 it's 108 so how much,100 104 108 much,3,Transitions
00:06:11.319000,00:06:12.990000,100 it's 104 it's 108 so how much memories to be allocated for this how,100 104 108 much memories allocated,3,Transitions
00:06:12.990000,00:06:13,memories to be allocated for this how,memories allocated,3,Transitions
00:06:13,00:06:14.990000,memories to be allocated for this how many elements we have 3 into two number,memories allocated many elements 3 two number,1,Step-by-Step Instruction
00:06:14.990000,00:06:15,many elements we have 3 into two number,many elements 3 two number,1,Step-by-Step Instruction
00:06:15,00:06:17.790000,many elements we have 3 into two number of rows number of columns six for one,many elements 3 two number rows number columns six one,1,Step-by-Step Instruction
00:06:17.790000,00:06:17.800000,of rows number of columns six for one,rows number columns six one,2,Context Setting
00:06:17.800000,00:06:20.270000,of rows number of columns six for one element four bytes into 4 24 bytes so,rows number columns six one element four bytes 4 24 bytes,2,Context Setting
00:06:20.270000,00:06:20.280000,element four bytes into 4 24 bytes so,element four bytes 4 24 bytes,3,Transitions
00:06:20.280000,00:06:23.270000,element four bytes into 4 24 bytes so 100 to obviously this 124 these are 24,element four bytes 4 24 bytes 100 obviously 124 24,3,Transitions
00:06:23.270000,00:06:23.280000,100 to obviously this 124 these are 24,100 obviously 124 24,3,Transitions
00:06:23.280000,00:06:25.189000,100 to obviously this 124 these are 24 bytes located for this so this is how,100 obviously 124 24 bytes located,3,Transitions
00:06:25.189000,00:06:25.199000,bytes located for this so this is how,bytes located,3,Transitions
00:06:25.199000,00:06:27.230000,bytes located for this so this is how this to be stored in R is a,bytes located stored r,3,Transitions
00:06:27.230000,00:06:27.240000,this to be stored in R is a,stored r,3,Transitions
00:06:27.240000,00:06:29.110000,this to be stored in R is a representation and in continuous memory,stored r representation continuous memory,3,Transitions
00:06:29.110000,00:06:29.120000,representation and in continuous memory,representation continuous memory,3,Transitions
00:06:29.120000,00:06:31.950000,representation and in continuous memory location now how to access elements if,representation continuous memory location access elements,1,Step-by-Step Instruction
00:06:31.950000,00:06:31.960000,location now how to access elements if,location access elements,1,Step-by-Step Instruction
00:06:31.960000,00:06:34.150000,location now how to access elements if these are stored something like this,location access elements stored something like,1,Step-by-Step Instruction
00:06:34.150000,00:06:34.160000,these are stored something like this,stored something like,0,Introduction
00:06:34.160000,00:06:37.670000,these are stored something like this same we'll give index so here we have,stored something like well give index,0,Introduction
00:06:37.670000,00:06:37.680000,same we'll give index so here we have,well give index,6,Conclusion
00:06:37.680000,00:06:39.589000,same we'll give index so here we have obviously two index one for Row one for,well give index obviously two index one row one,6,Conclusion
00:06:39.589000,00:06:39.599000,obviously two index one for Row one for,obviously two index one row one,6,Conclusion
00:06:39.599000,00:06:43.390000,obviously two index one for Row one for column if I want to access this 20 so,obviously two index one row one column want access 20,6,Conclusion
00:06:43.390000,00:06:43.400000,column if I want to access this 20 so,column want access 20,3,Transitions
00:06:43.400000,00:06:45.110000,column if I want to access this 20 so which row and which column you have to,column want access 20 row column,3,Transitions
00:06:45.110000,00:06:45.120000,which row and which column you have to,row column,3,Transitions
00:06:45.120000,00:06:47.350000,which row and which column you have to give two index in One D array we will,row column give two index one array,6,Conclusion
00:06:47.350000,00:06:47.360000,give two index in One D array we will,give two index one array,6,Conclusion
00:06:47.360000,00:06:49.909000,give two index in One D array we will give only one index so the name of the,give two index one array give one index name,6,Conclusion
00:06:49.909000,00:06:49.919000,give only one index so the name of the,give one index name,6,Conclusion
00:06:49.919000,00:06:53.749000,give only one index so the name of the array and first is row index second is,give one index name array first row index second,6,Conclusion
00:06:53.749000,00:06:53.759000,array and first is row index second is,array first row index second,6,Conclusion
00:06:53.759000,00:06:55.749000,array and first is row index second is column index so if you want to exess,array first row index second column index want exess,6,Conclusion
00:06:55.749000,00:06:55.759000,column index so if you want to exess,column index want exess,3,Transitions
00:06:55.759000,00:06:57.830000,column index so if you want to exess this 20 then row index is one column,column index want exess 20 row index one column,6,Conclusion
00:06:57.830000,00:06:57.840000,this 20 then row index is one column,20 row index one column,6,Conclusion
00:06:57.840000,00:07:00.150000,this 20 then row index is one column index is one so something like this will,20 row index one column index one something like,6,Conclusion
00:07:00.150000,00:07:00.160000,index is one so something like this will,index one something like,0,Introduction
00:07:00.160000,00:07:02.589000,index is one so something like this will write if you write a11 it will give you,index one something like write write a11 give,0,Introduction
00:07:02.589000,00:07:02.599000,write if you write a11 it will give you,write write a11 give,0,Introduction
00:07:02.599000,00:07:07.550000,write if you write a11 it will give you 20 now if I write like 0 and 1 what it,write write a11 give 20 write like 0 1,0,Introduction
00:07:07.550000,00:07:07.560000,20 now if I write like 0 and 1 what it,20 write like 0 1,0,Introduction
00:07:07.560000,00:07:09.790000,20 now if I write like 0 and 1 what it will give 0 and 1,20 write like 0 1 give 0 1,0,Introduction
00:07:09.790000,00:07:09.800000,will give 0 and 1,give 0 1,3,Transitions
00:07:09.800000,00:07:12.830000,will give 0 and 1 10 so you have to give two index row,give 0 1 10 give two index row,6,Conclusion
00:07:12.830000,00:07:12.840000,10 so you have to give two index row,10 give two index row,6,Conclusion
00:07:12.840000,00:07:17.029000,10 so you have to give two index row index and column Index right okay now,10 give two index row index column index right okay,6,Conclusion
00:07:17.029000,00:07:17.039000,index and column Index right okay now,index column index right okay,6,Conclusion
00:07:17.039000,00:07:19.270000,index and column Index right okay now next is column measure I think you have,index column index right okay next column measure think,3,Transitions
00:07:19.270000,00:07:19.280000,next is column measure I think you have,next column measure think,3,Transitions
00:07:19.280000,00:07:20.670000,next is column measure I think you have understood in column measure what would,next column measure think understood column measure would,3,Transitions
00:07:20.670000,00:07:20.680000,understood in column measure what would,understood column measure would,3,Transitions
00:07:20.680000,00:07:22.749000,understood in column measure what would be done column wise the data is to be,understood column measure would done column wise data,3,Transitions
00:07:22.749000,00:07:22.759000,be done column wise the data is to be,done column wise data,3,Transitions
00:07:22.759000,00:07:25.309000,be done column wise the data is to be stored means First Column all the,done column wise data stored means first column,3,Transitions
00:07:25.309000,00:07:25.319000,stored means First Column all the,stored means first column,3,Transitions
00:07:25.319000,00:07:26.830000,stored means First Column all the element of First Column then second,stored means first column element first column second,3,Transitions
00:07:26.830000,00:07:26.840000,element of First Column then second,element first column second,3,Transitions
00:07:26.840000,00:07:28.629000,element of First Column then second column third column and so on in,element first column second column third column,3,Transitions
00:07:28.629000,00:07:28.639000,column third column and so on in,column third column,3,Transitions
00:07:28.639000,00:07:31.350000,column third column and so on in continuous memory locations right so,column third column continuous memory locations right,3,Transitions
00:07:31.350000,00:07:31.360000,continuous memory locations right so,continuous memory locations right,2,Context Setting
00:07:31.360000,00:07:34.110000,continuous memory locations right so pause the video and just draw how column,continuous memory locations right pause video draw column,3,Transitions
00:07:34.110000,00:07:34.120000,pause the video and just draw how column,pause video draw column,3,Transitions
00:07:34.120000,00:07:36.270000,pause the video and just draw how column wise this data is to be stored any,pause video draw column wise data stored,3,Transitions
00:07:36.270000,00:07:36.280000,wise this data is to be stored any,wise data stored,3,Transitions
00:07:36.280000,00:07:37.790000,wise this data is to be stored any address you can take like here I'm,wise data stored address take like im,2,Context Setting
00:07:37.790000,00:07:37.800000,address you can take like here I'm,address take like im,2,Context Setting
00:07:37.800000,00:07:40.070000,address you can take like here I'm taking another address like 200 so I,address take like im taking another address like 200,2,Context Setting
00:07:40.070000,00:07:40.080000,taking another address like 200 so I,taking another address like 200,2,Context Setting
00:07:40.080000,00:07:42.189000,taking another address like 200 so I know it is not the exact address like,taking another address like 200 know exact address like,2,Context Setting
00:07:42.189000,00:07:42.199000,know it is not the exact address like,know exact address like,5,Practical Application
00:07:42.199000,00:07:43.749000,know it is not the exact address like and you should know also this thing,know exact address like know also thing,5,Practical Application
00:07:43.749000,00:07:43.759000,and you should know also this thing,know also thing,5,Practical Application
00:07:43.759000,00:07:45.110000,and you should know also this thing because that would be in hexadecimal,know also thing would hexadecimal,5,Practical Application
00:07:45.110000,00:07:45.120000,because that would be in hexadecimal,would hexadecimal,6,Conclusion
00:07:45.120000,00:07:47.510000,because that would be in hexadecimal form but for Simplicity purpose just to,would hexadecimal form simplicity purpose,2,Context Setting
00:07:47.510000,00:07:47.520000,form but for Simplicity purpose just to,form simplicity purpose,2,Context Setting
00:07:47.520000,00:07:49.110000,form but for Simplicity purpose just to you know make you understand I'm taking,form simplicity purpose know make understand im taking,5,Practical Application
00:07:49.110000,00:07:49.120000,you know make you understand I'm taking,know make understand im taking,5,Practical Application
00:07:49.120000,00:07:51.230000,you know make you understand I'm taking simple address 100 200 something like,know make understand im taking simple address 100 200 something like,5,Practical Application
00:07:51.230000,00:07:51.240000,simple address 100 200 something like,simple address 100 200 something like,0,Introduction
00:07:51.240000,00:07:53.790000,simple address 100 200 something like this so column wise means First Column,simple address 100 200 something like column wise means first column,3,Transitions
00:07:53.790000,00:07:53.800000,this so column wise means First Column,column wise means first column,3,Transitions
00:07:53.800000,00:07:57.070000,this so column wise means First Column like this then this then this so all the,column wise means first column like,3,Transitions
00:07:57.070000,00:07:57.080000,like this then this then this so all the,like,0,Introduction
00:07:57.080000,00:07:59.790000,like this then this then this so all the element of First Column 1 - one 1 then,like element first column 1 one 1,3,Transitions
00:07:59.790000,00:07:59.800000,element of First Column 1 - one 1 then,element first column 1 one 1,3,Transitions
00:07:59.800000,00:08:04.749000,element of First Column 1 - one 1 then second column 10 20 then third 0 1 this,element first column 1 one 1 second column 10 20 third 0 1,3,Transitions
00:08:04.749000,00:08:04.759000,second column 10 20 then third 0 1 this,second column 10 20 third 0 1,3,Transitions
00:08:04.759000,00:08:07.029000,second column 10 20 then third 0 1 this is column meor representation this is,second column 10 20 third 0 1 column meor representation,3,Transitions
00:08:07.029000,00:08:07.039000,is column meor representation this is,column meor representation,3,Transitions
00:08:07.039000,00:08:09.309000,is column meor representation this is row is a representation memory,column meor representation row representation memory,3,Transitions
00:08:09.309000,00:08:09.319000,row is a representation memory,row representation memory,3,Transitions
00:08:09.319000,00:08:13.189000,row is a representation memory representation right but in this case if,row representation memory representation right case,3,Transitions
00:08:13.189000,00:08:13.199000,representation right but in this case if,representation right case,2,Context Setting
00:08:13.199000,00:08:14.749000,representation right but in this case if in this memory this has been stored,representation right case memory stored,2,Context Setting
00:08:14.749000,00:08:14.759000,in this memory this has been stored,memory stored,3,Transitions
00:08:14.759000,00:08:16.230000,in this memory this has been stored column is a representation we have store,memory stored column representation store,3,Transitions
00:08:16.230000,00:08:16.240000,column is a representation we have store,column representation store,3,Transitions
00:08:16.240000,00:08:17.950000,column is a representation we have store data in this form then if I write,column representation store data form write,3,Transitions
00:08:17.950000,00:08:17.960000,data in this form then if I write,data form write,2,Context Setting
00:08:17.960000,00:08:19.749000,data in this form then if I write something like this a11 then what it,data form write something like a11,0,Introduction
00:08:19.749000,00:08:19.759000,something like this a11 then what it,something like a11,0,Introduction
00:08:19.759000,00:08:22.070000,something like this a11 then what it will give it will give same or,something like a11 give give,0,Introduction
00:08:22.070000,00:08:22.080000,will give it will give same or,give give,3,Transitions
00:08:22.080000,00:08:24.670000,will give it will give same or different it will give different because,give give different give different,3,Transitions
00:08:24.670000,00:08:24.680000,different it will give different because,different give different,3,Transitions
00:08:24.680000,00:08:28.230000,different it will give different because see a11 here,different give different see a11,3,Transitions
00:08:28.230000,00:08:28.240000,see a11 here,see a11,3,Transitions
00:08:28.240000,00:08:46.470000,see a11 here is,see a11,3,Transitions
00:08:49.829000,00:08:49.839000,it will give 20 because one row and one,give 20 one row one,6,Conclusion
00:08:49.839000,00:08:53.230000,it will give 20 because one row and one column 20 so what is the difference,give 20 one row one column 20 difference,6,Conclusion
00:08:53.230000,00:08:53.240000,column 20 so what is the difference,column 20 difference,3,Transitions
00:08:53.240000,00:08:56.829000,column 20 so what is the difference value is same the difference is here the,column 20 difference value difference,3,Transitions
00:08:56.829000,00:08:56.839000,value is same the difference is here the,value difference,3,Transitions
00:08:56.839000,00:08:59.990000,value is same the difference is here the address of this 20 is 116,value difference address 20 116,3,Transitions
00:08:59.990000,00:09:00,address of this 20 is 116,address 20 116,3,Transitions
00:09:00,00:09:03.949000,address of this 20 is 116 but here the address of 20 is if you,address 20 116 address 20,3,Transitions
00:09:03.949000,00:09:03.959000,but here the address of 20 is if you,address 20,3,Transitions
00:09:03.959000,00:09:06.670000,but here the address of 20 is if you take the same thing 100 suppose let's,address 20 take thing 100 suppose lets,3,Transitions
00:09:06.670000,00:09:06.680000,take the same thing 100 suppose let's,take thing 100 suppose lets,3,Transitions
00:09:06.680000,00:09:09.470000,take the same thing 100 suppose let's take not 200 let's take 100 because,take thing 100 suppose lets take 200 lets take 100,3,Transitions
00:09:09.470000,00:09:09.480000,take not 200 let's take 100 because,take 200 lets take 100,3,Transitions
00:09:09.480000,00:09:12.430000,take not 200 let's take 100 because obviously at one time we can store,take 200 lets take 100 obviously one time store,3,Transitions
00:09:12.430000,00:09:12.440000,obviously at one time we can store,obviously one time store,3,Transitions
00:09:12.440000,00:09:14.230000,obviously at one time we can store either we can use row measure or column,obviously one time store either use row measure column,3,Transitions
00:09:14.230000,00:09:14.240000,either we can use row measure or column,either use row measure column,3,Transitions
00:09:14.240000,00:09:17.030000,either we can use row measure or column measure not both the things don't just,either use row measure column measure things dont,3,Transitions
00:09:17.030000,00:09:17.040000,measure not both the things don't just,measure things dont,3,Transitions
00:09:17.040000,00:09:20.030000,measure not both the things don't just get confused like 100 100 same address,measure things dont get confused like 100 100 address,3,Transitions
00:09:20.030000,00:09:20.040000,get confused like 100 100 same address,get confused like 100 100 address,2,Context Setting
00:09:20.040000,00:09:22.030000,get confused like 100 100 same address and I'm storing like two values one and,get confused like 100 100 address im storing like two values one,2,Context Setting
00:09:22.030000,00:09:22.040000,and I'm storing like two values one and,im storing like two values one,2,Context Setting
00:09:22.040000,00:09:24.150000,and I'm storing like two values one and one and something like this no no no no,im storing like two values one one something like,0,Introduction
00:09:24.150000,00:09:24.160000,one and something like this no no no no,one something like,0,Introduction
00:09:24.160000,00:09:26.990000,one and something like this no no no no these are two different cases right just,one something like two different cases right,0,Introduction
00:09:26.990000,00:09:27,these are two different cases right just,two different cases right,2,Context Setting
00:09:27,00:09:28.829000,these are two different cases right just to make you understand like the address,two different cases right make understand like address,2,Context Setting
00:09:28.829000,00:09:28.839000,to make you understand like the address,make understand like address,2,Context Setting
00:09:28.839000,00:09:31.470000,to make you understand like the address would be different here address of 20 is,make understand like address would different address 20,2,Context Setting
00:09:31.470000,00:09:31.480000,would be different here address of 20 is,would different address 20,6,Conclusion
00:09:31.480000,00:09:34.949000,would be different here address of 20 is 116 here address of 20 is 112 in column,would different address 20 116 address 20 112 column,3,Transitions
00:09:34.949000,00:09:34.959000,116 here address of 20 is 112 in column,116 address 20 112 column,3,Transitions
00:09:34.959000,00:09:38.110000,116 here address of 20 is 112 in column measor right so how this addressing is,116 address 20 112 column measor right addressing,3,Transitions
00:09:38.110000,00:09:38.120000,measor right so how this addressing is,measor right addressing,2,Context Setting
00:09:38.120000,00:09:40.150000,measor right so how this addressing is to be done that is a different topic,measor right addressing done different topic,2,Context Setting
00:09:40.150000,00:09:40.160000,to be done that is a different topic,done different topic,3,Transitions
00:09:40.160000,00:09:43.030000,to be done that is a different topic that is important one also right so the,done different topic important one also right,2,Context Setting
00:09:43.030000,00:09:43.040000,that is important one also right so the,important one also right,2,Context Setting
00:09:43.040000,00:09:45.509000,that is important one also right so the addressing of 2D element that thing,important one also right addressing 2d element thing,4,Recap
00:09:45.509000,00:09:45.519000,addressing of 2D element that thing,addressing 2d element thing,4,Recap
00:09:45.519000,00:09:47.509000,addressing of 2D element that thing we'll see in next video right there are,addressing 2d element thing well see next video right,4,Recap
00:09:47.509000,00:09:47.519000,we'll see in next video right there are,well see next video right,4,Recap
00:09:47.519000,00:09:49.269000,we'll see in next video right there are two formulas one for row measure one for,well see next video right two formulas one row measure one,4,Recap
00:09:49.269000,00:09:49.279000,two formulas one for row measure one for,two formulas one row measure one,6,Conclusion
00:09:49.279000,00:09:52.430000,two formulas one for row measure one for column measure and B on these things,two formulas one row measure one column measure b things,3,Transitions
00:09:52.430000,00:09:52.440000,column measure and B on these things,column measure b things,3,Transitions
00:09:52.440000,00:09:54.030000,column measure and B on these things you'll get some question also maybe in,column measure b things youll get question also maybe,3,Transitions
00:09:54.030000,00:09:54.040000,you'll get some question also maybe in,youll get question also maybe,3,Transitions
00:09:54.040000,00:09:55.350000,you'll get some question also maybe in some interview they can ask you this,youll get question also maybe interview ask,3,Transitions
00:09:55.350000,00:09:55.360000,some interview they can ask you this,interview ask,3,Transitions
00:09:55.360000,00:09:57.710000,some interview they can ask you this question or definitely in University,interview ask question definitely university,3,Transitions
00:09:57.710000,00:09:57.720000,question or definitely in University,question definitely university,3,Transitions
00:09:57.720000,00:09:59.430000,question or definitely in University exam or sometime in competitive exam,question definitely university exam sometime competitive exam,3,Transitions
00:09:59.430000,00:09:59.440000,exam or sometime in competitive exam,exam sometime competitive exam,3,Transitions
00:09:59.440000,00:10:01.670000,exam or sometime in competitive exam also they ask this type of question,exam sometime competitive exam also ask type question,3,Transitions
00:10:01.670000,00:10:01.680000,also they ask this type of question,also ask type question,3,Transitions
00:10:01.680000,00:10:03.910000,also they ask this type of question tricky questions right so in the next,also ask type question tricky questions right next,2,Context Setting
00:10:03.910000,00:10:03.920000,tricky questions right so in the next,tricky questions right next,2,Context Setting
00:10:03.920000,00:10:05.509000,tricky questions right so in the next video we'll see addressing right with,tricky questions right next video well see addressing right,4,Recap
00:10:05.509000,00:10:05.519000,video we'll see addressing right with,video well see addressing right,4,Recap
00:10:05.519000,00:10:06.829000,video we'll see addressing right with some questions different type of,video well see addressing right questions different type,4,Recap
00:10:06.829000,00:10:06.839000,some questions different type of,questions different type,2,Context Setting
00:10:06.839000,00:10:09.069000,some questions different type of questions as well two or three questions,questions different type questions well two three questions,2,Context Setting
00:10:09.069000,00:10:09.079000,questions as well two or three questions,questions well two three questions,2,Context Setting
00:10:09.079000,00:10:11.069000,questions as well two or three questions right I hope you got how to access,questions well two three questions right hope got access,2,Context Setting
00:10:11.069000,00:10:11.079000,right I hope you got how to access,right hope got access,1,Step-by-Step Instruction
00:10:11.079000,00:10:13.310000,right I hope you got how to access elements and how the the elements are to,right hope got access elements elements,1,Step-by-Step Instruction
00:10:13.310000,00:10:13.320000,elements and how the the elements are to,elements elements,1,Step-by-Step Instruction
00:10:13.320000,00:10:16.269000,elements and how the the elements are to be stored in memory the row measure,elements elements stored memory row measure,1,Step-by-Step Instruction
00:10:16.269000,00:10:16.279000,be stored in memory the row measure,stored memory row measure,3,Transitions
00:10:16.279000,00:10:17.790000,be stored in memory the row measure column measure you have got and,stored memory row measure column measure got,3,Transitions
00:10:17.790000,00:10:17.800000,column measure you have got and,column measure got,3,Transitions
00:10:17.800000,00:10:20.230000,column measure you have got and accessing is uh simple just provide,column measure got accessing uh simple provide,3,Transitions
00:10:20.230000,00:10:20.240000,accessing is uh simple just provide,accessing uh simple provide,5,Practical Application
00:10:20.240000,00:10:22.710000,accessing is uh simple just provide index column index and row index two,accessing uh simple provide index column index row index two,6,Conclusion
00:10:22.710000,00:10:22.720000,index column index and row index two,index column index row index two,6,Conclusion
00:10:22.720000,00:10:25.509000,index column index and row index two index you have to provide right so in,index column index row index two index provide right,6,Conclusion
00:10:25.509000,00:10:25.519000,index you have to provide right so in,index provide right,6,Conclusion
00:10:25.519000,00:10:26.949000,index you have to provide right so in the next video we'll see the important,index provide right next video well see important,4,Recap
00:10:26.949000,00:10:26.959000,the next video we'll see the important,next video well see important,4,Recap
00:10:26.959000,00:10:29.670000,the next video we'll see the important part the addressing right,next video well see important part addressing right,4,Recap
00:10:29.670000,00:10:29.680000,part the addressing right,part addressing right,2,Context Setting
00:10:29.680000,00:10:31.069000,part the addressing right so now I'll see you in the next video,part addressing right ill see next video,4,Recap
00:10:31.069000,00:10:31.079000,so now I'll see you in the next video,ill see next video,4,Recap
00:10:31.079000,00:10:34.880000,so now I'll see you in the next video till then bye-bye take care,ill see next video till byebye take care,4,Recap
