Start Time,End Time,Text,Cleaned Text,Cluster,Workflow Step
00:00:02.149000,00:00:02.159000,hey everyone I hope you all are safe and,hey everyone hope safe,3,Transitions
00:00:02.159000,00:00:04.070000,hey everyone I hope you all are safe and doing good so in the series of learning,hey everyone hope safe good series learning,3,Transitions
00:00:04.070000,00:00:04.080000,doing good so in the series of learning,good series learning,3,Transitions
00:00:04.080000,00:00:05.510000,doing good so in the series of learning C++ programming language we are,good series learning c programming language,3,Transitions
00:00:05.510000,00:00:05.520000,C++ programming language we are,c programming language,3,Transitions
00:00:05.520000,00:00:07.789000,C++ programming language we are discussing now vectors in C++ the,c programming language discussing vectors c,3,Transitions
00:00:07.789000,00:00:07.799000,discussing now vectors in C++ the,discussing vectors c,3,Transitions
00:00:07.799000,00:00:10.390000,discussing now vectors in C++ the previous video was uh you can say like,discussing vectors c previous video uh say like,0,Introduction
00:00:10.390000,00:00:10.400000,previous video was uh you can say like,previous video uh say like,0,Introduction
00:00:10.400000,00:00:12.470000,previous video was uh you can say like introduction to vectors how to declare a,previous video uh say like introduction vectors declare,0,Introduction
00:00:12.470000,00:00:12.480000,introduction to vectors how to declare a,introduction vectors declare,3,Transitions
00:00:12.480000,00:00:14.150000,introduction to vectors how to declare a vector how to initialize a vector that,introduction vectors declare vector initialize vector,4,Recap
00:00:14.150000,00:00:14.160000,vector how to initialize a vector that,vector initialize vector,4,Recap
00:00:14.160000,00:00:15.310000,vector how to initialize a vector that thing we have discussed now in this,vector initialize vector thing discussed,4,Recap
00:00:15.310000,00:00:15.320000,thing we have discussed now in this,thing discussed,3,Transitions
00:00:15.320000,00:00:18.390000,thing we have discussed now in this video we'll see how to access elements,thing discussed video well see access elements,3,Transitions
00:00:18.390000,00:00:18.400000,video we'll see how to access elements,video well see access elements,3,Transitions
00:00:18.400000,00:00:21.310000,video we'll see how to access elements of a vector right and how to modify a,video well see access elements vector right modify,4,Recap
00:00:21.310000,00:00:21.320000,of a vector right and how to modify a,vector right modify,4,Recap
00:00:21.320000,00:00:25.349000,of a vector right and how to modify a vector these two things right so let's,vector right modify vector two things right lets,4,Recap
00:00:25.349000,00:00:25.359000,vector these two things right so let's,vector two things right lets,4,Recap
00:00:25.359000,00:00:29.950000,vector these two things right so let's start we'll just make a new file so we,vector two things right lets start well make new file,4,Recap
00:00:29.950000,00:00:29.960000,start we'll just make a new file so we,start well make new file,3,Transitions
00:00:29.960000,00:00:33.270000,start we'll just make a new file so we we have created a new file now first,start well make new file created new file first,3,Transitions
00:00:33.270000,00:00:33.280000,we have created a new file now first,created new file first,3,Transitions
00:00:33.280000,00:00:37.790000,we have created a new file now first basically we will include IO,created new file first basically include io,3,Transitions
00:00:37.790000,00:00:37.800000,basically we will include IO,basically include io,3,Transitions
00:00:37.800000,00:00:40.630000,basically we will include IO stream header then if you are using,basically include io stream header using,3,Transitions
00:00:40.630000,00:00:40.640000,stream header then if you are using,stream header using,3,Transitions
00:00:40.640000,00:00:43.750000,stream header then if you are using Vector then you have to include Vector,stream header using vector include vector,4,Recap
00:00:43.750000,00:00:43.760000,Vector then you have to include Vector,vector include vector,4,Recap
00:00:43.760000,00:00:47.990000,Vector then you have to include Vector as well,vector include vector well,4,Recap
00:00:51.549000,00:00:51.559000,right and yeah before main we will be uh,right yeah main uh,0,Introduction
00:00:51.559000,00:00:53.830000,right and yeah before main we will be uh using that Nam space as well including,right yeah main uh using nam space well including,3,Transitions
00:00:53.830000,00:00:53.840000,using that Nam space as well including,using nam space well including,3,Transitions
00:00:53.840000,00:00:55.110000,using that Nam space as well including that Nam,using nam space well including nam,3,Transitions
00:00:55.110000,00:00:55.120000,that Nam,nam,3,Transitions
00:00:55.120000,00:00:58.189000,that Nam space which name space,nam space name space,3,Transitions
00:00:58.189000,00:00:58.199000,space which name space,space name space,3,Transitions
00:00:58.199000,00:01:02.310000,space which name space STD right so let's create a vector first,space name space std right lets create vector first,4,Recap
00:01:02.310000,00:01:02.320000,STD right so let's create a vector first,std right lets create vector first,4,Recap
00:01:02.320000,00:01:03.990000,STD right so let's create a vector first there are many ways this thing we have,std right lets create vector first many ways thing,4,Recap
00:01:03.990000,00:01:04,there are many ways this thing we have,many ways thing,3,Transitions
00:01:04,00:01:06.270000,there are many ways this thing we have discussed in previous video right how to,many ways thing discussed previous video right,3,Transitions
00:01:06.270000,00:01:06.280000,discussed in previous video right how to,discussed previous video right,3,Transitions
00:01:06.280000,00:01:07.670000,discussed in previous video right how to declare a vector how to initialize a,discussed previous video right declare vector initialize,4,Recap
00:01:07.670000,00:01:07.680000,declare a vector how to initialize a,declare vector initialize,4,Recap
00:01:07.680000,00:01:10.350000,declare a vector how to initialize a vector right Vector in bracket that,declare vector initialize vector right vector bracket,4,Recap
00:01:10.350000,00:01:10.360000,vector right Vector in bracket that,vector right vector bracket,4,Recap
00:01:10.360000,00:01:12.350000,vector right Vector in bracket that object type see Vector is whatever,vector right vector bracket object type see vector whatever,4,Recap
00:01:12.350000,00:01:12.360000,object type see Vector is whatever,object type see vector whatever,4,Recap
00:01:12.360000,00:01:14.270000,object type see Vector is whatever Vector we are creating that is a you,object type see vector whatever vector creating,4,Recap
00:01:14.270000,00:01:14.280000,Vector we are creating that is a you,vector creating,4,Recap
00:01:14.280000,00:01:16.230000,Vector we are creating that is a you know that is an object because Vector is,vector creating know object vector,4,Recap
00:01:16.230000,00:01:16.240000,know that is an object because Vector is,know object vector,4,Recap
00:01:16.240000,00:01:19.070000,know that is an object because Vector is a class here right so we are creating a,know object vector class right creating,4,Recap
00:01:19.070000,00:01:19.080000,a class here right so we are creating a,class right creating,3,Transitions
00:01:19.080000,00:01:21.109000,a class here right so we are creating a vector number so it is acting as an,class right creating vector number acting,4,Recap
00:01:21.109000,00:01:21.119000,vector number so it is acting as an,vector number acting,4,Recap
00:01:21.119000,00:01:23.590000,vector number so it is acting as an object here in C++,vector number acting object c,4,Recap
00:01:23.590000,00:01:23.600000,object here in C++,object c,3,Transitions
00:01:23.600000,00:01:28.069000,object here in C++ right okay now I'm initializing with an,object c right okay im initializing,3,Transitions
00:01:28.069000,00:01:28.079000,right okay now I'm initializing with an,right okay im initializing,3,Transitions
00:01:28.079000,00:01:30.550000,right okay now I'm initializing with an initializer list like an array,right okay im initializing initializer list like array,1,Step-by-Step Instruction
00:01:30.550000,00:01:30.560000,initializer list like an array,initializer list like array,1,Step-by-Step Instruction
00:01:30.560000,00:01:33.749000,initializer list like an array so I'm just taking some values in this,initializer list like array im taking values,1,Step-by-Step Instruction
00:01:33.749000,00:01:33.759000,so I'm just taking some values in this,im taking values,3,Transitions
00:01:33.759000,00:01:38.030000,so I'm just taking some values in this Vector fine now how to access these,im taking values vector fine access,4,Recap
00:01:38.030000,00:01:38.040000,Vector fine now how to access these,vector fine access,4,Recap
00:01:38.040000,00:01:41.510000,Vector fine now how to access these values same in an array how you access,vector fine access values array access,4,Recap
00:01:41.510000,00:01:41.520000,values same in an array how you access,values array access,3,Transitions
00:01:41.520000,00:01:44.310000,values same in an array how you access just provide index in those subscript so,values array access provide index subscript,5,Practical Application
00:01:44.310000,00:01:44.320000,just provide index in those subscript so,provide index subscript,5,Practical Application
00:01:44.320000,00:01:47.910000,just provide index in those subscript so that is one way here so see out the name,provide index subscript one way see name,5,Practical Application
00:01:47.910000,00:01:47.920000,that is one way here so see out the name,one way see name,3,Transitions
00:01:47.920000,00:01:50.749000,that is one way here so see out the name of this Vector that is numbers and in,one way see name vector numbers,4,Recap
00:01:50.749000,00:01:50.759000,of this Vector that is numbers and in,vector numbers,4,Recap
00:01:50.759000,00:01:54.670000,of this Vector that is numbers and in the subscript index zero index I want to,vector numbers subscript index zero index want,5,Practical Application
00:01:54.670000,00:01:54.680000,the subscript index zero index I want to,subscript index zero index want,5,Practical Application
00:01:54.680000,00:01:58.109000,the subscript index zero index I want to XS right I mean the first,subscript index zero index want xs right mean first,5,Practical Application
00:01:58.109000,00:01:58.119000,XS right I mean the first,xs right mean first,3,Transitions
00:01:58.119000,00:02:00.590000,XS right I mean the first element return zero and let me just show,xs right mean first element return zero let show,5,Practical Application
00:02:00.590000,00:02:00.600000,element return zero and let me just show,element return zero let show,5,Practical Application
00:02:00.600000,00:02:04.910000,element return zero and let me just show you it should give you,element return zero let show give,5,Practical Application
00:02:09.070000,00:02:09.080000,three see element at index Zer is three,three see element index zer three,2,Context Setting
00:02:09.080000,00:02:11.589000,three see element at index Zer is three right so you are getting right out,three see element index zer three right getting right,2,Context Setting
00:02:11.589000,00:02:11.599000,right so you are getting right out,right getting right,3,Transitions
00:02:11.599000,00:02:13.630000,right so you are getting right out output but the problem with this method,right getting right output problem method,3,Transitions
00:02:13.630000,00:02:13.640000,output but the problem with this method,output problem method,3,Transitions
00:02:13.640000,00:02:15.589000,output but the problem with this method is what it will not provide you bound,output problem method provide bound,3,Transitions
00:02:15.589000,00:02:15.599000,is what it will not provide you bound,provide bound,3,Transitions
00:02:15.599000,00:02:19.750000,is what it will not provide you bound checking like if you want to access at,provide bound checking like want access,1,Step-by-Step Instruction
00:02:19.750000,00:02:19.760000,checking like if you want to access at,checking like want access,1,Step-by-Step Instruction
00:02:19.760000,00:02:24.470000,checking like if you want to access at index 0 1 2 3 4 final indexes four but,checking like want access index 0 1 2 3 4 final indexes four,5,Practical Application
00:02:24.470000,00:02:24.480000,index 0 1 2 3 4 final indexes four but,index 0 1 2 3 4 final indexes four,5,Practical Application
00:02:24.480000,00:02:26.190000,index 0 1 2 3 4 final indexes four but if you want to,index 0 1 2 3 4 final indexes four want,5,Practical Application
00:02:26.190000,00:02:26.200000,if you want to,want,5,Practical Application
00:02:26.200000,00:02:29.270000,if you want to access element add index 10 and I,want access element add index 10,5,Practical Application
00:02:29.270000,00:02:29.280000,access element add index 10 and I,access element add index 10,5,Practical Application
00:02:29.280000,00:02:31.869000,access element add index 10 and I provide here but there is no element at,access element add index 10 provide element,5,Practical Application
00:02:31.869000,00:02:31.879000,provide here but there is no element at,provide element,5,Practical Application
00:02:31.879000,00:02:33.869000,provide here but there is no element at index 10 so ideally it should give error,provide element index 10 ideally give error,5,Practical Application
00:02:33.869000,00:02:33.879000,index 10 so ideally it should give error,index 10 ideally give error,5,Practical Application
00:02:33.879000,00:02:35.830000,index 10 so ideally it should give error or exception but it will give any,index 10 ideally give error exception give,0,Introduction
00:02:35.830000,00:02:35.840000,or exception but it will give any,exception give,0,Introduction
00:02:35.840000,00:02:38.949000,or exception but it will give any garbage value C right so there is no,exception give garbage value c right,0,Introduction
00:02:38.949000,00:02:38.959000,garbage value C right so there is no,garbage value c right,3,Transitions
00:02:38.959000,00:02:43.149000,garbage value C right so there is no bound checking here same with ARs if you,garbage value c right bound checking ars,3,Transitions
00:02:43.149000,00:02:43.159000,bound checking here same with ARs if you,bound checking ars,3,Transitions
00:02:43.159000,00:02:45.229000,bound checking here same with ARs if you use this formula this operator to access,bound checking ars use formula operator access,3,Transitions
00:02:45.229000,00:02:45.239000,use this formula this operator to access,use formula operator access,3,Transitions
00:02:45.239000,00:02:48.190000,use this formula this operator to access element right but there is another way,use formula operator access element right another way,3,Transitions
00:02:48.190000,00:02:48.200000,element right but there is another way,element right another way,3,Transitions
00:02:48.200000,00:02:50.350000,element right but there is another way to access the elements which is we have,element right another way access elements,3,Transitions
00:02:50.350000,00:02:50.360000,to access the elements which is we have,access elements,3,Transitions
00:02:50.360000,00:02:53.869000,to access the elements which is we have an member function at that member fun,access elements member function member fun,6,Conclusion
00:02:53.869000,00:02:53.879000,an member function at that member fun,member function member fun,6,Conclusion
00:02:53.879000,00:02:57.270000,an member function at that member fun function provide uh bound checking right,member function member fun function provide uh bound checking right,6,Conclusion
00:02:57.270000,00:02:57.280000,function provide uh bound checking right,function provide uh bound checking right,6,Conclusion
00:02:57.280000,00:03:01.990000,function provide uh bound checking right okay now let's see element at index x0,function provide uh bound checking right okay lets see element index x0,5,Practical Application
00:03:01.990000,00:03:02,okay now let's see element at index x0,okay lets see element index x0,5,Practical Application
00:03:02,00:03:07.430000,okay now let's see element at index x0 is this but there is a second way using,okay lets see element index x0 second way using,5,Practical Application
00:03:07.430000,00:03:07.440000,is this but there is a second way using,second way using,3,Transitions
00:03:07.440000,00:03:10.190000,is this but there is a second way using at member function so element at index,second way using member function element index,6,Conclusion
00:03:10.190000,00:03:10.200000,at member function so element at index,member function element index,6,Conclusion
00:03:10.200000,00:03:14.110000,at member function so element at index zero is and we are using that at index,member function element index zero using index,6,Conclusion
00:03:14.110000,00:03:14.120000,zero is and we are using that at index,zero using index,5,Practical Application
00:03:14.120000,00:03:16.589000,zero is and we are using that at index function sorry at function so Vector,zero using index function sorry function vector,6,Conclusion
00:03:16.589000,00:03:16.599000,function sorry at function so Vector,function sorry function vector,6,Conclusion
00:03:16.599000,00:03:20.030000,function sorry at function so Vector name dot here,function sorry function vector name dot,6,Conclusion
00:03:20.030000,00:03:20.040000,name dot here,name dot,3,Transitions
00:03:20.040000,00:03:23.030000,name dot here at and here in this round bracket you,name dot round bracket,3,Transitions
00:03:23.030000,00:03:23.040000,at and here in this round bracket you,round bracket,3,Transitions
00:03:23.040000,00:03:28.630000,at and here in this round bracket you provide that index zero right so both,round bracket provide index zero right,5,Practical Application
00:03:28.630000,00:03:28.640000,provide that index zero right so both,provide index zero right,5,Practical Application
00:03:28.640000,00:03:31.670000,provide that index zero right so both will give three and three let's run,provide index zero right give three three lets run,2,Context Setting
00:03:31.670000,00:03:31.680000,will give three and three let's run,give three three lets run,2,Context Setting
00:03:31.680000,00:03:35.990000,will give three and three let's run this c three and three okay for a new,give three three lets run c three three okay new,2,Context Setting
00:03:35.990000,00:03:36,this c three and three okay for a new,c three three okay new,2,Context Setting
00:03:36,00:03:39.750000,this c three and three okay for a new line we can just add here endl or slash,c three three okay new line add endl slash,2,Context Setting
00:03:39.750000,00:03:39.760000,line we can just add here endl or slash,line add endl slash,3,Transitions
00:03:39.760000,00:03:41.149000,line we can just add here endl or slash right it's,line add endl slash right,3,Transitions
00:03:41.149000,00:03:41.159000,right it's,right,3,Transitions
00:03:41.159000,00:03:44.229000,right it's fine but this method provide bound,right fine method provide bound,3,Transitions
00:03:44.229000,00:03:44.239000,fine but this method provide bound,fine method provide bound,3,Transitions
00:03:44.239000,00:03:46.630000,fine but this method provide bound checking if I access here element at,fine method provide bound checking access element,3,Transitions
00:03:46.630000,00:03:46.640000,checking if I access here element at,checking access element,5,Practical Application
00:03:46.640000,00:03:51.110000,checking if I access here element at index 10 and at 10 if I write right let,checking access element index 10 10 write right let,5,Practical Application
00:03:51.110000,00:03:51.120000,index 10 and at 10 if I write right let,index 10 10 write right let,5,Practical Application
00:03:51.120000,00:03:53.470000,index 10 and at 10 if I write right let me just comment out this thing now it,index 10 10 write right let comment thing,5,Practical Application
00:03:53.470000,00:03:53.480000,me just comment out this thing now it,comment thing,3,Transitions
00:03:53.480000,00:03:55.789000,me just comment out this thing now it will give it will throw an exception,comment thing give throw exception,0,Introduction
00:03:55.789000,00:03:55.799000,will give it will throw an exception,give throw exception,0,Introduction
00:03:55.799000,00:03:57.910000,will give it will throw an exception right out of,give throw exception right,0,Introduction
00:03:57.910000,00:03:57.920000,right out of,right,3,Transitions
00:03:57.920000,00:04:00.710000,right out of range see,right range see,0,Introduction
00:04:00.710000,00:04:00.720000,range see,range see,0,Introduction
00:04:00.720000,00:04:03.830000,range see uh this is out of range exception is,range see uh range exception,0,Introduction
00:04:03.830000,00:04:03.840000,uh this is out of range exception is,uh range exception,0,Introduction
00:04:03.840000,00:04:07.229000,uh this is out of range exception is throwing C Vector this check which is 10,uh range exception throwing c vector check 10,0,Introduction
00:04:07.229000,00:04:07.239000,throwing C Vector this check which is 10,throwing c vector check 10,4,Recap
00:04:07.239000,00:04:09.030000,throwing C Vector this check which is 10 but it is greater than or equal to the,throwing c vector check 10 greater equal,4,Recap
00:04:09.030000,00:04:09.040000,but it is greater than or equal to the,greater equal,3,Transitions
00:04:09.040000,00:04:11.509000,but it is greater than or equal to the size which is five actual size is five,greater equal size five actual size five,3,Transitions
00:04:11.509000,00:04:11.519000,size which is five actual size is five,size five actual size five,3,Transitions
00:04:11.519000,00:04:13.149000,size which is five actual size is five so it should be less than or equal to,size five actual size five less equal,3,Transitions
00:04:13.149000,00:04:13.159000,so it should be less than or equal to,less equal,3,Transitions
00:04:13.159000,00:04:17.310000,so it should be less than or equal to five sorry four not more so this provide,less equal five sorry four provide,3,Transitions
00:04:17.310000,00:04:17.320000,five sorry four not more so this provide,five sorry four provide,3,Transitions
00:04:17.320000,00:04:19.150000,five sorry four not more so this provide bound check this is how we can access,five sorry four provide bound check access,3,Transitions
00:04:19.150000,00:04:19.160000,bound check this is how we can access,bound check access,3,Transitions
00:04:19.160000,00:04:22.350000,bound check this is how we can access element now one more method is directly,bound check access element one method directly,5,Practical Application
00:04:22.350000,00:04:22.360000,element now one more method is directly,element one method directly,5,Practical Application
00:04:22.360000,00:04:24.230000,element now one more method is directly if you want to access front and back,element one method directly want access front back,5,Practical Application
00:04:24.230000,00:04:24.240000,if you want to access front and back,want access front back,5,Practical Application
00:04:24.240000,00:04:26.629000,if you want to access front and back element so we have two more uh member,want access front back element two uh member,5,Practical Application
00:04:26.629000,00:04:26.639000,element so we have two more uh member,element two uh member,0,Introduction
00:04:26.639000,00:04:29.110000,element so we have two more uh member function front and back why I'm calling,element two uh member function front back im calling,6,Conclusion
00:04:29.110000,00:04:29.120000,function front and back why I'm calling,function front back im calling,6,Conclusion
00:04:29.120000,00:04:31.670000,function front and back why I'm calling this member fun function because Vector,function front back im calling member fun function vector,6,Conclusion
00:04:31.670000,00:04:31.680000,this member fun function because Vector,member fun function vector,6,Conclusion
00:04:31.680000,00:04:34.350000,this member fun function because Vector is a class and this numbers this is,member fun function vector class numbers,6,Conclusion
00:04:34.350000,00:04:34.360000,is a class and this numbers this is,class numbers,3,Transitions
00:04:34.360000,00:04:37.150000,is a class and this numbers this is actually an object so whatever the,class numbers actually object whatever,3,Transitions
00:04:37.150000,00:04:37.160000,actually an object so whatever the,actually object whatever,3,Transitions
00:04:37.160000,00:04:39.430000,actually an object so whatever the function in that class we can use those,actually object whatever function class use,6,Conclusion
00:04:39.430000,00:04:39.440000,function in that class we can use those,function class use,6,Conclusion
00:04:39.440000,00:04:41.430000,function in that class we can use those function those are known as member,function class use function known member,6,Conclusion
00:04:41.430000,00:04:41.440000,function those are known as member,function known member,6,Conclusion
00:04:41.440000,00:04:43.189000,function those are known as member functions and those member function we,function known member functions member function,6,Conclusion
00:04:43.189000,00:04:43.199000,functions and those member function we,functions member function,6,Conclusion
00:04:43.199000,00:04:45.150000,functions and those member function we can use with the help of this object,functions member function use help object,6,Conclusion
00:04:45.150000,00:04:45.160000,can use with the help of this object,use help object,3,Transitions
00:04:45.160000,00:04:48.070000,can use with the help of this object right right so let me show you see there,use help object right right let show see,3,Transitions
00:04:48.070000,00:04:48.080000,right right so let me show you see there,right right let show see,3,Transitions
00:04:48.080000,00:04:51.070000,right right so let me show you see there are many functions we can use with these,right right let show see many functions use,1,Step-by-Step Instruction
00:04:51.070000,00:04:51.080000,are many functions we can use with these,many functions use,1,Step-by-Step Instruction
00:04:51.080000,00:04:52.909000,are many functions we can use with these vectors so if you go through this side,many functions use vectors go side,1,Step-by-Step Instruction
00:04:52.909000,00:04:52.919000,vectors so if you go through this side,vectors go side,3,Transitions
00:04:52.919000,00:04:55.990000,vectors so if you go through this side like cpv vector and there is a site C+,vectors go side like cpv vector site c,1,Step-by-Step Instruction
00:04:55.990000,00:04:56,like cpv vector and there is a site C+,like cpv vector site c,1,Step-by-Step Instruction
00:04:56,00:04:58.230000,like cpv vector and there is a site C+ plus.com right here you will get,like cpv vector site c pluscom right get,1,Step-by-Step Instruction
00:04:58.230000,00:04:58.240000,plus.com right here you will get,pluscom right get,3,Transitions
00:04:58.240000,00:04:59.710000,plus.com right here you will get everything about vectors and what,pluscom right get everything vectors,3,Transitions
00:04:59.710000,00:04:59.720000,everything about vectors and what,everything vectors,3,Transitions
00:04:59.720000,00:05:01.150000,everything about vectors and what whatever function member function you,everything vectors whatever function member function,6,Conclusion
00:05:01.150000,00:05:01.160000,whatever function member function you,whatever function member function,6,Conclusion
00:05:01.160000,00:05:04.310000,whatever function member function you can use on vectors c 1 by1 you'll get,whatever function member function use vectors c 1 by1 youll get,6,Conclusion
00:05:04.310000,00:05:04.320000,can use on vectors c 1 by1 you'll get,use vectors c 1 by1 youll get,3,Transitions
00:05:04.320000,00:05:06.749000,can use on vectors c 1 by1 you'll get everything right so these are the,use vectors c 1 by1 youll get everything right,3,Transitions
00:05:06.749000,00:05:06.759000,everything right so these are the,everything right,3,Transitions
00:05:06.759000,00:05:10.189000,everything right so these are the function we can use on vectors right see,everything right function use vectors right see,3,Transitions
00:05:10.189000,00:05:10.199000,function we can use on vectors right see,function use vectors right see,6,Conclusion
00:05:10.199000,00:05:11.310000,function we can use on vectors right see this thing we have seen in previous,function use vectors right see thing seen previous,3,Transitions
00:05:11.310000,00:05:11.320000,this thing we have seen in previous,thing seen previous,3,Transitions
00:05:11.320000,00:05:14.629000,this thing we have seen in previous video size and capacity these two things,thing seen previous video size capacity two things,3,Transitions
00:05:14.629000,00:05:14.639000,video size and capacity these two things,video size capacity two things,3,Transitions
00:05:14.639000,00:05:16.990000,video size and capacity these two things right how they are going to work element,video size capacity two things right going work element,3,Transitions
00:05:16.990000,00:05:17,right how they are going to work element,right going work element,3,Transitions
00:05:17,00:05:19.270000,right how they are going to work element access for element access using this,right going work element access element access using,5,Practical Application
00:05:19.270000,00:05:19.280000,access for element access using this,access element access using,5,Practical Application
00:05:19.280000,00:05:21.150000,access for element access using this operator you can access using at we can,access element access using operator access using,3,Transitions
00:05:21.150000,00:05:21.160000,operator you can access using at we can,operator access using,3,Transitions
00:05:21.160000,00:05:23.510000,operator you can access using at we can access right this thing we have seen now,operator access using access right thing seen,3,Transitions
00:05:23.510000,00:05:23.520000,access right this thing we have seen now,access right thing seen,3,Transitions
00:05:23.520000,00:05:26.189000,access right this thing we have seen now front and back X is first element this x,access right thing seen front back x first element x,3,Transitions
00:05:26.189000,00:05:26.199000,front and back X is first element this x,front back x first element x,5,Practical Application
00:05:26.199000,00:05:27.909000,front and back X is first element this x is last element how to use if you want,front back x first element x last element use want,5,Practical Application
00:05:27.909000,00:05:27.919000,is last element how to use if you want,last element use want,5,Practical Application
00:05:27.919000,00:05:29.469000,is last element how to use if you want to check you just click on front and it,last element use want check click front,5,Practical Application
00:05:29.469000,00:05:29.479000,to check you just click on front and it,check click front,3,Transitions
00:05:29.479000,00:05:31.029000,to check you just click on front and it will give you the complete,check click front give complete,3,Transitions
00:05:31.029000,00:05:31.039000,will give you the complete,give complete,3,Transitions
00:05:31.039000,00:05:33.550000,will give you the complete detail X is first element it will return,give complete detail x first element return,5,Practical Application
00:05:33.550000,00:05:33.560000,detail X is first element it will return,detail x first element return,5,Practical Application
00:05:33.560000,00:05:36.270000,detail X is first element it will return a reference to the first element in the,detail x first element return reference first element,5,Practical Application
00:05:36.270000,00:05:36.280000,a reference to the first element in the,reference first element,5,Practical Application
00:05:36.280000,00:05:39.749000,a reference to the first element in the vector right and how to use here we have,reference first element vector right use,4,Recap
00:05:39.749000,00:05:39.759000,vector right and how to use here we have,vector right use,4,Recap
00:05:39.759000,00:05:41.870000,vector right and how to use here we have an example so you can use this let me,vector right use example use let,4,Recap
00:05:41.870000,00:05:41.880000,an example so you can use this let me,example use let,3,Transitions
00:05:41.880000,00:05:45.029000,an example so you can use this let me just show you here if I want to access,example use let show want access,5,Practical Application
00:05:45.029000,00:05:45.039000,just show you here if I want to access,show want access,5,Practical Application
00:05:45.039000,00:05:47.909000,just show you here if I want to access the last element directly last element,show want access last element directly last element,5,Practical Application
00:05:47.909000,00:05:47.919000,the last element directly last element,last element directly last element,5,Practical Application
00:05:47.919000,00:05:51.550000,the last element directly last element in this Vector numbers is how to call,last element directly last element vector numbers call,5,Practical Application
00:05:51.550000,00:05:51.560000,in this Vector numbers is how to call,vector numbers call,4,Recap
00:05:51.560000,00:05:54.270000,in this Vector numbers is how to call back function Vector name dot the,vector numbers call back function vector name dot,4,Recap
00:05:54.270000,00:05:54.280000,back function Vector name dot the,back function vector name dot,6,Conclusion
00:05:54.280000,00:05:56.270000,back function Vector name dot the function name is,back function vector name dot function name,6,Conclusion
00:05:56.270000,00:05:56.280000,function name is,function name,6,Conclusion
00:05:56.280000,00:06:01.029000,function name is back and that's it right,function name back thats right,6,Conclusion
00:06:01.029000,00:06:01.039000,back and that's it right,back thats right,3,Transitions
00:06:01.039000,00:06:03.749000,back and that's it right andl so let me just comment out this,back thats right andl let comment,3,Transitions
00:06:03.749000,00:06:03.759000,andl so let me just comment out this,andl let comment,3,Transitions
00:06:03.759000,00:06:05.990000,andl so let me just comment out this line and if I run this it should give,andl let comment line run give,3,Transitions
00:06:05.990000,00:06:06,line and if I run this it should give,line run give,3,Transitions
00:06:06,00:06:08.150000,line and if I run this it should give four right because the last element is,line run give four right last element,5,Practical Application
00:06:08.150000,00:06:08.160000,four right because the last element is,four right last element,5,Practical Application
00:06:08.160000,00:06:10.110000,four right because the last element is four so it is four so directly if you,four right last element four four directly,5,Practical Application
00:06:10.110000,00:06:10.120000,four so it is four so directly if you,four four directly,3,Transitions
00:06:10.120000,00:06:11.510000,four so it is four so directly if you want to access front and last element we,four four directly want access front last element,5,Practical Application
00:06:11.510000,00:06:11.520000,want to access front and last element we,want access front last element,5,Practical Application
00:06:11.520000,00:06:14.270000,want to access front and last element we can use this thing for front same we,want access front last element use thing front,5,Practical Application
00:06:14.270000,00:06:14.280000,can use this thing for front same we,use thing front,3,Transitions
00:06:14.280000,00:06:16.350000,can use this thing for front same we have front,use thing front front,3,Transitions
00:06:16.350000,00:06:16.360000,have front,front,3,Transitions
00:06:16.360000,00:06:19.870000,have front function first element for first,front function first element first,6,Conclusion
00:06:19.870000,00:06:19.880000,function first element for first,function first element first,6,Conclusion
00:06:19.880000,00:06:22.309000,function first element for first element so for first element you just,function first element first element first element,5,Practical Application
00:06:22.309000,00:06:22.319000,element so for first element you just,element first element,5,Practical Application
00:06:22.319000,00:06:23.950000,element so for first element you just have to write,element first element write,5,Practical Application
00:06:23.950000,00:06:23.960000,have to write,write,3,Transitions
00:06:23.960000,00:06:25.870000,have to write here,write,3,Transitions
00:06:25.870000,00:06:25.880000,here,,3,Transitions
00:06:25.880000,00:06:28.670000,here front so it will give four and the this,front give four,3,Transitions
00:06:28.670000,00:06:28.680000,front so it will give four and the this,front give four,3,Transitions
00:06:28.680000,00:06:30.909000,front so it will give four and the this will give three,front give four give three,2,Context Setting
00:06:30.909000,00:06:30.919000,will give three,give three,2,Context Setting
00:06:30.919000,00:06:33.390000,will give three right so last element is four first,give three right last element four first,2,Context Setting
00:06:33.390000,00:06:33.400000,right so last element is four first,right last element four first,5,Practical Application
00:06:33.400000,00:06:35.790000,right so last element is four first element is three so this is how you can,right last element four first element three,2,Context Setting
00:06:35.790000,00:06:35.800000,element is three so this is how you can,element three,2,Context Setting
00:06:35.800000,00:06:38.469000,element is three so this is how you can access elements now how to modify if you,element three access elements modify,2,Context Setting
00:06:38.469000,00:06:38.479000,access elements now how to modify if you,access elements modify,3,Transitions
00:06:38.479000,00:06:40.950000,access elements now how to modify if you want to modify this Vector using at we,access elements modify want modify vector using,4,Recap
00:06:40.950000,00:06:40.960000,want to modify this Vector using at we,want modify vector using,4,Recap
00:06:40.960000,00:06:44.830000,want to modify this Vector using at we can modify yeah if I want to modify like,want modify vector using modify yeah want modify like,1,Step-by-Step Instruction
00:06:44.830000,00:06:44.840000,can modify yeah if I want to modify like,modify yeah want modify like,1,Step-by-Step Instruction
00:06:44.840000,00:06:47.270000,can modify yeah if I want to modify like the element at index one the second,modify yeah want modify like element index one second,5,Practical Application
00:06:47.270000,00:06:47.280000,the element at index one the second,element index one second,5,Practical Application
00:06:47.280000,00:06:50.550000,the element at index one the second element so how you can uh update this,element index one second element uh update,5,Practical Application
00:06:50.550000,00:06:50.560000,element so how you can uh update this,element uh update,0,Introduction
00:06:50.560000,00:06:52.990000,element so how you can uh update this thing modify this,element uh update thing modify,0,Introduction
00:06:52.990000,00:06:53,thing modify this,thing modify,3,Transitions
00:06:53,00:06:54.589000,thing modify this thing,thing modify thing,3,Transitions
00:06:54.589000,00:06:54.599000,thing,thing,3,Transitions
00:06:54.599000,00:06:59.790000,thing numbers the vector name dot at at at,thing numbers vector name dot,4,Recap
00:06:59.790000,00:06:59.800000,numbers the vector name dot at at at,numbers vector name dot,4,Recap
00:06:59.800000,00:07:05.629000,numbers the vector name dot at at at index one I want to make it 10 now we,numbers vector name dot index one want make 10,5,Practical Application
00:07:05.629000,00:07:05.639000,index one I want to make it 10 now we,index one want make 10,5,Practical Application
00:07:05.639000,00:07:08.749000,index one I want to make it 10 now we will access element at index one is at,index one want make 10 access element index one,5,Practical Application
00:07:08.749000,00:07:08.759000,will access element at index one is at,access element index one,5,Practical Application
00:07:08.759000,00:07:12.029000,will access element at index one is at one so let me just comment out these two,access element index one one let comment two,5,Practical Application
00:07:12.029000,00:07:12.039000,one so let me just comment out these two,one let comment two,5,Practical Application
00:07:12.039000,00:07:15.710000,one so let me just comment out these two line and at first it was Zero but now we,one let comment two line first zero,5,Practical Application
00:07:15.710000,00:07:15.720000,line and at first it was Zero but now we,line first zero,5,Practical Application
00:07:15.720000,00:07:17.830000,line and at first it was Zero but now we have modified it 10 so this line should,line first zero modified 10 line,5,Practical Application
00:07:17.830000,00:07:17.840000,have modified it 10 so this line should,modified 10 line,5,Practical Application
00:07:17.840000,00:07:21.670000,have modified it 10 so this line should give 10 right let me just run this so,modified 10 line give 10 right let run,5,Practical Application
00:07:21.670000,00:07:21.680000,give 10 right let me just run this so,give 10 right let run,5,Practical Application
00:07:21.680000,00:07:24.510000,give 10 right let me just run this so element at index one is 10 this is how,give 10 right let run element index one 10,5,Practical Application
00:07:24.510000,00:07:24.520000,element at index one is 10 this is how,element index one 10,5,Practical Application
00:07:24.520000,00:07:27.390000,element at index one is 10 this is how you can modify any element right using,element index one 10 modify element right using,5,Practical Application
00:07:27.390000,00:07:27.400000,you can modify any element right using,modify element right using,3,Transitions
00:07:27.400000,00:07:29.749000,you can modify any element right using at or if you want to ask from from the,modify element right using want ask,5,Practical Application
00:07:29.749000,00:07:29.759000,at or if you want to ask from from the,want ask,5,Practical Application
00:07:29.759000,00:07:33.189000,at or if you want to ask from from the user that also we can do like I,want ask user also like,1,Step-by-Step Instruction
00:07:33.189000,00:07:33.199000,user that also we can do like I,user also like,1,Step-by-Step Instruction
00:07:33.199000,00:07:38.430000,user that also we can do like I just want to declare a vector of size,user also like want declare vector size,1,Step-by-Step Instruction
00:07:38.430000,00:07:38.440000,just want to declare a vector of size,want declare vector size,4,Recap
00:07:38.440000,00:07:41.749000,just want to declare a vector of size five right so enter element of vector,want declare vector size five right enter element vector,4,Recap
00:07:41.749000,00:07:41.759000,five right so enter element of vector,five right enter element vector,4,Recap
00:07:41.759000,00:07:45.070000,five right so enter element of vector Five Element you want to enter so just,five right enter element vector five element want enter,4,Recap
00:07:45.070000,00:07:45.080000,Five Element you want to enter so just,five element want enter,5,Practical Application
00:07:45.080000,00:07:47.550000,Five Element you want to enter so just use a loop like for,five element want enter use loop like,1,Step-by-Step Instruction
00:07:47.550000,00:07:47.560000,use a loop like for,use loop like,1,Step-by-Step Instruction
00:07:47.560000,00:07:49.830000,use a loop like for Loop because I don't want to repeat the,use loop like loop dont want repeat,1,Step-by-Step Instruction
00:07:49.830000,00:07:49.840000,Loop because I don't want to repeat the,loop dont want repeat,1,Step-by-Step Instruction
00:07:49.840000,00:07:53.469000,Loop because I don't want to repeat the same line again and again from zero,loop dont want repeat line zero,1,Step-by-Step Instruction
00:07:53.469000,00:07:53.479000,same line again and again from zero,line zero,5,Practical Application
00:07:53.479000,00:07:58.110000,same line again and again from zero to till Vector size so I should be less,line zero till vector size less,4,Recap
00:07:58.110000,00:07:58.120000,to till Vector size so I should be less,till vector size less,4,Recap
00:07:58.120000,00:08:02.350000,to till Vector size so I should be less than vector a size how to calculate,till vector size less vector size calculate,4,Recap
00:08:02.350000,00:08:02.360000,than vector a size how to calculate,vector size calculate,4,Recap
00:08:02.360000,00:08:06.430000,than vector a size how to calculate numbers dot we have a function size and,vector size calculate numbers dot function size,6,Conclusion
00:08:06.430000,00:08:06.440000,numbers dot we have a function size and,numbers dot function size,6,Conclusion
00:08:06.440000,00:08:10.309000,numbers dot we have a function size and that's it and then I,numbers dot function size thats,6,Conclusion
00:08:10.309000,00:08:10.319000,that's it and then I,thats,3,Transitions
00:08:10.319000,00:08:13.790000,that's it and then I ++ right and here just see,thats right see,3,Transitions
00:08:13.790000,00:08:13.800000,++ right and here just see,right see,3,Transitions
00:08:13.800000,00:08:18.710000,++ right and here just see in numbers and at I,right see numbers,3,Transitions
00:08:18.710000,00:08:18.720000,in numbers and at I,numbers,3,Transitions
00:08:18.720000,00:08:22.589000,in numbers and at I these five elements it will take right,numbers five elements take right,3,Transitions
00:08:22.589000,00:08:22.599000,these five elements it will take right,five elements take right,3,Transitions
00:08:22.599000,00:08:25.550000,these five elements it will take right so let's run this enter Vector elements,five elements take right lets run enter vector elements,4,Recap
00:08:25.550000,00:08:25.560000,so let's run this enter Vector elements,lets run enter vector elements,4,Recap
00:08:25.560000,00:08:31.070000,so let's run this enter Vector elements of vector 1 2 3 4 5 right and element at,lets run enter vector elements vector 1 2 3 4 5 right element,4,Recap
00:08:31.070000,00:08:31.080000,of vector 1 2 3 4 5 right and element at,vector 1 2 3 4 5 right element,4,Recap
00:08:31.080000,00:08:33.990000,of vector 1 2 3 4 5 right and element at index one is see 10 it is showing me 10,vector 1 2 3 4 5 right element index one see 10 showing 10,5,Practical Application
00:08:33.990000,00:08:34,index one is see 10 it is showing me 10,index one see 10 showing 10,5,Practical Application
00:08:34,00:08:35.750000,index one is see 10 it is showing me 10 because actually it is two but it is,index one see 10 showing 10 actually two,5,Practical Application
00:08:35.750000,00:08:35.760000,because actually it is two but it is,actually two,3,Transitions
00:08:35.760000,00:08:37.469000,because actually it is two but it is showing 10 because we have updated this,actually two showing 10 updated,5,Practical Application
00:08:37.469000,00:08:37.479000,showing 10 because we have updated this,showing 10 updated,5,Practical Application
00:08:37.479000,00:08:39.870000,showing 10 because we have updated this thing modified this thing using this,showing 10 updated thing modified thing using,3,Transitions
00:08:39.870000,00:08:39.880000,thing modified this thing using this,thing modified thing using,3,Transitions
00:08:39.880000,00:08:42.670000,thing modified this thing using this line right and if you want to print,thing modified thing using line right want print,3,Transitions
00:08:42.670000,00:08:42.680000,line right and if you want to print,line right want print,5,Practical Application
00:08:42.680000,00:08:44.149000,line right and if you want to print elements whatever elements you have,line right want print elements whatever elements,3,Transitions
00:08:44.149000,00:08:44.159000,elements whatever elements you have,elements whatever elements,3,Transitions
00:08:44.159000,00:08:46.430000,elements whatever elements you have entered in this Vector then also same we,elements whatever elements entered vector also,4,Recap
00:08:46.430000,00:08:46.440000,entered in this Vector then also same we,entered vector also,4,Recap
00:08:46.440000,00:08:48.710000,entered in this Vector then also same we can use for Loop,entered vector also use loop,1,Step-by-Step Instruction
00:08:48.710000,00:08:48.720000,can use for Loop,use loop,1,Step-by-Step Instruction
00:08:48.720000,00:08:52.910000,can use for Loop like same line it will,use loop like line,1,Step-by-Step Instruction
00:08:52.910000,00:08:52.920000,like same line it will,like line,1,Step-by-Step Instruction
00:08:52.920000,00:08:58.430000,like same line it will iterate from 0o to numbers do,like line iterate 0o numbers,1,Step-by-Step Instruction
00:09:08.870000,00:09:08.880000,and yeah I less than numbers do size,yeah less numbers size,3,Transitions
00:09:08.880000,00:09:11.230000,and yeah I less than numbers do size right and I,yeah less numbers size right,3,Transitions
00:09:11.230000,00:09:11.240000,right and I,right,3,Transitions
00:09:11.240000,00:09:14.750000,right and I ++ and then we can just simply print C,right simply print c,3,Transitions
00:09:14.750000,00:09:14.760000,++ and then we can just simply print C,simply print c,3,Transitions
00:09:14.760000,00:09:20.030000,++ and then we can just simply print C out and uh with the help of at function,simply print c uh help function,6,Conclusion
00:09:20.030000,00:09:20.040000,out and uh with the help of at function,uh help function,6,Conclusion
00:09:20.040000,00:09:22.069000,out and uh with the help of at function I want to print at,uh help function want print,6,Conclusion
00:09:22.069000,00:09:22.079000,I want to print at,want print,5,Practical Application
00:09:22.079000,00:09:28.350000,I want to print at I,want print,5,Practical Application
00:09:31.310000,00:09:31.320000,right,right,3,Transitions
00:09:31.320000,00:09:34.150000,right just format it a little bit with,right format little bit,3,Transitions
00:09:34.150000,00:09:34.160000,just format it a little bit with,format little bit,3,Transitions
00:09:34.160000,00:09:37.990000,just format it a little bit with endl,format little bit endl,3,Transitions
00:09:41.590000,00:09:41.600000,right so first it will ask numbers,right first ask numbers,3,Transitions
00:09:41.600000,00:09:43.870000,right so first it will ask numbers element of vector then it will print,right first ask numbers element vector print,4,Recap
00:09:43.870000,00:09:43.880000,element of vector then it will print,element vector print,4,Recap
00:09:43.880000,00:09:46.269000,element of vector then it will print those vector and then after modifying,element vector print vector modifying,4,Recap
00:09:46.269000,00:09:46.279000,those vector and then after modifying,vector modifying,4,Recap
00:09:46.279000,00:09:50.269000,those vector and then after modifying this it will print the modified value at,vector modifying print modified value,4,Recap
00:09:50.269000,00:09:50.279000,this it will print the modified value at,print modified value,3,Transitions
00:09:50.279000,00:09:55.110000,this it will print the modified value at index one right okay now enter 1 2 3 4,print modified value index one right okay enter 1 2 3 4,5,Practical Application
00:09:55.110000,00:09:55.120000,index one right okay now enter 1 2 3 4,index one right okay enter 1 2 3 4,5,Practical Application
00:09:55.120000,00:09:58.870000,index one right okay now enter 1 2 3 4 45 or five element of vector are these,index one right okay enter 1 2 3 4 45 five element vector,5,Practical Application
00:09:58.870000,00:09:58.880000,45 or five element of vector are these,45 five element vector,4,Recap
00:09:58.880000,00:10:01.069000,45 or five element of vector are these but element at index first is 10 because,45 five element vector element index first 10,5,Practical Application
00:10:01.069000,00:10:01.079000,but element at index first is 10 because,element index first 10,5,Practical Application
00:10:01.079000,00:10:03.069000,but element at index first is 10 because we have modified,element index first 10 modified,5,Practical Application
00:10:03.069000,00:10:03.079000,we have modified,modified,3,Transitions
00:10:03.079000,00:10:07.470000,we have modified that element right so like this here we,modified element right like,1,Step-by-Step Instruction
00:10:07.470000,00:10:07.480000,that element right so like this here we,element right like,1,Step-by-Step Instruction
00:10:07.480000,00:10:09.389000,that element right so like this here we have different different functions in,element right like different different functions,1,Step-by-Step Instruction
00:10:09.389000,00:10:09.399000,have different different functions in,different different functions,1,Step-by-Step Instruction
00:10:09.399000,00:10:12.470000,have different different functions in this Vector,different different functions vector,1,Step-by-Step Instruction
00:10:12.470000,00:10:12.480000,this Vector,vector,4,Recap
00:10:12.480000,00:10:15.150000,this Vector right so you can just go to this side,vector right go side,4,Recap
00:10:15.150000,00:10:15.160000,right so you can just go to this side,right go side,3,Transitions
00:10:15.160000,00:10:17.870000,right so you can just go to this side and you can check all these functions,right go side check functions,1,Step-by-Step Instruction
00:10:17.870000,00:10:17.880000,and you can check all these functions,check functions,1,Step-by-Step Instruction
00:10:17.880000,00:10:19.710000,and you can check all these functions you can try out these functions right,check functions try functions right,1,Step-by-Step Instruction
00:10:19.710000,00:10:19.720000,you can try out these functions right,try functions right,1,Step-by-Step Instruction
00:10:19.720000,00:10:21.910000,you can try out these functions right the element XS these are modifier push,try functions right element xs modifier push,1,Step-by-Step Instruction
00:10:21.910000,00:10:21.920000,the element XS these are modifier push,element xs modifier push,3,Transitions
00:10:21.920000,00:10:24.829000,the element XS these are modifier push back we have used right and in next,element xs modifier push back used right next,3,Transitions
00:10:24.829000,00:10:24.839000,back we have used right and in next,back used right next,3,Transitions
00:10:24.839000,00:10:26.430000,back we have used right and in next video we'll see some more function,back used right next video well see function,3,Transitions
00:10:26.430000,00:10:26.440000,video we'll see some more function,video well see function,6,Conclusion
00:10:26.440000,00:10:32.630000,video we'll see some more function member function of vectors right,video well see function member function vectors right,6,Conclusion
00:10:34.350000,00:10:34.360000,so that's it for this video now I'll see,thats video ill see,3,Transitions
00:10:34.360000,00:10:36.190000,so that's it for this video now I'll see you in the next video till then bye-bye,thats video ill see next video till byebye,3,Transitions
00:10:36.190000,00:10:36.200000,you in the next video till then bye-bye,next video till byebye,3,Transitions
00:10:36.200000,00:10:38.959000,you in the next video till then bye-bye take care,next video till byebye take care,3,Transitions
