Start Time,End Time,Text,Cleaned Text,Cluster,Workflow Step
00:00:02.470000,00:00:02.480000,hey everyone I hope you are safe and,hey everyone hope safe,3,Transitions
00:00:02.480000,00:00:04.190000,hey everyone I hope you are safe and doing good so in the series of learning,hey everyone hope safe good series learning,3,Transitions
00:00:04.190000,00:00:04.200000,doing good so in the series of learning,good series learning,3,Transitions
00:00:04.200000,00:00:06.070000,doing good so in the series of learning C++ programming language in the previous,good series learning c programming language previous,3,Transitions
00:00:06.070000,00:00:06.080000,C++ programming language in the previous,c programming language previous,3,Transitions
00:00:06.080000,00:00:08.750000,C++ programming language in the previous video we have seen what is a pair in C++,c programming language previous video seen pair c,3,Transitions
00:00:08.750000,00:00:08.760000,video we have seen what is a pair in C++,video seen pair c,6,Conclusion
00:00:08.760000,00:00:10.509000,video we have seen what is a pair in C++ and the series we have also seen what,video seen pair c series also seen,3,Transitions
00:00:10.509000,00:00:10.519000,and the series we have also seen what,series also seen,3,Transitions
00:00:10.519000,00:00:13.230000,and the series we have also seen what are vectors in C++ so I hope you are now,series also seen vectors c hope,3,Transitions
00:00:13.230000,00:00:13.240000,are vectors in C++ so I hope you are now,vectors c hope,3,Transitions
00:00:13.240000,00:00:15.749000,are vectors in C++ so I hope you are now aware about vectors and pairs if not,vectors c hope aware vectors pairs,4,Recap
00:00:15.749000,00:00:15.759000,aware about vectors and pairs if not,aware vectors pairs,4,Recap
00:00:15.759000,00:00:17.510000,aware about vectors and pairs if not please watch the previous videos in this,aware vectors pairs please watch previous videos,3,Transitions
00:00:17.510000,00:00:17.520000,please watch the previous videos in this,please watch previous videos,3,Transitions
00:00:17.520000,00:00:19.230000,please watch the previous videos in this playlist then you will get this concept,please watch previous videos playlist get concept,3,Transitions
00:00:19.230000,00:00:19.240000,playlist then you will get this concept,playlist get concept,3,Transitions
00:00:19.240000,00:00:22.550000,playlist then you will get this concept better so in this video we'll see Vector,playlist get concept better video well see vector,3,Transitions
00:00:22.550000,00:00:22.560000,better so in this video we'll see Vector,better video well see vector,3,Transitions
00:00:22.560000,00:00:24.870000,better so in this video we'll see Vector of pair like we are going to combine,better video well see vector pair like going combine,6,Conclusion
00:00:24.870000,00:00:24.880000,of pair like we are going to combine,pair like going combine,6,Conclusion
00:00:24.880000,00:00:27.710000,of pair like we are going to combine both these things vector and pairs okay,pair like going combine things vector pairs okay,4,Recap
00:00:27.710000,00:00:27.720000,both these things vector and pairs okay,things vector pairs okay,4,Recap
00:00:27.720000,00:00:29.589000,both these things vector and pairs okay if you want to combine the features of,things vector pairs okay want combine features,4,Recap
00:00:29.589000,00:00:29.599000,if you want to combine the features of,want combine features,3,Transitions
00:00:29.599000,00:00:32.870000,if you want to combine the features of both these things vector and pairs then,want combine features things vector pairs,4,Recap
00:00:32.870000,00:00:32.880000,both these things vector and pairs then,things vector pairs,4,Recap
00:00:32.880000,00:00:35.389000,both these things vector and pairs then yes we can do this thing and that would,things vector pairs yes thing would,4,Recap
00:00:35.389000,00:00:35.399000,yes we can do this thing and that would,yes thing would,2,Context Setting
00:00:35.399000,00:00:38.069000,yes we can do this thing and that would be more powerful you can say uh kind of,yes thing would powerful say uh kind,2,Context Setting
00:00:38.069000,00:00:38.079000,be more powerful you can say uh kind of,powerful say uh kind,3,Transitions
00:00:38.079000,00:00:41.950000,be more powerful you can say uh kind of data structure right because yeah uh,powerful say uh kind data structure right yeah uh,3,Transitions
00:00:41.950000,00:00:41.960000,data structure right because yeah uh,data structure right yeah uh,3,Transitions
00:00:41.960000,00:00:44.029000,data structure right because yeah uh data structure is nothing but just a way,data structure right yeah uh data structure nothing way,2,Context Setting
00:00:44.029000,00:00:44.039000,data structure is nothing but just a way,data structure nothing way,2,Context Setting
00:00:44.039000,00:00:47.389000,data structure is nothing but just a way to store and manage the data so in this,data structure nothing way store manage data,2,Context Setting
00:00:47.389000,00:00:47.399000,to store and manage the data so in this,store manage data,2,Context Setting
00:00:47.399000,00:00:49.110000,to store and manage the data so in this video we'll see that thing that Vector,store manage data video well see thing vector,2,Context Setting
00:00:49.110000,00:00:49.120000,video we'll see that thing that Vector,video well see thing vector,2,Context Setting
00:00:49.120000,00:00:51.470000,video we'll see that thing that Vector of pairs what is this Vector of pairs,video well see thing vector pairs vector pairs,4,Recap
00:00:51.470000,00:00:51.480000,of pairs what is this Vector of pairs,pairs vector pairs,4,Recap
00:00:51.480000,00:00:53.670000,of pairs what is this Vector of pairs how to use it why to use it when to use,pairs vector pairs use use use,0,Introduction
00:00:53.670000,00:00:53.680000,how to use it why to use it when to use,use use use,0,Introduction
00:00:53.680000,00:00:55.590000,how to use it why to use it when to use it the application and all with help of,use use use application help,0,Introduction
00:00:55.590000,00:00:55.600000,it the application and all with help of,application help,3,Transitions
00:00:55.600000,00:00:58.990000,it the application and all with help of programs also I'll show you right so now,application help programs also ill show right,2,Context Setting
00:00:58.990000,00:00:59,programs also I'll show you right so now,programs also ill show right,2,Context Setting
00:00:59,00:01:04.350000,programs also I'll show you right so now see pair I hope now you have idea like a,programs also ill show right see pair hope idea like,6,Conclusion
00:01:04.350000,00:01:04.360000,see pair I hope now you have idea like a,see pair hope idea like,6,Conclusion
00:01:04.360000,00:01:06.429000,see pair I hope now you have idea like a set of two things or if you combine two,see pair hope idea like set two things combine two,6,Conclusion
00:01:06.429000,00:01:06.439000,set of two things or if you combine two,set two things combine two,3,Transitions
00:01:06.439000,00:01:09.310000,set of two things or if you combine two values or two uh you know uh things then,set two things combine two values two uh know uh things,3,Transitions
00:01:09.310000,00:01:09.320000,values or two uh you know uh things then,values two uh know uh things,3,Transitions
00:01:09.320000,00:01:11.670000,values or two uh you know uh things then that is called a pair like a in general,values two uh know uh things called pair like general,6,Conclusion
00:01:11.670000,00:01:11.680000,that is called a pair like a in general,called pair like general,6,Conclusion
00:01:11.680000,00:01:14.190000,that is called a pair like a in general terms if I say pair of Hues pair of,called pair like general terms say pair hues pair,6,Conclusion
00:01:14.190000,00:01:14.200000,terms if I say pair of Hues pair of,terms say pair hues pair,6,Conclusion
00:01:14.200000,00:01:16.469000,terms if I say pair of Hues pair of shirt you know these kind of things,terms say pair hues pair shirt know kind things,6,Conclusion
00:01:16.469000,00:01:16.479000,shirt you know these kind of things,shirt know kind things,3,Transitions
00:01:16.479000,00:01:19.429000,shirt you know these kind of things means two things we are going to combine,shirt know kind things means two things going combine,3,Transitions
00:01:19.429000,00:01:19.439000,means two things we are going to combine,means two things going combine,3,Transitions
00:01:19.439000,00:01:21.870000,means two things we are going to combine these two things or two values and those,means two things going combine two things two values,3,Transitions
00:01:21.870000,00:01:21.880000,these two things or two values and those,two things two values,3,Transitions
00:01:21.880000,00:01:23.550000,these two things or two values and those values can be of same type of or,two things two values values type,6,Conclusion
00:01:23.550000,00:01:23.560000,values can be of same type of or,values type,6,Conclusion
00:01:23.560000,00:01:26.069000,values can be of same type of or different type like int INT in string,values type different type like int int string,6,Conclusion
00:01:26.069000,00:01:26.079000,different type like int INT in string,different type like int int string,6,Conclusion
00:01:26.079000,00:01:30.710000,different type like int INT in string string B these kind of things right so,different type like int int string string b kind things right,6,Conclusion
00:01:30.710000,00:01:30.720000,string B these kind of things right so,string b kind things right,6,Conclusion
00:01:30.720000,00:01:34.270000,string B these kind of things right so like for example uh the detail student,string b kind things right like example uh detail student,6,Conclusion
00:01:34.270000,00:01:34.280000,like for example uh the detail student,like example uh detail student,1,Step-by-Step Instruction
00:01:34.280000,00:01:37.429000,like for example uh the detail student details name plus r number so name is,like example uh detail student details name plus r number name,1,Step-by-Step Instruction
00:01:37.429000,00:01:37.439000,details name plus r number so name is,details name plus r number name,1,Step-by-Step Instruction
00:01:37.439000,00:01:40.670000,details name plus r number so name is string R number is what integer so as a,details name plus r number name string r number integer,1,Step-by-Step Instruction
00:01:40.670000,00:01:40.680000,string R number is what integer so as a,string r number integer,3,Transitions
00:01:40.680000,00:01:42.389000,string R number is what integer so as a single object I want to store this,string r number integer single object want store,3,Transitions
00:01:42.389000,00:01:42.399000,single object I want to store this,single object want store,3,Transitions
00:01:42.399000,00:01:45.069000,single object I want to store this information student name plus you can,single object want store information student name plus,1,Step-by-Step Instruction
00:01:45.069000,00:01:45.079000,information student name plus you can,information student name plus,1,Step-by-Step Instruction
00:01:45.079000,00:01:48.310000,information student name plus you can say the r number right so we can make,information student name plus say r number right make,1,Step-by-Step Instruction
00:01:48.310000,00:01:48.320000,say the r number right so we can make,say r number right make,3,Transitions
00:01:48.320000,00:01:51.550000,say the r number right so we can make this we can do uh we can make a pair to,say r number right make uh make pair,6,Conclusion
00:01:51.550000,00:01:51.560000,this we can do uh we can make a pair to,uh make pair,6,Conclusion
00:01:51.560000,00:01:54.389000,this we can do uh we can make a pair to store this thing and how to do this,uh make pair store thing,6,Conclusion
00:01:54.389000,00:01:54.399000,store this thing and how to do this,store thing,2,Context Setting
00:01:54.399000,00:01:58.230000,store this thing and how to do this thing like pair I have int and like,store thing thing like pair int like,6,Conclusion
00:01:58.230000,00:01:58.240000,thing like pair I have int and like,thing like pair int like,6,Conclusion
00:01:58.240000,00:02:01.789000,thing like pair I have int and like string two data types and P and here,thing like pair int like string two data types p,6,Conclusion
00:02:01.789000,00:02:01.799000,string two data types and P and here,string two data types p,3,Transitions
00:02:01.799000,00:02:05.950000,string two data types and P and here only if you want to uh one one way is,string two data types p want uh one one way,2,Context Setting
00:02:05.950000,00:02:05.960000,only if you want to uh one one way is,want uh one one way,2,Context Setting
00:02:05.960000,00:02:07.950000,only if you want to uh one one way is what many way to initialize this Vector,want uh one one way many way initialize vector,2,Context Setting
00:02:07.950000,00:02:07.960000,what many way to initialize this Vector,many way initialize vector,2,Context Setting
00:02:07.960000,00:02:10.630000,what many way to initialize this Vector right we can do one thing this thing I,many way initialize vector right one thing thing,2,Context Setting
00:02:10.630000,00:02:10.640000,right we can do one thing this thing I,right one thing thing,2,Context Setting
00:02:10.640000,00:02:13.390000,right we can do one thing this thing I have I I I forgotten to tell you in the,right one thing thing forgotten tell,2,Context Setting
00:02:13.390000,00:02:13.400000,have I I I forgotten to tell you in the,forgotten tell,3,Transitions
00:02:13.400000,00:02:16.110000,have I I I forgotten to tell you in the previous video so one thing we can do is,forgotten tell previous video one thing,2,Context Setting
00:02:16.110000,00:02:16.120000,previous video so one thing we can do is,previous video one thing,2,Context Setting
00:02:16.120000,00:02:19.750000,previous video so one thing we can do is p is equal to in these curly bracket one,previous video one thing p equal curly bracket one,2,Context Setting
00:02:19.750000,00:02:19.760000,p is equal to in these curly bracket one,p equal curly bracket one,2,Context Setting
00:02:19.760000,00:02:23.470000,p is equal to in these curly bracket one comma and name,p equal curly bracket one comma name,2,Context Setting
00:02:23.470000,00:02:23.480000,comma and name,comma name,3,Transitions
00:02:23.480000,00:02:27.110000,comma and name j this is also like we can assign the,comma name j also like assign,6,Conclusion
00:02:27.110000,00:02:27.120000,j this is also like we can assign the,j also like assign,6,Conclusion
00:02:27.120000,00:02:30.869000,j this is also like we can assign the values to this pair right like,j also like assign values pair right like,6,Conclusion
00:02:30.869000,00:02:30.879000,values to this pair right like,values pair right like,6,Conclusion
00:02:30.879000,00:02:34.150000,values to this pair right like we can assign values to these the spare,values pair right like assign values spare,6,Conclusion
00:02:34.150000,00:02:34.160000,we can assign values to these the spare,assign values spare,6,Conclusion
00:02:34.160000,00:02:37.150000,we can assign values to these the spare right but now I have like 60 students in,assign values spare right like 60 students,6,Conclusion
00:02:37.150000,00:02:37.160000,right but now I have like 60 students in,right like 60 students,6,Conclusion
00:02:37.160000,00:02:42.030000,right but now I have like 60 students in my class right so for storing the detail,right like 60 students class right storing detail,6,Conclusion
00:02:42.030000,00:02:42.040000,my class right so for storing the detail,class right storing detail,2,Context Setting
00:02:42.040000,00:02:44.949000,my class right so for storing the detail of all the 60 students like name withraw,class right storing detail 60 students like name withraw,6,Conclusion
00:02:44.949000,00:02:44.959000,of all the 60 students like name withraw,60 students like name withraw,6,Conclusion
00:02:44.959000,00:02:49.430000,of all the 60 students like name withraw number maybe you need 60 pairs P1 P2 P3,60 students like name withraw number maybe need 60 pairs p1 p2 p3,3,Transitions
00:02:49.430000,00:02:49.440000,number maybe you need 60 pairs P1 P2 P3,number maybe need 60 pairs p1 p2 p3,3,Transitions
00:02:49.440000,00:02:51.550000,number maybe you need 60 pairs P1 P2 P3 but better idea is what we can create a,number maybe need 60 pairs p1 p2 p3 better idea create,3,Transitions
00:02:51.550000,00:02:51.560000,but better idea is what we can create a,better idea create,3,Transitions
00:02:51.560000,00:02:54.869000,but better idea is what we can create a vector of pairs that a simple thing,better idea create vector pairs simple thing,4,Recap
00:02:54.869000,00:02:54.879000,vector of pairs that a simple thing,vector pairs simple thing,4,Recap
00:02:54.879000,00:02:57.270000,vector of pairs that a simple thing right so Vector means what it's a,vector pairs simple thing right vector means,5,Practical Application
00:02:57.270000,00:02:57.280000,right so Vector means what it's a,right vector means,5,Practical Application
00:02:57.280000,00:03:00.350000,right so Vector means what it's a dynamic array we can say it's like same,right vector means dynamic array say like,5,Practical Application
00:03:00.350000,00:03:00.360000,dynamic array we can say it's like same,dynamic array say like,6,Conclusion
00:03:00.360000,00:03:01.990000,dynamic array we can say it's like same like arrays collection of homogeneous,dynamic array say like like arrays collection homogeneous,6,Conclusion
00:03:01.990000,00:03:02,like arrays collection of homogeneous,like arrays collection homogeneous,6,Conclusion
00:03:02,00:03:05.190000,like arrays collection of homogeneous stereotypes but what makes it the vector,like arrays collection homogeneous stereotypes makes vector,6,Conclusion
00:03:05.190000,00:03:05.200000,stereotypes but what makes it the vector,stereotypes makes vector,5,Practical Application
00:03:05.200000,00:03:06.509000,stereotypes but what makes it the vector different from array is what it is,stereotypes makes vector different array,5,Practical Application
00:03:06.509000,00:03:06.519000,different from array is what it is,different array,3,Transitions
00:03:06.519000,00:03:08.470000,different from array is what it is dynamic array means Vector can,different array dynamic array means vector,5,Practical Application
00:03:08.470000,00:03:08.480000,dynamic array means Vector can,dynamic array means vector,5,Practical Application
00:03:08.480000,00:03:10.149000,dynamic array means Vector can automatically increase its size or,dynamic array means vector automatically increase size,5,Practical Application
00:03:10.149000,00:03:10.159000,automatically increase its size or,automatically increase size,3,Transitions
00:03:10.159000,00:03:14.470000,automatically increase its size or Shrink it its size right in arrays size,automatically increase size shrink size right arrays size,2,Context Setting
00:03:14.470000,00:03:14.480000,Shrink it its size right in arrays size,shrink size right arrays size,2,Context Setting
00:03:14.480000,00:03:16.949000,Shrink it its size right in arrays size is fixed that is drawback of Ares that,shrink size right arrays size fixed drawback ares,2,Context Setting
00:03:16.949000,00:03:16.959000,is fixed that is drawback of Ares that,fixed drawback ares,3,Transitions
00:03:16.959000,00:03:20.509000,is fixed that is drawback of Ares that is why we use vectors right now here we,fixed drawback ares use vectors right,0,Introduction
00:03:20.509000,00:03:20.519000,is why we use vectors right now here we,use vectors right,0,Introduction
00:03:20.519000,00:03:22.710000,is why we use vectors right now here we can create Vector of pairs so how to,use vectors right create vector pairs,4,Recap
00:03:22.710000,00:03:22.720000,can create Vector of pairs so how to,create vector pairs,4,Recap
00:03:22.720000,00:03:25.509000,can create Vector of pairs so how to create that thing what is the syntax,create vector pairs create thing syntax,4,Recap
00:03:25.509000,00:03:25.519000,create that thing what is the syntax,create thing syntax,2,Context Setting
00:03:25.519000,00:03:26.949000,create that thing what is the syntax please watch out the previous videos,create thing syntax please watch previous videos,3,Transitions
00:03:26.949000,00:03:26.959000,please watch out the previous videos,please watch previous videos,3,Transitions
00:03:26.959000,00:03:28.589000,please watch out the previous videos first like what is a pair what is a,please watch previous videos first like pair,6,Conclusion
00:03:28.589000,00:03:28.599000,first like what is a pair what is a,first like pair,6,Conclusion
00:03:28.599000,00:03:30.309000,first like what is a pair what is a vector how to use vector all then you,first like pair vector use vector,5,Practical Application
00:03:30.309000,00:03:30.319000,vector how to use vector all then you,vector use vector,5,Practical Application
00:03:30.319000,00:03:32.830000,vector how to use vector all then you will get this thing better right so we,vector use vector get thing better right,5,Practical Application
00:03:32.830000,00:03:32.840000,will get this thing better right so we,get thing better right,2,Context Setting
00:03:32.840000,00:03:36.390000,will get this thing better right so we have a simple simple Vector if I want to,get thing better right simple simple vector want,5,Practical Application
00:03:36.390000,00:03:36.400000,have a simple simple Vector if I want to,simple simple vector want,5,Practical Application
00:03:36.400000,00:03:38.470000,have a simple simple Vector if I want to create a vector not Vector of pair,simple simple vector want create vector vector pair,5,Practical Application
00:03:38.470000,00:03:38.480000,create a vector not Vector of pair,create vector vector pair,5,Practical Application
00:03:38.480000,00:03:41.869000,create a vector not Vector of pair simple Vector then we write here Vector,create vector vector pair simple vector write vector,5,Practical Application
00:03:41.869000,00:03:41.879000,simple Vector then we write here Vector,simple vector write vector,5,Practical Application
00:03:41.879000,00:03:43.910000,simple Vector then we write here Vector the data type suppose I'm creating a,simple vector write vector data type suppose im creating,5,Practical Application
00:03:43.910000,00:03:43.920000,the data type suppose I'm creating a,data type suppose im creating,3,Transitions
00:03:43.920000,00:03:46.630000,the data type suppose I'm creating a vector of type integer and Vector name,data type suppose im creating vector type integer vector name,5,Practical Application
00:03:46.630000,00:03:46.640000,vector of type integer and Vector name,vector type integer vector name,5,Practical Application
00:03:46.640000,00:03:47.910000,vector of type integer and Vector name uh suppose,vector type integer vector name uh suppose,5,Practical Application
00:03:47.910000,00:03:47.920000,uh suppose,uh suppose,3,Transitions
00:03:47.920000,00:03:50.710000,uh suppose numbers that's it this is a vector,uh suppose numbers thats vector,5,Practical Application
00:03:50.710000,00:03:50.720000,numbers that's it this is a vector,numbers thats vector,5,Practical Application
00:03:50.720000,00:03:52.830000,numbers that's it this is a vector numbers which will,numbers thats vector numbers,5,Practical Application
00:03:52.830000,00:03:52.840000,numbers which will,numbers,3,Transitions
00:03:52.840000,00:03:57.229000,numbers which will store integer only in right or we can,numbers store integer right,2,Context Setting
00:03:57.229000,00:03:57.239000,store integer only in right or we can,store integer right,2,Context Setting
00:03:57.239000,00:03:59.149000,store integer only in right or we can write write down here float or we can,store integer right write write float,3,Transitions
00:03:59.149000,00:03:59.159000,write write down here float or we can,write write float,3,Transitions
00:03:59.159000,00:04:01.830000,write write down here float or we can create a integer of string like this or,write write float create integer string like,6,Conclusion
00:04:01.830000,00:04:01.840000,create a integer of string like this or,create integer string like,6,Conclusion
00:04:01.840000,00:04:04.630000,create a integer of string like this or Bo like this right but all the values in,create integer string like bo like right values,6,Conclusion
00:04:04.630000,00:04:04.640000,Bo like this right but all the values in,bo like right values,6,Conclusion
00:04:04.640000,00:04:07.470000,Bo like this right but all the values in the single Vector would be of same type,bo like right values single vector would type,6,Conclusion
00:04:07.470000,00:04:07.480000,the single Vector would be of same type,single vector would type,5,Practical Application
00:04:07.480000,00:04:10.429000,the single Vector would be of same type right but here rather than storing this,single vector would type right rather storing,2,Context Setting
00:04:10.429000,00:04:10.439000,right but here rather than storing this,right rather storing,2,Context Setting
00:04:10.439000,00:04:11.869000,right but here rather than storing this primitive data type we are going to,right rather storing primitive data type going,2,Context Setting
00:04:11.869000,00:04:11.879000,primitive data type we are going to,primitive data type going,3,Transitions
00:04:11.879000,00:04:16.270000,primitive data type we are going to store pairs in this Vector not this,primitive data type going store pairs vector,4,Recap
00:04:16.270000,00:04:16.280000,store pairs in this Vector not this,store pairs vector,4,Recap
00:04:16.280000,00:04:19.430000,store pairs in this Vector not this fundamental data type no right that is,store pairs vector fundamental data type right,4,Recap
00:04:19.430000,00:04:19.440000,fundamental data type no right that is,fundamental data type right,2,Context Setting
00:04:19.440000,00:04:21.830000,fundamental data type no right that is called Vector of pairs so how,fundamental data type right called vector pairs,4,Recap
00:04:21.830000,00:04:21.840000,called Vector of pairs so how,called vector pairs,4,Recap
00:04:21.840000,00:04:25.150000,called Vector of pairs so how to what should be the syntax int but,called vector pairs syntax int,4,Recap
00:04:25.150000,00:04:25.160000,to what should be the syntax int but,syntax int,3,Transitions
00:04:25.160000,00:04:26.870000,to what should be the syntax int but here it's simple data type but here I,syntax int simple data type,3,Transitions
00:04:26.870000,00:04:26.880000,here it's simple data type but here I,simple data type,3,Transitions
00:04:26.880000,00:04:32.150000,here it's simple data type but here I want to store pair so for pair we just,simple data type want store pair pair,6,Conclusion
00:04:32.150000,00:04:32.160000,want to store pair so for pair we just,want store pair pair,6,Conclusion
00:04:32.160000,00:04:33.990000,want to store pair so for pair we just write down here what is the syntax to,want store pair pair write syntax,6,Conclusion
00:04:33.990000,00:04:34,write down here what is the syntax to,write syntax,3,Transitions
00:04:34,00:04:38.110000,write down here what is the syntax to create a pair pair and here again data,write syntax create pair pair data,6,Conclusion
00:04:38.110000,00:04:38.120000,create a pair pair and here again data,create pair pair data,6,Conclusion
00:04:38.120000,00:04:41.430000,create a pair pair and here again data type of whatever value you want to store,create pair pair data type whatever value want store,6,Conclusion
00:04:41.430000,00:04:41.440000,type of whatever value you want to store,type whatever value want store,3,Transitions
00:04:41.440000,00:04:44.790000,type of whatever value you want to store suppose int and,type whatever value want store suppose int,3,Transitions
00:04:44.790000,00:04:44.800000,suppose int and,suppose int,3,Transitions
00:04:44.800000,00:04:48.950000,suppose int and string right this is pair and again,suppose int string right pair,6,Conclusion
00:04:48.950000,00:04:48.960000,string right this is pair and again,string right pair,6,Conclusion
00:04:48.960000,00:04:51.510000,string right this is pair and again close this for Vector right and then,string right pair close vector right,5,Practical Application
00:04:51.510000,00:04:51.520000,close this for Vector right and then,close vector right,5,Practical Application
00:04:51.520000,00:04:58.310000,close this for Vector right and then Vector name uh suppose student,close vector right vector name uh suppose student,5,Practical Application
00:05:00.270000,00:05:00.280000,detail so this this is how we are going,detail going,3,Transitions
00:05:00.280000,00:05:02.990000,detail so this this is how we are going to create a vector of,detail going create vector,5,Practical Application
00:05:02.990000,00:05:03,to create a vector of,create vector,5,Practical Application
00:05:03,00:05:06.629000,to create a vector of pairs right so now this student detail,create vector pairs right student detail,4,Recap
00:05:06.629000,00:05:06.639000,pairs right so now this student detail,pairs right student detail,4,Recap
00:05:06.639000,00:05:08.990000,pairs right so now this student detail this is a vector which is going to,pairs right student detail vector going,4,Recap
00:05:08.990000,00:05:09,this is a vector which is going to,vector going,5,Practical Application
00:05:09,00:05:11.909000,this is a vector which is going to contain these pairs int and string,vector going contain pairs int string,4,Recap
00:05:11.909000,00:05:11.919000,contain these pairs int and string,contain pairs int string,4,Recap
00:05:11.919000,00:05:13.909000,contain these pairs int and string having two values one of int one is,contain pairs int string two values one int one,2,Context Setting
00:05:13.909000,00:05:13.919000,having two values one of int one is,two values one int one,2,Context Setting
00:05:13.919000,00:05:17.189000,having two values one of int one is string right simple sentex I hope it is,two values one int one string right simple sentex hope,2,Context Setting
00:05:17.189000,00:05:17.199000,string right simple sentex I hope it is,string right simple sentex hope,2,Context Setting
00:05:17.199000,00:05:20.309000,string right simple sentex I hope it is not so much done right now same,string right simple sentex hope much done right,2,Context Setting
00:05:20.309000,00:05:20.319000,not so much done right now same,much done right,2,Context Setting
00:05:20.319000,00:05:22.550000,not so much done right now same operation you can apply here what you,much done right operation apply,2,Context Setting
00:05:22.550000,00:05:22.560000,operation you can apply here what you,operation apply,3,Transitions
00:05:22.560000,00:05:25.230000,operation you can apply here what you have you know done in case of vectors,operation apply know done case vectors,3,Transitions
00:05:25.230000,00:05:25.240000,have you know done in case of vectors,know done case vectors,3,Transitions
00:05:25.240000,00:05:28.430000,have you know done in case of vectors like if you want to uh uh push back a,know done case vectors like want uh uh push back,3,Transitions
00:05:28.430000,00:05:28.440000,like if you want to uh uh push back a,like want uh uh push back,3,Transitions
00:05:28.440000,00:05:31.230000,like if you want to uh uh push back a value in this Vector of pair same push,like want uh uh push back value vector pair push,6,Conclusion
00:05:31.230000,00:05:31.240000,value in this Vector of pair same push,value vector pair push,5,Practical Application
00:05:31.240000,00:05:34.749000,value in this Vector of pair same push back a function we can use pop back pop,value vector pair push back function use pop back pop,0,Introduction
00:05:34.749000,00:05:34.759000,back a function we can use pop back pop,back function use pop back pop,0,Introduction
00:05:34.759000,00:05:38.189000,back a function we can use pop back pop back we can use erase delete swap clear,back function use pop back pop back use erase delete swap clear,0,Introduction
00:05:38.189000,00:05:38.199000,back we can use erase delete swap clear,back use erase delete swap clear,0,Introduction
00:05:38.199000,00:05:41.390000,back we can use erase delete swap clear all the iterators we can use begin end C,back use erase delete swap clear iterators use begin end c,0,Introduction
00:05:41.390000,00:05:41.400000,all the iterators we can use begin end C,iterators use begin end c,0,Introduction
00:05:41.400000,00:05:44.870000,all the iterators we can use begin end C begin C end and reverse R begin R end,iterators use begin end c begin c end reverse r begin r end,0,Introduction
00:05:44.870000,00:05:44.880000,begin C end and reverse R begin R end,begin c end reverse r begin r end,0,Introduction
00:05:44.880000,00:05:48.430000,begin C end and reverse R begin R end like this right so those things I'll,begin c end reverse r begin r end like right things ill,0,Introduction
00:05:48.430000,00:05:48.440000,like this right so those things I'll,like right things ill,6,Conclusion
00:05:48.440000,00:05:49.990000,like this right so those things I'll show you two to three things with the,like right things ill show two three things,6,Conclusion
00:05:49.990000,00:05:50,show you two to three things with the,show two three things,3,Transitions
00:05:50,00:05:52.189000,show you two to three things with the help of programs remaining things you,show two three things help programs remaining things,3,Transitions
00:05:52.189000,00:05:52.199000,help of programs remaining things you,help programs remaining things,3,Transitions
00:05:52.199000,00:05:54.990000,help of programs remaining things you are going to practice right I hope this,help programs remaining things going practice right hope,3,Transitions
00:05:54.990000,00:05:55,are going to practice right I hope this,going practice right hope,3,Transitions
00:05:55,00:05:57.990000,are going to practice right I hope this is clear what is Vector of pairs so we,going practice right hope clear vector pairs,4,Recap
00:05:57.990000,00:05:58,is clear what is Vector of pairs so we,clear vector pairs,4,Recap
00:05:58,00:06:00.189000,is clear what is Vector of pairs so we can say it Vector of pair it is a,clear vector pairs say vector pair,5,Practical Application
00:06:00.189000,00:06:00.199000,can say it Vector of pair it is a,say vector pair,5,Practical Application
00:06:00.199000,00:06:03.430000,can say it Vector of pair it is a dynamic array which contain pairs,say vector pair dynamic array contain pairs,4,Recap
00:06:03.430000,00:06:03.440000,dynamic array which contain pairs,dynamic array contain pairs,4,Recap
00:06:03.440000,00:06:07.350000,dynamic array which contain pairs instead of primitive data types right so,dynamic array contain pairs instead primitive data types right,4,Recap
00:06:07.350000,00:06:07.360000,instead of primitive data types right so,instead primitive data types right,2,Context Setting
00:06:07.360000,00:06:09.510000,instead of primitive data types right so we can say like what is use of this,instead primitive data types right say like use,0,Introduction
00:06:09.510000,00:06:09.520000,we can say like what is use of this,say like use,0,Introduction
00:06:09.520000,00:06:11.309000,we can say like what is use of this thing or the application when to use,say like use thing application use,0,Introduction
00:06:11.309000,00:06:11.319000,thing or the application when to use,thing application use,0,Introduction
00:06:11.319000,00:06:13.950000,thing or the application when to use this thing if sometimes suppose if you,thing application use thing sometimes suppose,2,Context Setting
00:06:13.950000,00:06:13.960000,this thing if sometimes suppose if you,thing sometimes suppose,2,Context Setting
00:06:13.960000,00:06:15.670000,this thing if sometimes suppose if you want to group and perform some operation,thing sometimes suppose want group perform operation,2,Context Setting
00:06:15.670000,00:06:15.680000,want to group and perform some operation,want group perform operation,3,Transitions
00:06:15.680000,00:06:18.510000,want to group and perform some operation on two related piece of,want group perform operation two related piece,3,Transitions
00:06:18.510000,00:06:18.520000,on two related piece of,two related piece,3,Transitions
00:06:18.520000,00:06:21.870000,on two related piece of data then we can use Vector of pairs,two related piece data use vector pairs,4,Recap
00:06:21.870000,00:06:21.880000,data then we can use Vector of pairs,data use vector pairs,4,Recap
00:06:21.880000,00:06:24.150000,data then we can use Vector of pairs right like maybe some coordinates or,data use vector pairs right like maybe coordinates,4,Recap
00:06:24.150000,00:06:24.160000,right like maybe some coordinates or,right like maybe coordinates,6,Conclusion
00:06:24.160000,00:06:26.749000,right like maybe some coordinates or values or keys or like this thing in,right like maybe coordinates values keys like thing,6,Conclusion
00:06:26.749000,00:06:26.759000,values or keys or like this thing in,values keys like thing,6,Conclusion
00:06:26.759000,00:06:28.790000,values or keys or like this thing in student detail if you want to store this,values keys like thing student detail want store,6,Conclusion
00:06:28.790000,00:06:28.800000,student detail if you want to store this,student detail want store,1,Step-by-Step Instruction
00:06:28.800000,00:06:32.950000,student detail if you want to store this kind of thing as a pair right like name,student detail want store kind thing pair right like name,6,Conclusion
00:06:32.950000,00:06:32.960000,kind of thing as a pair right like name,kind thing pair right like name,6,Conclusion
00:06:32.960000,00:06:34.550000,kind of thing as a pair right like name of the student and R number of the,kind thing pair right like name student r number,6,Conclusion
00:06:34.550000,00:06:34.560000,of the student and R number of the,student r number,1,Step-by-Step Instruction
00:06:34.560000,00:06:36.230000,of the student and R number of the student and if you want to perform some,student r number student want perform,1,Step-by-Step Instruction
00:06:36.230000,00:06:36.240000,student and if you want to perform some,student want perform,1,Step-by-Step Instruction
00:06:36.240000,00:06:38.390000,student and if you want to perform some operation on this data later then one,student want perform operation data later one,2,Context Setting
00:06:38.390000,00:06:38.400000,operation on this data later then one,operation data later one,2,Context Setting
00:06:38.400000,00:06:40.270000,operation on this data later then one way to achieve this thing is to use,operation data later one way achieve thing use,2,Context Setting
00:06:40.270000,00:06:40.280000,way to achieve this thing is to use,way achieve thing use,2,Context Setting
00:06:40.280000,00:06:42.390000,way to achieve this thing is to use Vector of pairs I'm not saying that this,way achieve thing use vector pairs im saying,4,Recap
00:06:42.390000,00:06:42.400000,Vector of pairs I'm not saying that this,vector pairs im saying,4,Recap
00:06:42.400000,00:06:43.870000,Vector of pairs I'm not saying that this is the only way to achieve this thing or,vector pairs im saying way achieve thing,4,Recap
00:06:43.870000,00:06:43.880000,is the only way to achieve this thing or,way achieve thing,2,Context Setting
00:06:43.880000,00:06:47.469000,is the only way to achieve this thing or to store this kind of data no one way is,way achieve thing store kind data one way,2,Context Setting
00:06:47.469000,00:06:47.479000,to store this kind of data no one way is,store kind data one way,2,Context Setting
00:06:47.479000,00:06:50.309000,to store this kind of data no one way is this and there can be multiple ways to,store kind data one way multiple ways,2,Context Setting
00:06:50.309000,00:06:50.319000,this and there can be multiple ways to,multiple ways,3,Transitions
00:06:50.319000,00:06:52.510000,this and there can be multiple ways to store this kind of data but one way is,multiple ways store kind data one way,2,Context Setting
00:06:52.510000,00:06:52.520000,store this kind of data but one way is,store kind data one way,2,Context Setting
00:06:52.520000,00:06:55.430000,store this kind of data but one way is to use Vector of pairs right now let's,store kind data one way use vector pairs right lets,2,Context Setting
00:06:55.430000,00:06:55.440000,to use Vector of pairs right now let's,use vector pairs right lets,4,Recap
00:06:55.440000,00:06:58.189000,to use Vector of pairs right now let's see this thing with the help of program,use vector pairs right lets see thing help program,4,Recap
00:06:58.189000,00:06:58.199000,see this thing with the help of program,see thing help program,2,Context Setting
00:06:58.199000,00:07:01.150000,see this thing with the help of program so let's create a new file here and same,see thing help program lets create new file,2,Context Setting
00:07:01.150000,00:07:01.160000,so let's create a new file here and same,lets create new file,3,Transitions
00:07:01.160000,00:07:03.710000,so let's create a new file here and same we are going to include header file and,lets create new file going include header file,3,Transitions
00:07:03.710000,00:07:03.720000,we are going to include header file and,going include header file,3,Transitions
00:07:03.720000,00:07:05.670000,we are going to include header file and name space and yeah we are going to,going include header file name space yeah going,3,Transitions
00:07:05.670000,00:07:05.680000,name space and yeah we are going to,name space yeah going,3,Transitions
00:07:05.680000,00:07:07.589000,name space and yeah we are going to include the header file Vector also,name space yeah going include header file vector also,3,Transitions
00:07:07.589000,00:07:07.599000,include the header file Vector also,include header file vector also,3,Transitions
00:07:07.599000,00:07:10.749000,include the header file Vector also because we are going to use Vector right,include header file vector also going use vector right,5,Practical Application
00:07:10.749000,00:07:10.759000,because we are going to use Vector right,going use vector right,0,Introduction
00:07:10.759000,00:07:14.070000,because we are going to use Vector right so let's define a vector of pair,going use vector right lets define vector pair,5,Practical Application
00:07:14.070000,00:07:14.080000,so let's define a vector of pair,lets define vector pair,5,Practical Application
00:07:14.080000,00:07:17.309000,so let's define a vector of pair Vector simply we write here,lets define vector pair vector simply write,5,Practical Application
00:07:17.309000,00:07:17.319000,Vector simply we write here,vector simply write,5,Practical Application
00:07:17.319000,00:07:21.070000,Vector simply we write here pair int and,vector simply write pair int,5,Practical Application
00:07:21.070000,00:07:21.080000,pair int and,pair int,6,Conclusion
00:07:21.080000,00:07:24.390000,pair int and string right and name of the vector is,pair int string right name vector,5,Practical Application
00:07:24.390000,00:07:24.400000,string right and name of the vector is,string right name vector,5,Practical Application
00:07:24.400000,00:07:26.150000,string right and name of the vector is Vector of pair is,string right name vector vector pair,5,Practical Application
00:07:26.150000,00:07:26.160000,Vector of pair is,vector pair,5,Practical Application
00:07:26.160000,00:07:29.950000,Vector of pair is student details,vector pair student details,1,Step-by-Step Instruction
00:07:29.950000,00:07:29.960000,student details,student details,1,Step-by-Step Instruction
00:07:29.960000,00:07:31.950000,student details now if you want to initialize this here,student details want initialize,1,Step-by-Step Instruction
00:07:31.950000,00:07:31.960000,now if you want to initialize this here,want initialize,3,Transitions
00:07:31.960000,00:07:34.830000,now if you want to initialize this here only then yeah we can do this thing also,want initialize yeah thing also,2,Context Setting
00:07:34.830000,00:07:34.840000,only then yeah we can do this thing also,yeah thing also,2,Context Setting
00:07:34.840000,00:07:39.670000,only then yeah we can do this thing also right we can just put equal to and here,yeah thing also right put equal,2,Context Setting
00:07:39.670000,00:07:39.680000,right we can just put equal to and here,right put equal,2,Context Setting
00:07:39.680000,00:07:42.710000,right we can just put equal to and here in this curly bracket just put the pair,right put equal curly bracket put pair,6,Conclusion
00:07:42.710000,00:07:42.720000,in this curly bracket just put the pair,curly bracket put pair,6,Conclusion
00:07:42.720000,00:07:45.670000,in this curly bracket just put the pair of values right in curly bracket so,curly bracket put pair values right curly bracket,6,Conclusion
00:07:45.670000,00:07:45.680000,of values right in curly bracket so,values right curly bracket,6,Conclusion
00:07:45.680000,00:07:48.149000,of values right in curly bracket so first is string sorry first is integer,values right curly bracket first string sorry first integer,6,Conclusion
00:07:48.149000,00:07:48.159000,first is string sorry first is integer,first string sorry first integer,3,Transitions
00:07:48.159000,00:07:52.629000,first is string sorry first is integer so suppose R number one and then name,first string sorry first integer suppose r number one name,3,Transitions
00:07:52.629000,00:07:52.639000,so suppose R number one and then name,suppose r number one name,2,Context Setting
00:07:52.639000,00:07:55.309000,so suppose R number one and then name this is one pair suppose another pair in,suppose r number one name one pair suppose another pair,6,Conclusion
00:07:55.309000,00:07:55.319000,this is one pair suppose another pair in,one pair suppose another pair,6,Conclusion
00:07:55.319000,00:07:58.390000,this is one pair suppose another pair in curly bracket curly Braes right not,one pair suppose another pair curly bracket curly braes right,6,Conclusion
00:07:58.390000,00:07:58.400000,curly bracket curly Braes right not,curly bracket curly braes right,2,Context Setting
00:07:58.400000,00:08:00.589000,curly bracket curly Braes right not those round bra that would give you,curly bracket curly braes right round bra would give,2,Context Setting
00:08:00.589000,00:08:00.599000,those round bra that would give you,round bra would give,3,Transitions
00:08:00.599000,00:08:03.430000,those round bra that would give you error right because this is the way to,round bra would give error right way,2,Context Setting
00:08:03.430000,00:08:03.440000,error right because this is the way to,error right way,2,Context Setting
00:08:03.440000,00:08:05.670000,error right because this is the way to initialize uh the,error right way initialize uh,2,Context Setting
00:08:05.670000,00:08:05.680000,initialize uh the,initialize uh,3,Transitions
00:08:05.680000,00:08:09.149000,initialize uh the spare so uh next is suppose R number,initialize uh spare uh next suppose r number,3,Transitions
00:08:09.149000,00:08:09.159000,spare so uh next is suppose R number,spare uh next suppose r number,3,Transitions
00:08:09.159000,00:08:12.629000,spare so uh next is suppose R number maybe two and I'm just writing,spare uh next suppose r number maybe two im writing,3,Transitions
00:08:12.629000,00:08:12.639000,maybe two and I'm just writing,maybe two im writing,3,Transitions
00:08:12.639000,00:08:15.629000,maybe two and I'm just writing here,maybe two im writing,3,Transitions
00:08:15.629000,00:08:15.639000,here,,3,Transitions
00:08:15.639000,00:08:18.710000,here pile I'm just initializing this with two,pile im initializing two,3,Transitions
00:08:18.710000,00:08:18.720000,pile I'm just initializing this with two,pile im initializing two,3,Transitions
00:08:18.720000,00:08:22.270000,pile I'm just initializing this with two pairs one and two,pile im initializing two pairs one two,3,Transitions
00:08:22.270000,00:08:22.280000,pairs one and two,pairs one two,4,Recap
00:08:22.280000,00:08:26.350000,pairs one and two right now if you want to print these two,pairs one two right want print two,2,Context Setting
00:08:26.350000,00:08:26.360000,right now if you want to print these two,right want print two,3,Transitions
00:08:26.360000,00:08:30.430000,right now if you want to print these two things then yeah we have,right want print two things yeah,3,Transitions
00:08:30.430000,00:08:30.440000,things then yeah we have,things yeah,3,Transitions
00:08:30.440000,00:08:33.750000,things then yeah we have uh a loop like let's use for Loop in I,things yeah uh loop like lets use loop,3,Transitions
00:08:33.750000,00:08:33.760000,uh a loop like let's use for Loop in I,uh loop like lets use loop,3,Transitions
00:08:33.760000,00:08:39.389000,uh a loop like let's use for Loop in I is equal to 0 and then I less than till,uh loop like lets use loop equal 0 less till,3,Transitions
00:08:39.389000,00:08:39.399000,is equal to 0 and then I less than till,equal 0 less till,3,Transitions
00:08:39.399000,00:08:41.589000,is equal to 0 and then I less than till Vector size so Vector name,equal 0 less till vector size vector name,5,Practical Application
00:08:41.589000,00:08:41.599000,Vector size so Vector name,vector size vector name,5,Practical Application
00:08:41.599000,00:08:43.590000,Vector size so Vector name is student,vector size vector name student,5,Practical Application
00:08:43.590000,00:08:43.600000,is student,student,1,Step-by-Step Instruction
00:08:43.600000,00:08:47.829000,is student details dot size till Vector size this,student details dot size till vector size,1,Step-by-Step Instruction
00:08:47.829000,00:08:47.839000,details dot size till Vector size this,details dot size till vector size,1,Step-by-Step Instruction
00:08:47.839000,00:08:51.430000,details dot size till Vector size this Loop is going to iterate and then simply,details dot size till vector size loop going iterate simply,1,Step-by-Step Instruction
00:08:51.430000,00:08:51.440000,Loop is going to iterate and then simply,loop going iterate simply,3,Transitions
00:08:51.440000,00:08:55.070000,Loop is going to iterate and then simply I,loop going iterate simply,3,Transitions
00:08:59.430000,00:08:59.440000,++ right and how to access the values of,right access values,6,Conclusion
00:08:59.440000,00:09:02.509000,++ right and how to access the values of of vector simply we can use at also we,right access values vector simply use also,0,Introduction
00:09:02.509000,00:09:02.519000,of vector simply we can use at also we,vector simply use also,0,Introduction
00:09:02.519000,00:09:05.069000,of vector simply we can use at also we can use that subscript operator also so,vector simply use also use subscript operator also,0,Introduction
00:09:05.069000,00:09:05.079000,can use that subscript operator also so,use subscript operator also,0,Introduction
00:09:05.079000,00:09:08.790000,can use that subscript operator also so let's use first subscript so name of the,use subscript operator also lets use first subscript name,0,Introduction
00:09:08.790000,00:09:08.800000,let's use first subscript so name of the,lets use first subscript name,0,Introduction
00:09:08.800000,00:09:13.790000,let's use first subscript so name of the vector student details and here in this,lets use first subscript name vector student details,1,Step-by-Step Instruction
00:09:13.790000,00:09:13.800000,vector student details and here in this,vector student details,1,Step-by-Step Instruction
00:09:13.800000,00:09:15.910000,vector student details and here in this we are going to write down that index 0,vector student details going write index 0,1,Step-by-Step Instruction
00:09:15.910000,00:09:15.920000,we are going to write down that index 0,going write index 0,3,Transitions
00:09:15.920000,00:09:20.150000,we are going to write down that index 0 1 2 3 4 so here firstly we this I is the,going write index 0 1 2 3 4 firstly,3,Transitions
00:09:20.150000,00:09:20.160000,1 2 3 4 so here firstly we this I is the,1 2 3 4 firstly,3,Transitions
00:09:20.160000,00:09:22.509000,1 2 3 4 so here firstly we this I is the variable which is going to iterate for,1 2 3 4 firstly variable going iterate,3,Transitions
00:09:22.509000,00:09:22.519000,variable which is going to iterate for,variable going iterate,3,Transitions
00:09:22.519000,00:09:26.870000,variable which is going to iterate for this Vector so here we will put I but,variable going iterate vector put,3,Transitions
00:09:26.870000,00:09:26.880000,this Vector so here we will put I but,vector put,5,Practical Application
00:09:26.880000,00:09:31.350000,this Vector so here we will put I but now I want to access this you know uh,vector put want access know uh,3,Transitions
00:09:31.350000,00:09:31.360000,now I want to access this you know uh,want access know uh,3,Transitions
00:09:31.360000,00:09:34.509000,now I want to access this you know uh this value the pair values right suppose,want access know uh value pair values right suppose,6,Conclusion
00:09:34.509000,00:09:34.519000,this value the pair values right suppose,value pair values right suppose,6,Conclusion
00:09:34.519000,00:09:35.949000,this value the pair values right suppose just write down this thing student,value pair values right suppose write thing student,6,Conclusion
00:09:35.949000,00:09:35.959000,just write down this thing student,write thing student,1,Step-by-Step Instruction
00:09:35.959000,00:09:38.310000,just write down this thing student details Vector name and just I and,write thing student details vector name,1,Step-by-Step Instruction
00:09:38.310000,00:09:38.320000,details Vector name and just I and,details vector name,1,Step-by-Step Instruction
00:09:38.320000,00:09:42.430000,details Vector name and just I and that's it see it will give you error no,details vector name thats see give error,1,Step-by-Step Instruction
00:09:42.430000,00:09:42.440000,that's it see it will give you error no,thats see give error,3,Transitions
00:09:42.440000,00:09:44.750000,that's it see it will give you error no operator this matches these operants,thats see give error operator matches operants,3,Transitions
00:09:44.750000,00:09:44.760000,operator this matches these operants,operator matches operants,3,Transitions
00:09:44.760000,00:09:49.069000,operator this matches these operants these operants right because in this,operator matches operants operants right,3,Transitions
00:09:49.069000,00:09:49.079000,these operants right because in this,operants right,2,Context Setting
00:09:49.079000,00:09:51.590000,these operants right because in this Vector now we are not storing simple,operants right vector storing simple,5,Practical Application
00:09:51.590000,00:09:51.600000,Vector now we are not storing simple,vector storing simple,5,Practical Application
00:09:51.600000,00:09:53.350000,Vector now we are not storing simple values or simple numbers or primitive,vector storing simple values simple numbers primitive,5,Practical Application
00:09:53.350000,00:09:53.360000,values or simple numbers or primitive,values simple numbers primitive,3,Transitions
00:09:53.360000,00:09:55.430000,values or simple numbers or primitive dat types there are pairs so how to,values simple numbers primitive dat types pairs,4,Recap
00:09:55.430000,00:09:55.440000,dat types there are pairs so how to,dat types pairs,4,Recap
00:09:55.440000,00:09:57.910000,dat types there are pairs so how to access pair values we have two keyword,dat types pairs access pair values two keyword,6,Conclusion
00:09:57.910000,00:09:57.920000,access pair values we have two keyword,access pair values two keyword,6,Conclusion
00:09:57.920000,00:10:00.350000,access pair values we have two keyword first and second so you have to use that,access pair values two keyword first second use,0,Introduction
00:10:00.350000,00:10:00.360000,first and second so you have to use that,first second use,0,Introduction
00:10:00.360000,00:10:03.870000,first and second so you have to use that thing to access the spare values right,first second use thing access spare values right,0,Introduction
00:10:03.870000,00:10:03.880000,thing to access the spare values right,thing access spare values right,6,Conclusion
00:10:03.880000,00:10:05.110000,thing to access the spare values right so student,thing access spare values right student,6,Conclusion
00:10:05.110000,00:10:05.120000,so student,student,1,Step-by-Step Instruction
00:10:05.120000,00:10:10.069000,so student details after that dot,student details dot,1,Step-by-Step Instruction
00:10:10.069000,00:10:10.079000,details after that dot,details dot,1,Step-by-Step Instruction
00:10:10.079000,00:10:14.030000,details after that dot first let's put some space and,details dot first lets put space,1,Step-by-Step Instruction
00:10:14.030000,00:10:14.040000,first let's put some space and,first lets put space,1,Step-by-Step Instruction
00:10:14.040000,00:10:17.389000,first let's put some space and then same,first lets put space,1,Step-by-Step Instruction
00:10:17.389000,00:10:17.399000,then same,,3,Transitions
00:10:17.399000,00:10:22.509000,then same here to access second we use just,access second use,0,Introduction
00:10:22.509000,00:10:22.519000,here to access second we use just,access second use,0,Introduction
00:10:22.519000,00:10:29.829000,here to access second we use just second and,access second use second,0,Introduction
00:10:31.949000,00:10:31.959000,and that's it so let's run this and see,thats lets run see,1,Step-by-Step Instruction
00:10:31.959000,00:10:34.710000,and that's it so let's run this and see what it is going to print,thats lets run see going print,1,Step-by-Step Instruction
00:10:34.710000,00:10:34.720000,what it is going to print,going print,3,Transitions
00:10:34.720000,00:10:38.389000,what it is going to print see both the vectors one jny 2,going print see vectors one jny 2,3,Transitions
00:10:38.389000,00:10:38.399000,see both the vectors one jny 2,see vectors one jny 2,2,Context Setting
00:10:38.399000,00:10:41.829000,see both the vectors one jny 2 p right now if you want to push back,see vectors one jny 2 p right want push back,2,Context Setting
00:10:41.829000,00:10:41.839000,p right now if you want to push back,p right want push back,3,Transitions
00:10:41.839000,00:10:43.710000,p right now if you want to push back some values to this Vector yeah we can,p right want push back values vector yeah,3,Transitions
00:10:43.710000,00:10:43.720000,some values to this Vector yeah we can,values vector yeah,5,Practical Application
00:10:43.720000,00:10:47.310000,some values to this Vector yeah we can do that thing also simply we have that,values vector yeah thing also simply,2,Context Setting
00:10:47.310000,00:10:47.320000,do that thing also simply we have that,thing also simply,2,Context Setting
00:10:47.320000,00:10:51.269000,do that thing also simply we have that uh member function push back so same,thing also simply uh member function push back,3,Transitions
00:10:51.269000,00:10:51.279000,uh member function push back so same,uh member function push back,3,Transitions
00:10:51.279000,00:10:54.470000,uh member function push back so same student detail dot just call this push,uh member function push back student detail dot call push,1,Step-by-Step Instruction
00:10:54.470000,00:10:54.480000,student detail dot just call this push,student detail dot call push,1,Step-by-Step Instruction
00:10:54.480000,00:10:57.790000,student detail dot just call this push back function and now,student detail dot call push back function,1,Step-by-Step Instruction
00:10:57.790000,00:10:57.800000,back function and now,back function,3,Transitions
00:10:57.800000,00:11:00.230000,back function and now again print,back function print,3,Transitions
00:11:00.230000,00:11:00.240000,again print,print,3,Transitions
00:11:00.240000,00:11:01.190000,again print the,print,3,Transitions
00:11:01.190000,00:11:01.200000,the,,3,Transitions
00:11:01.200000,00:11:03.389000,the values let's run this and see what,values lets run see,1,Step-by-Step Instruction
00:11:03.389000,00:11:03.399000,values let's run this and see what,values lets run see,1,Step-by-Step Instruction
00:11:03.399000,00:11:05.910000,values let's run this and see what output you are,values lets run see output,1,Step-by-Step Instruction
00:11:05.910000,00:11:05.920000,output you are,output,3,Transitions
00:11:05.920000,00:11:09.790000,output you are getting so yeah it's,output getting yeah,3,Transitions
00:11:13.150000,00:11:13.160000,working this pair has been inserted 3G,working pair inserted 3g,3,Transitions
00:11:13.160000,00:11:15.150000,working this pair has been inserted 3G so it's working or another way is what,working pair inserted 3g working another way,3,Transitions
00:11:15.150000,00:11:15.160000,so it's working or another way is what,working another way,2,Context Setting
00:11:15.160000,00:11:17.509000,so it's working or another way is what here you can use that make pair function,working another way use make pair function,0,Introduction
00:11:17.509000,00:11:17.519000,here you can use that make pair function,use make pair function,0,Introduction
00:11:17.519000,00:11:20.470000,here you can use that make pair function rather than this we can also do one,use make pair function rather also one,0,Introduction
00:11:20.470000,00:11:20.480000,rather than this we can also do one,rather also one,2,Context Setting
00:11:20.480000,00:11:24.509000,rather than this we can also do one thing here we can do what oh sorry we,rather also one thing oh sorry,2,Context Setting
00:11:24.509000,00:11:24.519000,thing here we can do what oh sorry we,thing oh sorry,2,Context Setting
00:11:24.519000,00:11:28.190000,thing here we can do what oh sorry we can just call that function what is make,thing oh sorry call function make,3,Transitions
00:11:28.190000,00:11:28.200000,can just call that function what is make,call function make,3,Transitions
00:11:28.200000,00:11:31.069000,can just call that function what is make pair function,call function make pair function,3,Transitions
00:11:31.069000,00:11:31.079000,pair function,pair function,6,Conclusion
00:11:31.079000,00:11:34.230000,pair function make pair and in bracket simply we can,pair function make pair bracket simply,6,Conclusion
00:11:34.230000,00:11:34.240000,make pair and in bracket simply we can,make pair bracket simply,6,Conclusion
00:11:34.240000,00:11:36.470000,make pair and in bracket simply we can pass something like,make pair bracket simply pass something like,6,Conclusion
00:11:36.470000,00:11:36.480000,pass something like,pass something like,6,Conclusion
00:11:36.480000,00:11:40.629000,pass something like this,pass something like,6,Conclusion
00:11:44.030000,00:11:44.040000,right this is another way so let's run,right another way lets run,2,Context Setting
00:11:44.040000,00:11:45.430000,right this is another way so let's run this and I'll show you what output you,right another way lets run ill show output,2,Context Setting
00:11:45.430000,00:11:45.440000,this and I'll show you what output you,ill show output,3,Transitions
00:11:45.440000,00:11:50.509000,this and I'll show you what output you will get here see it's done right P back,ill show output get see done right p back,2,Context Setting
00:11:50.509000,00:11:50.519000,will get here see it's done right P back,get see done right p back,2,Context Setting
00:11:50.519000,00:11:52.750000,will get here see it's done right P back P back you can use all the functions,get see done right p back p back use functions,0,Introduction
00:11:52.750000,00:11:52.760000,P back you can use all the functions,p back use functions,0,Introduction
00:11:52.760000,00:11:54.509000,P back you can use all the functions whatever is there on Vector we can use,p back use functions whatever vector use,0,Introduction
00:11:54.509000,00:11:54.519000,whatever is there on Vector we can use,whatever vector use,0,Introduction
00:11:54.519000,00:11:57.389000,whatever is there on Vector we can use on Vector of pairs right if you want to,whatever vector use vector pairs right want,4,Recap
00:11:57.389000,00:11:57.399000,on Vector of pairs right if you want to,vector pairs right want,4,Recap
00:11:57.399000,00:12:00.030000,on Vector of pairs right if you want to erase something yes yes we can use that,vector pairs right want erase something yes yes use,4,Recap
00:12:00.030000,00:12:00.040000,erase something yes yes we can use that,erase something yes yes use,0,Introduction
00:12:00.040000,00:12:01.750000,erase something yes yes we can use that thing also let's,erase something yes yes use thing also lets,2,Context Setting
00:12:01.750000,00:12:01.760000,thing also let's,thing also lets,2,Context Setting
00:12:01.760000,00:12:03.710000,thing also let's erase,thing also lets erase,2,Context Setting
00:12:03.710000,00:12:03.720000,erase,erase,3,Transitions
00:12:03.720000,00:12:06.509000,erase uh which function you have to call on,erase uh function call,3,Transitions
00:12:06.509000,00:12:06.519000,uh which function you have to call on,uh function call,3,Transitions
00:12:06.519000,00:12:08.509000,uh which function you have to call on this Vector,uh function call vector,3,Transitions
00:12:08.509000,00:12:08.519000,this Vector,vector,5,Practical Application
00:12:08.519000,00:12:11.550000,this Vector erase so let's call erray and in bracket,vector erase lets call erray bracket,3,Transitions
00:12:11.550000,00:12:11.560000,erase so let's call erray and in bracket,erase lets call erray bracket,3,Transitions
00:12:11.560000,00:12:14.430000,erase so let's call erray and in bracket you have to pass the location location,erase lets call erray bracket pass location location,3,Transitions
00:12:14.430000,00:12:14.440000,you have to pass the location location,pass location location,3,Transitions
00:12:14.440000,00:12:16.110000,you have to pass the location location on which location you want to erase the,pass location location location want erase,3,Transitions
00:12:16.110000,00:12:16.120000,on which location you want to erase the,location want erase,3,Transitions
00:12:16.120000,00:12:17.990000,on which location you want to erase the data so that location you have to pass,location want erase data location pass,3,Transitions
00:12:17.990000,00:12:18,data so that location you have to pass,data location pass,3,Transitions
00:12:18,00:12:20.829000,data so that location you have to pass in the series member function so and,data location pass series member function,3,Transitions
00:12:20.829000,00:12:20.839000,in the series member function so and,series member function,3,Transitions
00:12:20.839000,00:12:23.470000,in the series member function so and using iterator we can find out you know,series member function using iterator find know,3,Transitions
00:12:23.470000,00:12:23.480000,using iterator we can find out you know,using iterator find know,3,Transitions
00:12:23.480000,00:12:26.069000,using iterator we can find out you know iterator is basically that is going to,using iterator find know iterator basically going,3,Transitions
00:12:26.069000,00:12:26.079000,iterator is basically that is going to,iterator basically going,3,Transitions
00:12:26.079000,00:12:29.269000,iterator is basically that is going to point that uh you know object so it's,iterator basically going point uh know object,3,Transitions
00:12:29.269000,00:12:29.279000,point that uh you know object so it's,point uh know object,3,Transitions
00:12:29.279000,00:12:31.910000,point that uh you know object so it's basically containing the address of the,point uh know object basically containing address,3,Transitions
00:12:31.910000,00:12:31.920000,basically containing the address of the,basically containing address,3,Transitions
00:12:31.920000,00:12:35.189000,basically containing the address of the location so let's first um just I want,basically containing address location lets first um want,3,Transitions
00:12:35.189000,00:12:35.199000,location so let's first um just I want,location lets first um want,3,Transitions
00:12:35.199000,00:12:39.189000,location so let's first um just I want to delete this okay after inserting this,location lets first um want delete okay inserting,3,Transitions
00:12:39.189000,00:12:39.199000,to delete this okay after inserting this,delete okay inserting,3,Transitions
00:12:39.199000,00:12:42.269000,to delete this okay after inserting this I want to delete the third one 3G this,delete okay inserting want delete third one 3g,2,Context Setting
00:12:42.269000,00:12:42.279000,I want to delete the third one 3G this,want delete third one 3g,2,Context Setting
00:12:42.279000,00:12:44.350000,I want to delete the third one 3G this student detail,want delete third one 3g student detail,2,Context Setting
00:12:44.350000,00:12:44.360000,student detail,student detail,1,Step-by-Step Instruction
00:12:44.360000,00:12:47.509000,student detail so what you can do on this Vector,student detail vector,1,Step-by-Step Instruction
00:12:47.509000,00:12:47.519000,so what you can do on this Vector,vector,5,Practical Application
00:12:47.519000,00:12:50.389000,so what you can do on this Vector student detail dot we can just call the,vector student detail dot call,1,Step-by-Step Instruction
00:12:50.389000,00:12:50.399000,student detail dot we can just call the,student detail dot call,1,Step-by-Step Instruction
00:12:50.399000,00:12:53.389000,student detail dot we can just call the iterator begin so it is going,student detail dot call iterator begin going,1,Step-by-Step Instruction
00:12:53.389000,00:12:53.399000,iterator begin so it is going,iterator begin going,3,Transitions
00:12:53.399000,00:12:56.829000,iterator begin so it is going to return what that iterator to the at,iterator begin going return iterator,3,Transitions
00:12:56.829000,00:12:56.839000,to return what that iterator to the at,return iterator,3,Transitions
00:12:56.839000,00:12:59.550000,to return what that iterator to the at the beginning of this,return iterator beginning,3,Transitions
00:12:59.550000,00:12:59.560000,the beginning of this,beginning,3,Transitions
00:12:59.560000,00:13:02.189000,the beginning of this Vector so here at this,beginning vector,5,Practical Application
00:13:02.189000,00:13:02.199000,Vector so here at this,vector,5,Practical Application
00:13:02.199000,00:13:06.310000,Vector so here at this pair so we can do,vector pair,5,Practical Application
00:13:06.310000,00:13:06.320000,pair so we can do,pair,6,Conclusion
00:13:06.320000,00:13:08.910000,pair so we can do plus,pair plus,6,Conclusion
00:13:08.910000,00:13:08.920000,plus,plus,3,Transitions
00:13:08.920000,00:13:15.350000,plus 2 0 then 1 and then 2 right so then this,plus 2 0 1 2 right,2,Context Setting
00:13:15.350000,00:13:15.360000,2 0 then 1 and then 2 right so then this,2 0 1 2 right,2,Context Setting
00:13:15.360000,00:13:18.269000,2 0 then 1 and then 2 right so then this student would be deleted three and,2 0 1 2 right student would deleted three,1,Step-by-Step Instruction
00:13:18.269000,00:13:18.279000,student would be deleted three and,student would deleted three,1,Step-by-Step Instruction
00:13:18.279000,00:13:23.590000,student would be deleted three and g let's see I don't know it will work so,student would deleted three g lets see dont know work,1,Step-by-Step Instruction
00:13:23.590000,00:13:23.600000,g let's see I don't know it will work so,g lets see dont know work,1,Step-by-Step Instruction
00:13:23.600000,00:13:26.829000,g let's see I don't know it will work so let's just put here a semicolon and,g lets see dont know work lets put semicolon,1,Step-by-Step Instruction
00:13:26.829000,00:13:26.839000,let's just put here a semicolon and,lets put semicolon,1,Step-by-Step Instruction
00:13:26.839000,00:13:30.150000,let's just put here a semicolon and again just print these students details,lets put semicolon print students details,1,Step-by-Step Instruction
00:13:30.150000,00:13:30.160000,again just print these students details,print students details,1,Step-by-Step Instruction
00:13:30.160000,00:13:31.910000,again just print these students details right let's run,print students details right lets run,1,Step-by-Step Instruction
00:13:31.910000,00:13:31.920000,right let's run,right lets run,1,Step-by-Step Instruction
00:13:31.920000,00:13:36.910000,right let's run this first was 1 2 Jenny then 1 2 3 and,right lets run first 1 2 jenny 1 2 3,1,Step-by-Step Instruction
00:13:36.910000,00:13:36.920000,this first was 1 2 Jenny then 1 2 3 and,first 1 2 jenny 1 2 3,3,Transitions
00:13:36.920000,00:13:39.389000,this first was 1 2 Jenny then 1 2 3 and again 1 2 3 has been deleted 3j has been,first 1 2 jenny 1 2 3 1 2 3 deleted 3j,3,Transitions
00:13:39.389000,00:13:39.399000,again 1 2 3 has been deleted 3j has been,1 2 3 deleted 3j,3,Transitions
00:13:39.399000,00:13:42.790000,again 1 2 3 has been deleted 3j has been deleted so yeah it's working so all the,1 2 3 deleted 3j deleted yeah working,3,Transitions
00:13:42.790000,00:13:42.800000,deleted so yeah it's working so all the,deleted yeah working,3,Transitions
00:13:42.800000,00:13:45.269000,deleted so yeah it's working so all the functions you can use on this Vector of,deleted yeah working functions use vector,0,Introduction
00:13:45.269000,00:13:45.279000,functions you can use on this Vector of,functions use vector,0,Introduction
00:13:45.279000,00:13:47.670000,functions you can use on this Vector of pairs I hope now you are familiar with,functions use vector pairs hope familiar,4,Recap
00:13:47.670000,00:13:47.680000,pairs I hope now you are familiar with,pairs hope familiar,4,Recap
00:13:47.680000,00:13:50.949000,pairs I hope now you are familiar with this Vector of pairs so just create,pairs hope familiar vector pairs create,4,Recap
00:13:50.949000,00:13:50.959000,this Vector of pairs so just create,vector pairs create,4,Recap
00:13:50.959000,00:13:52.829000,this Vector of pairs so just create Vector of pairs having here different,vector pairs create vector pairs different,4,Recap
00:13:52.829000,00:13:52.839000,Vector of pairs having here different,vector pairs different,4,Recap
00:13:52.839000,00:13:55.509000,Vector of pairs having here different different data types right and just try,vector pairs different different data types right try,4,Recap
00:13:55.509000,00:13:55.519000,different data types right and just try,different data types right try,2,Context Setting
00:13:55.519000,00:13:58.790000,different data types right and just try out all the operations all the iterators,different data types right try operations iterators,2,Context Setting
00:13:58.790000,00:13:58.800000,out all the operations all the iterators,operations iterators,3,Transitions
00:13:58.800000,00:14:03.269000,out all the operations all the iterators right begin end R begin C begin C end,operations iterators right begin end r begin c begin c end,0,Introduction
00:14:03.269000,00:14:03.279000,right begin end R begin C begin C end,right begin end r begin c begin c end,0,Introduction
00:14:03.279000,00:14:07.030000,right begin end R begin C begin C end all the member functions swap clear and,right begin end r begin c begin c end member functions swap clear,0,Introduction
00:14:07.030000,00:14:07.040000,all the member functions swap clear and,member functions swap clear,3,Transitions
00:14:07.040000,00:14:09.470000,all the member functions swap clear and uh pop back erase and push back we have,member functions swap clear uh pop back erase push back,3,Transitions
00:14:09.470000,00:14:09.480000,uh pop back erase and push back we have,uh pop back erase push back,3,Transitions
00:14:09.480000,00:14:13.110000,uh pop back erase and push back we have done right insert you can use those,uh pop back erase push back done right insert use,0,Introduction
00:14:13.110000,00:14:13.120000,done right insert you can use those,done right insert use,0,Introduction
00:14:13.120000,00:14:15.949000,done right insert you can use those thing also size mix size capacity you,done right insert use thing also size mix size capacity,2,Context Setting
00:14:15.949000,00:14:15.959000,thing also size mix size capacity you,thing also size mix size capacity,2,Context Setting
00:14:15.959000,00:14:18.670000,thing also size mix size capacity you can find out that thing also here right,thing also size mix size capacity find thing also right,2,Context Setting
00:14:18.670000,00:14:18.680000,can find out that thing also here right,find thing also right,2,Context Setting
00:14:18.680000,00:14:20.870000,can find out that thing also here right so I hope now now this is your,find thing also right hope,2,Context Setting
00:14:20.870000,00:14:20.880000,so I hope now now this is your,hope,3,Transitions
00:14:20.880000,00:14:23.110000,so I hope now now this is your assignment you have to try this out,hope assignment try,3,Transitions
00:14:23.110000,00:14:23.120000,assignment you have to try this out,assignment try,3,Transitions
00:14:23.120000,00:14:26.189000,assignment you have to try this out right now right on this Vector only you,assignment try right right vector,2,Context Setting
00:14:26.189000,00:14:26.199000,right now right on this Vector only you,right right vector,5,Practical Application
00:14:26.199000,00:14:27.670000,right now right on this Vector only you can try this out all the member,right right vector try member,2,Context Setting
00:14:27.670000,00:14:27.680000,can try this out all the member,try member,3,Transitions
00:14:27.680000,00:14:29.910000,can try this out all the member functions so yeah it is quite useful,try member functions yeah quite useful,3,Transitions
00:14:29.910000,00:14:29.920000,functions so yeah it is quite useful,functions yeah quite useful,3,Transitions
00:14:29.920000,00:14:31.990000,functions so yeah it is quite useful Vector of pairs because in this we have,functions yeah quite useful vector pairs,4,Recap
00:14:31.990000,00:14:32,Vector of pairs because in this we have,vector pairs,4,Recap
00:14:32,00:14:34.590000,Vector of pairs because in this we have combined features or power of both the,vector pairs combined features power,4,Recap
00:14:34.590000,00:14:34.600000,combined features or power of both the,combined features power,3,Transitions
00:14:34.600000,00:14:37.230000,combined features or power of both the things vector and Pairs and we have,combined features power things vector pairs,4,Recap
00:14:37.230000,00:14:37.240000,things vector and Pairs and we have,things vector pairs,4,Recap
00:14:37.240000,00:14:39.550000,things vector and Pairs and we have created another type of uh you can say,things vector pairs created another type uh say,4,Recap
00:14:39.550000,00:14:39.560000,created another type of uh you can say,created another type uh say,3,Transitions
00:14:39.560000,00:14:42.230000,created another type of uh you can say it's a data structure which is going to,created another type uh say data structure going,3,Transitions
00:14:42.230000,00:14:42.240000,it's a data structure which is going to,data structure going,3,Transitions
00:14:42.240000,00:14:44.829000,it's a data structure which is going to manage the collection of related data,data structure going manage collection related data,3,Transitions
00:14:44.829000,00:14:44.839000,manage the collection of related data,manage collection related data,3,Transitions
00:14:44.839000,00:14:47.590000,manage the collection of related data type or you can say related,manage collection related data type say related,3,Transitions
00:14:47.590000,00:14:47.600000,type or you can say related,type say related,3,Transitions
00:14:47.600000,00:14:50.350000,type or you can say related data right but rather than this we can,type say related data right rather,2,Context Setting
00:14:50.350000,00:14:50.360000,data right but rather than this we can,data right rather,2,Context Setting
00:14:50.360000,00:14:52.670000,data right but rather than this we can use that add function also to,data right rather use add function also,0,Introduction
00:14:52.670000,00:14:52.680000,use that add function also to,use add function also,0,Introduction
00:14:52.680000,00:14:57.150000,use that add function also to access this you know these values so,use add function also access know values,0,Introduction
00:14:57.150000,00:14:57.160000,access this you know these values so,access know values,6,Conclusion
00:14:57.160000,00:15:00.430000,access this you know these values so suppose here I'm using add uh function,access know values suppose im using add uh function,3,Transitions
00:15:00.430000,00:15:00.440000,suppose here I'm using add uh function,suppose im using add uh function,3,Transitions
00:15:00.440000,00:15:05.990000,suppose here I'm using add uh function student details dot at and here in,suppose im using add uh function student details dot,1,Step-by-Step Instruction
00:15:05.990000,00:15:06,student details dot at and here in,student details dot,1,Step-by-Step Instruction
00:15:06,00:15:10.389000,student details dot at and here in bracket pass that index something like,student details dot bracket pass index something like,1,Step-by-Step Instruction
00:15:10.389000,00:15:10.399000,bracket pass that index something like,bracket pass index something like,6,Conclusion
00:15:10.399000,00:15:12.790000,bracket pass that index something like this but don't forget to put this DOT,bracket pass index something like dont forget put dot,6,Conclusion
00:15:12.790000,00:15:12.800000,this but don't forget to put this DOT,dont forget put dot,1,Step-by-Step Instruction
00:15:12.800000,00:15:15.990000,this but don't forget to put this DOT first and do second these keywords,dont forget put dot first second keywords,1,Step-by-Step Instruction
00:15:15.990000,00:15:16,first and do second these keywords,first second keywords,3,Transitions
00:15:16,00:15:21.590000,first and do second these keywords student details dot add I do second so,first second keywords student details dot add second,1,Step-by-Step Instruction
00:15:21.590000,00:15:21.600000,student details dot add I do second so,student details dot add second,1,Step-by-Step Instruction
00:15:21.600000,00:15:24.030000,student details dot add I do second so using this also we can access right,student details dot add second using also access right,1,Step-by-Step Instruction
00:15:24.030000,00:15:24.040000,using this also we can access right,using also access right,2,Context Setting
00:15:24.040000,00:15:26.069000,using this also we can access right let's run this and,using also access right lets run,2,Context Setting
00:15:26.069000,00:15:26.079000,let's run this and,lets run,1,Step-by-Step Instruction
00:15:26.079000,00:15:29.430000,let's run this and see see it's working,lets run see see working,1,Step-by-Step Instruction
00:15:29.430000,00:15:29.440000,see see it's working,see see working,3,Transitions
00:15:29.440000,00:15:31.990000,see see it's working right so I hope this concept is clear to,see see working right hope concept clear,3,Transitions
00:15:31.990000,00:15:32,right so I hope this concept is clear to,right hope concept clear,3,Transitions
00:15:32,00:15:33.550000,right so I hope this concept is clear to you guys uh so in the next video we'll,right hope concept clear guys uh next video well,3,Transitions
00:15:33.550000,00:15:33.560000,you guys uh so in the next video we'll,guys uh next video well,3,Transitions
00:15:33.560000,00:15:35.430000,you guys uh so in the next video we'll see some coding exercise on Pairs and,guys uh next video well see coding exercise pairs,3,Transitions
00:15:35.430000,00:15:35.440000,see some coding exercise on Pairs and,see coding exercise pairs,4,Recap
00:15:35.440000,00:15:37.509000,see some coding exercise on Pairs and Vector of pairs right so now I'll see,see coding exercise pairs vector pairs right ill see,4,Recap
00:15:37.509000,00:15:37.519000,Vector of pairs right so now I'll see,vector pairs right ill see,4,Recap
00:15:37.519000,00:15:39.550000,Vector of pairs right so now I'll see you in the next video till then bye take,vector pairs right ill see next video till bye take,4,Recap
00:15:39.550000,00:15:39.560000,you in the next video till then bye take,next video till bye take,3,Transitions
00:15:39.560000,00:15:42.560000,you in the next video till then bye take care,next video till bye take care,3,Transitions
