Start Time,End Time,Text,Cleaned Text,Cluster,Workflow Step
00:00:02.350000,00:00:02.360000,hey everyone I hope you are safe and,hey everyone hope safe,2,Context Setting
00:00:02.360000,00:00:04.150000,hey everyone I hope you are safe and doing good so in the series of learning,hey everyone hope safe good series learning,2,Context Setting
00:00:04.150000,00:00:04.160000,doing good so in the series of learning,good series learning,2,Context Setting
00:00:04.160000,00:00:05.789000,doing good so in the series of learning C++ programming language in the previous,good series learning c programming language previous,2,Context Setting
00:00:05.789000,00:00:05.799000,C++ programming language in the previous,c programming language previous,2,Context Setting
00:00:05.799000,00:00:08.070000,C++ programming language in the previous video we have seen what is Vector of,c programming language previous video seen vector,4,Recap
00:00:08.070000,00:00:08.080000,video we have seen what is Vector of,video seen vector,4,Recap
00:00:08.080000,00:00:10.070000,video we have seen what is Vector of pairs right I hope that is clear to you,video seen vector pairs right hope clear,4,Recap
00:00:10.070000,00:00:10.080000,pairs right I hope that is clear to you,pairs right hope clear,1,Step-by-Step Instruction
00:00:10.080000,00:00:12.150000,pairs right I hope that is clear to you guys because based on that only we'll be,pairs right hope clear guys based well,4,Recap
00:00:12.150000,00:00:12.160000,guys because based on that only we'll be,guys based well,4,Recap
00:00:12.160000,00:00:13.749000,guys because based on that only we'll be discussing one coding exercise in this,guys based well discussing one coding exercise,4,Recap
00:00:13.749000,00:00:13.759000,discussing one coding exercise in this,discussing one coding exercise,4,Recap
00:00:13.759000,00:00:17.230000,discussing one coding exercise in this video right it's not stough simple one,discussing one coding exercise video right stough simple one,4,Recap
00:00:17.230000,00:00:17.240000,video right it's not stough simple one,video right stough simple one,4,Recap
00:00:17.240000,00:00:19.470000,video right it's not stough simple one what is this exercise let's see you are,video right stough simple one exercise lets see,4,Recap
00:00:19.470000,00:00:19.480000,what is this exercise let's see you are,exercise lets see,4,Recap
00:00:19.480000,00:00:22.070000,what is this exercise let's see you are given a vector of size n which holds,exercise lets see given vector size n holds,4,Recap
00:00:22.070000,00:00:22.080000,given a vector of size n which holds,given vector size n holds,2,Context Setting
00:00:22.080000,00:00:25.630000,given a vector of size n which holds pair of integer pair of integers right,given vector size n holds pair integer pair integers right,1,Step-by-Step Instruction
00:00:25.630000,00:00:25.640000,pair of integer pair of integers right,pair integer pair integers right,1,Step-by-Step Instruction
00:00:25.640000,00:00:27.429000,pair of integer pair of integers right now you have to calculate some of the,pair integer pair integers right calculate,1,Step-by-Step Instruction
00:00:27.429000,00:00:27.439000,now you have to calculate some of the,calculate,2,Context Setting
00:00:27.439000,00:00:30.589000,now you have to calculate some of the second element of these pairs second,calculate second element pairs second,1,Step-by-Step Instruction
00:00:30.589000,00:00:30.599000,second element of these pairs second,second element pairs second,1,Step-by-Step Instruction
00:00:30.599000,00:00:33.910000,second element of these pairs second element of these pairs right means 2 +,second element pairs second element pairs right means 2,1,Step-by-Step Instruction
00:00:33.910000,00:00:33.920000,element of these pairs right means 2 +,element pairs right means 2,1,Step-by-Step Instruction
00:00:33.920000,00:00:35.470000,element of these pairs right means 2 + 10 +,element pairs right means 2 10,1,Step-by-Step Instruction
00:00:35.470000,00:00:35.480000,10 +,10,2,Context Setting
00:00:35.480000,00:00:38.670000,10 + -4 you have to calculate this thing,10 4 calculate thing,2,Context Setting
00:00:38.670000,00:00:38.680000,-4 you have to calculate this thing,4 calculate thing,2,Context Setting
00:00:38.680000,00:00:41.830000,-4 you have to calculate this thing right I hope you are getting the problem,4 calculate thing right hope getting problem,2,Context Setting
00:00:41.830000,00:00:41.840000,right I hope you are getting the problem,right hope getting problem,5,Practical Application
00:00:41.840000,00:00:44.869000,right I hope you are getting the problem statement right and it's not tough you,right hope getting problem statement right tough,5,Practical Application
00:00:44.869000,00:00:44.879000,statement right and it's not tough you,statement right tough,5,Practical Application
00:00:44.879000,00:00:47.950000,statement right and it's not tough you have to just access the second element,statement right tough access second element,5,Practical Application
00:00:47.950000,00:00:47.960000,have to just access the second element,access second element,5,Practical Application
00:00:47.960000,00:00:52.590000,have to just access the second element of the pairs within this Vector right I,access second element pairs within vector right,5,Practical Application
00:00:52.590000,00:00:52.600000,of the pairs within this Vector right I,pairs within vector right,1,Step-by-Step Instruction
00:00:52.600000,00:00:54.349000,of the pairs within this Vector right I hope you can do this now you have to,pairs within vector right hope,1,Step-by-Step Instruction
00:00:54.349000,00:00:54.359000,hope you can do this now you have to,hope,2,Context Setting
00:00:54.359000,00:00:56.430000,hope you can do this now you have to pause the video and try this out so,hope pause video try,4,Recap
00:00:56.430000,00:00:56.440000,pause the video and try this out so,pause video try,4,Recap
00:00:56.440000,00:00:58.830000,pause the video and try this out so let's create a new file and we are going,pause video try lets create new file going,4,Recap
00:00:58.830000,00:00:58.840000,let's create a new file and we are going,lets create new file going,2,Context Setting
00:00:58.840000,00:01:03.590000,let's create a new file and we are going to solve this now so now first take the,lets create new file going solve first take,0,Introduction
00:01:03.590000,00:01:03.600000,to solve this now so now first take the,solve first take,0,Introduction
00:01:03.600000,00:01:05.630000,to solve this now so now first take the vector which is given Vector of pair not,solve first take vector given vector pair,3,Transitions
00:01:05.630000,00:01:05.640000,vector which is given Vector of pair not,vector given vector pair,3,Transitions
00:01:05.640000,00:01:08.870000,vector which is given Vector of pair not Vector it's Vector of pair having,vector given vector pair vector vector pair,3,Transitions
00:01:08.870000,00:01:08.880000,Vector it's Vector of pair having,vector vector pair,3,Transitions
00:01:08.880000,00:01:11.789000,Vector it's Vector of pair having integer value both integer value,vector vector pair integer value integer value,2,Context Setting
00:01:11.789000,00:01:11.799000,integer value both integer value,integer value integer value,2,Context Setting
00:01:11.799000,00:01:13.830000,integer value both integer value right okay now let's suppose we have,integer value integer value right okay lets suppose,2,Context Setting
00:01:13.830000,00:01:13.840000,right okay now let's suppose we have,right okay lets suppose,2,Context Setting
00:01:13.840000,00:01:18.550000,right okay now let's suppose we have vector v and the values given are first,right okay lets suppose vector v values given first,3,Transitions
00:01:18.550000,00:01:18.560000,vector v and the values given are first,vector v values given first,3,Transitions
00:01:18.560000,00:01:22.310000,vector v and the values given are first is 1 two right so how to access second,vector v values given first 1 two right access second,5,Practical Application
00:01:22.310000,00:01:22.320000,is 1 two right so how to access second,1 two right access second,5,Practical Application
00:01:22.320000,00:01:25.870000,is 1 two right so how to access second element from these pairs so obviously we,1 two right access second element pairs obviously,5,Practical Application
00:01:25.870000,00:01:25.880000,element from these pairs so obviously we,element pairs obviously,1,Step-by-Step Instruction
00:01:25.880000,00:01:27.590000,element from these pairs so obviously we have to trace the vector first first,element pairs obviously trace vector first first,3,Transitions
00:01:27.590000,00:01:27.600000,have to trace the vector first first,trace vector first first,3,Transitions
00:01:27.600000,00:01:30.870000,have to trace the vector first first element of the vector is 1 2,trace vector first first element vector 1 2,3,Transitions
00:01:30.870000,00:01:30.880000,element of the vector is 1 2,element vector 1 2,3,Transitions
00:01:30.880000,00:01:32.710000,element of the vector is 1 2 this is first element having a pair,element vector 1 2 first element pair,3,Transitions
00:01:32.710000,00:01:32.720000,this is first element having a pair,first element pair,3,Transitions
00:01:32.720000,00:01:34.270000,this is first element having a pair means pair means two values this is,first element pair means pair means two values,3,Transitions
00:01:34.270000,00:01:34.280000,means pair means two values this is,means pair means two values,3,Transitions
00:01:34.280000,00:01:38.350000,means pair means two values this is second element of vector means V of Zer,means pair means two values second element vector means v zer,3,Transitions
00:01:38.350000,00:01:38.360000,second element of vector means V of Zer,second element vector means v zer,3,Transitions
00:01:38.360000,00:01:40.830000,second element of vector means V of Zer at zero index we have this pair at one,second element vector means v zer zero index pair one,1,Step-by-Step Instruction
00:01:40.830000,00:01:40.840000,at zero index we have this pair at one,zero index pair one,1,Step-by-Step Instruction
00:01:40.840000,00:01:42.990000,at zero index we have this pair at one index we have this pair at second index,zero index pair one index pair second index,1,Step-by-Step Instruction
00:01:42.990000,00:01:43,index we have this pair at second index,index pair second index,1,Step-by-Step Instruction
00:01:43,00:01:45.510000,index we have this pair at second index we have this pair every index are having,index pair second index pair every index,1,Step-by-Step Instruction
00:01:45.510000,00:01:45.520000,we have this pair every index are having,pair every index,1,Step-by-Step Instruction
00:01:45.520000,00:01:48.230000,we have this pair every index are having two values because we have a pair right,pair every index two values pair right,1,Step-by-Step Instruction
00:01:48.230000,00:01:48.240000,two values because we have a pair right,two values pair right,1,Step-by-Step Instruction
00:01:48.240000,00:01:50.469000,two values because we have a pair right okay now with the help of four Loop,two values pair right okay help four loop,2,Context Setting
00:01:50.469000,00:01:50.479000,okay now with the help of four Loop,okay help four loop,2,Context Setting
00:01:50.479000,00:01:54.030000,okay now with the help of four Loop let's trace this one first first element,okay help four loop lets trace one first first element,3,Transitions
00:01:54.030000,00:01:54.040000,let's trace this one first first element,lets trace one first first element,3,Transitions
00:01:54.040000,00:01:55.429000,let's trace this one first first element then second element of vector then third,lets trace one first first element second element vector third,3,Transitions
00:01:55.429000,00:01:55.439000,then second element of vector then third,second element vector third,3,Transitions
00:01:55.439000,00:01:57.670000,then second element of vector then third element of vector if we got the first,second element vector third element vector got first,3,Transitions
00:01:57.670000,00:01:57.680000,element of vector if we got the first,element vector got first,3,Transitions
00:01:57.680000,00:01:59.990000,element of vector if we got the first element of the vector like one two pair,element vector got first element vector like one two pair,3,Transitions
00:01:59.990000,00:02:00,element of the vector like one two pair,element vector like one two pair,3,Transitions
00:02:00,00:02:03.429000,element of the vector like one two pair then within that we can access this two,element vector like one two pair within access two,3,Transitions
00:02:03.429000,00:02:03.439000,then within that we can access this two,within access two,5,Practical Application
00:02:03.439000,00:02:05.990000,then within that we can access this two do second keyword we have right do first,within access two second keyword right first,5,Practical Application
00:02:05.990000,00:02:06,do second keyword we have right do first,second keyword right first,5,Practical Application
00:02:06,00:02:07.830000,do second keyword we have right do first and do second this is how we are going,second keyword right first second going,5,Practical Application
00:02:07.830000,00:02:07.840000,and do second this is how we are going,second going,5,Practical Application
00:02:07.840000,00:02:12.869000,and do second this is how we are going to access elements of pair right so here,second going access elements pair right,5,Practical Application
00:02:12.869000,00:02:12.879000,to access elements of pair right so here,access elements pair right,5,Practical Application
00:02:12.879000,00:02:16.110000,to access elements of pair right so here let's take first obviously we will take,access elements pair right lets take first obviously take,0,Introduction
00:02:16.110000,00:02:16.120000,let's take first obviously we will take,lets take first obviously take,0,Introduction
00:02:16.120000,00:02:19.190000,let's take first obviously we will take a variable sum in which you're going to,lets take first obviously take variable sum youre going,0,Introduction
00:02:19.190000,00:02:19.200000,a variable sum in which you're going to,variable sum youre going,6,Conclusion
00:02:19.200000,00:02:21.430000,a variable sum in which you're going to store the sum and let's initialize it,variable sum youre going store sum lets initialize,6,Conclusion
00:02:21.430000,00:02:21.440000,store the sum and let's initialize it,store sum lets initialize,6,Conclusion
00:02:21.440000,00:02:23.190000,store the sum and let's initialize it with zero so that it will not take any,store sum lets initialize zero take,6,Conclusion
00:02:23.190000,00:02:23.200000,with zero so that it will not take any,zero take,0,Introduction
00:02:23.200000,00:02:27.150000,with zero so that it will not take any garbage value simply we take a variable,zero take garbage value simply take variable,0,Introduction
00:02:27.150000,00:02:27.160000,garbage value simply we take a variable,garbage value simply take variable,0,Introduction
00:02:27.160000,00:02:29.150000,garbage value simply we take a variable this is what you can say traditional way,garbage value simply take variable say traditional way,0,Introduction
00:02:29.150000,00:02:29.160000,this is what you can say traditional way,say traditional way,2,Context Setting
00:02:29.160000,00:02:31.710000,this is what you can say traditional way of using food Loop like a variable,say traditional way using food loop like variable,2,Context Setting
00:02:31.710000,00:02:31.720000,of using food Loop like a variable,using food loop like variable,2,Context Setting
00:02:31.720000,00:02:33.830000,of using food Loop like a variable initialize it with zero and this I would,using food loop like variable initialize zero would,2,Context Setting
00:02:33.830000,00:02:33.840000,initialize it with zero and this I would,initialize zero would,2,Context Setting
00:02:33.840000,00:02:38.030000,initialize it with zero and this I would be less than till Vector size so we have,initialize zero would less till vector size,2,Context Setting
00:02:38.030000,00:02:38.040000,be less than till Vector size so we have,less till vector size,2,Context Setting
00:02:38.040000,00:02:41.229000,be less than till Vector size so we have a function here in Vector do size to,less till vector size function vector size,2,Context Setting
00:02:41.229000,00:02:41.239000,a function here in Vector do size to,function vector size,2,Context Setting
00:02:41.239000,00:02:43.470000,a function here in Vector do size to calculate the size automatically it will,function vector size calculate size automatically,2,Context Setting
00:02:43.470000,00:02:43.480000,calculate the size automatically it will,calculate size automatically,2,Context Setting
00:02:43.480000,00:02:47.750000,calculate the size automatically it will calculate the size then Plus+ I or I ++,calculate size automatically calculate size plus,2,Context Setting
00:02:47.750000,00:02:47.760000,calculate the size then Plus+ I or I ++,calculate size plus,2,Context Setting
00:02:47.760000,00:02:51.070000,calculate the size then Plus+ I or I ++ and within this you have to do what you,calculate size plus within,2,Context Setting
00:02:51.070000,00:02:51.080000,and within this you have to do what you,within,2,Context Setting
00:02:51.080000,00:02:53.149000,and within this you have to do what you have to access now from V,within access v,5,Practical Application
00:02:53.149000,00:02:53.159000,have to access now from V,access v,5,Practical Application
00:02:53.159000,00:02:58.430000,have to access now from V ofi from V of I now V of Z means this,access v ofi v v z means,5,Practical Application
00:02:58.430000,00:02:58.440000,ofi from V of I now V of Z means this,ofi v v z means,2,Context Setting
00:02:58.440000,00:03:00.470000,ofi from V of I now V of Z means this first element but you have to access,ofi v v z means first element access,3,Transitions
00:03:00.470000,00:03:00.480000,first element but you have to access,first element access,3,Transitions
00:03:00.480000,00:03:05.110000,first element but you have to access only two so voi dot second because one,first element access two voi dot second one,5,Practical Application
00:03:05.110000,00:03:05.120000,only two so voi dot second because one,two voi dot second one,5,Practical Application
00:03:05.120000,00:03:06.070000,only two so voi dot second because one two is,two voi dot second one two,5,Practical Application
00:03:06.070000,00:03:06.080000,two is,two,5,Practical Application
00:03:06.080000,00:03:09.149000,two is pair first first element of pair is one,two pair first first element pair one,3,Transitions
00:03:09.149000,00:03:09.159000,pair first first element of pair is one,pair first first element pair one,3,Transitions
00:03:09.159000,00:03:11.070000,pair first first element of pair is one second element is two so dot second I,pair first first element pair one second element two dot second,3,Transitions
00:03:11.070000,00:03:11.080000,second element is two so dot second I,second element two dot second,5,Practical Application
00:03:11.080000,00:03:15.430000,second element is two so dot second I want to access right so the the second,second element two dot second want access right second,5,Practical Application
00:03:15.430000,00:03:15.440000,want to access right so the the second,want access right second,5,Practical Application
00:03:15.440000,00:03:18.070000,want to access right so the the second element of all the pairs and just add,want access right second element pairs add,5,Practical Application
00:03:18.070000,00:03:18.080000,element of all the pairs and just add,element pairs add,1,Step-by-Step Instruction
00:03:18.080000,00:03:22.110000,element of all the pairs and just add this two into sum so sum equal to sum,element pairs add two sum sum equal sum,6,Conclusion
00:03:22.110000,00:03:22.120000,this two into sum so sum equal to sum,two sum sum equal sum,6,Conclusion
00:03:22.120000,00:03:25.630000,this two into sum so sum equal to sum plus v ofi do second I hope you got why,two sum sum equal sum plus v ofi second hope got,6,Conclusion
00:03:25.630000,00:03:25.640000,plus v ofi do second I hope you got why,plus v ofi second hope got,5,Practical Application
00:03:25.640000,00:03:27.390000,plus v ofi do second I hope you got why I have written this line or we can,plus v ofi second hope got written line,5,Practical Application
00:03:27.390000,00:03:27.400000,I have written this line or we can,written line,2,Context Setting
00:03:27.400000,00:03:30.110000,I have written this line or we can simply write down if you use that short,written line simply write use short,2,Context Setting
00:03:30.110000,00:03:30.120000,simply write down if you use that short,simply write use short,2,Context Setting
00:03:30.120000,00:03:33.309000,simply write down if you use that short end operator then Su plus equal to v i,simply write use short end operator su plus equal v,2,Context Setting
00:03:33.309000,00:03:33.319000,end operator then Su plus equal to v i,end operator su plus equal v,2,Context Setting
00:03:33.319000,00:03:37.750000,end operator then Su plus equal to v i do second right I hope it works okay,end operator su plus equal v second right hope works okay,5,Practical Application
00:03:37.750000,00:03:37.760000,do second right I hope it works okay,second right hope works okay,5,Practical Application
00:03:37.760000,00:03:41.229000,do second right I hope it works okay first obviously you have to now print,second right hope works okay first obviously print,5,Practical Application
00:03:41.229000,00:03:41.239000,first obviously you have to now print,first obviously print,6,Conclusion
00:03:41.239000,00:03:45.630000,first obviously you have to now print that sum so let's print simply sum,first obviously print sum lets print simply sum,6,Conclusion
00:03:45.630000,00:03:45.640000,that sum so let's print simply sum,sum lets print simply sum,6,Conclusion
00:03:45.640000,00:03:50.229000,that sum so let's print simply sum and returns Z okay let's run this and,sum lets print simply sum returns z okay lets run,6,Conclusion
00:03:50.229000,00:03:50.239000,and returns Z okay let's run this and,returns z okay lets run,6,Conclusion
00:03:50.239000,00:03:54.910000,and returns Z okay let's run this and see what output you are getting now 8 so,returns z okay lets run see output getting 8,4,Recap
00:03:54.910000,00:03:54.920000,see what output you are getting now 8 so,see output getting 8,4,Recap
00:03:54.920000,00:04:00.229000,see what output you are getting now 8 so see 10 + 2 12 - 4 it's 8 right okay it's,see output getting 8 see 10 2 12 4 8 right okay,4,Recap
00:04:00.229000,00:04:00.239000,see 10 + 2 12 - 4 it's 8 right okay it's,see 10 2 12 4 8 right okay,4,Recap
00:04:00.239000,00:04:02.470000,see 10 + 2 12 - 4 it's 8 right okay it's working fine if you don't use this kind,see 10 2 12 4 8 right okay working fine dont use kind,4,Recap
00:04:02.470000,00:04:02.480000,working fine if you don't use this kind,working fine dont use kind,2,Context Setting
00:04:02.480000,00:04:04.670000,working fine if you don't use this kind of loop we can use that range based for,working fine dont use kind loop use range based,2,Context Setting
00:04:04.670000,00:04:04.680000,of loop we can use that range based for,loop use range based,2,Context Setting
00:04:04.680000,00:04:07.550000,of loop we can use that range based for Loop also all right for that what we,loop use range based loop also right,2,Context Setting
00:04:07.550000,00:04:07.560000,Loop also all right for that what we,loop also right,2,Context Setting
00:04:07.560000,00:04:08.869000,Loop also all right for that what we will,loop also right,2,Context Setting
00:04:08.869000,00:04:08.879000,will,,2,Context Setting
00:04:08.879000,00:04:12.270000,will do that is I guess very simple just,guess simple,2,Context Setting
00:04:12.270000,00:04:12.280000,do that is I guess very simple just,guess simple,2,Context Setting
00:04:12.280000,00:04:15.309000,do that is I guess very simple just write down this Auto keyword Auto and,guess simple write auto keyword auto,2,Context Setting
00:04:15.309000,00:04:15.319000,write down this Auto keyword Auto and,write auto keyword auto,2,Context Setting
00:04:15.319000,00:04:17.990000,write down this Auto keyword Auto and any variable name suppose I'm taking,write auto keyword auto variable name suppose im taking,2,Context Setting
00:04:17.990000,00:04:18,any variable name suppose I'm taking,variable name suppose im taking,2,Context Setting
00:04:18,00:04:20.270000,any variable name suppose I'm taking element and from which range which,variable name suppose im taking element range,2,Context Setting
00:04:20.270000,00:04:20.280000,element and from which range which,element range,2,Context Setting
00:04:20.280000,00:04:22.430000,element and from which range which container I'm going to take the elements,element range container im going take elements,0,Introduction
00:04:22.430000,00:04:22.440000,container I'm going to take the elements,container im going take elements,0,Introduction
00:04:22.440000,00:04:25.590000,container I'm going to take the elements from V from this vector v,container im going take elements v vector v,0,Introduction
00:04:25.590000,00:04:25.600000,from V from this vector v,v vector v,3,Transitions
00:04:25.600000,00:04:28.629000,from V from this vector v right so it means from vector v 1X one,v vector v right means vector v 1x one,3,Transitions
00:04:28.629000,00:04:28.639000,right so it means from vector v 1X one,right means vector v 1x one,3,Transitions
00:04:28.639000,00:04:30.310000,right so it means from vector v 1X one all the elements would be stored stor in,right means vector v 1x one elements would stored stor,3,Transitions
00:04:30.310000,00:04:30.320000,all the elements would be stored stor in,elements would stored stor,2,Context Setting
00:04:30.320000,00:04:33.510000,all the elements would be stored stor in this variable so first this one two this,elements would stored stor variable first one two,3,Transitions
00:04:33.510000,00:04:33.520000,this variable so first this one two this,variable first one two,3,Transitions
00:04:33.520000,00:04:36.270000,this variable so first this one two this pair would be stored in this,variable first one two pair would stored,3,Transitions
00:04:36.270000,00:04:36.280000,pair would be stored in this,pair would stored,1,Step-by-Step Instruction
00:04:36.280000,00:04:39.150000,pair would be stored in this element I mean in this variable variable,pair would stored element mean variable variable,1,Step-by-Step Instruction
00:04:39.150000,00:04:39.160000,element I mean in this variable variable,element mean variable variable,2,Context Setting
00:04:39.160000,00:04:42.590000,element I mean in this variable variable name is element or we can take n any,element mean variable variable name element take n,0,Introduction
00:04:42.590000,00:04:42.600000,name is element or we can take n any,name element take n,0,Introduction
00:04:42.600000,00:04:44.310000,name is element or we can take n any small name we can take n in this,name element take n small name take n,0,Introduction
00:04:44.310000,00:04:44.320000,small name we can take n in this,small name take n,0,Introduction
00:04:44.320000,00:04:48.150000,small name we can take n in this variable n 1 2 from this N I want to,small name take n variable n 1 2 n want,0,Introduction
00:04:48.150000,00:04:48.160000,variable n 1 2 from this N I want to,variable n 1 2 n want,2,Context Setting
00:04:48.160000,00:04:50.430000,variable n 1 2 from this N I want to exess Second element of the pair because,variable n 1 2 n want exess second element pair,1,Step-by-Step Instruction
00:04:50.430000,00:04:50.440000,exess Second element of the pair because,exess second element pair,1,Step-by-Step Instruction
00:04:50.440000,00:04:52.029000,exess Second element of the pair because this one two is,exess second element pair one two,1,Step-by-Step Instruction
00:04:52.029000,00:04:52.039000,this one two is,one two,3,Transitions
00:04:52.039000,00:04:54.510000,this one two is pair because first element of the vector,one two pair first element vector,3,Transitions
00:04:54.510000,00:04:54.520000,pair because first element of the vector,pair first element vector,3,Transitions
00:04:54.520000,00:04:56.670000,pair because first element of the vector is pair second element is also a pair,pair first element vector pair second element also pair,3,Transitions
00:04:56.670000,00:04:56.680000,is pair second element is also a pair,pair second element also pair,1,Step-by-Step Instruction
00:04:56.680000,00:05:01.189000,is pair second element is also a pair obviously it is Vector of pairs right,pair second element also pair obviously vector pairs right,1,Step-by-Step Instruction
00:05:01.189000,00:05:01.199000,obviously it is Vector of pairs right,obviously vector pairs right,1,Step-by-Step Instruction
00:05:01.199000,00:05:04.150000,obviously it is Vector of pairs right so this time what you can do su is equal,obviously vector pairs right time su equal,1,Step-by-Step Instruction
00:05:04.150000,00:05:04.160000,so this time what you can do su is equal,time su equal,2,Context Setting
00:05:04.160000,00:05:05.629000,so this time what you can do su is equal to sum,time su equal sum,6,Conclusion
00:05:05.629000,00:05:05.639000,to sum,sum,6,Conclusion
00:05:05.639000,00:05:08.830000,to sum plus now from this n you have to access,sum plus n access,6,Conclusion
00:05:08.830000,00:05:08.840000,plus now from this n you have to access,plus n access,5,Practical Application
00:05:08.840000,00:05:14.990000,plus now from this n you have to access now in N we have this pair 1 2 so n dot,plus n access n pair 1 2 n dot,5,Practical Application
00:05:14.990000,00:05:15,now in N we have this pair 1 2 so n dot,n pair 1 2 n dot,1,Step-by-Step Instruction
00:05:15,00:05:17.270000,now in N we have this pair 1 2 so n dot second and,n pair 1 2 n dot second,1,Step-by-Step Instruction
00:05:17.270000,00:05:17.280000,second and,second,5,Practical Application
00:05:17.280000,00:05:21.270000,second and semicolon right you know you know no,second semicolon right know know,2,Context Setting
00:05:21.270000,00:05:21.280000,semicolon right you know you know no,semicolon right know know,2,Context Setting
00:05:21.280000,00:05:23.350000,semicolon right you know you know no need to worry about the size and all,semicolon right know know need worry size,2,Context Setting
00:05:23.350000,00:05:23.360000,need to worry about the size and all,need worry size,2,Context Setting
00:05:23.360000,00:05:27.309000,need to worry about the size and all like this so I like this Loop in this,need worry size like like loop,2,Context Setting
00:05:27.309000,00:05:27.319000,like this so I like this Loop in this,like like loop,2,Context Setting
00:05:27.319000,00:05:30.430000,like this so I like this Loop in this you know range based for Loop so let's,like like loop know range based loop lets,2,Context Setting
00:05:30.430000,00:05:30.440000,you know range based for Loop so let's,know range based loop lets,2,Context Setting
00:05:30.440000,00:05:33.749000,you know range based for Loop so let's print some and uh let's run this and see,know range based loop lets print uh lets run see,6,Conclusion
00:05:33.749000,00:05:33.759000,print some and uh let's run this and see,print uh lets run see,6,Conclusion
00:05:33.759000,00:05:36.189000,print some and uh let's run this and see we're getting same output or not yeah we,print uh lets run see getting output yeah,6,Conclusion
00:05:36.189000,00:05:36.199000,we're getting same output or not yeah we,getting output yeah,2,Context Setting
00:05:36.199000,00:05:38.189000,we're getting same output or not yeah we getting eight right I hope you've done,getting output yeah getting eight right hope youve done,5,Practical Application
00:05:38.189000,00:05:38.199000,getting eight right I hope you've done,getting eight right hope youve done,5,Practical Application
00:05:38.199000,00:05:40.830000,getting eight right I hope you've done this exercise right it's not so much Stu,getting eight right hope youve done exercise right much stu,5,Practical Application
00:05:40.830000,00:05:40.840000,this exercise right it's not so much Stu,exercise right much stu,2,Context Setting
00:05:40.840000,00:05:42.550000,this exercise right it's not so much Stu so try out different different exercises,exercise right much stu try different different exercises,2,Context Setting
00:05:42.550000,00:05:42.560000,so try out different different exercises,try different different exercises,2,Context Setting
00:05:42.560000,00:05:46.670000,so try out different different exercises on the vectors Pairs and Vector of pairs,try different different exercises vectors pairs vector pairs,1,Step-by-Step Instruction
00:05:46.670000,00:05:46.680000,on the vectors Pairs and Vector of pairs,vectors pairs vector pairs,1,Step-by-Step Instruction
00:05:46.680000,00:05:48.550000,on the vectors Pairs and Vector of pairs right in the next video we'll see most,vectors pairs vector pairs right next video well see,4,Recap
00:05:48.550000,00:05:48.560000,right in the next video we'll see most,right next video well see,4,Recap
00:05:48.560000,00:05:51.189000,right in the next video we'll see most probably nesting of vectors like array,right next video well see probably nesting vectors like array,4,Recap
00:05:51.189000,00:05:51.199000,probably nesting of vectors like array,probably nesting vectors like array,2,Context Setting
00:05:51.199000,00:05:53.510000,probably nesting of vectors like array of vectors and Vector of vectors what is,probably nesting vectors like array vectors vector vectors,2,Context Setting
00:05:53.510000,00:05:53.520000,of vectors and Vector of vectors what is,vectors vector vectors,2,Context Setting
00:05:53.520000,00:05:54.830000,of vectors and Vector of vectors what is the difference between these two things,vectors vector vectors difference two things,2,Context Setting
00:05:54.830000,00:05:54.840000,the difference between these two things,difference two things,2,Context Setting
00:05:54.840000,00:05:57.110000,the difference between these two things because these are very confusing array,difference two things confusing array,2,Context Setting
00:05:57.110000,00:05:57.120000,because these are very confusing array,confusing array,2,Context Setting
00:05:57.120000,00:05:59.629000,because these are very confusing array of vectors and Vector of vectors so the,confusing array vectors vector vectors,2,Context Setting
00:05:59.629000,00:05:59.639000,of vectors and Vector of vectors so the,vectors vector vectors,2,Context Setting
00:05:59.639000,00:06:00.749000,of vectors and Vector of vectors so the this thing we'll be discussing in next,vectors vector vectors thing well discussing next,4,Recap
00:06:00.749000,00:06:00.759000,this thing we'll be discussing in next,thing well discussing next,4,Recap
00:06:00.759000,00:06:02.790000,this thing we'll be discussing in next video right you please try out different,thing well discussing next video right please try different,4,Recap
00:06:02.790000,00:06:02.800000,video right you please try out different,video right please try different,4,Recap
00:06:02.800000,00:06:05.990000,video right you please try out different different exercises based on whatever,video right please try different different exercises based whatever,4,Recap
00:06:05.990000,00:06:06,different exercises based on whatever,different exercises based whatever,2,Context Setting
00:06:06,00:06:07.749000,different exercises based on whatever topic we are going we are covering in,different exercises based whatever topic going covering,2,Context Setting
00:06:07.749000,00:06:07.759000,topic we are going we are covering in,topic going covering,2,Context Setting
00:06:07.759000,00:06:10.189000,topic we are going we are covering in this cabus in this course because for me,topic going covering cabus course,2,Context Setting
00:06:10.189000,00:06:10.199000,this cabus in this course because for me,cabus course,2,Context Setting
00:06:10.199000,00:06:12.070000,this cabus in this course because for me it's not possible to you,cabus course possible,2,Context Setting
00:06:12.070000,00:06:12.080000,it's not possible to you,possible,2,Context Setting
00:06:12.080000,00:06:15.350000,it's not possible to you know uh cover all the or you know uh,possible know uh cover know uh,2,Context Setting
00:06:15.350000,00:06:15.360000,know uh cover all the or you know uh,know uh cover know uh,2,Context Setting
00:06:15.360000,00:06:19.309000,know uh cover all the or you know uh discuss all the exercises on all the,know uh cover know uh discuss exercises,2,Context Setting
00:06:19.309000,00:06:19.319000,discuss all the exercises on all the,discuss exercises,2,Context Setting
00:06:19.319000,00:06:21.909000,discuss all the exercises on all the topics one or two exercise I can discuss,discuss exercises topics one two exercise discuss,2,Context Setting
00:06:21.909000,00:06:21.919000,topics one or two exercise I can discuss,topics one two exercise discuss,2,Context Setting
00:06:21.919000,00:06:25.270000,topics one or two exercise I can discuss but I'll I'm I'm not trying to cover all,topics one two exercise discuss ill im im trying cover,2,Context Setting
00:06:25.270000,00:06:25.280000,but I'll I'm I'm not trying to cover all,ill im im trying cover,2,Context Setting
00:06:25.280000,00:06:27.909000,but I'll I'm I'm not trying to cover all the you know that concept or theory part,ill im im trying cover know concept theory part,2,Context Setting
00:06:27.909000,00:06:27.919000,the you know that concept or theory part,know concept theory part,2,Context Setting
00:06:27.919000,00:06:30.670000,the you know that concept or theory part in detail right but for now I guess,know concept theory part detail right guess,2,Context Setting
00:06:30.670000,00:06:30.680000,in detail right but for now I guess,detail right guess,2,Context Setting
00:06:30.680000,00:06:32.430000,in detail right but for now I guess that's it for this video now I'll see,detail right guess thats video ill see,4,Recap
00:06:32.430000,00:06:32.440000,that's it for this video now I'll see,thats video ill see,4,Recap
00:06:32.440000,00:06:34.070000,that's it for this video now I'll see you in the next video till then bye-bye,thats video ill see next video till byebye,4,Recap
00:06:34.070000,00:06:34.080000,you in the next video till then bye-bye,next video till byebye,4,Recap
00:06:34.080000,00:06:37.319000,you in the next video till then bye-bye take care,next video till byebye take care,4,Recap
