Start Time,End Time,Text,Cleaned Text,Cluster,Workflow Step
00:00:02.110000,00:00:02.120000,hey everyone I hope you are safe and,hey everyone hope safe,2,Context Setting
00:00:02.120000,00:00:04.110000,hey everyone I hope you are safe and doing good so in the series of learning,hey everyone hope safe good series learning,2,Context Setting
00:00:04.110000,00:00:04.120000,doing good so in the series of learning,good series learning,0,Introduction
00:00:04.120000,00:00:05.950000,doing good so in the series of learning C++ programming language in the previous,good series learning c programming language previous,0,Introduction
00:00:05.950000,00:00:05.960000,C++ programming language in the previous,c programming language previous,0,Introduction
00:00:05.960000,00:00:07.670000,C++ programming language in the previous video we have seen some member functions,c programming language previous video seen member functions,2,Context Setting
00:00:07.670000,00:00:07.680000,video we have seen some member functions,video seen member functions,2,Context Setting
00:00:07.680000,00:00:10.430000,video we have seen some member functions on strings right so theory part on,video seen member functions strings right theory part,2,Context Setting
00:00:10.430000,00:00:10.440000,on strings right so theory part on,strings right theory part,2,Context Setting
00:00:10.440000,00:00:12.030000,on strings right so theory part on strings is clear like we have discussed,strings right theory part strings clear like discussed,2,Context Setting
00:00:12.030000,00:00:12.040000,strings is clear like we have discussed,strings clear like discussed,2,Context Setting
00:00:12.040000,00:00:15.030000,strings is clear like we have discussed C style strings and C++ strings member,strings clear like discussed c style strings c strings member,2,Context Setting
00:00:15.030000,00:00:15.040000,C style strings and C++ strings member,c style strings c strings member,2,Context Setting
00:00:15.040000,00:00:17.990000,C style strings and C++ strings member functions on strings and all now we'll,c style strings c strings member functions strings well,2,Context Setting
00:00:17.990000,00:00:18,functions on strings and all now we'll,functions strings well,2,Context Setting
00:00:18,00:00:21.189000,functions on strings and all now we'll do one coding exercise based on strings,functions strings well one coding exercise based strings,2,Context Setting
00:00:21.189000,00:00:21.199000,do one coding exercise based on strings,one coding exercise based strings,2,Context Setting
00:00:21.199000,00:00:23.150000,do one coding exercise based on strings you have done those member function and,one coding exercise based strings done member function,2,Context Setting
00:00:23.150000,00:00:23.160000,you have done those member function and,done member function,2,Context Setting
00:00:23.160000,00:00:26.310000,you have done those member function and all so I hope you can do this easily,done member function hope easily,2,Context Setting
00:00:26.310000,00:00:26.320000,all so I hope you can do this easily,hope easily,2,Context Setting
00:00:26.320000,00:00:29.830000,all so I hope you can do this easily right it's simple one now uh what we,hope easily right simple one uh,2,Context Setting
00:00:29.830000,00:00:29.840000,right it's simple one now uh what we,right simple one uh,6,Conclusion
00:00:29.840000,00:00:32.190000,right it's simple one now uh what we have have is we you have a name full,right simple one uh name full,6,Conclusion
00:00:32.190000,00:00:32.200000,have have is we you have a name full,name full,1,Step-by-Step Instruction
00:00:32.200000,00:00:35.430000,have have is we you have a name full name like Janti katri right but there is,name full name like janti katri right,1,Step-by-Step Instruction
00:00:35.430000,00:00:35.440000,name like Janti katri right but there is,name like janti katri right,6,Conclusion
00:00:35.440000,00:00:38.310000,name like Janti katri right but there is no space between this first name and,name like janti katri right space first name,1,Step-by-Step Instruction
00:00:38.310000,00:00:38.320000,no space between this first name and,space first name,1,Step-by-Step Instruction
00:00:38.320000,00:00:41.709000,no space between this first name and last name so you have to reformat,space first name last name reformat,1,Step-by-Step Instruction
00:00:41.709000,00:00:41.719000,last name so you have to reformat,last name reformat,1,Step-by-Step Instruction
00:00:41.719000,00:00:46.110000,last name so you have to reformat it to you know read it more easily what,last name reformat know read easily,2,Context Setting
00:00:46.110000,00:00:46.120000,it to you know read it more easily what,know read easily,2,Context Setting
00:00:46.120000,00:00:49.150000,it to you know read it more easily what should be the output jti space,know read easily output jti space,2,Context Setting
00:00:49.150000,00:00:49.160000,should be the output jti space,output jti space,0,Introduction
00:00:49.160000,00:00:53.110000,should be the output jti space katri okay now what you have to do see,output jti space katri okay see,0,Introduction
00:00:53.110000,00:00:53.120000,katri okay now what you have to do see,katri okay see,0,Introduction
00:00:53.120000,00:00:54.869000,katri okay now what you have to do see you have to you know remember some,katri okay see know remember,0,Introduction
00:00:54.869000,00:00:54.879000,you have to you know remember some,know remember,0,Introduction
00:00:54.879000,00:00:56.830000,you have to you know remember some points first thing what you have to do,know remember points first thing,3,Transitions
00:00:56.830000,00:00:56.840000,points first thing what you have to do,points first thing,3,Transitions
00:00:56.840000,00:00:59.990000,points first thing what you have to do is you have to declare and initialize a,points first thing declare initialize,3,Transitions
00:00:59.990000,00:01:00,is you have to declare and initialize a,declare initialize,0,Introduction
00:01:00,00:01:02.069000,is you have to declare and initialize a variable like first name you can take or,declare initialize variable like first name take,5,Practical Application
00:01:02.069000,00:01:02.079000,variable like first name you can take or,variable like first name take,5,Practical Application
00:01:02.079000,00:01:04.310000,variable like first name you can take or any variable you can take from this,variable like first name take variable take,5,Practical Application
00:01:04.310000,00:01:04.320000,any variable you can take from this,variable take,5,Practical Application
00:01:04.320000,00:01:06.429000,any variable you can take from this variable from this given string variable,variable take variable given string variable,5,Practical Application
00:01:06.429000,00:01:06.439000,variable from this given string variable,variable given string variable,5,Practical Application
00:01:06.439000,00:01:09.550000,variable from this given string variable full name right how to initialize this,variable given string variable full name right initialize,5,Practical Application
00:01:09.550000,00:01:09.560000,full name right how to initialize this,full name right initialize,1,Step-by-Step Instruction
00:01:09.560000,00:01:11.350000,full name right how to initialize this thing we have discussed in previous,full name right initialize thing discussed previous,1,Step-by-Step Instruction
00:01:11.350000,00:01:11.360000,thing we have discussed in previous,thing discussed previous,3,Transitions
00:01:11.360000,00:01:14.510000,thing we have discussed in previous videos so you have to you know revise,thing discussed previous videos know revise,3,Transitions
00:01:14.510000,00:01:14.520000,videos so you have to you know revise,videos know revise,0,Introduction
00:01:14.520000,00:01:18.270000,videos so you have to you know revise those videos those things first right,videos know revise videos things first right,6,Conclusion
00:01:18.270000,00:01:18.280000,those videos those things first right,videos things first right,6,Conclusion
00:01:18.280000,00:01:20.390000,those videos those things first right next thing what you have to do now in,videos things first right next thing,3,Transitions
00:01:20.390000,00:01:20.400000,next thing what you have to do now in,next thing,3,Transitions
00:01:20.400000,00:01:22.510000,next thing what you have to do now in the next part you have to take another,next thing next part take another,0,Introduction
00:01:22.510000,00:01:22.520000,the next part you have to take another,next part take another,0,Introduction
00:01:22.520000,00:01:24.710000,the next part you have to take another VAR another string variable last name,next part take another var another string variable last name,5,Practical Application
00:01:24.710000,00:01:24.720000,VAR another string variable last name,var another string variable last name,5,Practical Application
00:01:24.720000,00:01:27.030000,VAR another string variable last name and you have to initialize this last,var another string variable last name initialize last,5,Practical Application
00:01:27.030000,00:01:27.040000,and you have to initialize this last,initialize last,0,Introduction
00:01:27.040000,00:01:31.230000,and you have to initialize this last name using substring method,initialize last name using substring method,1,Step-by-Step Instruction
00:01:31.230000,00:01:31.240000,name using substring method,name using substring method,1,Step-by-Step Instruction
00:01:31.240000,00:01:33.630000,name using substring method so in the first name you will fetch jti,name using substring method first name fetch jti,1,Step-by-Step Instruction
00:01:33.630000,00:01:33.640000,so in the first name you will fetch jti,first name fetch jti,1,Step-by-Step Instruction
00:01:33.640000,00:01:37.550000,so in the first name you will fetch jti from full name in the sub uh second in,first name fetch jti full name sub uh second,1,Step-by-Step Instruction
00:01:37.550000,00:01:37.560000,from full name in the sub uh second in,full name sub uh second,1,Step-by-Step Instruction
00:01:37.560000,00:01:40.109000,from full name in the sub uh second in the last name using uh substring you,full name sub uh second last name using uh substring,1,Step-by-Step Instruction
00:01:40.109000,00:01:40.119000,the last name using uh substring you,last name using uh substring,1,Step-by-Step Instruction
00:01:40.119000,00:01:41.590000,the last name using uh substring you will fetch only,last name using uh substring fetch,1,Step-by-Step Instruction
00:01:41.590000,00:01:41.600000,will fetch only,fetch,0,Introduction
00:01:41.600000,00:01:44.270000,will fetch only katri right then you will con,fetch katri right con,6,Conclusion
00:01:44.270000,00:01:44.280000,katri right then you will con,katri right con,6,Conclusion
00:01:44.280000,00:01:47.069000,katri right then you will con concatenate this F name and L name using,katri right con concatenate f name l name using,1,Step-by-Step Instruction
00:01:47.069000,00:01:47.079000,concatenate this F name and L name using,concatenate f name l name using,1,Step-by-Step Instruction
00:01:47.079000,00:01:49.789000,concatenate this F name and L name using plus operator but obviously this would,concatenate f name l name using plus operator obviously would,1,Step-by-Step Instruction
00:01:49.789000,00:01:49.799000,plus operator but obviously this would,plus operator obviously would,0,Introduction
00:01:49.799000,00:01:52.709000,plus operator but obviously this would be same as this if you will concatenate,plus operator obviously would concatenate,0,Introduction
00:01:52.709000,00:01:52.719000,be same as this if you will concatenate,concatenate,0,Introduction
00:01:52.719000,00:01:55.069000,be same as this if you will concatenate both J and and katri like first name and,concatenate j katri like first name,1,Step-by-Step Instruction
00:01:55.069000,00:01:55.079000,both J and and katri like first name and,j katri like first name,1,Step-by-Step Instruction
00:01:55.079000,00:01:57.870000,both J and and katri like first name and last name you have to insert a space,j katri like first name last name insert space,1,Step-by-Step Instruction
00:01:57.870000,00:01:57.880000,last name you have to insert a space,last name insert space,1,Step-by-Step Instruction
00:01:57.880000,00:02:00.670000,last name you have to insert a space between Janti and katri use,last name insert space janti katri use,3,Transitions
00:02:00.670000,00:02:00.680000,between Janti and katri use,janti katri use,3,Transitions
00:02:00.680000,00:02:04.310000,between Janti and katri use using insert member function you have to,janti katri use using insert member function,3,Transitions
00:02:04.310000,00:02:04.320000,using insert member function you have to,using insert member function,3,Transitions
00:02:04.320000,00:02:08.270000,using insert member function you have to use insert this function to insert a,using insert member function use insert function insert,3,Transitions
00:02:08.270000,00:02:08.280000,use insert this function to insert a,use insert function insert,3,Transitions
00:02:08.280000,00:02:12.150000,use insert this function to insert a space between Janti and katri right see,use insert function insert space janti katri right see,3,Transitions
00:02:12.150000,00:02:12.160000,space between Janti and katri right see,space janti katri right see,6,Conclusion
00:02:12.160000,00:02:14.070000,space between Janti and katri right see there are many ways to do this thing,space janti katri right see many ways thing,3,Transitions
00:02:14.070000,00:02:14.080000,there are many ways to do this thing,many ways thing,3,Transitions
00:02:14.080000,00:02:16.949000,there are many ways to do this thing it's very simple but you have to perform,many ways thing simple perform,3,Transitions
00:02:16.949000,00:02:16.959000,it's very simple but you have to perform,simple perform,0,Introduction
00:02:16.959000,00:02:20.750000,it's very simple but you have to perform these task to achieve the,simple perform task achieve,0,Introduction
00:02:20.750000,00:02:20.760000,these task to achieve the,task achieve,0,Introduction
00:02:20.760000,00:02:24.949000,these task to achieve the formatted full name right so pause the,task achieve formatted full name right pause,1,Step-by-Step Instruction
00:02:24.949000,00:02:24.959000,formatted full name right so pause the,formatted full name right pause,1,Step-by-Step Instruction
00:02:24.959000,00:02:27.589000,formatted full name right so pause the video and try this out so let's create a,formatted full name right pause video try lets create,1,Step-by-Step Instruction
00:02:27.589000,00:02:27.599000,video and try this out so let's create a,video try lets create,0,Introduction
00:02:27.599000,00:02:30.990000,video and try this out so let's create a new file I hope you have done this,video try lets create new file hope done,2,Context Setting
00:02:30.990000,00:02:31,new file I hope you have done this,new file hope done,2,Context Setting
00:02:31,00:02:35.070000,new file I hope you have done this so first we'll take a string variable uh,new file hope done first well take string variable uh,2,Context Setting
00:02:35.070000,00:02:35.080000,so first we'll take a string variable uh,first well take string variable uh,5,Practical Application
00:02:35.080000,00:02:40.350000,so first we'll take a string variable uh full name,first well take string variable uh full name,5,Practical Application
00:02:42.949000,00:02:42.959000,right and here we,right,6,Conclusion
00:02:42.959000,00:02:46.869000,right and here we have any name you can take right let's,right name take right lets,6,Conclusion
00:02:46.869000,00:02:46.879000,have any name you can take right let's,name take right lets,6,Conclusion
00:02:46.879000,00:02:57.350000,have any name you can take right let's take we have Jenny's,name take right lets take jennys,6,Conclusion
00:02:59.630000,00:02:59.640000,lectures so this is not obviously it's,lectures obviously,0,Introduction
00:02:59.640000,00:03:01.949000,lectures so this is not obviously it's not not readable there should be a space,lectures obviously readable space,0,Introduction
00:03:01.949000,00:03:01.959000,not not readable there should be a space,readable space,0,Introduction
00:03:01.959000,00:03:03.750000,not not readable there should be a space between first and last name like Journey,readable space first last name like journey,1,Step-by-Step Instruction
00:03:03.750000,00:03:03.760000,between first and last name like Journey,first last name like journey,1,Step-by-Step Instruction
00:03:03.760000,00:03:05.670000,between first and last name like Journey space lectures right so you have to,first last name like journey space lectures right,6,Conclusion
00:03:05.670000,00:03:05.680000,space lectures right so you have to,space lectures right,6,Conclusion
00:03:05.680000,00:03:09.110000,space lectures right so you have to reformat it okay first point what we,space lectures right reformat okay first point,6,Conclusion
00:03:09.110000,00:03:09.120000,reformat it okay first point what we,reformat okay first point,0,Introduction
00:03:09.120000,00:03:11.949000,reformat it okay first point what we need to do you have to take a variable,reformat okay first point need take variable,5,Practical Application
00:03:11.949000,00:03:11.959000,need to do you have to take a variable,need take variable,5,Practical Application
00:03:11.959000,00:03:15.869000,need to do you have to take a variable first name this,need take variable first name,5,Practical Application
00:03:15.869000,00:03:15.879000,first name this,first name,1,Step-by-Step Instruction
00:03:15.879000,00:03:18.390000,first name this variable,first name variable,5,Practical Application
00:03:18.390000,00:03:18.400000,variable,variable,5,Practical Application
00:03:18.400000,00:03:20.589000,variable sorry and we will,variable sorry,5,Practical Application
00:03:20.589000,00:03:20.599000,sorry and we will,sorry,0,Introduction
00:03:20.599000,00:03:24.990000,sorry and we will initialize this from the variable full,sorry initialize variable full,5,Practical Application
00:03:24.990000,00:03:25,initialize this from the variable full,initialize variable full,5,Practical Application
00:03:25,00:03:28.550000,initialize this from the variable full name full name right but in first name,initialize variable full name full name right first name,1,Step-by-Step Instruction
00:03:28.550000,00:03:28.560000,name full name right but in first name,name full name right first name,1,Step-by-Step Instruction
00:03:28.560000,00:03:30.429000,name full name right but in first name what you want only gen,name full name right first name want gen,1,Step-by-Step Instruction
00:03:30.429000,00:03:30.439000,what you want only gen,want gen,0,Introduction
00:03:30.439000,00:03:34.550000,what you want only gen KN right so what is the method you just,want gen kn right method,6,Conclusion
00:03:34.550000,00:03:34.560000,KN right so what is the method you just,kn right method,6,Conclusion
00:03:34.560000,00:03:37.309000,KN right so what is the method you just write down the string variable name from,kn right method write string variable name,5,Practical Application
00:03:37.309000,00:03:37.319000,write down the string variable name from,write string variable name,5,Practical Application
00:03:37.319000,00:03:38.830000,write down the string variable name from where you want to initialize this that,write string variable name want initialize,5,Practical Application
00:03:38.830000,00:03:38.840000,where you want to initialize this that,want initialize,0,Introduction
00:03:38.840000,00:03:43.110000,where you want to initialize this that is full name and here start index from,want initialize full name start index,1,Step-by-Step Instruction
00:03:43.110000,00:03:43.120000,is full name and here start index from,full name start index,1,Step-by-Step Instruction
00:03:43.120000,00:03:45.630000,is full name and here start index from where you want to initialize the first,full name start index want initialize first,1,Step-by-Step Instruction
00:03:45.630000,00:03:45.640000,where you want to initialize the first,want initialize first,0,Introduction
00:03:45.640000,00:03:46.910000,where you want to initialize the first character from where you want to take,want initialize first character want take,4,Recap
00:03:46.910000,00:03:46.920000,character from where you want to take,character want take,4,Recap
00:03:46.920000,00:03:48.990000,character from where you want to take from which position from which index so,character want take position index,4,Recap
00:03:48.990000,00:03:49,from which position from which index so,position index,0,Introduction
00:03:49,00:03:53.149000,from which position from which index so from zero and next would be the length,position index zero next would length,0,Introduction
00:03:53.149000,00:03:53.159000,from zero and next would be the length,zero next would length,0,Introduction
00:03:53.159000,00:03:56.229000,from zero and next would be the length how many characters you want to fetch so,zero next would length many characters want fetch,0,Introduction
00:03:56.229000,00:03:56.239000,how many characters you want to fetch so,many characters want fetch,0,Introduction
00:03:56.239000,00:04:00.550000,how many characters you want to fetch so length would be till s this s so 1 2 3 4,many characters want fetch length would till 1 2 3 4,0,Introduction
00:04:00.550000,00:04:00.560000,length would be till s this s so 1 2 3 4,length would till 1 2 3 4,0,Introduction
00:04:00.560000,00:04:05.630000,length would be till s this s so 1 2 3 4 5 6 7 so zero and length should be,length would till 1 2 3 4 5 6 7 zero length,0,Introduction
00:04:05.630000,00:04:05.640000,5 6 7 so zero and length should be,5 6 7 zero length,0,Introduction
00:04:05.640000,00:04:09.470000,5 6 7 so zero and length should be 7 right so if you want to check,5 6 7 zero length 7 right want check,0,Introduction
00:04:09.470000,00:04:09.480000,7 right so if you want to check,7 right want check,6,Conclusion
00:04:09.480000,00:04:13.710000,7 right so if you want to check out then you can just print this F name,7 right want check print f name,1,Step-by-Step Instruction
00:04:13.710000,00:04:13.720000,out then you can just print this F name,print f name,1,Step-by-Step Instruction
00:04:13.720000,00:04:17.629000,out then you can just print this F name and you can check whether in in this,print f name check whether,1,Step-by-Step Instruction
00:04:17.629000,00:04:17.639000,and you can check whether in in this,check whether,0,Introduction
00:04:17.639000,00:04:20.229000,and you can check whether in in this name you have Jenny's or,check whether name jennys,1,Step-by-Step Instruction
00:04:20.229000,00:04:20.239000,name you have Jenny's or,name jennys,1,Step-by-Step Instruction
00:04:20.239000,00:04:25.070000,name you have Jenny's or not see let's run this and see Jenny's,name jennys see lets run see jennys,0,Introduction
00:04:25.070000,00:04:25.080000,not see let's run this and see Jenny's,see lets run see jennys,0,Introduction
00:04:25.080000,00:04:28.550000,not see let's run this and see Jenny's right okay it's it is working fine now,see lets run see jennys right okay working fine,6,Conclusion
00:04:28.550000,00:04:28.560000,right okay it's it is working fine now,right okay working fine,6,Conclusion
00:04:28.560000,00:04:30.510000,right okay it's it is working fine now comment out this thing now second,right okay working fine comment thing second,6,Conclusion
00:04:30.510000,00:04:30.520000,comment out this thing now second,comment thing second,3,Transitions
00:04:30.520000,00:04:35.070000,comment out this thing now second variable uh name we will take that is L,comment thing second variable uh name take l,5,Practical Application
00:04:35.070000,00:04:35.080000,variable uh name we will take that is L,variable uh name take l,5,Practical Application
00:04:35.080000,00:04:40.270000,variable uh name we will take that is L name or last name and we will use here,variable uh name take l name last name use,5,Practical Application
00:04:40.270000,00:04:40.280000,name or last name and we will use here,name last name use,1,Step-by-Step Instruction
00:04:40.280000,00:04:42.790000,name or last name and we will use here substring here we will fetch from this,name last name use substring fetch,1,Step-by-Step Instruction
00:04:42.790000,00:04:42.800000,substring here we will fetch from this,substring fetch,0,Introduction
00:04:42.800000,00:04:46.150000,substring here we will fetch from this string we will fetch lectures only right,substring fetch string fetch lectures right,6,Conclusion
00:04:46.150000,00:04:46.160000,string we will fetch lectures only right,string fetch lectures right,6,Conclusion
00:04:46.160000,00:04:48.830000,string we will fetch lectures only right so that we can do with subring so name,string fetch lectures right subring name,6,Conclusion
00:04:48.830000,00:04:48.840000,so that we can do with subring so name,subring name,1,Step-by-Step Instruction
00:04:48.840000,00:04:50.909000,so that we can do with subring so name of the that string variable full name,subring name string variable full name,5,Practical Application
00:04:50.909000,00:04:50.919000,of the that string variable full name,string variable full name,5,Practical Application
00:04:50.919000,00:04:54.590000,of the that string variable full name dot we will call sorry not full it's,string variable full name dot call sorry full,5,Practical Application
00:04:54.590000,00:04:54.600000,dot we will call sorry not full it's,dot call sorry full,0,Introduction
00:04:54.600000,00:04:58.950000,dot we will call sorry not full it's full name full name dot sust Str and,dot call sorry full full name full name dot sust str,1,Step-by-Step Instruction
00:04:58.950000,00:04:58.960000,full name full name dot sust Str and,full name full name dot sust str,1,Step-by-Step Instruction
00:04:58.960000,00:05:01.990000,full name full name dot sust Str and here you need to first two argument,full name full name dot sust str need first two argument,1,Step-by-Step Instruction
00:05:01.990000,00:05:02,here you need to first two argument,need first two argument,0,Introduction
00:05:02,00:05:04.790000,here you need to first two argument first would be same the start index and,need first two argument first would start index,0,Introduction
00:05:04.790000,00:05:04.800000,first would be same the start index and,first would start index,0,Introduction
00:05:04.800000,00:05:08.390000,first would be same the start index and next would be length so start index from,first would start index next would length start index,0,Introduction
00:05:08.390000,00:05:08.400000,next would be length so start index from,next would length start index,0,Introduction
00:05:08.400000,00:05:09.670000,next would be length so start index from L I want,next would length start index l want,0,Introduction
00:05:09.670000,00:05:09.680000,L I want,l want,4,Recap
00:05:09.680000,00:05:14.510000,L I want to extract the string so lectures so the,l want extract string lectures,0,Introduction
00:05:14.510000,00:05:14.520000,to extract the string so lectures so the,extract string lectures,0,Introduction
00:05:14.520000,00:05:20.510000,to extract the string so lectures so the position of L is 0 1 2 3 4 5 6 7 start,extract string lectures position l 0 1 2 3 4 5 6 7 start,0,Introduction
00:05:20.510000,00:05:20.520000,position of L is 0 1 2 3 4 5 6 7 start,position l 0 1 2 3 4 5 6 7 start,0,Introduction
00:05:20.520000,00:05:22.390000,position of L is 0 1 2 3 4 5 6 7 start index index is seven index start from,position l 0 1 2 3 4 5 6 7 start index index seven index start,0,Introduction
00:05:22.390000,00:05:22.400000,index index is seven index start from,index index seven index start,0,Introduction
00:05:22.400000,00:05:25.909000,index index is seven index start from Seven sorry from zero so L is on Seventh,index index seven index start seven sorry zero l seventh,0,Introduction
00:05:25.909000,00:05:25.919000,Seven sorry from zero so L is on Seventh,seven sorry zero l seventh,0,Introduction
00:05:25.919000,00:05:32.870000,Seven sorry from zero so L is on Seventh index and now next length so 1 2 3 4 5 6,seven sorry zero l seventh index next length 1 2 3 4 5 6,0,Introduction
00:05:32.870000,00:05:32.880000,index and now next length so 1 2 3 4 5 6,index next length 1 2 3 4 5 6,0,Introduction
00:05:32.880000,00:05:34.950000,index and now next length so 1 2 3 4 5 6 7 8 eight characters are there in,index next length 1 2 3 4 5 6 7 8 eight characters,0,Introduction
00:05:34.950000,00:05:34.960000,7 8 eight characters are there in,7 8 eight characters,0,Introduction
00:05:34.960000,00:05:36.590000,7 8 eight characters are there in lecture so I eight character I want to,7 8 eight characters lecture eight character want,4,Recap
00:05:36.590000,00:05:36.600000,lecture so I eight character I want to,lecture eight character want,4,Recap
00:05:36.600000,00:05:39.230000,lecture so I eight character I want to fetch so this sub subring I want to,lecture eight character want fetch sub subring want,4,Recap
00:05:39.230000,00:05:39.240000,fetch so this sub subring I want to,fetch sub subring want,0,Introduction
00:05:39.240000,00:05:43.390000,fetch so this sub subring I want to fetch from full name from this string so,fetch sub subring want fetch full name string,1,Step-by-Step Instruction
00:05:43.390000,00:05:43.400000,fetch from full name from this string so,fetch full name string,1,Step-by-Step Instruction
00:05:43.400000,00:05:44.830000,fetch from full name from this string so if you want to check out you can check,fetch full name string want check check,1,Step-by-Step Instruction
00:05:44.830000,00:05:44.840000,if you want to check out you can check,want check check,0,Introduction
00:05:44.840000,00:05:49.590000,if you want to check out you can check out here rather then F name we can print,want check check rather f name print,1,Step-by-Step Instruction
00:05:49.590000,00:05:49.600000,out here rather then F name we can print,rather f name print,1,Step-by-Step Instruction
00:05:49.600000,00:05:53.230000,out here rather then F name we can print last name so it will print kri sorry,rather f name print last name print kri sorry,1,Step-by-Step Instruction
00:05:53.230000,00:05:53.240000,last name so it will print kri sorry,last name print kri sorry,1,Step-by-Step Instruction
00:05:53.240000,00:05:57.230000,last name so it will print kri sorry lectures lectures right now,last name print kri sorry lectures lectures right,6,Conclusion
00:05:57.230000,00:05:57.240000,lectures lectures right now,lectures lectures right,6,Conclusion
00:05:57.240000,00:06:00.150000,lectures lectures right now concatenate F name and this,lectures lectures right concatenate f name,6,Conclusion
00:06:00.150000,00:06:00.160000,concatenate F name and this,concatenate f name,1,Step-by-Step Instruction
00:06:00.160000,00:06:02.309000,concatenate F name and this so let's take another,concatenate f name lets take another,0,Introduction
00:06:02.309000,00:06:02.319000,so let's take another,lets take another,0,Introduction
00:06:02.319000,00:06:04.189000,so let's take another variable,lets take another variable,5,Practical Application
00:06:04.189000,00:06:04.199000,variable,variable,5,Practical Application
00:06:04.199000,00:06:09.029000,variable uh formatted full,variable uh formatted full,5,Practical Application
00:06:12.990000,00:06:13,name right we have a string variable,name right string variable,5,Practical Application
00:06:13,00:06:17.309000,name right we have a string variable formatted full name so now,name right string variable formatted full name,5,Practical Application
00:06:17.309000,00:06:17.319000,formatted full name so now,formatted full name,1,Step-by-Step Instruction
00:06:17.319000,00:06:20.309000,formatted full name so now formed full name equal,formatted full name formed full name equal,1,Step-by-Step Instruction
00:06:20.309000,00:06:20.319000,formed full name equal,formed full name equal,1,Step-by-Step Instruction
00:06:20.319000,00:06:22.350000,formed full name equal to F,formed full name equal f,1,Step-by-Step Instruction
00:06:22.350000,00:06:22.360000,to F,f,0,Introduction
00:06:22.360000,00:06:23.990000,to F name,f name,1,Step-by-Step Instruction
00:06:23.990000,00:06:24,name,name,1,Step-by-Step Instruction
00:06:24,00:06:28.150000,name plus L name just,name plus l name,1,Step-by-Step Instruction
00:06:30.189000,00:06:30.199000,concatenate but no,concatenate,0,Introduction
00:06:30.199000,00:06:33.749000,concatenate but no no it will not give you the desired,concatenate give desired,0,Introduction
00:06:33.749000,00:06:33.759000,no it will not give you the desired,give desired,0,Introduction
00:06:33.759000,00:06:36.350000,no it will not give you the desired result because if you now print the for,give desired result print,0,Introduction
00:06:36.350000,00:06:36.360000,result because if you now print the for,result print,0,Introduction
00:06:36.360000,00:06:38.150000,result because if you now print the for this formatted full,result print formatted full,1,Step-by-Step Instruction
00:06:38.150000,00:06:38.160000,this formatted full,formatted full,1,Step-by-Step Instruction
00:06:38.160000,00:06:40.710000,this formatted full name let's run this and see what output,formatted full name lets run see output,1,Step-by-Step Instruction
00:06:40.710000,00:06:40.720000,name let's run this and see what output,name lets run see output,0,Introduction
00:06:40.720000,00:06:42.629000,name let's run this and see what output you are getting it's Jenny's lectures,name lets run see output getting jennys lectures,0,Introduction
00:06:42.629000,00:06:42.639000,you are getting it's Jenny's lectures,getting jennys lectures,0,Introduction
00:06:42.639000,00:06:45.950000,you are getting it's Jenny's lectures without space so what's the use of doing,getting jennys lectures without space whats use,3,Transitions
00:06:45.950000,00:06:45.960000,without space so what's the use of doing,without space whats use,3,Transitions
00:06:45.960000,00:06:48.070000,without space so what's the use of doing these things because as it is this,without space whats use things,3,Transitions
00:06:48.070000,00:06:48.080000,these things because as it is this,things,0,Introduction
00:06:48.080000,00:06:50.430000,these things because as it is this unformatted name we are getting so,things unformatted name getting,1,Step-by-Step Instruction
00:06:50.430000,00:06:50.440000,unformatted name we are getting so,unformatted name getting,1,Step-by-Step Instruction
00:06:50.440000,00:06:53.029000,unformatted name we are getting so insert a space,unformatted name getting insert space,1,Step-by-Step Instruction
00:06:53.029000,00:06:53.039000,insert a space,insert space,4,Recap
00:06:53.039000,00:06:56.710000,insert a space first so how to insert we have an insert,insert space first insert insert,4,Recap
00:06:56.710000,00:06:56.720000,first so how to insert we have an insert,first insert insert,4,Recap
00:06:56.720000,00:06:58.510000,first so how to insert we have an insert function you have to use that thing,first insert insert function use thing,3,Transitions
00:06:58.510000,00:06:58.520000,function you have to use that thing,function use thing,3,Transitions
00:06:58.520000,00:07:02.150000,function you have to use that thing right we can concatenate also like plus,function use thing right concatenate also like plus,3,Transitions
00:07:02.150000,00:07:02.160000,right we can concatenate also like plus,right concatenate also like plus,6,Conclusion
00:07:02.160000,00:07:04.950000,right we can concatenate also like plus and here we can do something like this,right concatenate also like plus something like,6,Conclusion
00:07:04.950000,00:07:04.960000,and here we can do something like this,something like,0,Introduction
00:07:04.960000,00:07:08.869000,and here we can do something like this space then plus L name this will work,something like space plus l name work,1,Step-by-Step Instruction
00:07:08.869000,00:07:08.879000,space then plus L name this will work,space plus l name work,1,Step-by-Step Instruction
00:07:08.879000,00:07:12.869000,space then plus L name this will work fine let me run this and show,space plus l name work fine let run show,0,Introduction
00:07:12.869000,00:07:12.879000,fine let me run this and show,fine let run show,0,Introduction
00:07:12.879000,00:07:16.430000,fine let me run this and show you see with space you got it but no no,fine let run show see space got,0,Introduction
00:07:16.430000,00:07:16.440000,you see with space you got it but no no,see space got,0,Introduction
00:07:16.440000,00:07:18.670000,you see with space you got it but no no no you don't have to do this thing you,see space got dont thing,3,Transitions
00:07:18.670000,00:07:18.680000,no you don't have to do this thing you,dont thing,3,Transitions
00:07:18.680000,00:07:23.110000,no you don't have to do this thing you have to use insert function right,dont thing use insert function right,3,Transitions
00:07:23.110000,00:07:23.120000,have to use insert function right,use insert function right,3,Transitions
00:07:23.120000,00:07:26.550000,have to use insert function right so in formatted full name this name,use insert function right formatted full name name,1,Step-by-Step Instruction
00:07:26.550000,00:07:26.560000,so in formatted full name this name,formatted full name name,1,Step-by-Step Instruction
00:07:26.560000,00:07:29.550000,so in formatted full name this name formatted full name I want to insert,formatted full name name formatted full name want insert,1,Step-by-Step Instruction
00:07:29.550000,00:07:29.560000,formatted full name I want to insert,formatted full name want insert,1,Step-by-Step Instruction
00:07:29.560000,00:07:32.950000,formatted full name I want to insert let's call insert function at which,formatted full name want insert lets call insert function,4,Recap
00:07:32.950000,00:07:32.960000,let's call insert function at which,lets call insert function,3,Transitions
00:07:32.960000,00:07:35.390000,let's call insert function at which position you want to insert only one,lets call insert function position want insert one,4,Recap
00:07:35.390000,00:07:35.400000,position you want to insert only one,position want insert one,4,Recap
00:07:35.400000,00:07:37.990000,position you want to insert only one like a space I want to insert so first,position want insert one like space want insert first,4,Recap
00:07:37.990000,00:07:38,like a space I want to insert so first,like space want insert first,4,Recap
00:07:38,00:07:40.629000,like a space I want to insert so first you need to give the position position,like space want insert first need give position position,4,Recap
00:07:40.629000,00:07:40.639000,you need to give the position position,need give position position,0,Introduction
00:07:40.639000,00:07:44.350000,you need to give the position position where from which index from uh at which,need give position position index uh,0,Introduction
00:07:44.350000,00:07:44.360000,where from which index from uh at which,index uh,0,Introduction
00:07:44.360000,00:07:49.830000,where from which index from uh at which position so 0 1 2 3 4 5 6,index uh position 0 1 2 3 4 5 6,0,Introduction
00:07:49.830000,00:07:49.840000,position so 0 1 2 3 4 5 6,position 0 1 2 3 4 5 6,0,Introduction
00:07:49.840000,00:07:53.270000,position so 0 1 2 3 4 5 6 7 right seventh,position 0 1 2 3 4 5 6 7 right seventh,6,Conclusion
00:07:53.270000,00:07:53.280000,7 right seventh,7 right seventh,6,Conclusion
00:07:53.280000,00:07:55.869000,7 right seventh position so it will,7 right seventh position,6,Conclusion
00:07:55.869000,00:07:55.879000,position so it will,position,0,Introduction
00:07:55.879000,00:07:59.790000,position so it will insert just before this whatever,position insert whatever,4,Recap
00:07:59.790000,00:07:59.800000,insert just before this whatever,insert whatever,4,Recap
00:07:59.800000,00:08:02.029000,insert just before this whatever character at the seventh position here,insert whatever character seventh position,4,Recap
00:08:02.029000,00:08:02.039000,character at the seventh position here,character seventh position,4,Recap
00:08:02.039000,00:08:03.990000,character at the seventh position here just before that character it will,character seventh position character,4,Recap
00:08:03.990000,00:08:04,just before that character it will,character,4,Recap
00:08:04,00:08:06.550000,just before that character it will insert whatever you will insert so at,character insert whatever insert,4,Recap
00:08:06.550000,00:08:06.560000,insert whatever you will insert so at,insert whatever insert,4,Recap
00:08:06.560000,00:08:08.950000,insert whatever you will insert so at seven right now the character in this,insert whatever insert seven right character,4,Recap
00:08:08.950000,00:08:08.960000,seven right now the character in this,seven right character,6,Conclusion
00:08:08.960000,00:08:12.029000,seven right now the character in this string is L so just before this L it,seven right character string l l,6,Conclusion
00:08:12.029000,00:08:12.039000,string is L so just before this L it,string l l,5,Practical Application
00:08:12.039000,00:08:13.550000,string is L so just before this L it will,string l l,5,Practical Application
00:08:13.550000,00:08:13.560000,will,,0,Introduction
00:08:13.560000,00:08:15.790000,will insert whatever you want to insert and I,insert whatever want insert,4,Recap
00:08:15.790000,00:08:15.800000,insert whatever you want to insert and I,insert whatever want insert,4,Recap
00:08:15.800000,00:08:17.550000,insert whatever you want to insert and I want to insert only a,insert whatever want insert want insert,4,Recap
00:08:17.550000,00:08:17.560000,want to insert only a,want insert,4,Recap
00:08:17.560000,00:08:22.149000,want to insert only a space so just give a space here and,want insert space give space,4,Recap
00:08:22.149000,00:08:22.159000,space so just give a space here and,space give space,0,Introduction
00:08:22.159000,00:08:22.909000,space so just give a space here and that's,space give space thats,0,Introduction
00:08:22.909000,00:08:22.919000,that's,thats,0,Introduction
00:08:22.919000,00:08:26.390000,that's it right we can insert a complete subing,thats right insert complete subing,6,Conclusion
00:08:26.390000,00:08:26.400000,it right we can insert a complete subing,right insert complete subing,6,Conclusion
00:08:26.400000,00:08:29.510000,it right we can insert a complete subing substring also or a single character,right insert complete subing substring also single character,4,Recap
00:08:29.510000,00:08:29.520000,substring also or a single character,substring also single character,4,Recap
00:08:29.520000,00:08:32.110000,substring also or a single character like we are inserting only space here,substring also single character like inserting space,4,Recap
00:08:32.110000,00:08:32.120000,like we are inserting only space here,like inserting space,0,Introduction
00:08:32.120000,00:08:33.949000,like we are inserting only space here this insert we can use in many ways,like inserting space insert use many ways,3,Transitions
00:08:33.949000,00:08:33.959000,this insert we can use in many ways,insert use many ways,3,Transitions
00:08:33.959000,00:08:36.790000,this insert we can use in many ways multiple ways I hope you have done this,insert use many ways multiple ways hope done,2,Context Setting
00:08:36.790000,00:08:36.800000,multiple ways I hope you have done this,multiple ways hope done,2,Context Setting
00:08:36.800000,00:08:39.670000,multiple ways I hope you have done this right so please try out these,multiple ways hope done right please try,2,Context Setting
00:08:39.670000,00:08:39.680000,right so please try out these,right please try,6,Conclusion
00:08:39.680000,00:08:42.949000,right so please try out these functions now let's print this formatted,right please try functions lets print formatted,6,Conclusion
00:08:42.949000,00:08:42.959000,functions now let's print this formatted,functions lets print formatted,0,Introduction
00:08:42.959000,00:08:47.190000,functions now let's print this formatted full name and see Jenny's space lectures,functions lets print formatted full name see jennys space lectures,1,Step-by-Step Instruction
00:08:47.190000,00:08:47.200000,full name and see Jenny's space lectures,full name see jennys space lectures,1,Step-by-Step Instruction
00:08:47.200000,00:08:48.030000,full name and see Jenny's space lectures right,full name see jennys space lectures right,6,Conclusion
00:08:48.030000,00:08:48.040000,right,right,6,Conclusion
00:08:48.040000,00:08:50.630000,right sorry so I guess this was simple one but,right sorry guess simple one,6,Conclusion
00:08:50.630000,00:08:50.640000,sorry so I guess this was simple one but,sorry guess simple one,0,Introduction
00:08:50.640000,00:08:53.030000,sorry so I guess this was simple one but if you didn't get it take your time and,sorry guess simple one didnt get take time,0,Introduction
00:08:53.030000,00:08:53.040000,if you didn't get it take your time and,didnt get take time,0,Introduction
00:08:53.040000,00:08:56.150000,if you didn't get it take your time and then again watch this video try to,didnt get take time watch video try,0,Introduction
00:08:56.150000,00:08:56.160000,then again watch this video try to,watch video try,0,Introduction
00:08:56.160000,00:08:57.870000,then again watch this video try to understand what we are using try to,watch video try understand using try,0,Introduction
00:08:57.870000,00:08:57.880000,understand what we are using try to,understand using try,0,Introduction
00:08:57.880000,00:09:00.670000,understand what we are using try to understand first what is this sustr what,understand using try understand first sustr,0,Introduction
00:09:00.670000,00:09:00.680000,understand first what is this sustr what,understand first sustr,0,Introduction
00:09:00.680000,00:09:03.190000,understand first what is this sustr what is the insert how to use these things,understand first sustr insert use things,3,Transitions
00:09:03.190000,00:09:03.200000,is the insert how to use these things,insert use things,3,Transitions
00:09:03.200000,00:09:05.990000,is the insert how to use these things what does this initialization means,insert use things initialization means,3,Transitions
00:09:05.990000,00:09:06,what does this initialization means,initialization means,0,Introduction
00:09:06,00:09:07.829000,what does this initialization means right we are initializing this variable,initialization means right initializing variable,6,Conclusion
00:09:07.829000,00:09:07.839000,right we are initializing this variable,right initializing variable,6,Conclusion
00:09:07.839000,00:09:08.990000,right we are initializing this variable from another,right initializing variable another,6,Conclusion
00:09:08.990000,00:09:09,from another,another,0,Introduction
00:09:09,00:09:11.870000,from another string okay so I hope you got this,another string okay hope got,2,Context Setting
00:09:11.870000,00:09:11.880000,string okay so I hope you got this,string okay hope got,2,Context Setting
00:09:11.880000,00:09:13.790000,string okay so I hope you got this exercise uh in the next we'll see what,string okay hope got exercise uh next well see,2,Context Setting
00:09:13.790000,00:09:13.800000,exercise uh in the next we'll see what,exercise uh next well see,0,Introduction
00:09:13.800000,00:09:15.990000,exercise uh in the next we'll see what are functions in C++ so now I'll see you,exercise uh next well see functions c ill see,0,Introduction
00:09:15.990000,00:09:16,are functions in C++ so now I'll see you,functions c ill see,0,Introduction
00:09:16,00:09:17.750000,are functions in C++ so now I'll see you in the next video till then bye-bye take,functions c ill see next video till byebye take,0,Introduction
00:09:17.750000,00:09:17.760000,in the next video till then bye-bye take,next video till byebye take,0,Introduction
00:09:17.760000,00:09:20.760000,in the next video till then bye-bye take care,next video till byebye take care,0,Introduction
