Start Time,End Time,Text,Cleaned Text,Cluster,Workflow Step
00:00:01.790000,00:00:01.800000,hey everyone I hope you are safe and,hey everyone hope safe,3,Transitions
00:00:01.800000,00:00:04.710000,hey everyone I hope you are safe and doing good so in the c one C programming,hey everyone hope safe good c one c programming,3,Transitions
00:00:04.710000,00:00:04.720000,doing good so in the c one C programming,good c one c programming,3,Transitions
00:00:04.720000,00:00:06.309000,doing good so in the c one C programming language we are discussing functions in,good c one c programming language discussing functions,3,Transitions
00:00:06.309000,00:00:06.319000,language we are discussing functions in,language discussing functions,3,Transitions
00:00:06.319000,00:00:09.990000,language we are discussing functions in C uh have discuss till now you know in,language discussing functions c uh discuss till know,2,Context Setting
00:00:09.990000,00:00:10,C uh have discuss till now you know in,c uh discuss till know,2,Context Setting
00:00:10,00:00:12.070000,C uh have discuss till now you know in functions introduction to functions and,c uh discuss till know functions introduction functions,2,Context Setting
00:00:12.070000,00:00:12.080000,functions introduction to functions and,functions introduction functions,3,Transitions
00:00:12.080000,00:00:14.390000,functions introduction to functions and then have to first parameter in function,functions introduction functions first parameter function,5,Practical Application
00:00:14.390000,00:00:14.400000,then have to first parameter in function,first parameter function,5,Practical Application
00:00:14.400000,00:00:18.390000,then have to first parameter in function like value and right a small topic that,first parameter function like value right small topic,5,Practical Application
00:00:18.390000,00:00:18.400000,like value and right a small topic that,like value right small topic,3,Transitions
00:00:18.400000,00:00:20.189000,like value and right a small topic that I was about to mention in previous video,like value right small topic mention previous video,3,Transitions
00:00:20.189000,00:00:20.199000,I was about to mention in previous video,mention previous video,3,Transitions
00:00:20.199000,00:00:23.550000,I was about to mention in previous video but I forgot that is default argument,mention previous video forgot default argument,4,Recap
00:00:23.550000,00:00:23.560000,but I forgot that is default argument,forgot default argument,4,Recap
00:00:23.560000,00:00:25.109000,but I forgot that is default argument value default,forgot default argument value default,4,Recap
00:00:25.109000,00:00:25.119000,value default,value default,4,Recap
00:00:25.119000,00:00:27.310000,value default arguments right so it's a small topic,value default arguments right small topic,4,Recap
00:00:27.310000,00:00:27.320000,arguments right so it's a small topic,arguments right small topic,3,Transitions
00:00:27.320000,00:00:29.710000,arguments right so it's a small topic but yeah it's important one so this,arguments right small topic yeah important one,3,Transitions
00:00:29.710000,00:00:29.720000,but yeah it's important one so this,yeah important one,3,Transitions
00:00:29.720000,00:00:31.429000,but yeah it's important one so this thing see in this video what are default,yeah important one thing see video default,3,Transitions
00:00:31.429000,00:00:31.439000,thing see in this video what are default,thing see video default,3,Transitions
00:00:31.439000,00:00:33.630000,thing see in this video what are default arguments how to fast and when to fast,thing see video default arguments fast fast,3,Transitions
00:00:33.630000,00:00:33.640000,arguments how to fast and when to fast,arguments fast fast,3,Transitions
00:00:33.640000,00:00:36.150000,arguments how to fast and when to fast them some ADV of using default argument,arguments fast fast adv using default argument,4,Recap
00:00:36.150000,00:00:36.160000,them some ADV of using default argument,adv using default argument,4,Recap
00:00:36.160000,00:00:39.150000,them some ADV of using default argument some draws with proper example I'll show,adv using default argument draws proper example ill show,3,Transitions
00:00:39.150000,00:00:39.160000,some draws with proper example I'll show,draws proper example ill show,3,Transitions
00:00:39.160000,00:00:43.229000,some draws with proper example I'll show you right so let me just tell you just,draws proper example ill show right let tell,3,Transitions
00:00:43.229000,00:00:43.239000,you right so let me just tell you just,right let tell,3,Transitions
00:00:43.239000,00:00:44.790000,you right so let me just tell you just try to relate this with a real life,right let tell try relate real life,3,Transitions
00:00:44.790000,00:00:44.800000,try to relate this with a real life,try relate real life,3,Transitions
00:00:44.800000,00:00:48.310000,try to relate this with a real life example suppose see I generally eat two,try relate real life example suppose see generally eat two,2,Context Setting
00:00:48.310000,00:00:48.320000,example suppose see I generally eat two,example suppose see generally eat two,2,Context Setting
00:00:48.320000,00:00:50.990000,example suppose see I generally eat two chapati daily right so my mother know,example suppose see generally eat two chapati daily right mother know,2,Context Setting
00:00:50.990000,00:00:51,chapati daily right so my mother know,chapati daily right mother know,2,Context Setting
00:00:51,00:00:54.830000,chapati daily right so my mother know that I eat two chapati so she make only,chapati daily right mother know eat two chapati make,2,Context Setting
00:00:54.830000,00:00:54.840000,that I eat two chapati so she make only,eat two chapati make,2,Context Setting
00:00:54.840000,00:00:58.270000,that I eat two chapati so she make only two the for daily right by default I,eat two chapati make two daily right default,2,Context Setting
00:00:58.270000,00:00:58.280000,two the for daily right by default I,two daily right default,2,Context Setting
00:00:58.280000,00:01:00.509000,two the for daily right by default I don't need to tell her every day like,two daily right default dont need tell every day like,2,Context Setting
00:01:00.509000,00:01:00.519000,don't need to tell her every day like,dont need tell every day like,3,Transitions
00:01:00.519000,00:01:04.910000,don't need to tell her every day like I want but if someday if I'm more hungry,dont need tell every day like want someday im hungry,3,Transitions
00:01:04.910000,00:01:04.920000,I want but if someday if I'm more hungry,want someday im hungry,3,Transitions
00:01:04.920000,00:01:07.109000,I want but if someday if I'm more hungry and I want te then specifically I,want someday im hungry want te specifically,3,Transitions
00:01:07.109000,00:01:07.119000,and I want te then specifically I,want te specifically,3,Transitions
00:01:07.119000,00:01:11.429000,and I want te then specifically I mentioned that,want te specifically mentioned,3,Transitions
00:01:14.590000,00:01:14.600000,I on that,,3,Transitions
00:01:14.600000,00:01:18.749000,I on that right so on that day that default value,right day default value,4,Recap
00:01:18.749000,00:01:18.759000,right so on that day that default value,right day default value,4,Recap
00:01:18.759000,00:01:21.710000,right so on that day that default value two is overwritten by the value provided,right day default value two overwritten value provided,4,Recap
00:01:21.710000,00:01:21.720000,two is overwritten by the value provided,two overwritten value provided,2,Context Setting
00:01:21.720000,00:01:23.590000,two is overwritten by the value provided by,two overwritten value provided,2,Context Setting
00:01:23.590000,00:01:23.600000,by,,3,Transitions
00:01:23.600000,00:01:28.270000,by new right so this kind of thing so,new right kind thing,3,Transitions
00:01:28.270000,00:01:28.280000,new right so this kind of thing so,new right kind thing,3,Transitions
00:01:28.280000,00:01:30.710000,new right so this kind of thing so generally uh when we deal with these,new right kind thing generally uh deal,3,Transitions
00:01:30.710000,00:01:30.720000,generally uh when we deal with these,generally uh deal,3,Transitions
00:01:30.720000,00:01:32.950000,generally uh when we deal with these projects and programs also so generally,generally uh deal projects programs also generally,3,Transitions
00:01:32.950000,00:01:32.960000,projects and programs also so generally,projects programs also generally,3,Transitions
00:01:32.960000,00:01:35.230000,projects and programs also so generally most most of the time most of the,projects programs also generally time,3,Transitions
00:01:35.230000,00:01:35.240000,most most of the time most of the,time,3,Transitions
00:01:35.240000,00:01:38.749000,most most of the time most of the cases values for some argument are,time cases values argument,3,Transitions
00:01:38.749000,00:01:38.759000,cases values for some argument are,cases values argument,4,Recap
00:01:38.759000,00:01:40.350000,cases values for some argument are soon,cases values argument soon,3,Transitions
00:01:40.350000,00:01:40.360000,soon,soon,3,Transitions
00:01:40.360000,00:01:43.270000,soon right like maybe rate of,soon right like maybe rate,3,Transitions
00:01:43.270000,00:01:43.280000,right like maybe rate of,right like maybe rate,3,Transitions
00:01:43.280000,00:01:46.990000,right like maybe rate of interest 10% or any any,right like maybe rate interest 10,3,Transitions
00:01:46.990000,00:01:47,interest 10% or any any,interest 10,3,Transitions
00:01:47,00:01:49.270000,interest 10% or any any of most of the time supp rate of,interest 10 time supp rate,3,Transitions
00:01:49.270000,00:01:49.280000,of most of the time supp rate of,time supp rate,3,Transitions
00:01:49.280000,00:01:51.389000,of most of the time supp rate of interest is so you don't need to tell,time supp rate interest dont need tell,3,Transitions
00:01:51.389000,00:01:51.399000,interest is so you don't need to tell,interest dont need tell,3,Transitions
00:01:51.399000,00:01:54.429000,interest is so you don't need to tell every time that 10% rate of interest 10,interest dont need tell every time 10 rate interest 10,3,Transitions
00:01:54.429000,00:01:54.439000,every time that 10% rate of interest 10,every time 10 rate interest 10,3,Transitions
00:01:54.439000,00:01:56.670000,every time that 10% rate of interest 10 you just give that default in the,every time 10 rate interest 10 give default,3,Transitions
00:01:56.670000,00:01:56.680000,you just give that default in the,give default,4,Recap
00:01:56.680000,00:02:00.230000,you just give that default in the fun right or like this text when you,give default fun right like text,3,Transitions
00:02:00.230000,00:02:00.240000,fun right or like this text when you,fun right like text,3,Transitions
00:02:00.240000,00:02:04.590000,fun right or like this text when you Cate text and suppose in my company most,fun right like text cate text suppose company,3,Transitions
00:02:04.590000,00:02:04.600000,Cate text and suppose in my company most,cate text suppose company,3,Transitions
00:02:04.600000,00:02:08.070000,Cate text and suppose in my company most that having 6%,cate text suppose company 6,3,Transitions
00:02:08.070000,00:02:08.080000,that having 6%,6,3,Transitions
00:02:08.080000,00:02:12.910000,that having 6% 10% 12% so by default the text rate for,6 10 12 default text rate,3,Transitions
00:02:12.910000,00:02:12.920000,10% 12% so by default the text rate for,10 12 default text rate,3,Transitions
00:02:12.920000,00:02:15.670000,10% 12% so by default the text rate for that is 12% that in that category so,10 12 default text rate 12 category,3,Transitions
00:02:15.670000,00:02:15.680000,that is 12% that in that category so,12 category,3,Transitions
00:02:15.680000,00:02:19.229000,that is 12% that in that category so when you calculate that some for those,12 category calculate,3,Transitions
00:02:19.229000,00:02:19.239000,when you calculate that some for those,calculate,3,Transitions
00:02:19.239000,00:02:24.670000,when you calculate that some for those by default that text,calculate default text,3,Transitions
00:02:28.270000,00:02:28.280000,12 right so in those cases default,12 right cases default,3,Transitions
00:02:28.280000,00:02:30.270000,12 right so in those cases default arguments are needed you don't need to,12 right cases default arguments needed dont need,3,Transitions
00:02:30.270000,00:02:30.280000,arguments are needed you don't need to,arguments needed dont need,3,Transitions
00:02:30.280000,00:02:32.229000,arguments are needed you don't need to pass those arguments again and again,arguments needed dont need pass arguments,3,Transitions
00:02:32.229000,00:02:32.239000,pass those arguments again and again,pass arguments,3,Transitions
00:02:32.239000,00:02:35.229000,pass those arguments again and again just pass default argument but how to,pass arguments pass default argument,4,Recap
00:02:35.229000,00:02:35.239000,just pass default argument but how to,pass default argument,4,Recap
00:02:35.239000,00:02:37.589000,just pass default argument but how to pass default argument when to pass these,pass default argument pass default argument pass,4,Recap
00:02:37.589000,00:02:37.599000,pass default argument when to pass these,pass default argument pass,4,Recap
00:02:37.599000,00:02:39.710000,pass default argument when to pass these default arguments when to you know,pass default argument pass default arguments know,4,Recap
00:02:39.710000,00:02:39.720000,default arguments when to you know,default arguments know,4,Recap
00:02:39.720000,00:02:41.229000,default arguments when to you know Define these default,default arguments know define default,4,Recap
00:02:41.229000,00:02:41.239000,Define these default,define default,4,Recap
00:02:41.239000,00:02:43.470000,Define these default arguments right this thing we'll see in,define default arguments right thing well see,3,Transitions
00:02:43.470000,00:02:43.480000,arguments right this thing we'll see in,arguments right thing well see,3,Transitions
00:02:43.480000,00:02:46.030000,arguments right this thing we'll see in this video so let me just show you this,arguments right thing well see video let show,3,Transitions
00:02:46.030000,00:02:46.040000,this video so let me just show you this,video let show,3,Transitions
00:02:46.040000,00:02:49.030000,this video so let me just show you this with one example I hope you uh now know,video let show one example hope uh know,2,Context Setting
00:02:49.030000,00:02:49.040000,with one example I hope you uh now know,one example hope uh know,2,Context Setting
00:02:49.040000,00:02:50.630000,with one example I hope you uh now know the difference between argument and,one example hope uh know difference argument,2,Context Setting
00:02:50.630000,00:02:50.640000,the difference between argument and,difference argument,3,Transitions
00:02:50.640000,00:02:53.030000,the difference between argument and paramet arguments when we call a,difference argument paramet arguments call,3,Transitions
00:02:53.030000,00:02:53.040000,paramet arguments when we call a,paramet arguments call,3,Transitions
00:02:53.040000,00:02:54.710000,paramet arguments when we call a function then the actual value you pass,paramet arguments call function actual value pass,5,Practical Application
00:02:54.710000,00:02:54.720000,function then the actual value you pass,function actual value pass,5,Practical Application
00:02:54.720000,00:02:57.390000,function then the actual value you pass those are known as Al and parameters are,function actual value pass known al parameters,5,Practical Application
00:02:57.390000,00:02:57.400000,those are known as Al and parameters are,known al parameters,3,Transitions
00:02:57.400000,00:03:00.949000,those are known as Al and parameters are those variables that we take it those,known al parameters variables take,3,Transitions
00:03:00.949000,00:03:00.959000,those variables that we take it those,variables take,3,Transitions
00:03:00.959000,00:03:02.710000,those variables that we take it those function definition or in function,variables take function definition function,5,Practical Application
00:03:02.710000,00:03:02.720000,function definition or in function,function definition function,5,Practical Application
00:03:02.720000,00:03:04.869000,function definition or in function declaration at that time those variables,function definition function declaration time variables,5,Practical Application
00:03:04.869000,00:03:04.879000,declaration at that time those variables,declaration time variables,3,Transitions
00:03:04.879000,00:03:06.750000,declaration at that time those variables are known as parameters let me show you,declaration time variables known parameters let show,3,Transitions
00:03:06.750000,00:03:06.760000,are known as parameters let me show you,known parameters let show,3,Transitions
00:03:06.760000,00:03:10.270000,are known as parameters let me show you the single exam so let's cre a new file,known parameters let show single exam lets cre new file,3,Transitions
00:03:10.270000,00:03:10.280000,the single exam so let's cre a new file,single exam lets cre new file,3,Transitions
00:03:10.280000,00:03:14.509000,the single exam so let's cre a new file here so here we have let's take a simple,single exam lets cre new file lets take simple,3,Transitions
00:03:14.509000,00:03:14.519000,here so here we have let's take a simple,lets take simple,3,Transitions
00:03:14.519000,00:03:16.350000,here so here we have let's take a simple uh,lets take simple uh,3,Transitions
00:03:16.350000,00:03:16.360000,uh,uh,3,Transitions
00:03:16.360000,00:03:19.630000,uh example any example you can take see,uh example example take see,3,Transitions
00:03:19.630000,00:03:19.640000,example any example you can take see,example example take see,3,Transitions
00:03:19.640000,00:03:23.509000,example any example you can take see when I was uh working in that PJ then I,example example take see uh working pj,3,Transitions
00:03:23.509000,00:03:23.519000,when I was uh working in that PJ then I,uh working pj,3,Transitions
00:03:23.519000,00:03:25.910000,when I was uh working in that PJ then I I I used to teach civil and mechanical,uh working pj used teach civil mechanical,3,Transitions
00:03:25.910000,00:03:25.920000,I I used to teach civil and mechanical,used teach civil mechanical,3,Transitions
00:03:25.920000,00:03:29.309000,I I used to teach civil and mechanical so in my class there were you know void,used teach civil mechanical class know void,3,Transitions
00:03:29.309000,00:03:29.319000,so in my class there were you know void,class know void,2,Context Setting
00:03:29.319000,00:03:31.789000,so in my class there were you know void so tech there was only one girl and,class know void tech one girl,2,Context Setting
00:03:31.789000,00:03:31.799000,so tech there was only one girl and,tech one girl,3,Transitions
00:03:31.799000,00:03:33.990000,so tech there was only one girl and civil there was only four or five girls,tech one girl civil four five girls,3,Transitions
00:03:33.990000,00:03:34,civil there was only four or five girls,civil four five girls,3,Transitions
00:03:34,00:03:37.350000,civil there was only four or five girls so suppose if this is the case so I want,civil four five girls suppose case want,3,Transitions
00:03:37.350000,00:03:37.360000,so suppose if this is the case so I want,suppose case want,3,Transitions
00:03:37.360000,00:03:39.750000,so suppose if this is the case so I want to write the name of every student using,suppose case want write name every student using,3,Transitions
00:03:39.750000,00:03:39.760000,to write the name of every student using,write name every student using,3,Transitions
00:03:39.760000,00:03:42.390000,to write the name of every student using a function then if all are boys then,write name every student using function boys,5,Practical Application
00:03:42.390000,00:03:42.400000,a function then if all are boys then,function boys,5,Practical Application
00:03:42.400000,00:03:46.030000,a function then if all are boys then I'll pronounce like Mr Right and if,function boys ill pronounce like mr right,5,Practical Application
00:03:46.030000,00:03:46.040000,I'll pronounce like Mr Right and if,ill pronounce like mr right,0,Introduction
00:03:46.040000,00:03:48.270000,I'll pronounce like Mr Right and if there is a girl then miss so by default,ill pronounce like mr right girl miss default,0,Introduction
00:03:48.270000,00:03:48.280000,there is a girl then miss so by default,girl miss default,4,Recap
00:03:48.280000,00:03:51.149000,there is a girl then miss so by default you can pass that prefix value Mister,girl miss default pass prefix value mister,4,Recap
00:03:51.149000,00:03:51.159000,you can pass that prefix value Mister,pass prefix value mister,6,Conclusion
00:03:51.159000,00:03:53.390000,you can pass that prefix value Mister right while greeting those students let,pass prefix value mister right greeting students let,3,Transitions
00:03:53.390000,00:03:53.400000,right while greeting those students let,right greeting students let,3,Transitions
00:03:53.400000,00:03:55.350000,right while greeting those students let me show you this thing with example I,right greeting students let show thing example,3,Transitions
00:03:55.350000,00:03:55.360000,me show you this thing with example I,show thing example,3,Transitions
00:03:55.360000,00:03:57.710000,me show you this thing with example I have a function suppose,show thing example function suppose,5,Practical Application
00:03:57.710000,00:03:57.720000,have a function suppose,function suppose,5,Practical Application
00:03:57.720000,00:04:01.869000,have a function suppose greet and there we have,function suppose greet,5,Practical Application
00:04:06.910000,00:04:06.920000,you have to pass string name and I have,pass string name,6,Conclusion
00:04:06.920000,00:04:10.670000,you have to pass string name and I have string prefix means Mr message or doctor,pass string name string prefix means mr message doctor,6,Conclusion
00:04:10.670000,00:04:10.680000,string prefix means Mr message or doctor,string prefix means mr message doctor,6,Conclusion
00:04:10.680000,00:04:12.670000,string prefix means Mr message or doctor or any prefix you want to apply so,string prefix means mr message doctor prefix want apply,6,Conclusion
00:04:12.670000,00:04:12.680000,or any prefix you want to apply so,prefix want apply,6,Conclusion
00:04:12.680000,00:04:14.270000,or any prefix you want to apply so suppose two thing I have only name and,prefix want apply suppose two thing name,6,Conclusion
00:04:14.270000,00:04:14.280000,suppose two thing I have only name and,suppose two thing name,2,Context Setting
00:04:14.280000,00:04:17.550000,suppose two thing I have only name and prefix right and this is declaration so,suppose two thing name prefix right declaration,6,Conclusion
00:04:17.550000,00:04:17.560000,prefix right and this is declaration so,prefix right declaration,6,Conclusion
00:04:17.560000,00:04:19.629000,prefix right and this is declaration so you can omit this name and prefix just,prefix right declaration omit name prefix,6,Conclusion
00:04:19.629000,00:04:19.639000,you can omit this name and prefix just,omit name prefix,6,Conclusion
00:04:19.639000,00:04:21.150000,you can omit this name and prefix just provide string and string that is also,omit name prefix provide string string also,6,Conclusion
00:04:21.150000,00:04:21.160000,provide string and string that is also,provide string string also,3,Transitions
00:04:21.160000,00:04:24.590000,provide string and string that is also fine just data type right and in main,provide string string also fine data type right main,3,Transitions
00:04:24.590000,00:04:24.600000,fine just data type right and in main,fine data type right main,3,Transitions
00:04:24.600000,00:04:28.469000,fine just data type right and in main I'm calling this greet I'm just passing,fine data type right main im calling greet im passing,3,Transitions
00:04:28.469000,00:04:28.479000,I'm calling this greet I'm just passing,im calling greet im passing,3,Transitions
00:04:28.479000,00:04:32.430000,I'm calling this greet I'm just passing like any name Rahul and,im calling greet im passing like name rahul,3,Transitions
00:04:32.430000,00:04:32.440000,like any name Rahul and,like name rahul,6,Conclusion
00:04:32.440000,00:04:37.749000,like any name Rahul and uh Mr prefix is Mr Mr Rahul right and,like name rahul uh mr prefix mr mr rahul right,0,Introduction
00:04:37.749000,00:04:37.759000,uh Mr prefix is Mr Mr Rahul right and,uh mr prefix mr mr rahul right,0,Introduction
00:04:37.759000,00:04:40.830000,uh Mr prefix is Mr Mr Rahul right and then just Define it so these are,uh mr prefix mr mr rahul right define,0,Introduction
00:04:40.830000,00:04:40.840000,then just Define it so these are,define,3,Transitions
00:04:40.840000,00:04:43.350000,then just Define it so these are parameter here these Rahul Mis these are,define parameter rahul mis,1,Step-by-Step Instruction
00:04:43.350000,00:04:43.360000,parameter here these Rahul Mis these are,parameter rahul mis,1,Step-by-Step Instruction
00:04:43.360000,00:04:45.590000,parameter here these Rahul Mis these are arguments and in definition or in,parameter rahul mis arguments definition,1,Step-by-Step Instruction
00:04:45.590000,00:04:45.600000,arguments and in definition or in,arguments definition,3,Transitions
00:04:45.600000,00:04:48.790000,arguments and in definition or in declaration I'm taking name prefix name,arguments definition declaration im taking name prefix name,6,Conclusion
00:04:48.790000,00:04:48.800000,declaration I'm taking name prefix name,declaration im taking name prefix name,6,Conclusion
00:04:48.800000,00:04:50.909000,declaration I'm taking name prefix name prefix these are variable sorry these,declaration im taking name prefix name prefix variable sorry,6,Conclusion
00:04:50.909000,00:04:50.919000,prefix these are variable sorry these,prefix variable sorry,6,Conclusion
00:04:50.919000,00:04:52.749000,prefix these are variable sorry these are these variables these are known as,prefix variable sorry variables known,6,Conclusion
00:04:52.749000,00:04:52.759000,are these variables these are known as,variables known,3,Transitions
00:04:52.759000,00:04:55.230000,are these variables these are known as parameters right or formal formal,variables known parameters right formal formal,3,Transitions
00:04:55.230000,00:04:55.240000,parameters right or formal formal,parameters right formal formal,3,Transitions
00:04:55.240000,00:04:56.830000,parameters right or formal formal parameters and these are known as Rahul,parameters right formal formal parameters known rahul,3,Transitions
00:04:56.830000,00:04:56.840000,parameters and these are known as Rahul,parameters known rahul,3,Transitions
00:04:56.840000,00:04:59.230000,parameters and these are known as Rahul M these are known as arguments or actual,parameters known rahul known arguments actual,3,Transitions
00:04:59.230000,00:04:59.240000,M these are known as arguments or actual,known arguments actual,3,Transitions
00:04:59.240000,00:05:00.310000,M these are known as arguments or actual parameters,known arguments actual parameters,3,Transitions
00:05:00.310000,00:05:00.320000,parameters,parameters,3,Transitions
00:05:00.320000,00:05:04.590000,parameters right so I'm just printing C out like,parameters right im printing c like,3,Transitions
00:05:04.590000,00:05:04.600000,right so I'm just printing C out like,right im printing c like,3,Transitions
00:05:04.600000,00:05:06.510000,right so I'm just printing C out like high,right im printing c like high,3,Transitions
00:05:06.510000,00:05:06.520000,high,high,3,Transitions
00:05:06.520000,00:05:10.670000,high and whatever the,high whatever,3,Transitions
00:05:10.670000,00:05:10.680000,and whatever the,whatever,3,Transitions
00:05:10.680000,00:05:13.950000,and whatever the prefix right and then name so either we,whatever prefix right name either,6,Conclusion
00:05:13.950000,00:05:13.960000,prefix right and then name so either we,prefix right name either,6,Conclusion
00:05:13.960000,00:05:17.189000,prefix right and then name so either we can use this only and name or we can,prefix right name either use name,6,Conclusion
00:05:17.189000,00:05:17.199000,can use this only and name or we can,use name,6,Conclusion
00:05:17.199000,00:05:20.270000,can use this only and name or we can concatenate this concatenate with one,use name concatenate concatenate one,3,Transitions
00:05:20.270000,00:05:20.280000,concatenate this concatenate with one,concatenate concatenate one,3,Transitions
00:05:20.280000,00:05:22.029000,concatenate this concatenate with one space and,concatenate concatenate one space,3,Transitions
00:05:22.029000,00:05:22.039000,space and,space,3,Transitions
00:05:22.039000,00:05:24.749000,space and concatenate plus,space concatenate plus,3,Transitions
00:05:24.749000,00:05:24.759000,concatenate plus,concatenate plus,3,Transitions
00:05:24.759000,00:05:28.670000,concatenate plus name right this way is also fine if,concatenate plus name right way also fine,3,Transitions
00:05:28.670000,00:05:28.680000,name right this way is also fine if,name right way also fine,3,Transitions
00:05:28.680000,00:05:30.189000,name right this way is also fine if you're using like class,name right way also fine youre using like class,3,Transitions
00:05:30.189000,00:05:30.199000,you're using like class,youre using like class,3,Transitions
00:05:30.199000,00:05:32.029000,you're using like class the string so better to,youre using like class string better,3,Transitions
00:05:32.029000,00:05:32.039000,the string so better to,string better,3,Transitions
00:05:32.039000,00:05:35.550000,the string so better to include specifically that string,string better include specifically string,3,Transitions
00:05:35.550000,00:05:35.560000,include specifically that string,include specifically string,3,Transitions
00:05:35.560000,00:05:38.990000,include specifically that string head it's always a good to use string H,include specifically string head always good use string h,3,Transitions
00:05:38.990000,00:05:39,head it's always a good to use string H,head always good use string h,3,Transitions
00:05:39,00:05:42.950000,head it's always a good to use string H file if you're using St right now this,head always good use string h file youre using st right,3,Transitions
00:05:42.950000,00:05:42.960000,file if you're using St right now this,file youre using st right,3,Transitions
00:05:42.960000,00:05:46.070000,file if you're using St right now this in this main after successful completion,file youre using st right main successful completion,3,Transitions
00:05:46.070000,00:05:46.080000,in this main after successful completion,main successful completion,3,Transitions
00:05:46.080000,00:05:48.070000,in this main after successful completion it will return zero and this GD is,main successful completion return zero gd,3,Transitions
00:05:48.070000,00:05:48.080000,it will return zero and this GD is,return zero gd,3,Transitions
00:05:48.080000,00:05:51.029000,it will return zero and this GD is returning nothing so the DAT type is,return zero gd returning nothing dat type,3,Transitions
00:05:51.029000,00:05:51.039000,returning nothing so the DAT type is,returning nothing dat type,3,Transitions
00:05:51.039000,00:05:54.510000,returning nothing so the DAT type is return type is vo right let's R this,returning nothing dat type return type vo right lets r,3,Transitions
00:05:54.510000,00:05:54.520000,return type is vo right let's R this,return type vo right lets r,3,Transitions
00:05:54.520000,00:05:56.550000,return type is vo right let's R this here we are not using any default value,return type vo right lets r using default value,4,Recap
00:05:56.550000,00:05:56.560000,here we are not using any default value,using default value,4,Recap
00:05:56.560000,00:05:58.550000,here we are not using any default value we are providing both the values Rahul,using default value providing values rahul,4,Recap
00:05:58.550000,00:05:58.560000,we are providing both the values Rahul,providing values rahul,3,Transitions
00:05:58.560000,00:06:04.070000,we are providing both the values Rahul mister and all,providing values rahul mister,3,Transitions
00:06:13.790000,00:06:13.800000,this so see hi Mr Rahul let me just,see hi mr rahul let,0,Introduction
00:06:13.800000,00:06:16.950000,this so see hi Mr Rahul let me just decorate it a little bit with the space,see hi mr rahul let decorate little bit space,0,Introduction
00:06:16.950000,00:06:16.960000,decorate it a little bit with the space,decorate little bit space,3,Transitions
00:06:16.960000,00:06:21.230000,decorate it a little bit with the space right so now if in my class I have 60,decorate little bit space right class 60,3,Transitions
00:06:21.230000,00:06:21.240000,right so now if in my class I have 60,right class 60,3,Transitions
00:06:21.240000,00:06:23.230000,right so now if in my class I have 60 students and all are 59 are boys and,right class 60 students 59 boys,3,Transitions
00:06:23.230000,00:06:23.240000,students and all are 59 are boys and,students 59 boys,3,Transitions
00:06:23.240000,00:06:25.909000,students and all are 59 are boys and only one is girl so rather than passing,students 59 boys one girl rather passing,3,Transitions
00:06:25.909000,00:06:25.919000,only one is girl so rather than passing,one girl rather passing,3,Transitions
00:06:25.919000,00:06:30.150000,only one is girl so rather than passing every time Mr here suppose I pass uh I,one girl rather passing every time mr suppose pass uh,3,Transitions
00:06:30.150000,00:06:30.160000,every time Mr here suppose I pass uh I,every time mr suppose pass uh,0,Introduction
00:06:30.160000,00:06:32.950000,every time Mr here suppose I pass uh I call this function again like another,every time mr suppose pass uh call function like another,5,Practical Application
00:06:32.950000,00:06:32.960000,call this function again like another,call function like another,5,Practical Application
00:06:32.960000,00:06:37.749000,call this function again like another student bod and name is bod and Mister,call function like another student bod name bod mister,3,Transitions
00:06:37.749000,00:06:37.759000,student bod and name is bod and Mister,student bod name bod mister,3,Transitions
00:06:37.759000,00:06:41.390000,student bod and name is bod and Mister so same let's run this and see Mr Rahul,student bod name bod mister lets run see mr rahul,0,Introduction
00:06:41.390000,00:06:41.400000,so same let's run this and see Mr Rahul,lets run see mr rahul,0,Introduction
00:06:41.400000,00:06:43.430000,so same let's run this and see Mr Rahul Mr B so every time you are passing Mr,lets run see mr rahul mr b every time passing mr,0,Introduction
00:06:43.430000,00:06:43.440000,Mr B so every time you are passing Mr,mr b every time passing mr,0,Introduction
00:06:43.440000,00:06:46.430000,Mr B so every time you are passing Mr right so in most of the,mr b every time passing mr right,0,Introduction
00:06:46.430000,00:06:46.440000,right so in most of the,right,3,Transitions
00:06:46.440000,00:06:49.830000,right so in most of the cases this argument value would be Mr Mr,right cases argument value would mr mr,0,Introduction
00:06:49.830000,00:06:49.840000,cases this argument value would be Mr Mr,cases argument value would mr mr,0,Introduction
00:06:49.840000,00:06:52.270000,cases this argument value would be Mr Mr Mister so rather than repeating this,cases argument value would mr mr mister rather repeating,0,Introduction
00:06:52.270000,00:06:52.280000,Mister so rather than repeating this,mister rather repeating,3,Transitions
00:06:52.280000,00:06:53.830000,Mister so rather than repeating this again and again just pass it as a,mister rather repeating pass,3,Transitions
00:06:53.830000,00:06:53.840000,again and again just pass it as a,pass,3,Transitions
00:06:53.840000,00:06:56.589000,again and again just pass it as a default value now where to write this as,pass default value write,4,Recap
00:06:56.589000,00:06:56.599000,default value now where to write this as,default value write,4,Recap
00:06:56.599000,00:06:58.589000,default value now where to write this as a default value either in declaration or,default value write default value either declaration,4,Recap
00:06:58.589000,00:06:58.599000,a default value either in declaration or,default value either declaration,4,Recap
00:06:58.599000,00:07:01.029000,a default value either in declaration or definition but but it's always a good,default value either declaration definition always good,4,Recap
00:07:01.029000,00:07:01.039000,definition but but it's always a good,definition always good,3,Transitions
00:07:01.039000,00:07:03.350000,definition but but it's always a good practice to write to provide default,definition always good practice write provide default,3,Transitions
00:07:03.350000,00:07:03.360000,practice to write to provide default,practice write provide default,4,Recap
00:07:03.360000,00:07:05.390000,practice to write to provide default values default argument values in,practice write provide default values default argument values,4,Recap
00:07:05.390000,00:07:05.400000,values default argument values in,values default argument values,4,Recap
00:07:05.400000,00:07:07.070000,values default argument values in declaration or prototype not in,values default argument values declaration prototype,4,Recap
00:07:07.070000,00:07:07.080000,declaration or prototype not in,declaration prototype,3,Transitions
00:07:07.080000,00:07:09.350000,declaration or prototype not in definition right you can provide it in,declaration prototype definition right provide,3,Transitions
00:07:09.350000,00:07:09.360000,definition right you can provide it in,definition right provide,3,Transitions
00:07:09.360000,00:07:12.150000,definition right you can provide it in definition right but in that case if,definition right provide definition right case,3,Transitions
00:07:12.150000,00:07:12.160000,definition right but in that case if,definition right case,3,Transitions
00:07:12.160000,00:07:14.189000,definition right but in that case if you're providing default value in this,definition right case youre providing default value,4,Recap
00:07:14.189000,00:07:14.199000,you're providing default value in this,youre providing default value,4,Recap
00:07:14.199000,00:07:15.869000,you're providing default value in this function definition then function,youre providing default value function definition function,5,Practical Application
00:07:15.869000,00:07:15.879000,function definition then function,function definition function,5,Practical Application
00:07:15.879000,00:07:19.350000,function definition then function definition must be before function,function definition function definition must function,5,Practical Application
00:07:19.350000,00:07:19.360000,definition must be before function,definition must function,5,Practical Application
00:07:19.360000,00:07:22.469000,definition must be before function calling right it's always a good,definition must function calling right always good,5,Practical Application
00:07:22.469000,00:07:22.479000,calling right it's always a good,calling right always good,3,Transitions
00:07:22.479000,00:07:24.990000,calling right it's always a good practice to I'll recommend to use this,calling right always good practice ill recommend use,3,Transitions
00:07:24.990000,00:07:25,practice to I'll recommend to use this,practice ill recommend use,3,Transitions
00:07:25,00:07:27.589000,practice to I'll recommend to use this thing default values to provide default,practice ill recommend use thing default values provide default,4,Recap
00:07:27.589000,00:07:27.599000,thing default values to provide default,thing default values provide default,4,Recap
00:07:27.599000,00:07:29.830000,thing default values to provide default values in function prototypes so,thing default values provide default values function prototypes,4,Recap
00:07:29.830000,00:07:29.840000,values in function prototypes so,values function prototypes,5,Practical Application
00:07:29.840000,00:07:32.110000,values in function prototypes so function this string,values function prototypes function string,5,Practical Application
00:07:32.110000,00:07:32.120000,function this string,function string,5,Practical Application
00:07:32.120000,00:07:34.830000,function this string prefix default value for this I am going,function string prefix default value going,5,Practical Application
00:07:34.830000,00:07:34.840000,prefix default value for this I am going,prefix default value going,4,Recap
00:07:34.840000,00:07:38.469000,prefix default value for this I am going to provide is equal to always,prefix default value going provide equal always,4,Recap
00:07:38.469000,00:07:38.479000,to provide is equal to always,provide equal always,3,Transitions
00:07:38.479000,00:07:41.710000,to provide is equal to always m not always most of the time M because,provide equal always always time,3,Transitions
00:07:41.710000,00:07:41.720000,m not always most of the time M because,always time,3,Transitions
00:07:41.720000,00:07:43.510000,m not always most of the time M because I have one girl in my class so for that,always time one girl class,3,Transitions
00:07:43.510000,00:07:43.520000,I have one girl in my class so for that,one girl class,3,Transitions
00:07:43.520000,00:07:47.550000,I have one girl in my class so for that I'll you know use a miss right so here,one girl class ill know use miss right,2,Context Setting
00:07:47.550000,00:07:47.560000,I'll you know use a miss right so here,ill know use miss right,2,Context Setting
00:07:47.560000,00:07:50.270000,I'll you know use a miss right so here no need to provide this,ill know use miss right need provide,2,Context Setting
00:07:50.270000,00:07:50.280000,no need to provide this,need provide,3,Transitions
00:07:50.280000,00:07:53.189000,no need to provide this argument value for this,need provide argument value,4,Recap
00:07:53.189000,00:07:53.199000,argument value for this,argument value,4,Recap
00:07:53.199000,00:07:55.990000,argument value for this argument let's run this and see what,argument value argument lets run see,4,Recap
00:07:55.990000,00:07:56,argument let's run this and see what,argument lets run see,0,Introduction
00:07:56,00:08:00.070000,argument let's run this and see what output you same hi Mr Rahul hi Mr,argument lets run see output hi mr rahul hi mr,0,Introduction
00:08:00.070000,00:08:00.080000,output you same hi Mr Rahul hi Mr,output hi mr rahul hi mr,0,Introduction
00:08:00.080000,00:08:04.029000,output you same hi Mr Rahul hi Mr mode so we this is default,output hi mr rahul hi mr mode default,0,Introduction
00:08:04.029000,00:08:04.039000,mode so we this is default,mode default,4,Recap
00:08:04.039000,00:08:07.029000,mode so we this is default argument so default argument is a value,mode default argument default argument value,4,Recap
00:08:07.029000,00:08:07.039000,argument so default argument is a value,argument default argument value,4,Recap
00:08:07.039000,00:08:09.629000,argument so default argument is a value automatically assigned by the compiler,argument default argument value automatically assigned compiler,4,Recap
00:08:09.629000,00:08:09.639000,automatically assigned by the compiler,automatically assigned compiler,3,Transitions
00:08:09.639000,00:08:12.430000,automatically assigned by the compiler if while calling the function you don't,automatically assigned compiler calling function dont,5,Practical Application
00:08:12.430000,00:08:12.440000,if while calling the function you don't,calling function dont,5,Practical Application
00:08:12.440000,00:08:15.869000,if while calling the function you don't provide any value for that argument for,calling function dont provide value argument,5,Practical Application
00:08:15.869000,00:08:15.879000,provide any value for that argument for,provide value argument,4,Recap
00:08:15.879000,00:08:18.909000,provide any value for that argument for this we are not providing any value so,provide value argument providing value,4,Recap
00:08:18.909000,00:08:18.919000,this we are not providing any value so,providing value,4,Recap
00:08:18.919000,00:08:21.110000,this we are not providing any value so it will take automatically assign this,providing value take automatically assign,4,Recap
00:08:21.110000,00:08:21.120000,it will take automatically assign this,take automatically assign,3,Transitions
00:08:21.120000,00:08:24.830000,it will take automatically assign this value to that argument right so this is,take automatically assign value argument right,4,Recap
00:08:24.830000,00:08:24.840000,value to that argument right so this is,value argument right,4,Recap
00:08:24.840000,00:08:26.869000,value to that argument right so this is default argument value I hope you got,value argument right default argument value hope got,4,Recap
00:08:26.869000,00:08:26.879000,default argument value I hope you got,default argument value hope got,4,Recap
00:08:26.879000,00:08:30.070000,default argument value I hope you got this but there are some rules,default argument value hope got rules,4,Recap
00:08:30.070000,00:08:30.080000,this but there are some rules,rules,3,Transitions
00:08:30.080000,00:08:32.509000,this but there are some rules see default if suppose suffix also you,rules see default suppose suffix also,6,Conclusion
00:08:32.509000,00:08:32.519000,see default if suppose suffix also you,see default suppose suffix also,6,Conclusion
00:08:32.519000,00:08:38.230000,see default if suppose suffix also you want to use so if I write something like,see default suppose suffix also want use write something like,6,Conclusion
00:08:38.230000,00:08:38.240000,want to use so if I write something like,want use write something like,3,Transitions
00:08:38.240000,00:08:41.670000,want to use so if I write something like this suffix and suffix would all be,want use write something like suffix suffix would,6,Conclusion
00:08:41.670000,00:08:41.680000,this suffix and suffix would all be,suffix suffix would,6,Conclusion
00:08:41.680000,00:08:43.550000,this suffix and suffix would all be different every time like surname of,suffix suffix would different every time like surname,6,Conclusion
00:08:43.550000,00:08:43.560000,different every time like surname of,different every time like surname,3,Transitions
00:08:43.560000,00:08:45.310000,different every time like surname of each student is different most of the,different every time like surname student different,3,Transitions
00:08:45.310000,00:08:45.320000,each student is different most of the,student different,3,Transitions
00:08:45.320000,00:08:47.430000,each student is different most of the student so I cannot provide a default,student different student provide default,3,Transitions
00:08:47.430000,00:08:47.440000,student so I cannot provide a default,student provide default,4,Recap
00:08:47.440000,00:08:51.230000,student so I cannot provide a default value so what do you think will it work,student provide default value think work,4,Recap
00:08:51.230000,00:08:51.240000,value so what do you think will it work,value think work,4,Recap
00:08:51.240000,00:08:53.550000,value so what do you think will it work suppose you think this Rahul it will,value think work suppose think rahul,3,Transitions
00:08:53.550000,00:08:53.560000,suppose you think this Rahul it will,suppose think rahul,3,Transitions
00:08:53.560000,00:08:55.630000,suppose you think this Rahul it will take Mr for prefix and just provide,suppose think rahul take mr prefix provide,6,Conclusion
00:08:55.630000,00:08:55.640000,take Mr for prefix and just provide,take mr prefix provide,6,Conclusion
00:08:55.640000,00:09:00.949000,take Mr for prefix and just provide suffix for Zo right but this time give,take mr prefix provide suffix zo right time give,6,Conclusion
00:09:00.949000,00:09:00.959000,suffix for Zo right but this time give,suffix zo right time give,6,Conclusion
00:09:00.959000,00:09:03.750000,suffix for Zo right but this time give see more than one instance of overloaded,suffix zo right time give see one instance overloaded,6,Conclusion
00:09:03.750000,00:09:03.760000,see more than one instance of overloaded,see one instance overloaded,3,Transitions
00:09:03.760000,00:09:08.110000,see more than one instance of overloaded function we why so because while you're,see one instance overloaded function youre,5,Practical Application
00:09:08.110000,00:09:08.120000,function we why so because while you're,function youre,5,Practical Application
00:09:08.120000,00:09:10.790000,function we why so because while you're calling this function whatever you will,function youre calling function whatever,5,Practical Application
00:09:10.790000,00:09:10.800000,calling this function whatever you will,calling function whatever,5,Practical Application
00:09:10.800000,00:09:13.710000,calling this function whatever you will pass those would be those values would,calling function whatever pass would values would,5,Practical Application
00:09:13.710000,00:09:13.720000,pass those would be those values would,pass would values would,3,Transitions
00:09:13.720000,00:09:15.190000,pass those would be those values would be assigned to the parameters from left,pass would values would assigned parameters left,3,Transitions
00:09:15.190000,00:09:15.200000,be assigned to the parameters from left,assigned parameters left,3,Transitions
00:09:15.200000,00:09:21.150000,be assigned to the parameters from left to right so in name in name Rahul would,assigned parameters left right name name rahul would,6,Conclusion
00:09:21.150000,00:09:21.160000,to right so in name in name Rahul would,right name name rahul would,6,Conclusion
00:09:21.160000,00:09:25.350000,to right so in name in name Rahul would be a sign this Roy would be assign to,right name name rahul would sign roy would assign,6,Conclusion
00:09:25.350000,00:09:25.360000,be a sign this Roy would be assign to,sign roy would assign,3,Transitions
00:09:25.360000,00:09:26.910000,be a sign this Roy would be assign to prefix,sign roy would assign prefix,6,Conclusion
00:09:26.910000,00:09:26.920000,prefix,prefix,6,Conclusion
00:09:26.920000,00:09:30.910000,prefix right but we have one four that is,prefix right one four,6,Conclusion
00:09:30.910000,00:09:30.920000,right but we have one four that is,right one four,3,Transitions
00:09:30.920000,00:09:33.150000,right but we have one four that is suffix so,right one four suffix,6,Conclusion
00:09:33.150000,00:09:33.160000,suffix so,suffix,6,Conclusion
00:09:33.160000,00:09:36.269000,suffix so let's in definition also you have to,suffix lets definition also,6,Conclusion
00:09:36.269000,00:09:36.279000,let's in definition also you have to,lets definition also,3,Transitions
00:09:36.279000,00:09:43.910000,let's in definition also you have to change it suff after name just,lets definition also change suff name,6,Conclusion
00:09:46.949000,00:09:46.959000,plus with space and,plus space,3,Transitions
00:09:46.959000,00:09:51.389000,plus with space and plus what suffix will give that will be,plus space plus suffix give,6,Conclusion
00:09:51.389000,00:09:51.399000,plus what suffix will give that will be,plus suffix give,6,Conclusion
00:09:51.399000,00:09:53.670000,plus what suffix will give that will be printed,plus suffix give printed,6,Conclusion
00:09:53.670000,00:09:53.680000,printed,printed,3,Transitions
00:09:53.680000,00:09:55.190000,printed oftr,printed oftr,3,Transitions
00:09:55.190000,00:09:55.200000,oftr,oftr,3,Transitions
00:09:55.200000,00:09:57.750000,oftr see default argument missing for,oftr see default argument missing,4,Recap
00:09:57.750000,00:09:57.760000,see default argument missing for,see default argument missing,4,Recap
00:09:57.760000,00:10:01.710000,see default argument missing for parameter three for parameter,see default argument missing parameter three parameter,1,Step-by-Step Instruction
00:10:01.710000,00:10:01.720000,parameter three for parameter,parameter three parameter,1,Step-by-Step Instruction
00:10:01.720000,00:10:04.630000,parameter three for parameter three default argument is missing,parameter three parameter three default argument missing,1,Step-by-Step Instruction
00:10:04.630000,00:10:04.640000,three default argument is missing,three default argument missing,4,Recap
00:10:04.640000,00:10:08.150000,three default argument is missing because in this case this Rahul would be,three default argument missing case rahul would,4,Recap
00:10:08.150000,00:10:08.160000,because in this case this Rahul would be,case rahul would,3,Transitions
00:10:08.160000,00:10:10.550000,because in this case this Rahul would be assigned to this name this Roy would be,case rahul would assigned name roy would,6,Conclusion
00:10:10.550000,00:10:10.560000,assigned to this name this Roy would be,assigned name roy would,6,Conclusion
00:10:10.560000,00:10:12.310000,assigned to this name this Roy would be assigned to this prefix now it is,assigned name roy would assigned prefix,6,Conclusion
00:10:12.310000,00:10:12.320000,assigned to this prefix now it is,assigned prefix,6,Conclusion
00:10:12.320000,00:10:14.150000,assigned to this prefix now it is expecting one more parameter one more,assigned prefix expecting one parameter one,1,Step-by-Step Instruction
00:10:14.150000,00:10:14.160000,expecting one more parameter one more,expecting one parameter one,1,Step-by-Step Instruction
00:10:14.160000,00:10:15.430000,expecting one more parameter one more argument for suffix and you have,expecting one parameter one argument suffix,1,Step-by-Step Instruction
00:10:15.430000,00:10:15.440000,argument for suffix and you have,argument suffix,6,Conclusion
00:10:15.440000,00:10:17.150000,argument for suffix and you have providing only,argument suffix providing,6,Conclusion
00:10:17.150000,00:10:17.160000,providing only,providing,3,Transitions
00:10:17.160000,00:10:21.069000,providing only two right so these values would be,providing two right values would,2,Context Setting
00:10:21.069000,00:10:21.079000,two right so these values would be,two right values would,2,Context Setting
00:10:21.079000,00:10:22.710000,two right so these values would be assigned from left to right so you,two right values would assigned left right,2,Context Setting
00:10:22.710000,00:10:22.720000,assigned from left to right so you,assigned left right,3,Transitions
00:10:22.720000,00:10:25.470000,assigned from left to right so you cannot leave it like this default,assigned left right leave like default,3,Transitions
00:10:25.470000,00:10:25.480000,cannot leave it like this default,leave like default,4,Recap
00:10:25.480000,00:10:27.990000,cannot leave it like this default argument should always be at the,leave like default argument always,4,Recap
00:10:27.990000,00:10:28,argument should always be at the,argument always,4,Recap
00:10:28,00:10:31.230000,argument should always be at the end right if you want any default,argument always end right want default,4,Recap
00:10:31.230000,00:10:31.240000,end right if you want any default,end right want default,3,Transitions
00:10:31.240000,00:10:33.990000,end right if you want any default arguments then that will be in the end,end right want default arguments end,3,Transitions
00:10:33.990000,00:10:34,arguments then that will be in the end,arguments end,3,Transitions
00:10:34,00:10:35.430000,arguments then that will be in the end if you have provided here default,arguments end provided default,4,Recap
00:10:35.430000,00:10:35.440000,if you have provided here default,provided default,4,Recap
00:10:35.440000,00:10:38.509000,if you have provided here default argument then after that all the,provided default argument,4,Recap
00:10:38.509000,00:10:38.519000,argument then after that all the,argument,4,Recap
00:10:38.519000,00:10:40.350000,argument then after that all the argument or all the parameter you write,argument argument parameter write,1,Step-by-Step Instruction
00:10:40.350000,00:10:40.360000,argument or all the parameter you write,argument parameter write,1,Step-by-Step Instruction
00:10:40.360000,00:10:44.030000,argument or all the parameter you write here that must be default you cannot,argument parameter write must default,1,Step-by-Step Instruction
00:10:44.030000,00:10:44.040000,here that must be default you cannot,must default,4,Recap
00:10:44.040000,00:10:46.670000,here that must be default you cannot take any this argument positional,must default take argument positional,4,Recap
00:10:46.670000,00:10:46.680000,take any this argument positional,take argument positional,3,Transitions
00:10:46.680000,00:10:48.470000,take any this argument positional argument here,take argument positional argument,4,Recap
00:10:48.470000,00:10:48.480000,argument here,argument,4,Recap
00:10:48.480000,00:10:51.870000,argument here right so for this you can fix this ofix,argument right fix ofix,3,Transitions
00:10:51.870000,00:10:51.880000,right so for this you can fix this ofix,right fix ofix,3,Transitions
00:10:51.880000,00:10:54.870000,right so for this you can fix this ofix is equal to just provide a space so for,right fix ofix equal provide space,3,Transitions
00:10:54.870000,00:10:54.880000,is equal to just provide a space so for,equal provide space,3,Transitions
00:10:54.880000,00:10:58.629000,is equal to just provide a space so for default it's space right now it will run,equal provide space default space right run,3,Transitions
00:10:58.629000,00:10:58.639000,default it's space right now it will run,default space right run,3,Transitions
00:10:58.639000,00:10:59.829000,default it's space right now it will run same thing,default space right run thing,3,Transitions
00:10:59.829000,00:10:59.839000,same thing,thing,3,Transitions
00:10:59.839000,00:11:03.710000,same thing but it will give now hi Roy Rahul see,thing give hi roy rahul see,0,Introduction
00:11:03.710000,00:11:03.720000,but it will give now hi Roy Rahul see,give hi roy rahul see,0,Introduction
00:11:03.720000,00:11:07.430000,but it will give now hi Roy Rahul see and Mr Bol why Roy Rahul,give hi roy rahul see mr bol roy rahul,0,Introduction
00:11:07.430000,00:11:07.440000,and Mr Bol why Roy Rahul,mr bol roy rahul,0,Introduction
00:11:07.440000,00:11:10.030000,and Mr Bol why Roy Rahul because I am just printing High then,mr bol roy rahul printing high,0,Introduction
00:11:10.030000,00:11:10.040000,because I am just printing High then,printing high,3,Transitions
00:11:10.040000,00:11:13.030000,because I am just printing High then prefix and in this case prefix is Roy,printing high prefix case prefix roy,6,Conclusion
00:11:13.030000,00:11:13.040000,prefix and in this case prefix is Roy,prefix case prefix roy,6,Conclusion
00:11:13.040000,00:11:16.350000,prefix and in this case prefix is Roy Roy and name is Rahul right and no suff,prefix case prefix roy roy name rahul right suff,6,Conclusion
00:11:16.350000,00:11:16.360000,Roy and name is Rahul right and no suff,roy name rahul right suff,6,Conclusion
00:11:16.360000,00:11:20.910000,Roy and name is Rahul right and no suff suffix is like space on and if I call,roy name rahul right suff suffix like space call,6,Conclusion
00:11:20.910000,00:11:20.920000,suffix is like space on and if I call,suffix like space call,6,Conclusion
00:11:20.920000,00:11:23.790000,suffix is like space on and if I call this for like greet and I think the name,suffix like space call like greet think name,6,Conclusion
00:11:23.790000,00:11:23.800000,this for like greet and I think the name,like greet think name,6,Conclusion
00:11:23.800000,00:11:27.790000,this for like greet and I think the name of that girl was shrishti and now prefix,like greet think name girl shrishti prefix,6,Conclusion
00:11:27.790000,00:11:27.800000,of that girl was shrishti and now prefix,girl shrishti prefix,6,Conclusion
00:11:27.800000,00:11:33.150000,of that girl was shrishti and now prefix is Miss,girl shrishti prefix miss,6,Conclusion
00:11:37.110000,00:11:37.120000,right and suffix also suppose I'll,right suffix also suppose ill,6,Conclusion
00:11:37.120000,00:11:40.230000,right and suffix also suppose I'll give I don't know her surname so let's,right suffix also suppose ill give dont know surname lets,6,Conclusion
00:11:40.230000,00:11:40.240000,give I don't know her surname so let's,give dont know surname lets,3,Transitions
00:11:40.240000,00:11:42.310000,give I don't know her surname so let's use Kumari,give dont know surname lets use kumari,3,Transitions
00:11:42.310000,00:11:42.320000,use Kumari,use kumari,3,Transitions
00:11:42.320000,00:11:45.350000,use Kumari here,use kumari,3,Transitions
00:11:48.150000,00:11:48.160000,okay let's run this and,okay lets run,0,Introduction
00:11:48.160000,00:11:53.870000,okay let's run this and see hi Miss sishi Kumari Mr binod hi Roy,okay lets run see hi miss sishi kumari mr binod hi roy,0,Introduction
00:11:53.870000,00:11:53.880000,see hi Miss sishi Kumari Mr binod hi Roy,see hi miss sishi kumari mr binod hi roy,0,Introduction
00:11:53.880000,00:11:58.069000,see hi Miss sishi Kumari Mr binod hi Roy Rahul so let's delete this right so,see hi miss sishi kumari mr binod hi roy rahul lets delete right,0,Introduction
00:11:58.069000,00:11:58.079000,Rahul so let's delete this right so,rahul lets delete right,0,Introduction
00:11:58.079000,00:11:59.710000,Rahul so let's delete this right so these values default Val Val are,rahul lets delete right values default val val,3,Transitions
00:11:59.710000,00:11:59.720000,these values default Val Val are,values default val val,3,Transitions
00:11:59.720000,00:12:02.750000,these values default Val Val are overwritten here right this rather than,values default val val overwritten right rather,3,Transitions
00:12:02.750000,00:12:02.760000,overwritten here right this rather than,overwritten right rather,3,Transitions
00:12:02.760000,00:12:05.790000,overwritten here right this rather than this mis now for this function called,overwritten right rather mis function called,5,Practical Application
00:12:05.790000,00:12:05.800000,this mis now for this function called,mis function called,5,Practical Application
00:12:05.800000,00:12:08.110000,this mis now for this function called prefixes Miss right so these are not,mis function called prefixes miss right,5,Practical Application
00:12:08.110000,00:12:08.120000,prefixes Miss right so these are not,prefixes miss right,3,Transitions
00:12:08.120000,00:12:09.990000,prefixes Miss right so these are not constant argument because the values can,prefixes miss right constant argument values,3,Transitions
00:12:09.990000,00:12:10,constant argument because the values can,constant argument values,4,Recap
00:12:10,00:12:11.509000,constant argument because the values can be changed the values can be overwritten,constant argument values changed values overwritten,3,Transitions
00:12:11.509000,00:12:11.519000,be changed the values can be overwritten,changed values overwritten,3,Transitions
00:12:11.519000,00:12:13.069000,be changed the values can be overwritten if you provide your specific value then,changed values overwritten provide specific value,4,Recap
00:12:13.069000,00:12:13.079000,if you provide your specific value then,provide specific value,4,Recap
00:12:13.079000,00:12:15.189000,if you provide your specific value then default value would not be used right,provide specific value default value would used right,4,Recap
00:12:15.189000,00:12:15.199000,default value would not be used right,default value would used right,4,Recap
00:12:15.199000,00:12:16.829000,default value would not be used right your special value your specific value,default value would used right special value specific value,4,Recap
00:12:16.829000,00:12:16.839000,your special value your specific value,special value specific value,4,Recap
00:12:16.839000,00:12:18.990000,your special value your specific value you provide that would be used while,special value specific value provide would used,4,Recap
00:12:18.990000,00:12:19,you provide that would be used while,provide would used,3,Transitions
00:12:19,00:12:20.990000,you provide that would be used while calling right so in this case if you,provide would used calling right case,3,Transitions
00:12:20.990000,00:12:21,calling right so in this case if you,calling right case,3,Transitions
00:12:21,00:12:23.990000,calling right so in this case if you want to provide Rahul and Roy for suffix,calling right case want provide rahul roy suffix,6,Conclusion
00:12:23.990000,00:12:24,want to provide Rahul and Roy for suffix,want provide rahul roy suffix,6,Conclusion
00:12:24,00:12:26.069000,want to provide Rahul and Roy for suffix then you cannot provide here Rahul and,want provide rahul roy suffix provide rahul,6,Conclusion
00:12:26.069000,00:12:26.079000,then you cannot provide here Rahul and,provide rahul,0,Introduction
00:12:26.079000,00:12:29.670000,then you cannot provide here Rahul and simply Roy you have to provide Mr,provide rahul simply roy provide mr,0,Introduction
00:12:29.670000,00:12:29.680000,simply Roy you have to provide Mr,simply roy provide mr,0,Introduction
00:12:29.680000,00:12:32.590000,simply Roy you have to provide Mr also for,simply roy provide mr also,0,Introduction
00:12:32.590000,00:12:32.600000,also for,also,3,Transitions
00:12:32.600000,00:12:35.829000,also for second argument and then you can write,also second argument write,3,Transitions
00:12:35.829000,00:12:35.839000,second argument and then you can write,second argument write,3,Transitions
00:12:35.839000,00:12:38.069000,second argument and then you can write here like,second argument write like,3,Transitions
00:12:38.069000,00:12:38.079000,here like,like,3,Transitions
00:12:38.079000,00:12:40.470000,here like Roy now it will work,like roy work,3,Transitions
00:12:40.470000,00:12:40.480000,Roy now it will work,roy work,3,Transitions
00:12:40.480000,00:12:45.030000,Roy now it will work fine see Mr Rahul Roy right so I hope,roy work fine see mr rahul roy right hope,0,Introduction
00:12:45.030000,00:12:45.040000,fine see Mr Rahul Roy right so I hope,fine see mr rahul roy right hope,0,Introduction
00:12:45.040000,00:12:47.629000,fine see Mr Rahul Roy right so I hope you got the this uh the fun of uh,fine see mr rahul roy right hope got uh fun uh,0,Introduction
00:12:47.629000,00:12:47.639000,you got the this uh the fun of uh,got uh fun uh,3,Transitions
00:12:47.639000,00:12:50.949000,you got the this uh the fun of uh default arguments so this question is,got uh fun uh default arguments question,3,Transitions
00:12:50.949000,00:12:50.959000,default arguments so this question is,default arguments question,4,Recap
00:12:50.959000,00:12:52.150000,default arguments so this question is for you you have to solve this what,default arguments question solve,3,Transitions
00:12:52.150000,00:12:52.160000,for you you have to solve this what,solve,3,Transitions
00:12:52.160000,00:12:54.509000,for you you have to solve this what would be the output of uh this thing,solve would output uh thing,3,Transitions
00:12:54.509000,00:12:54.519000,would be the output of uh this thing,would output uh thing,3,Transitions
00:12:54.519000,00:12:56.470000,would be the output of uh this thing pause the video and try this out and uh,would output uh thing pause video try uh,3,Transitions
00:12:56.470000,00:12:56.480000,pause the video and try this out and uh,pause video try uh,3,Transitions
00:12:56.480000,00:12:58.069000,pause the video and try this out and uh write down the answer in comment section,pause video try uh write answer comment section,3,Transitions
00:12:58.069000,00:12:58.079000,write down the answer in comment section,write answer comment section,3,Transitions
00:12:58.079000,00:13:00.030000,write down the answer in comment section see here we have first of all control,write answer comment section see first control,3,Transitions
00:13:00.030000,00:13:00.040000,see here we have first of all control,see first control,3,Transitions
00:13:00.040000,00:13:02.069000,see here we have first of all control will go to the main function then we are,see first control go main function,5,Practical Application
00:13:02.069000,00:13:02.079000,will go to the main function then we are,go main function,5,Practical Application
00:13:02.079000,00:13:05.230000,will go to the main function then we are calling the sum we are passing three uh,go main function calling sum passing three uh,5,Practical Application
00:13:05.230000,00:13:05.240000,calling the sum we are passing three uh,calling sum passing three uh,3,Transitions
00:13:05.240000,00:13:08.870000,calling the sum we are passing three uh argument one to three so before it it,calling sum passing three uh argument one three,1,Step-by-Step Instruction
00:13:08.870000,00:13:08.880000,argument one to three so before it it,argument one three,1,Step-by-Step Instruction
00:13:08.880000,00:13:11.030000,argument one to three so before it it will check where it is defined but it is,argument one three check defined,3,Transitions
00:13:11.030000,00:13:11.040000,will check where it is defined but it is,check defined,3,Transitions
00:13:11.040000,00:13:12.829000,will check where it is defined but it is defined after that but yeah it has a,check defined defined yeah,3,Transitions
00:13:12.829000,00:13:12.839000,defined after that but yeah it has a,defined yeah,3,Transitions
00:13:12.839000,00:13:14.470000,defined after that but yeah it has a declaration before calling so that's,defined yeah declaration calling thats,3,Transitions
00:13:14.470000,00:13:14.480000,declaration before calling so that's,declaration calling thats,3,Transitions
00:13:14.480000,00:13:18.230000,declaration before calling so that's fine in declaration we have 1 2 3 three,declaration calling thats fine declaration 1 2 3 three,3,Transitions
00:13:18.230000,00:13:18.240000,fine in declaration we have 1 2 3 three,fine declaration 1 2 3 three,3,Transitions
00:13:18.240000,00:13:20.670000,fine in declaration we have 1 2 3 three parameter but one is default for third,fine declaration 1 2 3 three parameter one default third,1,Step-by-Step Instruction
00:13:20.670000,00:13:20.680000,parameter but one is default for third,parameter one default third,1,Step-by-Step Instruction
00:13:20.680000,00:13:22.470000,parameter but one is default for third one I'm providing value,parameter one default third one im providing value,1,Step-by-Step Instruction
00:13:22.470000,00:13:22.480000,one I'm providing value,one im providing value,4,Recap
00:13:22.480000,00:13:26.269000,one I'm providing value zero right and return type is in so now,one im providing value zero right return type,3,Transitions
00:13:26.269000,00:13:26.279000,zero right and return type is in so now,zero right return type,3,Transitions
00:13:26.279000,00:13:28.189000,zero right and return type is in so now it will go to the definition part and x,zero right return type go definition part x,3,Transitions
00:13:28.189000,00:13:28.199000,it will go to the definition part and x,go definition part x,3,Transitions
00:13:28.199000,00:13:30.310000,it will go to the definition part and x y z three are argument we have sorry,go definition part x z three argument sorry,3,Transitions
00:13:30.310000,00:13:30.320000,y z three are argument we have sorry,z three argument sorry,1,Step-by-Step Instruction
00:13:30.320000,00:13:31.590000,y z three are argument we have sorry three parameter we have here we have,z three argument sorry three parameter,1,Step-by-Step Instruction
00:13:31.590000,00:13:31.600000,three parameter we have here we have,three parameter,1,Step-by-Step Instruction
00:13:31.600000,00:13:34.030000,three parameter we have here we have parameter x y z are parameters 1 2 3 are,three parameter parameter x z parameters 1 2 3,1,Step-by-Step Instruction
00:13:34.030000,00:13:34.040000,parameter x y z are parameters 1 2 3 are,parameter x z parameters 1 2 3,1,Step-by-Step Instruction
00:13:34.040000,00:13:37.350000,parameter x y z are parameters 1 2 3 are arguments and return X+ y + z right so,parameter x z parameters 1 2 3 arguments return x z right,1,Step-by-Step Instruction
00:13:37.350000,00:13:37.360000,arguments and return X+ y + z right so,arguments return x z right,3,Transitions
00:13:37.360000,00:13:39.910000,arguments and return X+ y + z right so here it will it will call the sum,arguments return x z right call sum,3,Transitions
00:13:39.910000,00:13:39.920000,here it will it will call the sum,call sum,3,Transitions
00:13:39.920000,00:13:42.670000,here it will it will call the sum function with 1 2 three value default,call sum function 1 2 three value default,5,Practical Application
00:13:42.670000,00:13:42.680000,function with 1 2 three value default,function 1 2 three value default,5,Practical Application
00:13:42.680000,00:13:45.750000,function with 1 2 three value default value is zero for Z but it will it will,function 1 2 three value default value zero z,4,Recap
00:13:45.750000,00:13:45.760000,value is zero for Z but it will it will,value zero z,4,Recap
00:13:45.760000,00:13:48.670000,value is zero for Z but it will it will use three in this case in second case we,value zero z use three case second case,3,Transitions
00:13:48.670000,00:13:48.680000,use three in this case in second case we,use three case second case,3,Transitions
00:13:48.680000,00:13:51.110000,use three in this case in second case we are only providing one value some one so,use three case second case providing one value one,3,Transitions
00:13:51.110000,00:13:51.120000,are only providing one value some one so,providing one value one,4,Recap
00:13:51.120000,00:13:55.030000,are only providing one value some one so it will give error why so because one,providing one value one give error one,3,Transitions
00:13:55.030000,00:13:55.040000,it will give error why so because one,give error one,3,Transitions
00:13:55.040000,00:13:57.749000,it will give error why so because one will give will be given to X for y we,give error one give given x,3,Transitions
00:13:57.749000,00:13:57.759000,will give will be given to X for y we,give given x,3,Transitions
00:13:57.759000,00:14:00.030000,will give will be given to X for y we are not giving any value yeah for Zed we,give given x giving value yeah zed,4,Recap
00:14:00.030000,00:14:00.040000,are not giving any value yeah for Zed we,giving value yeah zed,4,Recap
00:14:00.040000,00:14:02.430000,are not giving any value yeah for Zed we have default value but but for y we are,giving value yeah zed default value,4,Recap
00:14:02.430000,00:14:02.440000,have default value but but for y we are,default value,4,Recap
00:14:02.440000,00:14:04.790000,have default value but but for y we are not giving any value right so it will,default value giving value right,4,Recap
00:14:04.790000,00:14:04.800000,not giving any value right so it will,giving value right,4,Recap
00:14:04.800000,00:14:06.990000,not giving any value right so it will give you error to few arguments in,giving value right give error arguments,4,Recap
00:14:06.990000,00:14:07,give you error to few arguments in,give error arguments,3,Transitions
00:14:07,00:14:09.069000,give you error to few arguments in function call right at least you have to,give error arguments function call right least,5,Practical Application
00:14:09.069000,00:14:09.079000,function call right at least you have to,function call right least,5,Practical Application
00:14:09.079000,00:14:13.269000,function call right at least you have to pass two argument because one two two,function call right least pass two argument one two two,2,Context Setting
00:14:13.269000,00:14:13.279000,pass two argument because one two two,pass two argument one two two,2,Context Setting
00:14:13.279000,00:14:16.110000,pass two argument because one two two parameters are not default only one is,pass two argument one two two parameters default one,2,Context Setting
00:14:16.110000,00:14:16.120000,parameters are not default only one is,parameters default one,4,Recap
00:14:16.120000,00:14:18.790000,parameters are not default only one is default so it will give error in this,parameters default one default give error,4,Recap
00:14:18.790000,00:14:18.800000,default so it will give error in this,default give error,4,Recap
00:14:18.800000,00:14:20.790000,default so it will give error in this case you have to provide at least two,default give error case provide least two,2,Context Setting
00:14:20.790000,00:14:20.800000,case you have to provide at least two,case provide least two,2,Context Setting
00:14:20.800000,00:14:23.670000,case you have to provide at least two this Su three four see that will work,case provide least two su three four see work,2,Context Setting
00:14:23.670000,00:14:23.680000,this Su three four see that will work,su three four see work,3,Transitions
00:14:23.680000,00:14:26.350000,this Su three four see that will work fine because X would be three y would be,su three four see work fine x would three would,3,Transitions
00:14:26.350000,00:14:26.360000,fine because X would be three y would be,fine x would three would,3,Transitions
00:14:26.360000,00:14:28.069000,fine because X would be three y would be four you are not giving any value for Z,fine x would three would four giving value z,3,Transitions
00:14:28.069000,00:14:28.079000,four you are not giving any value for Z,four giving value z,4,Recap
00:14:28.079000,00:14:30.870000,four you are not giving any value for Z it's okay we have default value zero,four giving value z okay default value zero,4,Recap
00:14:30.870000,00:14:30.880000,it's okay we have default value zero,okay default value zero,4,Recap
00:14:30.880000,00:14:33.030000,it's okay we have default value zero right so let's run this and see what,okay default value zero right lets run see,0,Introduction
00:14:33.030000,00:14:33.040000,right so let's run this and see what,right lets run see,0,Introduction
00:14:33.040000,00:14:35.710000,right so let's run this and see what output you're getting,right lets run see output youre getting,0,Introduction
00:14:35.710000,00:14:35.720000,output you're getting,output youre getting,3,Transitions
00:14:35.720000,00:14:41.269000,output you're getting here okay we have Mr semicolon,output youre getting okay mr semicolon,0,Introduction
00:14:46.230000,00:14:46.240000,here see 6 six and seven right six six,see 6 six seven right six six,3,Transitions
00:14:46.240000,00:14:49.430000,here see 6 six and seven right six six and seven right other than zero also you,see 6 six seven right six six seven right zero also,3,Transitions
00:14:49.430000,00:14:49.440000,and seven right other than zero also you,seven right zero also,3,Transitions
00:14:49.440000,00:14:51.710000,and seven right other than zero also you can take any value but after this you,seven right zero also take value,3,Transitions
00:14:51.710000,00:14:51.720000,can take any value but after this you,take value,4,Recap
00:14:51.720000,00:14:54.590000,can take any value but after this you cannot take something like this or if,take value take something like,3,Transitions
00:14:54.590000,00:14:54.600000,cannot take something like this or if,take something like,3,Transitions
00:14:54.600000,00:14:57.110000,cannot take something like this or if you modify it a little bit for second,take something like modify little bit second,3,Transitions
00:14:57.110000,00:14:57.120000,you modify it a little bit for second,modify little bit second,3,Transitions
00:14:57.120000,00:14:58.790000,you modify it a little bit for second argument you give default value for,modify little bit second argument give default value,4,Recap
00:14:58.790000,00:14:58.800000,argument you give default value for,argument give default value,4,Recap
00:14:58.800000,00:15:00.670000,argument you give default value for third,argument give default value third,4,Recap
00:15:00.670000,00:15:00.680000,third,third,3,Transitions
00:15:00.680000,00:15:02.710000,third not you're not giving any default value,third youre giving default value,4,Recap
00:15:02.710000,00:15:02.720000,not you're not giving any default value,youre giving default value,4,Recap
00:15:02.720000,00:15:04.990000,not you're not giving any default value in that,youre giving default value,4,Recap
00:15:04.990000,00:15:05,in that,,3,Transitions
00:15:05,00:15:07.470000,in that case let's run this and see what error,case lets run see error,0,Introduction
00:15:07.470000,00:15:07.480000,case let's run this and see what error,case lets run see error,0,Introduction
00:15:07.480000,00:15:08.910000,case let's run this and see what error you are,case lets run see error,0,Introduction
00:15:08.910000,00:15:08.920000,you are,,3,Transitions
00:15:08.920000,00:15:11.269000,you are getting default argument missing for,getting default argument missing,4,Recap
00:15:11.269000,00:15:11.279000,getting default argument missing for,getting default argument missing,4,Recap
00:15:11.279000,00:15:15.069000,getting default argument missing for parameter three in this in sum for,getting default argument missing parameter three sum,1,Step-by-Step Instruction
00:15:15.069000,00:15:15.079000,parameter three in this in sum for,parameter three sum,1,Step-by-Step Instruction
00:15:15.079000,00:15:17.590000,parameter three in this in sum for parameter three for,parameter three sum parameter three,1,Step-by-Step Instruction
00:15:17.590000,00:15:17.600000,parameter three for,parameter three,1,Step-by-Step Instruction
00:15:17.600000,00:15:20.910000,parameter three for this so after providing the default,parameter three providing default,1,Step-by-Step Instruction
00:15:20.910000,00:15:20.920000,this so after providing the default,providing default,4,Recap
00:15:20.920000,00:15:24.430000,this so after providing the default argument after this if you have any,providing default argument,4,Recap
00:15:24.430000,00:15:24.440000,argument after this if you have any,argument,4,Recap
00:15:24.440000,00:15:26.910000,argument after this if you have any parameter that those all the parameter,argument parameter parameter,1,Step-by-Step Instruction
00:15:26.910000,00:15:26.920000,parameter that those all the parameter,parameter parameter,1,Step-by-Step Instruction
00:15:26.920000,00:15:29.629000,parameter that those all the parameter must be default so you have to provide a,parameter parameter must default provide,1,Step-by-Step Instruction
00:15:29.629000,00:15:29.639000,must be default so you have to provide a,must default provide,4,Recap
00:15:29.639000,00:15:32.110000,must be default so you have to provide a default argument after this default,must default provide default argument default,4,Recap
00:15:32.110000,00:15:32.120000,default argument after this default,default argument default,4,Recap
00:15:32.120000,00:15:35.189000,default argument after this default argument can be at the end right like in,default argument default argument end right like,4,Recap
00:15:35.189000,00:15:35.199000,argument can be at the end right like in,argument end right like,3,Transitions
00:15:35.199000,00:15:37.150000,argument can be at the end right like in the tail of the parameter list default,argument end right like tail parameter list default,1,Step-by-Step Instruction
00:15:37.150000,00:15:37.160000,the tail of the parameter list default,tail parameter list default,1,Step-by-Step Instruction
00:15:37.160000,00:15:38.309000,the tail of the parameter list default argument should be in the tail of the,tail parameter list default argument tail,1,Step-by-Step Instruction
00:15:38.309000,00:15:38.319000,argument should be in the tail of the,argument tail,3,Transitions
00:15:38.319000,00:15:41.189000,argument should be in the tail of the parameter list,argument tail parameter list,1,Step-by-Step Instruction
00:15:41.189000,00:15:41.199000,parameter list,parameter list,1,Step-by-Step Instruction
00:15:41.199000,00:15:43.150000,parameter list right,parameter list right,1,Step-by-Step Instruction
00:15:43.150000,00:15:43.160000,right,right,3,Transitions
00:15:43.160000,00:15:46.069000,right so just by adding any default argument,right adding default argument,4,Recap
00:15:46.069000,00:15:46.079000,so just by adding any default argument,adding default argument,4,Recap
00:15:46.079000,00:15:49.309000,so just by adding any default argument you can just increase you can just you,adding default argument increase,4,Recap
00:15:49.309000,00:15:49.319000,you can just increase you can just you,increase,3,Transitions
00:15:49.319000,00:15:51.470000,you can just increase you can just you change the capab capability of the,increase change capab capability,3,Transitions
00:15:51.470000,00:15:51.480000,change the capab capability of the,change capab capability,3,Transitions
00:15:51.480000,00:15:53.829000,change the capab capability of the function right just by using a default,change capab capability function right using default,5,Practical Application
00:15:53.829000,00:15:53.839000,function right just by using a default,function right using default,5,Practical Application
00:15:53.839000,00:15:55.670000,function right just by using a default argument and you have to write down less,function right using default argument write less,5,Practical Application
00:15:55.670000,00:15:55.680000,argument and you have to write down less,argument write less,3,Transitions
00:15:55.680000,00:15:58.309000,argument and you have to write down less code right the program would be easy to,argument write less code right program would easy,3,Transitions
00:15:58.309000,00:15:58.319000,code right the program would be easy to,code right program would easy,3,Transitions
00:15:58.319000,00:16:00.749000,code right the program would be easy to write so it helps in reducing the size,code right program would easy write helps reducing size,3,Transitions
00:16:00.749000,00:16:00.759000,write so it helps in reducing the size,write helps reducing size,3,Transitions
00:16:00.759000,00:16:03.590000,write so it helps in reducing the size of the program also but execution time,write helps reducing size program also execution time,3,Transitions
00:16:03.590000,00:16:03.600000,of the program also but execution time,program also execution time,3,Transitions
00:16:03.600000,00:16:04.910000,of the program also but execution time will be a little bit more because if,program also execution time little bit,3,Transitions
00:16:04.910000,00:16:04.920000,will be a little bit more because if,little bit,3,Transitions
00:16:04.920000,00:16:07.870000,will be a little bit more because if you're not providing any argument value,little bit youre providing argument value,4,Recap
00:16:07.870000,00:16:07.880000,you're not providing any argument value,youre providing argument value,4,Recap
00:16:07.880000,00:16:11.230000,you're not providing any argument value for this then the compiler has to copy,youre providing argument value compiler copy,4,Recap
00:16:11.230000,00:16:11.240000,for this then the compiler has to copy,compiler copy,3,Transitions
00:16:11.240000,00:16:14.350000,for this then the compiler has to copy that default value to this parameter,compiler copy default value parameter,4,Recap
00:16:14.350000,00:16:14.360000,that default value to this parameter,default value parameter,1,Step-by-Step Instruction
00:16:14.360000,00:16:16.790000,that default value to this parameter right so execution time will be a little,default value parameter right execution time little,1,Step-by-Step Instruction
00:16:16.790000,00:16:16.800000,right so execution time will be a little,right execution time little,3,Transitions
00:16:16.800000,00:16:20.110000,right so execution time will be a little bit more right I hope you got now what,right execution time little bit right hope got,3,Transitions
00:16:20.110000,00:16:20.120000,bit more right I hope you got now what,bit right hope got,3,Transitions
00:16:20.120000,00:16:22.269000,bit more right I hope you got now what are default argument values or default,bit right hope got default argument values default,4,Recap
00:16:22.269000,00:16:22.279000,are default argument values or default,default argument values default,4,Recap
00:16:22.279000,00:16:23.749000,are default argument values or default values these are not constant values,default argument values default values constant values,4,Recap
00:16:23.749000,00:16:23.759000,values these are not constant values,values constant values,3,Transitions
00:16:23.759000,00:16:26.189000,values these are not constant values because you can overwrite these default,values constant values overwrite default,4,Recap
00:16:26.189000,00:16:26.199000,because you can overwrite these default,overwrite default,4,Recap
00:16:26.199000,00:16:28.629000,because you can overwrite these default values and rather than in declaration we,overwrite default values rather declaration,4,Recap
00:16:28.629000,00:16:28.639000,values and rather than in declaration we,values rather declaration,3,Transitions
00:16:28.639000,00:16:30.910000,values and rather than in declaration we can have have default value here as,values rather declaration default value,4,Recap
00:16:30.910000,00:16:30.920000,can have have default value here as,default value,4,Recap
00:16:30.920000,00:16:34.590000,can have have default value here as well but in this case it will give error,default value well case give error,4,Recap
00:16:34.590000,00:16:34.600000,well but in this case it will give error,well case give error,3,Transitions
00:16:34.600000,00:16:37.430000,well but in this case it will give error because if you are using this default,well case give error using default,4,Recap
00:16:37.430000,00:16:37.440000,because if you are using this default,using default,4,Recap
00:16:37.440000,00:16:39.110000,because if you are using this default value in function definition then,using default value function definition,5,Practical Application
00:16:39.110000,00:16:39.120000,value in function definition then,value function definition,5,Practical Application
00:16:39.120000,00:16:40.990000,value in function definition then function definition must be before,value function definition function definition must,5,Practical Application
00:16:40.990000,00:16:41,function definition must be before,function definition must,5,Practical Application
00:16:41,00:16:43.389000,function definition must be before function calling right you can just,function definition must function calling right,5,Practical Application
00:16:43.389000,00:16:43.399000,function calling right you can just,function calling right,5,Practical Application
00:16:43.399000,00:16:44.870000,function calling right you can just change it and you can just run the,function calling right change run,5,Practical Application
00:16:44.870000,00:16:44.880000,change it and you can just run the,change run,3,Transitions
00:16:44.880000,00:16:46.629000,change it and you can just run the sensing right so that's it for this,change run sensing right thats,3,Transitions
00:16:46.629000,00:16:46.639000,sensing right so that's it for this,sensing right thats,3,Transitions
00:16:46.639000,00:16:49.030000,sensing right so that's it for this video now uh in the next we'll see maybe,sensing right thats video uh next well see maybe,3,Transitions
00:16:49.030000,00:16:49.040000,video now uh in the next we'll see maybe,video uh next well see maybe,3,Transitions
00:16:49.040000,00:16:51.030000,video now uh in the next we'll see maybe some coding exercises on based on,video uh next well see maybe coding exercises based,3,Transitions
00:16:51.030000,00:16:51.040000,some coding exercises on based on,coding exercises based,3,Transitions
00:16:51.040000,00:16:53.150000,some coding exercises on based on functions right so now I'll see you in,coding exercises based functions right ill see,3,Transitions
00:16:53.150000,00:16:53.160000,functions right so now I'll see you in,functions right ill see,3,Transitions
00:16:53.160000,00:16:58.279000,functions right so now I'll see you in the next video till then bye take care,functions right ill see next video till bye take care,3,Transitions
