Start Time,End Time,Text,Cleaned Text,Cluster,Workflow Step
00:00:02.310000,00:00:02.320000,hey everyone I hope you are safe and,hey everyone hope safe,4,Recap
00:00:02.320000,00:00:04.269000,hey everyone I hope you are safe and doing good so in the series of learning,hey everyone hope safe good series learning,4,Recap
00:00:04.269000,00:00:04.279000,doing good so in the series of learning,good series learning,4,Recap
00:00:04.279000,00:00:05.670000,doing good so in the series of learning C++ programming language we are,good series learning c programming language,4,Recap
00:00:05.670000,00:00:05.680000,C++ programming language we are,c programming language,4,Recap
00:00:05.680000,00:00:07.789000,C++ programming language we are discussing functions in C++ in previous,c programming language discussing functions c previous,4,Recap
00:00:07.789000,00:00:07.799000,discussing functions in C++ in previous,discussing functions c previous,4,Recap
00:00:07.799000,00:00:09.509000,discussing functions in C++ in previous video we have seen what is function,discussing functions c previous video seen function,4,Recap
00:00:09.509000,00:00:09.519000,video we have seen what is function,video seen function,4,Recap
00:00:09.519000,00:00:11.270000,video we have seen what is function overloading right everything about,video seen function overloading right everything,4,Recap
00:00:11.270000,00:00:11.280000,overloading right everything about,overloading right everything,4,Recap
00:00:11.280000,00:00:12.830000,overloading right everything about function overloading now in this video,overloading right everything function overloading video,4,Recap
00:00:12.830000,00:00:12.840000,function overloading now in this video,function overloading video,4,Recap
00:00:12.840000,00:00:14.589000,function overloading now in this video we'll see two to three coding exercises,function overloading video well see two three coding exercises,4,Recap
00:00:14.589000,00:00:14.599000,we'll see two to three coding exercises,well see two three coding exercises,4,Recap
00:00:14.599000,00:00:16.750000,we'll see two to three coding exercises based on functions we'll start with with,well see two three coding exercises based functions well start,4,Recap
00:00:16.750000,00:00:16.760000,based on functions we'll start with with,based functions well start,4,Recap
00:00:16.760000,00:00:18.390000,based on functions we'll start with with basic one like how to find factorial of,based functions well start basic one like find factorial,2,Context Setting
00:00:18.390000,00:00:18.400000,basic one like how to find factorial of,basic one like find factorial,2,Context Setting
00:00:18.400000,00:00:21.189000,basic one like how to find factorial of a number F series then how to find out,basic one like find factorial number f series find,2,Context Setting
00:00:21.189000,00:00:21.199000,a number F series then how to find out,number f series find,1,Step-by-Step Instruction
00:00:21.199000,00:00:23.310000,a number F series then how to find out like from a given uh between two numbers,number f series find like given uh two numbers,0,Introduction
00:00:23.310000,00:00:23.320000,like from a given uh between two numbers,like given uh two numbers,0,Introduction
00:00:23.320000,00:00:25.189000,like from a given uh between two numbers like suppose two numbers are given 11 to,like given uh two numbers like suppose two numbers given 11,0,Introduction
00:00:25.189000,00:00:25.199000,like suppose two numbers are given 11 to,like suppose two numbers given 11,0,Introduction
00:00:25.199000,00:00:28.509000,like suppose two numbers are given 11 to 13 so between 11 to uh 20 so between,like suppose two numbers given 11 13 11 uh 20,0,Introduction
00:00:28.509000,00:00:28.519000,13 so between 11 to uh 20 so between,13 11 uh 20,4,Recap
00:00:28.519000,00:00:30.070000,13 so between 11 to uh 20 so between those numbers you have to find out all,13 11 uh 20 numbers find,4,Recap
00:00:30.070000,00:00:30.080000,those numbers you have to find out all,numbers find,4,Recap
00:00:30.080000,00:00:33.110000,those numbers you have to find out all the prime numbers right so these type of,numbers find prime numbers right type,1,Step-by-Step Instruction
00:00:33.110000,00:00:33.120000,the prime numbers right so these type of,prime numbers right type,1,Step-by-Step Instruction
00:00:33.120000,00:00:35.470000,the prime numbers right so these type of exercises we'll do in this video Let's,prime numbers right type exercises well video lets,3,Transitions
00:00:35.470000,00:00:35.480000,exercises we'll do in this video Let's,exercises well video lets,3,Transitions
00:00:35.480000,00:00:38.110000,exercises we'll do in this video Let's Start first we'll uh see how to find out,exercises well video lets start first well uh see find,3,Transitions
00:00:38.110000,00:00:38.120000,Start first we'll uh see how to find out,start first well uh see find,3,Transitions
00:00:38.120000,00:00:40.229000,Start first we'll uh see how to find out factorial of a number so we'll do this,start first well uh see find factorial number well,3,Transitions
00:00:40.229000,00:00:40.239000,factorial of a number so we'll do this,factorial number well,4,Recap
00:00:40.239000,00:00:43.029000,factorial of a number so we'll do this thing using function so suppose I'm just,factorial number well thing using function suppose im,4,Recap
00:00:43.029000,00:00:43.039000,thing using function so suppose I'm just,thing using function suppose im,4,Recap
00:00:43.039000,00:00:47.069000,thing using function so suppose I'm just creating a function void fact and it,thing using function suppose im creating function void fact,4,Recap
00:00:47.069000,00:00:47.079000,creating a function void fact and it,creating function void fact,4,Recap
00:00:47.079000,00:00:48.110000,creating a function void fact and it will take,creating function void fact take,4,Recap
00:00:48.110000,00:00:48.120000,will take,take,4,Recap
00:00:48.120000,00:00:51.029000,will take any int value as an argument so this,take int value argument,4,Recap
00:00:51.029000,00:00:51.039000,any int value as an argument so this,int value argument,4,Recap
00:00:51.039000,00:00:55.349000,any int value as an argument so this just declaration or protype of that,int value argument declaration protype,4,Recap
00:00:57.950000,00:00:57.960000,function now in main function obviously,function main function obviously,4,Recap
00:00:57.960000,00:01:00.549000,function now in main function obviously we will call that function,function main function obviously call function,4,Recap
00:01:00.549000,00:01:00.559000,we will call that function,call function,4,Recap
00:01:00.559000,00:01:02.549000,we will call that function so first let's take a number for which,call function first lets take number,3,Transitions
00:01:02.549000,00:01:02.559000,so first let's take a number for which,first lets take number,3,Transitions
00:01:02.559000,00:01:06.350000,so first let's take a number for which you want to find out like the factorial,first lets take number want find like factorial,3,Transitions
00:01:06.350000,00:01:06.360000,you want to find out like the factorial,want find like factorial,0,Introduction
00:01:06.360000,00:01:08.550000,you want to find out like the factorial from user we'll take this number and in,want find like factorial user well take number,0,Introduction
00:01:08.550000,00:01:08.560000,from user we'll take this number and in,user well take number,4,Recap
00:01:08.560000,00:01:11.630000,from user we'll take this number and in this fact this function we call this,user well take number fact function call,4,Recap
00:01:11.630000,00:01:11.640000,this fact this function we call this,fact function call,4,Recap
00:01:11.640000,00:01:13.870000,this fact this function we call this function just,fact function call function,4,Recap
00:01:13.870000,00:01:13.880000,function just,function,4,Recap
00:01:13.880000,00:01:16.109000,function just pass,function pass,4,Recap
00:01:16.109000,00:01:16.119000,pass,pass,4,Recap
00:01:16.119000,00:01:19.190000,pass n right and suppose if you want to,pass n right suppose want,4,Recap
00:01:19.190000,00:01:19.200000,n right and suppose if you want to,n right suppose want,4,Recap
00:01:19.200000,00:01:20.710000,n right and suppose if you want to return something then you can take here,n right suppose want return something take,4,Recap
00:01:20.710000,00:01:20.720000,return something then you can take here,return something take,4,Recap
00:01:20.720000,00:01:23.069000,return something then you can take here int suppose not void I want this,return something take int suppose void want,4,Recap
00:01:23.069000,00:01:23.079000,int suppose not void I want this,int suppose void want,4,Recap
00:01:23.079000,00:01:24.749000,int suppose not void I want this function should return the value like,int suppose void want function return value like,4,Recap
00:01:24.749000,00:01:24.759000,function should return the value like,function return value like,4,Recap
00:01:24.759000,00:01:26.670000,function should return the value like factorial it should return some that,function return value like factorial return,4,Recap
00:01:26.670000,00:01:26.680000,factorial it should return some that,factorial return,4,Recap
00:01:26.680000,00:01:30.789000,factorial it should return some that factorial so if you are returning,factorial return factorial returning,4,Recap
00:01:30.789000,00:01:30.799000,factorial so if you are returning,factorial returning,4,Recap
00:01:30.799000,00:01:32.550000,factorial so if you are returning returning if this function is returning,factorial returning returning function returning,4,Recap
00:01:32.550000,00:01:32.560000,returning if this function is returning,returning function returning,4,Recap
00:01:32.560000,00:01:34.190000,returning if this function is returning something then here you cannot directly,returning function returning something directly,4,Recap
00:01:34.190000,00:01:34.200000,something then here you cannot directly,something directly,4,Recap
00:01:34.200000,00:01:35.910000,something then here you cannot directly write down like this because it is,something directly write like,0,Introduction
00:01:35.910000,00:01:35.920000,write down like this because it is,write like,0,Introduction
00:01:35.920000,00:01:37.910000,write down like this because it is returning something so you have to use,write like returning something use,0,Introduction
00:01:37.910000,00:01:37.920000,returning something so you have to use,returning something use,4,Recap
00:01:37.920000,00:01:40.230000,returning something so you have to use some variable to store that value right,returning something use variable store value right,4,Recap
00:01:40.230000,00:01:40.240000,some variable to store that value right,variable store value right,4,Recap
00:01:40.240000,00:01:42.389000,some variable to store that value right or directly in C out we can call that,variable store value right directly c call,4,Recap
00:01:42.389000,00:01:42.399000,or directly in C out we can call that,directly c call,4,Recap
00:01:42.399000,00:01:46.749000,or directly in C out we can call that function so suppose um directly in C out,directly c call function suppose um directly c,4,Recap
00:01:46.749000,00:01:46.759000,function so suppose um directly in C out,function suppose um directly c,4,Recap
00:01:46.759000,00:01:48.990000,function so suppose um directly in C out I'm calling this,function suppose um directly c im calling,4,Recap
00:01:48.990000,00:01:49,I'm calling this,im calling,4,Recap
00:01:49,00:01:54.789000,I'm calling this function now let's define this,im calling function lets define,3,Transitions
00:01:56.749000,00:01:56.759000,function we,function,4,Recap
00:01:56.759000,00:02:00.310000,function we have a parameter in a and how to find,function parameter find,4,Recap
00:02:00.310000,00:02:00.320000,have a parameter in a and how to find,parameter find,4,Recap
00:02:00.320000,00:02:02.830000,have a parameter in a and how to find out factorial I hope you know if you,parameter find factorial hope know,4,Recap
00:02:02.830000,00:02:02.840000,out factorial I hope you know if you,factorial hope know,4,Recap
00:02:02.840000,00:02:04.469000,out factorial I hope you know if you want to find out factorial of five,factorial hope know want find factorial five,4,Recap
00:02:04.469000,00:02:04.479000,want to find out factorial of five,want find factorial five,4,Recap
00:02:04.479000,00:02:06.910000,want to find out factorial of five number then 5 into 4 into 3 into 2 into,want find factorial five number 5 4 3 2,4,Recap
00:02:06.910000,00:02:06.920000,number then 5 into 4 into 3 into 2 into,number 5 4 3 2,1,Step-by-Step Instruction
00:02:06.920000,00:02:08.910000,number then 5 into 4 into 3 into 2 into 1 right like if you want to find out,number 5 4 3 2 1 right like want find,0,Introduction
00:02:08.910000,00:02:08.920000,1 right like if you want to find out,1 right like want find,0,Introduction
00:02:08.920000,00:02:11.510000,1 right like if you want to find out factorial of uh n like n factorial then,1 right like want find factorial uh n like n factorial,0,Introduction
00:02:11.510000,00:02:11.520000,factorial of uh n like n factorial then,factorial uh n like n factorial,0,Introduction
00:02:11.520000,00:02:13.270000,factorial of uh n like n factorial then this this would be the formula would be,factorial uh n like n factorial would formula would,4,Recap
00:02:13.270000,00:02:13.280000,this this would be the formula would be,would formula would,4,Recap
00:02:13.280000,00:02:16.910000,this this would be the formula would be n into n -1 into N - 2 into like this up,would formula would n n 1 n 2 like,4,Recap
00:02:16.910000,00:02:16.920000,n into n -1 into N - 2 into like this up,n n 1 n 2 like,0,Introduction
00:02:16.920000,00:02:21.110000,n into n -1 into N - 2 into like this up to into one right so the factorial of a,n n 1 n 2 like one right factorial,2,Context Setting
00:02:21.110000,00:02:21.120000,to into one right so the factorial of a,one right factorial,2,Context Setting
00:02:21.120000,00:02:22.869000,to into one right so the factorial of a number is the multiplication of all the,one right factorial number multiplication,2,Context Setting
00:02:22.869000,00:02:22.879000,number is the multiplication of all the,number multiplication,4,Recap
00:02:22.879000,00:02:26.190000,number is the multiplication of all the numbers between one to that,number multiplication numbers one,2,Context Setting
00:02:26.190000,00:02:26.200000,numbers between one to that,numbers one,2,Context Setting
00:02:26.200000,00:02:29.309000,numbers between one to that number like five factorial means all the,numbers one number like five factorial means,2,Context Setting
00:02:29.309000,00:02:29.319000,number like five factorial means all the,number like five factorial means,0,Introduction
00:02:29.319000,00:02:30.910000,number like five factorial means all the multiplication of all the numbers,number like five factorial means multiplication numbers,0,Introduction
00:02:30.910000,00:02:30.920000,multiplication of all the numbers,multiplication numbers,4,Recap
00:02:30.920000,00:02:34.390000,multiplication of all the numbers between 1 to five that's it right so,multiplication numbers 1 five thats right,4,Recap
00:02:34.390000,00:02:34.400000,between 1 to five that's it right so,1 five thats right,4,Recap
00:02:34.400000,00:02:35.790000,between 1 to five that's it right so this formula this logic you have to,1 five thats right formula logic,4,Recap
00:02:35.790000,00:02:35.800000,this formula this logic you have to,formula logic,4,Recap
00:02:35.800000,00:02:40.110000,this formula this logic you have to write down in this function right so and,formula logic write function right,4,Recap
00:02:40.110000,00:02:40.120000,write down in this function right so and,write function right,4,Recap
00:02:40.120000,00:02:42.990000,write down in this function right so and one thing if the number is zero I mean 0,write function right one thing number zero mean 0,2,Context Setting
00:02:42.990000,00:02:43,one thing if the number is zero I mean 0,one thing number zero mean 0,2,Context Setting
00:02:43,00:02:44.790000,one thing if the number is zero I mean 0 factorial is always one and one,one thing number zero mean 0 factorial always one one,2,Context Setting
00:02:44.790000,00:02:44.800000,factorial is always one and one,factorial always one one,2,Context Setting
00:02:44.800000,00:02:49.350000,factorial is always one and one factorial is always one right so,factorial always one one factorial always one right,2,Context Setting
00:02:49.350000,00:02:49.360000,factorial is always one right so,factorial always one right,2,Context Setting
00:02:49.360000,00:02:52.030000,factorial is always one right so whatever the number you pass right if,factorial always one right whatever number pass right,2,Context Setting
00:02:52.030000,00:02:52.040000,whatever the number you pass right if,whatever number pass right,5,Practical Application
00:02:52.040000,00:02:54.910000,whatever the number you pass right if that number if like a is equal to equal,whatever number pass right number like equal equal,5,Practical Application
00:02:54.910000,00:02:54.920000,that number if like a is equal to equal,number like equal equal,5,Practical Application
00:02:54.920000,00:03:00.589000,that number if like a is equal to equal to 0 or AAL toal to 1,number like equal equal 0 aal toal 1,5,Practical Application
00:03:00.589000,00:03:00.599000,to 0 or AAL toal to 1,0 aal toal 1,4,Recap
00:03:00.599000,00:03:02.789000,to 0 or AAL toal to 1 then,0 aal toal 1,4,Recap
00:03:02.789000,00:03:02.799000,then,,4,Recap
00:03:02.799000,00:03:04.949000,then simply return,simply return,4,Recap
00:03:04.949000,00:03:04.959000,simply return,simply return,4,Recap
00:03:04.959000,00:03:08.190000,simply return one because 0 factorial is 1 1 factorial,simply return one 0 factorial 1 1 factorial,2,Context Setting
00:03:08.190000,00:03:08.200000,one because 0 factorial is 1 1 factorial,one 0 factorial 1 1 factorial,2,Context Setting
00:03:08.200000,00:03:12.509000,one because 0 factorial is 1 1 factorial is one right else we do though those,one 0 factorial 1 1 factorial one right else though,2,Context Setting
00:03:12.509000,00:03:12.519000,is one right else we do though those,one right else though,2,Context Setting
00:03:12.519000,00:03:15.309000,is one right else we do though those multiplication of that like between one,one right else though multiplication like one,2,Context Setting
00:03:15.309000,00:03:15.319000,multiplication of that like between one,multiplication like one,2,Context Setting
00:03:15.319000,00:03:19.470000,multiplication of that like between one to that number right so for that 14 Loop,multiplication like one number right 14 loop,2,Context Setting
00:03:19.470000,00:03:19.480000,to that number right so for that 14 Loop,number right 14 loop,4,Recap
00:03:19.480000,00:03:22.509000,to that number right so for that 14 Loop and I is equal to let's start with i,number right 14 loop equal lets start,3,Transitions
00:03:22.509000,00:03:22.519000,and I is equal to let's start with i,equal lets start,3,Transitions
00:03:22.519000,00:03:23.949000,and I is equal to let's start with i equal to,equal lets start equal,5,Practical Application
00:03:23.949000,00:03:23.959000,equal to,equal,5,Practical Application
00:03:23.959000,00:03:27.470000,equal to 2 and I less than equal to whatever the,equal 2 less equal whatever,5,Practical Application
00:03:27.470000,00:03:27.480000,2 and I less than equal to whatever the,2 less equal whatever,5,Practical Application
00:03:27.480000,00:03:31.509000,2 and I less than equal to whatever the number you pass and I Plus,2 less equal whatever number pass plus,5,Practical Application
00:03:31.509000,00:03:31.519000,number you pass and I Plus,number pass plus,4,Recap
00:03:31.519000,00:03:34.750000,number you pass and I Plus plus and here we do what first let's,number pass plus plus first lets,3,Transitions
00:03:34.750000,00:03:34.760000,plus and here we do what first let's,plus first lets,3,Transitions
00:03:34.760000,00:03:37.470000,plus and here we do what first let's take like here,plus first lets take like,3,Transitions
00:03:37.470000,00:03:37.480000,take like here,take like,0,Introduction
00:03:37.480000,00:03:41.550000,take like here uh a number,take like uh number,0,Introduction
00:03:44.350000,00:03:44.360000,factorial sorry a variable factorial and,factorial sorry variable factorial,4,Recap
00:03:44.360000,00:03:46.190000,factorial sorry a variable factorial and let's suppose this is one if you don't,factorial sorry variable factorial lets suppose one dont,2,Context Setting
00:03:46.190000,00:03:46.200000,let's suppose this is one if you don't,lets suppose one dont,2,Context Setting
00:03:46.200000,00:03:47.630000,let's suppose this is one if you don't take any value here so it will take any,lets suppose one dont take value take,3,Transitions
00:03:47.630000,00:03:47.640000,take any value here so it will take any,take value take,4,Recap
00:03:47.640000,00:03:50.270000,take any value here so it will take any garbage value in starting of this uh,take value take garbage value starting uh,4,Recap
00:03:50.270000,00:03:50.280000,garbage value in starting of this uh,garbage value starting uh,4,Recap
00:03:50.280000,00:03:51.509000,garbage value in starting of this uh variable factorial so better to,garbage value starting uh variable factorial better,4,Recap
00:03:51.509000,00:03:51.519000,variable factorial so better to,variable factorial better,4,Recap
00:03:51.519000,00:03:55.509000,variable factorial so better to initialize it with one and,variable factorial better initialize one,2,Context Setting
00:03:55.509000,00:03:55.519000,initialize it with one and,initialize one,2,Context Setting
00:03:55.519000,00:03:58.710000,initialize it with one and here what is the that formula factorial,initialize one formula factorial,2,Context Setting
00:03:58.710000,00:03:58.720000,here what is the that formula factorial,formula factorial,4,Recap
00:03:58.720000,00:04:00.990000,here what is the that formula factorial equal to,formula factorial equal,5,Practical Application
00:04:00.990000,00:04:01,equal to,equal,5,Practical Application
00:04:01,00:04:05.589000,equal to factorial into I and simply return,equal factorial simply return,5,Practical Application
00:04:05.589000,00:04:05.599000,factorial into I and simply return,factorial simply return,4,Recap
00:04:05.599000,00:04:08.509000,factorial into I and simply return whatever the,factorial simply return whatever,4,Recap
00:04:08.509000,00:04:08.519000,whatever the,whatever,5,Practical Application
00:04:08.519000,00:04:11.509000,whatever the factorial right that's,whatever factorial right thats,4,Recap
00:04:11.509000,00:04:11.519000,factorial right that's,factorial right thats,4,Recap
00:04:11.519000,00:04:14.190000,factorial right that's it and whatever you return here that,factorial right thats whatever return,4,Recap
00:04:14.190000,00:04:14.200000,it and whatever you return here that,whatever return,5,Practical Application
00:04:14.200000,00:04:15.469000,it and whatever you return here that will be,whatever return,5,Practical Application
00:04:15.469000,00:04:15.479000,will be,,4,Recap
00:04:15.479000,00:04:17.830000,will be printed,printed,4,Recap
00:04:17.830000,00:04:17.840000,printed,printed,4,Recap
00:04:17.840000,00:04:20.909000,printed here let's run this and see you get the,printed lets run see get,3,Transitions
00:04:20.909000,00:04:20.919000,here let's run this and see you get the,lets run see get,3,Transitions
00:04:20.919000,00:04:23.550000,here let's run this and see you get the output or,lets run see get output,3,Transitions
00:04:27.909000,00:04:27.919000,not factorial of 3 it's 6 3 into 2 into,factorial 3 6 3 2,4,Recap
00:04:27.919000,00:04:30.310000,not factorial of 3 it's 6 3 into 2 into 1 let's run this again,factorial 3 6 3 2 1 lets run,3,Transitions
00:04:30.310000,00:04:30.320000,1 let's run this again,1 lets run,3,Transitions
00:04:30.320000,00:04:34.110000,1 let's run this again again factorial of 5 it should be 120 5,1 lets run factorial 5 120 5,3,Transitions
00:04:34.110000,00:04:34.120000,again factorial of 5 it should be 120 5,factorial 5 120 5,4,Recap
00:04:34.120000,00:04:37.230000,again factorial of 5 it should be 120 5 into 4 into 3 into 2 into 1 right and if,factorial 5 120 5 4 3 2 1 right,4,Recap
00:04:37.230000,00:04:37.240000,into 4 into 3 into 2 into 1 right and if,4 3 2 1 right,4,Recap
00:04:37.240000,00:04:39.710000,into 4 into 3 into 2 into 1 right and if you you don't write down here see out,4 3 2 1 right dont write see,4,Recap
00:04:39.710000,00:04:39.720000,you you don't write down here see out,dont write see,4,Recap
00:04:39.720000,00:04:43.469000,you you don't write down here see out let's SC this like this so what should,dont write see lets sc like,3,Transitions
00:04:43.469000,00:04:43.479000,let's SC this like this so what should,lets sc like,3,Transitions
00:04:43.479000,00:04:48.510000,let's SC this like this so what should it print let's,lets sc like print lets,3,Transitions
00:04:53.189000,00:04:53.199000,see four see it is not printing,see four see printing,4,Recap
00:04:53.199000,00:04:55.510000,see four see it is not printing anything it is not giving any error to,see four see printing anything giving error,4,Recap
00:04:55.510000,00:04:55.520000,anything it is not giving any error to,anything giving error,4,Recap
00:04:55.520000,00:04:57.270000,anything it is not giving any error to you guys but it is not printing that,anything giving error guys printing,4,Recap
00:04:57.270000,00:04:57.280000,you guys but it is not printing that,guys printing,4,Recap
00:04:57.280000,00:05:00.590000,you guys but it is not printing that factorial why so because once when it,guys printing factorial,4,Recap
00:05:00.590000,00:05:00.600000,factorial why so because once when it,factorial,4,Recap
00:05:00.600000,00:05:02.870000,factorial why so because once when it will return that factorial number then,factorial return factorial number,4,Recap
00:05:02.870000,00:05:02.880000,will return that factorial number then,return factorial number,4,Recap
00:05:02.880000,00:05:05.469000,will return that factorial number then here we're directly calling it we we,return factorial number directly calling,4,Recap
00:05:05.469000,00:05:05.479000,here we're directly calling it we we,directly calling,4,Recap
00:05:05.479000,00:05:08.670000,here we're directly calling it we we don't have anything to store that number,directly calling dont anything store number,4,Recap
00:05:08.670000,00:05:08.680000,don't have anything to store that number,dont anything store number,4,Recap
00:05:08.680000,00:05:11.029000,don't have anything to store that number so how to print that number right if I,dont anything store number print number right,4,Recap
00:05:11.029000,00:05:11.039000,so how to print that number right if I,print number right,1,Step-by-Step Instruction
00:05:11.039000,00:05:12.830000,so how to print that number right if I just want to suppose I give you,print number right want suppose give,4,Recap
00:05:12.830000,00:05:12.840000,just want to suppose I give you,want suppose give,4,Recap
00:05:12.840000,00:05:15.749000,just want to suppose I give you something right so you should have,want suppose give something right,4,Recap
00:05:15.749000,00:05:15.759000,something right so you should have,something right,4,Recap
00:05:15.759000,00:05:17.070000,something right so you should have something like maybe your hand should be,something right something like maybe hand,0,Introduction
00:05:17.070000,00:05:17.080000,something like maybe your hand should be,something like maybe hand,0,Introduction
00:05:17.080000,00:05:18.350000,something like maybe your hand should be something like this or you should have a,something like maybe hand something like,0,Introduction
00:05:18.350000,00:05:18.360000,something like this or you should have a,something like,0,Introduction
00:05:18.360000,00:05:20.430000,something like this or you should have a ball or glass or anything just to hold,something like ball glass anything hold,0,Introduction
00:05:20.430000,00:05:20.440000,ball or glass or anything just to hold,ball glass anything hold,4,Recap
00:05:20.440000,00:05:22.309000,ball or glass or anything just to hold that thing right,ball glass anything hold thing right,4,Recap
00:05:22.309000,00:05:22.319000,that thing right,thing right,4,Recap
00:05:22.319000,00:05:24.629000,that thing right otherwise you will not get that thing,thing right otherwise get thing,4,Recap
00:05:24.629000,00:05:24.639000,otherwise you will not get that thing,otherwise get thing,4,Recap
00:05:24.639000,00:05:27.629000,otherwise you will not get that thing right so same here either we should have,otherwise get thing right either,4,Recap
00:05:27.629000,00:05:27.639000,right so same here either we should have,right either,4,Recap
00:05:27.639000,00:05:30.469000,right so same here either we should have some variable right,right either variable right,4,Recap
00:05:30.469000,00:05:30.479000,some variable right,variable right,4,Recap
00:05:30.479000,00:05:33.070000,some variable right and in that variable we can just like,variable right variable like,0,Introduction
00:05:33.070000,00:05:33.080000,and in that variable we can just like,variable like,0,Introduction
00:05:33.080000,00:05:34.950000,and in that variable we can just like maybe suppose you have a variable here,variable like maybe suppose variable,0,Introduction
00:05:34.950000,00:05:34.960000,maybe suppose you have a variable here,maybe suppose variable,4,Recap
00:05:34.960000,00:05:41.189000,maybe suppose you have a variable here int n and one more suppose F and F equal,maybe suppose variable int n one suppose f f equal,2,Context Setting
00:05:41.189000,00:05:41.199000,int n and one more suppose F and F equal,int n one suppose f f equal,2,Context Setting
00:05:41.199000,00:05:44.110000,int n and one more suppose F and F equal to this so the factorial would be stored,int n one suppose f f equal factorial would stored,2,Context Setting
00:05:44.110000,00:05:44.120000,to this so the factorial would be stored,factorial would stored,4,Recap
00:05:44.120000,00:05:46.909000,to this so the factorial would be stored in F and after that we can just print,factorial would stored f print,4,Recap
00:05:46.909000,00:05:46.919000,in F and after that we can just print,f print,3,Transitions
00:05:46.919000,00:05:48.590000,in F and after that we can just print that,f print,3,Transitions
00:05:48.590000,00:05:48.600000,that,,4,Recap
00:05:48.600000,00:05:51.590000,that F this also will work,f also work,4,Recap
00:05:51.590000,00:05:51.600000,F this also will work,f also work,4,Recap
00:05:51.600000,00:05:53.150000,F this also will work fine,f also work fine,4,Recap
00:05:53.150000,00:05:53.160000,fine,fine,4,Recap
00:05:53.160000,00:05:56.710000,fine see 24 right otherwise in direct C out,fine see 24 right otherwise direct c,4,Recap
00:05:56.710000,00:05:56.720000,see 24 right otherwise in direct C out,see 24 right otherwise direct c,4,Recap
00:05:56.720000,00:05:59.670000,see 24 right otherwise in direct C out you can call this and let's run this and,see 24 right otherwise direct c call lets run,3,Transitions
00:05:59.670000,00:05:59.680000,you can call this and let's run this and,call lets run,3,Transitions
00:05:59.680000,00:06:04.070000,you can call this and let's run this and I'll show you like that 0 factorial and,call lets run ill show like 0 factorial,3,Transitions
00:06:04.070000,00:06:04.080000,I'll show you like that 0 factorial and,ill show like 0 factorial,0,Introduction
00:06:04.080000,00:06:07.670000,I'll show you like that 0 factorial and 1 factorial so if I pass zero it will,ill show like 0 factorial 1 factorial pass zero,0,Introduction
00:06:07.670000,00:06:07.680000,1 factorial so if I pass zero it will,1 factorial pass zero,4,Recap
00:06:07.680000,00:06:09.350000,1 factorial so if I pass zero it will print one if you pass one it will print,1 factorial pass zero print one pass one print,2,Context Setting
00:06:09.350000,00:06:09.360000,print one if you pass one it will print,print one pass one print,2,Context Setting
00:06:09.360000,00:06:11.950000,print one if you pass one it will print one so it is like how to find out,print one pass one print one like find,2,Context Setting
00:06:11.950000,00:06:11.960000,one so it is like how to find out,one like find,2,Context Setting
00:06:11.960000,00:06:14.230000,one so it is like how to find out factorial of a number using function I,one like find factorial number using function,2,Context Setting
00:06:14.230000,00:06:14.240000,factorial of a number using function I,factorial number using function,4,Recap
00:06:14.240000,00:06:17.230000,factorial of a number using function I hope you got it next is fibon series,factorial number using function hope got next fibon series,4,Recap
00:06:17.230000,00:06:17.240000,hope you got it next is fibon series,hope got next fibon series,4,Recap
00:06:17.240000,00:06:19.670000,hope you got it next is fibon series what is fibon series fibon series is,hope got next fibon series fibon series fibon series,4,Recap
00:06:19.670000,00:06:19.680000,what is fibon series fibon series is,fibon series fibon series,4,Recap
00:06:19.680000,00:06:22.230000,what is fibon series fibon series is something like this first term is zero,fibon series fibon series something like first term zero,0,Introduction
00:06:22.230000,00:06:22.240000,something like this first term is zero,something like first term zero,0,Introduction
00:06:22.240000,00:06:26.469000,something like this first term is zero and next is one and then 0 + 1 1 then,something like first term zero next one 0 1 1,6,Conclusion
00:06:26.469000,00:06:26.479000,and next is one and then 0 + 1 1 then,next one 0 1 1,2,Context Setting
00:06:26.479000,00:06:29.950000,and next is one and then 0 + 1 1 then add the previous two 1 + 1 2 then add,next one 0 1 1 add previous two 1 1 2 add,0,Introduction
00:06:29.950000,00:06:29.960000,add the previous two 1 + 1 2 then add,add previous two 1 1 2 add,0,Introduction
00:06:29.960000,00:06:34.430000,add the previous two 1 + 1 2 then add previous two 2 + 1 that is 3 then 3 + 2,add previous two 1 1 2 add previous two 2 1 3 3 2,0,Introduction
00:06:34.430000,00:06:34.440000,previous two 2 + 1 that is 3 then 3 + 2,previous two 2 1 3 3 2,0,Introduction
00:06:34.440000,00:06:39.390000,previous two 2 + 1 that is 3 then 3 + 2 5 like this then 5 + 3 8 and so,previous two 2 1 3 3 2 5 like 5 3 8,0,Introduction
00:06:39.390000,00:06:39.400000,5 like this then 5 + 3 8 and so,5 like 5 3 8,0,Introduction
00:06:39.400000,00:06:42.110000,5 like this then 5 + 3 8 and so on so addition of previous two numbers,5 like 5 3 8 addition previous two numbers,0,Introduction
00:06:42.110000,00:06:42.120000,on so addition of previous two numbers,addition previous two numbers,0,Introduction
00:06:42.120000,00:06:46.110000,on so addition of previous two numbers and the series would be so on okay so,addition previous two numbers series would okay,0,Introduction
00:06:46.110000,00:06:46.120000,and the series would be so on okay so,series would okay,4,Recap
00:06:46.120000,00:06:48.309000,and the series would be so on okay so now how to find out fabon series up to,series would okay find fabon series,4,Recap
00:06:48.309000,00:06:48.319000,now how to find out fabon series up to,find fabon series,4,Recap
00:06:48.319000,00:06:49.629000,now how to find out fabon series up to whatever number of terms you want to,find fabon series whatever number terms want,4,Recap
00:06:49.629000,00:06:49.639000,whatever number of terms you want to,whatever number terms want,5,Practical Application
00:06:49.639000,00:06:50.950000,whatever number of terms you want to find out let's suppose I want to find,whatever number terms want find lets suppose want find,3,Transitions
00:06:50.950000,00:06:50.960000,find out let's suppose I want to find,find lets suppose want find,3,Transitions
00:06:50.960000,00:06:52.990000,find out let's suppose I want to find out faban series up to five terms so it,find lets suppose want find faban series five terms,3,Transitions
00:06:52.990000,00:06:53,out faban series up to five terms so it,faban series five terms,4,Recap
00:06:53,00:06:57.830000,out faban series up to five terms so it would print 0 1 1 2 3 up to five terms 0,faban series five terms would print 0 1 1 2 3 five terms 0,4,Recap
00:06:57.830000,00:06:57.840000,would print 0 1 1 2 3 up to five terms 0,would print 0 1 1 2 3 five terms 0,4,Recap
00:06:57.840000,00:07:01.629000,would print 0 1 1 2 3 up to five terms 0 like 1 2 3 4 5 five terms right now how,would print 0 1 1 2 3 five terms 0 like 1 2 3 4 5 five terms right,4,Recap
00:07:01.629000,00:07:01.639000,like 1 2 3 4 5 five terms right now how,like 1 2 3 4 5 five terms right,0,Introduction
00:07:01.639000,00:07:04.629000,like 1 2 3 4 5 five terms right now how to find out fabon series see first we,like 1 2 3 4 5 five terms right find fabon series see first,4,Recap
00:07:04.629000,00:07:04.639000,to find out fabon series see first we,find fabon series see first,4,Recap
00:07:04.639000,00:07:08.070000,to find out fabon series see first we will take 0 and one are fixed so we can,find fabon series see first take 0 one fixed,2,Context Setting
00:07:08.070000,00:07:08.080000,will take 0 and one are fixed so we can,take 0 one fixed,2,Context Setting
00:07:08.080000,00:07:10.550000,will take 0 and one are fixed so we can take a variable A or B like a is zero,take 0 one fixed take variable b like zero,0,Introduction
00:07:10.550000,00:07:10.560000,take a variable A or B like a is zero,take variable b like zero,0,Introduction
00:07:10.560000,00:07:14.230000,take a variable A or B like a is zero and B is 1 something like,take variable b like zero b 1 something like,0,Introduction
00:07:14.230000,00:07:14.240000,and B is 1 something like,b 1 something like,0,Introduction
00:07:14.240000,00:07:17.749000,and B is 1 something like this B is one now the next term next,b 1 something like b one next term next,6,Conclusion
00:07:17.749000,00:07:17.759000,this B is one now the next term next,b one next term next,6,Conclusion
00:07:17.759000,00:07:19.710000,this B is one now the next term next term is addition of previous two terms,b one next term next term addition previous two terms,6,Conclusion
00:07:19.710000,00:07:19.720000,term is addition of previous two terms,term addition previous two terms,6,Conclusion
00:07:19.720000,00:07:24.189000,term is addition of previous two terms so a plus b that is one right so we can,term addition previous two terms plus b one right,6,Conclusion
00:07:24.189000,00:07:24.199000,so a plus b that is one right so we can,plus b one right,2,Context Setting
00:07:24.199000,00:07:26.350000,so a plus b that is one right so we can say like,plus b one right say like,2,Context Setting
00:07:26.350000,00:07:26.360000,say like,say like,0,Introduction
00:07:26.360000,00:07:29.270000,say like NT n stands for next term next term,say like nt n stands next term next term,6,Conclusion
00:07:29.270000,00:07:29.280000,NT n stands for next term next term,nt n stands next term next term,6,Conclusion
00:07:29.280000,00:07:35.070000,NT n stands for next term next term would be be A+,nt n stands next term next term would,6,Conclusion
00:07:37.869000,00:07:37.879000,B it's a plus b right I I hope you are,b plus b right hope,4,Recap
00:07:37.879000,00:07:40.270000,B it's a plus b right I I hope you are getting this 0 + 1 is 1 and we just,b plus b right hope getting 0 1 1,4,Recap
00:07:40.270000,00:07:40.280000,getting this 0 + 1 is 1 and we just,getting 0 1 1,4,Recap
00:07:40.280000,00:07:44.149000,getting this 0 + 1 is 1 and we just print one here now next term is addition,getting 0 1 1 print one next term addition,6,Conclusion
00:07:44.149000,00:07:44.159000,print one here now next term is addition,print one next term addition,6,Conclusion
00:07:44.159000,00:07:49.070000,print one here now next term is addition of previous two right so at first it is,print one next term addition previous two right first,6,Conclusion
00:07:49.070000,00:07:49.080000,of previous two right so at first it is,previous two right first,0,Introduction
00:07:49.080000,00:07:51.270000,of previous two right so at first it is a this is,previous two right first,0,Introduction
00:07:51.270000,00:07:51.280000,a this is,,4,Recap
00:07:51.280000,00:07:56.749000,a this is B and this one is next,b one next,2,Context Setting
00:08:00.189000,00:08:00.199000,term after that now to find out next,term find next,6,Conclusion
00:08:00.199000,00:08:02.710000,term after that now to find out next term like two we should add this and,term find next term like two add,6,Conclusion
00:08:02.710000,00:08:02.720000,term like two we should add this and,term like two add,0,Introduction
00:08:02.720000,00:08:05.790000,term like two we should add this and this so now this should be,term like two add,0,Introduction
00:08:05.790000,00:08:05.800000,this so now this should be,,4,Recap
00:08:05.800000,00:08:10.510000,this so now this should be a this should be B and now a plus b,b plus b,4,Recap
00:08:10.510000,00:08:10.520000,a this should be B and now a plus b,b plus b,4,Recap
00:08:10.520000,00:08:12.950000,a this should be B and now a plus b becomes this becomes next term two,b plus b becomes becomes next term two,6,Conclusion
00:08:12.950000,00:08:12.960000,becomes this becomes next term two,becomes becomes next term two,6,Conclusion
00:08:12.960000,00:08:16.629000,becomes this becomes next term two becomes next term right we do a plus b,becomes becomes next term two becomes next term right plus b,6,Conclusion
00:08:16.629000,00:08:16.639000,becomes next term right we do a plus b,becomes next term right plus b,6,Conclusion
00:08:16.639000,00:08:18.110000,becomes next term right we do a plus b so this kind of thing you have to do,becomes next term right plus b kind thing,6,Conclusion
00:08:18.110000,00:08:18.120000,so this kind of thing you have to do,kind thing,4,Recap
00:08:18.120000,00:08:19.589000,so this kind of thing you have to do this logic you have to apply so pause,kind thing logic apply pause,4,Recap
00:08:19.589000,00:08:19.599000,this logic you have to apply so pause,logic apply pause,4,Recap
00:08:19.599000,00:08:21.909000,this logic you have to apply so pause the video and try this out so let's,logic apply pause video try lets,3,Transitions
00:08:21.909000,00:08:21.919000,the video and try this out so let's,video try lets,3,Transitions
00:08:21.919000,00:08:23.990000,the video and try this out so let's comment out this,video try lets comment,3,Transitions
00:08:23.990000,00:08:24,comment out this,comment,4,Recap
00:08:24,00:08:25.950000,comment out this and write,comment write,4,Recap
00:08:25.950000,00:08:25.960000,and write,write,4,Recap
00:08:25.960000,00:08:30.390000,and write down another program let have,write another program let,4,Recap
00:08:30.390000,00:08:30.400000,down another program let have,another program let,4,Recap
00:08:30.400000,00:08:32.550000,down another program let have a,another program let,4,Recap
00:08:32.550000,00:08:32.560000,a,,4,Recap
00:08:32.560000,00:08:35.350000,a function function per type like function,function function per type like function,4,Recap
00:08:35.350000,00:08:35.360000,function function per type like function,function function per type like function,4,Recap
00:08:35.360000,00:08:38.949000,function function per type like function name FIB return type and it will take a,function function per type like function name fib return type take,4,Recap
00:08:38.949000,00:08:38.959000,name FIB return type and it will take a,name fib return type take,4,Recap
00:08:38.959000,00:08:42.230000,name FIB return type and it will take a argument of type int right if you want,name fib return type take argument type int right want,4,Recap
00:08:42.230000,00:08:42.240000,argument of type int right if you want,argument type int right want,4,Recap
00:08:42.240000,00:08:44.509000,argument of type int right if you want to take here variable name that is also,argument type int right want take variable name also,4,Recap
00:08:44.509000,00:08:44.519000,to take here variable name that is also,take variable name also,4,Recap
00:08:44.519000,00:08:48.030000,to take here variable name that is also fun you can take now let's define this,take variable name also fun take lets define,3,Transitions
00:08:48.030000,00:08:48.040000,fun you can take now let's define this,fun take lets define,3,Transitions
00:08:48.040000,00:08:51.990000,fun you can take now let's define this first void FIB after main I'm going you,fun take lets define first void fib main im going,3,Transitions
00:08:51.990000,00:08:52,first void FIB after main I'm going you,first void fib main im going,4,Recap
00:08:52,00:08:54.389000,first void FIB after main I'm going you know I'll Define this in mean I'm,first void fib main im going know ill define mean im,4,Recap
00:08:54.389000,00:08:54.399000,know I'll Define this in mean I'm,know ill define mean im,4,Recap
00:08:54.399000,00:08:56.990000,know I'll Define this in mean I'm calling this I'll call this so int,know ill define mean im calling ill call int,4,Recap
00:08:56.990000,00:08:57,calling this I'll call this so int,calling ill call int,4,Recap
00:08:57,00:08:59.069000,calling this I'll call this so int suppose a the variable name can be,calling ill call int suppose variable name,4,Recap
00:08:59.069000,00:08:59.079000,suppose a the variable name can be,suppose variable name,4,Recap
00:08:59.079000,00:09:01.630000,suppose a the variable name can be different,suppose variable name different,4,Recap
00:09:06.750000,00:09:06.760000,so at first we'll take like int or if,first well take like int,0,Introduction
00:09:06.760000,00:09:08.470000,so at first we'll take like int or if you take like,first well take like int take like,0,Introduction
00:09:08.470000,00:09:08.480000,you take like,take like,0,Introduction
00:09:08.480000,00:09:10.470000,you take like uh,take like uh,0,Introduction
00:09:10.470000,00:09:10.480000,uh,uh,4,Recap
00:09:10.480000,00:09:14.110000,uh T1 or we can take x x is equal,uh t1 take x x equal,5,Practical Application
00:09:14.110000,00:09:14.120000,T1 or we can take x x is equal,t1 take x x equal,5,Practical Application
00:09:14.120000,00:09:18.069000,T1 or we can take x x is equal to0 and into Y is equal to 1 first two,t1 take x x equal to0 equal 1 first two,5,Practical Application
00:09:18.069000,00:09:18.079000,to0 and into Y is equal to 1 first two,to0 equal 1 first two,5,Practical Application
00:09:18.079000,00:09:21.949000,to0 and into Y is equal to 1 first two terms 0 and 1 right we do x + y,to0 equal 1 first two terms 0 1 right x,5,Practical Application
00:09:21.949000,00:09:21.959000,terms 0 and 1 right we do x + y,terms 0 1 right x,4,Recap
00:09:21.959000,00:09:24.550000,terms 0 and 1 right we do x + y right now in four Loop because obviously,terms 0 1 right x right four loop obviously,4,Recap
00:09:24.550000,00:09:24.560000,right now in four Loop because obviously,right four loop obviously,4,Recap
00:09:24.560000,00:09:27.389000,right now in four Loop because obviously that addition would be in Loop so let's,right four loop obviously addition would loop lets,4,Recap
00:09:27.389000,00:09:27.399000,that addition would be in Loop so let's,addition would loop lets,3,Transitions
00:09:27.399000,00:09:31.870000,that addition would be in Loop so let's take a for Loop and I is equal to,addition would loop lets take loop equal,3,Transitions
00:09:31.870000,00:09:31.880000,take a for Loop and I is equal to,take loop equal,5,Practical Application
00:09:31.880000,00:09:35.230000,take a for Loop and I is equal to from how many times this Loop should,take loop equal many times loop,4,Recap
00:09:35.230000,00:09:35.240000,from how many times this Loop should,many times loop,4,Recap
00:09:35.240000,00:09:37.829000,from how many times this Loop should be,many times loop,4,Recap
00:09:37.829000,00:09:37.839000,be,,4,Recap
00:09:37.839000,00:09:40.670000,be iterated till the number of terms you,iterated till number terms,4,Recap
00:09:40.670000,00:09:40.680000,iterated till the number of terms you,iterated till number terms,4,Recap
00:09:40.680000,00:09:44.470000,iterated till the number of terms you want in that febon Series so I should be,iterated till number terms want febon series,4,Recap
00:09:44.470000,00:09:44.480000,want in that febon Series so I should be,want febon series,4,Recap
00:09:44.480000,00:09:47.829000,want in that febon Series so I should be less than equal to whatever whatever,want febon series less equal whatever whatever,5,Practical Application
00:09:47.829000,00:09:47.839000,less than equal to whatever whatever,less equal whatever whatever,5,Practical Application
00:09:47.839000,00:09:50.949000,less than equal to whatever whatever this value you passed here right here,less equal whatever whatever value passed right,5,Practical Application
00:09:50.949000,00:09:50.959000,this value you passed here right here,value passed right,4,Recap
00:09:50.959000,00:09:55.430000,this value you passed here right here while calling if suppose I pass s,value passed right calling suppose pass,4,Recap
00:09:55.430000,00:09:55.440000,while calling if suppose I pass s,calling suppose pass,4,Recap
00:09:55.440000,00:10:00.630000,while calling if suppose I pass s n right for that you have to take,calling suppose pass n right take,4,Recap
00:10:00.630000,00:10:00.640000,n right for that you have to take,n right take,4,Recap
00:10:00.640000,00:10:03.750000,n right for that you have to take int n and from user we'll take input so,n right take int n user well take input,4,Recap
00:10:03.750000,00:10:03.760000,int n and from user we'll take input so,int n user well take input,4,Recap
00:10:03.760000,00:10:05.710000,int n and from user we'll take input so we'll take this input from user right,int n user well take input well take input user right,4,Recap
00:10:05.710000,00:10:05.720000,we'll take this input from user right,well take input user right,4,Recap
00:10:05.720000,00:10:08.190000,we'll take this input from user right and we'll pass that number of terms and,well take input user right well pass number terms,4,Recap
00:10:08.190000,00:10:08.200000,and we'll pass that number of terms and,well pass number terms,4,Recap
00:10:08.200000,00:10:11.910000,and we'll pass that number of terms and so it will be in this a variable right,well pass number terms variable right,4,Recap
00:10:11.910000,00:10:11.920000,so it will be in this a variable right,variable right,4,Recap
00:10:11.920000,00:10:15.030000,so it will be in this a variable right and this would be till the number of,variable right would till number,4,Recap
00:10:15.030000,00:10:15.040000,and this would be till the number of,would till number,4,Recap
00:10:15.040000,00:10:17.550000,and this would be till the number of terms you want in that F Series right so,would till number terms want f series right,4,Recap
00:10:17.550000,00:10:17.560000,terms you want in that F Series right so,terms want f series right,4,Recap
00:10:17.560000,00:10:19.150000,terms you want in that F Series right so I should be less than equal to whatever,terms want f series right less equal whatever,5,Practical Application
00:10:19.150000,00:10:19.160000,I should be less than equal to whatever,less equal whatever,5,Practical Application
00:10:19.160000,00:10:23.269000,I should be less than equal to whatever the number of terms you want and I,less equal whatever number terms want,5,Practical Application
00:10:25.430000,00:10:25.440000,++ here what we will,,4,Recap
00:10:25.440000,00:10:31.710000,++ here what we will do we do to find out next term,find next term,6,Conclusion
00:10:35.710000,00:10:35.720000,like next term equal to x + y addition,like next term equal x addition,6,Conclusion
00:10:35.720000,00:10:39.389000,like next term equal to x + y addition of previous two so better to take here,like next term equal x addition previous two better take,6,Conclusion
00:10:39.389000,00:10:39.399000,of previous two so better to take here,previous two better take,0,Introduction
00:10:39.399000,00:10:49.389000,of previous two so better to take here first a,previous two better take first,0,Introduction
00:10:51.590000,00:10:51.600000,variable next term next term is equal to,variable next term next term equal,6,Conclusion
00:10:51.600000,00:11:00.430000,variable next term next term is equal to x + y and then after that after that see,variable next term next term equal x see,6,Conclusion
00:11:03.350000,00:11:03.360000,here the previous it was B but now it,previous b,0,Introduction
00:11:03.360000,00:11:06.910000,here the previous it was B but now it becomes a and the previous the next term,previous b becomes previous next term,6,Conclusion
00:11:06.910000,00:11:06.920000,becomes a and the previous the next term,becomes previous next term,6,Conclusion
00:11:06.920000,00:11:09.790000,becomes a and the previous the next term now it becomes B right so this logic you,becomes previous next term becomes b right logic,6,Conclusion
00:11:09.790000,00:11:09.800000,now it becomes B right so this logic you,becomes b right logic,4,Recap
00:11:09.800000,00:11:14.509000,now it becomes B right so this logic you have to apply so now a is equal to B and,becomes b right logic apply equal b,5,Practical Application
00:11:14.509000,00:11:14.519000,have to apply so now a is equal to B and,apply equal b,5,Practical Application
00:11:14.519000,00:11:18.110000,have to apply so now a is equal to B and B is equal to whatever the next,apply equal b b equal whatever next,5,Practical Application
00:11:18.110000,00:11:18.120000,B is equal to whatever the next,b equal whatever next,5,Practical Application
00:11:18.120000,00:11:19.710000,B is equal to whatever the next term,b equal whatever next term,6,Conclusion
00:11:19.710000,00:11:19.720000,term,term,6,Conclusion
00:11:19.720000,00:11:22.710000,term right and yeah obviously you have to,term right yeah obviously,6,Conclusion
00:11:22.710000,00:11:22.720000,right and yeah obviously you have to,right yeah obviously,4,Recap
00:11:22.720000,00:11:27.230000,right and yeah obviously you have to print so here first let's print C out,right yeah obviously print first lets print c,3,Transitions
00:11:27.230000,00:11:27.240000,print so here first let's print C out,print first lets print c,3,Transitions
00:11:27.240000,00:11:30.230000,print so here first let's print C out whatever the first term like,print first lets print c whatever first term like,3,Transitions
00:11:30.230000,00:11:30.240000,whatever the first term like,whatever first term like,6,Conclusion
00:11:30.240000,00:11:33.629000,whatever the first term like X,whatever first term like x,6,Conclusion
00:11:37.069000,00:11:37.079000,okay let's put one space here sorry it's,okay lets put one space sorry,2,Context Setting
00:11:37.079000,00:11:39.710000,okay let's put one space here sorry it's not a and b it's X and Y right here x is,okay lets put one space sorry b x right x,2,Context Setting
00:11:39.710000,00:11:39.720000,not a and b it's X and Y right here x is,b x right x,4,Recap
00:11:39.720000,00:11:43.430000,not a and b it's X and Y right here x is equal to Y and rather than b here we,b x right x equal rather b,5,Practical Application
00:11:43.430000,00:11:43.440000,equal to Y and rather than b here we,equal rather b,5,Practical Application
00:11:43.440000,00:11:46.590000,equal to Y and rather than b here we have y y is equal to next term I hope,equal rather b equal next term hope,5,Practical Application
00:11:46.590000,00:11:46.600000,have y y is equal to next term I hope,equal next term hope,6,Conclusion
00:11:46.600000,00:11:48.509000,have y y is equal to next term I hope you got this right and we are not,equal next term hope got right,6,Conclusion
00:11:48.509000,00:11:48.519000,you got this right and we are not,got right,4,Recap
00:11:48.519000,00:11:51.150000,you got this right and we are not returning anything so you can just leave,got right returning anything leave,4,Recap
00:11:51.150000,00:11:51.160000,returning anything so you can just leave,returning anything leave,4,Recap
00:11:51.160000,00:11:52.710000,returning anything so you can just leave this or you can just write down here,returning anything leave write,4,Recap
00:11:52.710000,00:11:52.720000,this or you can just write down here,write,4,Recap
00:11:52.720000,00:11:54.629000,this or you can just write down here simple,write simple,4,Recap
00:11:54.629000,00:11:54.639000,simple,simple,4,Recap
00:11:54.639000,00:12:03.710000,simple return okay,simple return okay,4,Recap
00:12:10.949000,00:12:10.959000,this let's turn this and I'll show,lets turn ill show,3,Transitions
00:12:10.959000,00:12:13.470000,this let's turn this and I'll show you enter the number of terms you want,lets turn ill show enter number terms want,3,Transitions
00:12:13.470000,00:12:13.480000,you enter the number of terms you want,enter number terms want,4,Recap
00:12:13.480000,00:12:17.750000,you enter the number of terms you want five so 0 1 1 2 3 you this again run,enter number terms want five 0 1 1 2 3 run,4,Recap
00:12:17.750000,00:12:17.760000,five so 0 1 1 2 3 you this again run,five 0 1 1 2 3 run,3,Transitions
00:12:17.760000,00:12:19.350000,five so 0 1 1 2 3 you this again run this and suppose,five 0 1 1 2 3 run suppose,3,Transitions
00:12:19.350000,00:12:19.360000,this and suppose,suppose,4,Recap
00:12:19.360000,00:12:25.949000,this and suppose 10 so this is up to 10 F Series,suppose 10 10 f series,4,Recap
00:12:27.949000,00:12:27.959000,right see if you're not getting this,right see youre getting,4,Recap
00:12:27.959000,00:12:30.590000,right see if you're not getting this logic it's I guess simple one you'll,right see youre getting logic guess simple one youll,2,Context Setting
00:12:30.590000,00:12:30.600000,logic it's I guess simple one you'll,logic guess simple one youll,2,Context Setting
00:12:30.600000,00:12:32.790000,logic it's I guess simple one you'll easily get it while writing this one but,logic guess simple one youll easily get writing one,2,Context Setting
00:12:32.790000,00:12:32.800000,easily get it while writing this one but,easily get writing one,2,Context Setting
00:12:32.800000,00:12:34.150000,easily get it while writing this one but still if you're not getting pause the,easily get writing one still youre getting pause,2,Context Setting
00:12:34.150000,00:12:34.160000,still if you're not getting pause the,still youre getting pause,4,Recap
00:12:34.160000,00:12:36.230000,still if you're not getting pause the video write down this program or this,still youre getting pause video write program,4,Recap
00:12:36.230000,00:12:36.240000,video write down this program or this,video write program,4,Recap
00:12:36.240000,00:12:38.790000,video write down this program or this logic you know on a piece of paper and,video write program logic know piece paper,4,Recap
00:12:38.790000,00:12:38.800000,logic you know on a piece of paper and,logic know piece paper,4,Recap
00:12:38.800000,00:12:42.910000,logic you know on a piece of paper and dry run this dry run this with your hand,logic know piece paper dry run dry run hand,4,Recap
00:12:42.910000,00:12:42.920000,dry run this dry run this with your hand,dry run dry run hand,4,Recap
00:12:42.920000,00:12:44.389000,dry run this dry run this with your hand right like this is the variable in,dry run dry run hand right like variable,4,Recap
00:12:44.389000,00:12:44.399000,right like this is the variable in,right like variable,0,Introduction
00:12:44.399000,00:12:46.670000,right like this is the variable in memory this this would be updated this,right like variable memory would updated,4,Recap
00:12:46.670000,00:12:46.680000,memory this this would be updated this,memory would updated,4,Recap
00:12:46.680000,00:12:48.590000,memory this this would be updated this for Loop and all dry than this and,memory would updated loop dry,4,Recap
00:12:48.590000,00:12:48.600000,for Loop and all dry than this and,loop dry,4,Recap
00:12:48.600000,00:12:50.150000,for Loop and all dry than this and definitely you will get it it's a simple,loop dry definitely get simple,4,Recap
00:12:50.150000,00:12:50.160000,definitely you will get it it's a simple,definitely get simple,4,Recap
00:12:50.160000,00:12:53.150000,definitely you will get it it's a simple one right so next is let's find out,definitely get simple one right next lets find,2,Context Setting
00:12:53.150000,00:12:53.160000,one right so next is let's find out,one right next lets find,2,Context Setting
00:12:53.160000,00:12:55.750000,one right so next is let's find out prime number between whatever the number,one right next lets find prime number whatever number,1,Step-by-Step Instruction
00:12:55.750000,00:12:55.760000,prime number between whatever the number,prime number whatever number,1,Step-by-Step Instruction
00:12:55.760000,00:12:58.790000,prime number between whatever the number you will give I hope you know the logic,prime number whatever number give hope know logic,1,Step-by-Step Instruction
00:12:58.790000,00:12:58.800000,you will give I hope you know the logic,give hope know logic,4,Recap
00:12:58.800000,00:13:04.030000,you will give I hope you know the logic of finding out prime number right so,give hope know logic finding prime number right,1,Step-by-Step Instruction
00:13:04.030000,00:13:04.040000,of finding out prime number right so,finding prime number right,1,Step-by-Step Instruction
00:13:04.040000,00:13:08.590000,of finding out prime number right so let's I want like in,finding prime number right lets want like,1,Step-by-Step Instruction
00:13:16.389000,00:13:16.399000,B between these two numbers suppose,b two numbers suppose,0,Introduction
00:13:16.399000,00:13:19.470000,B between these two numbers suppose number is one and 50 a is 1 B is 50 so,b two numbers suppose number one 50 1 b 50,2,Context Setting
00:13:19.470000,00:13:19.480000,number is one and 50 a is 1 B is 50 so,number one 50 1 b 50,2,Context Setting
00:13:19.480000,00:13:21.389000,number is one and 50 a is 1 B is 50 so between these two numbers whatever the,number one 50 1 b 50 two numbers whatever,2,Context Setting
00:13:21.389000,00:13:21.399000,between these two numbers whatever the,two numbers whatever,0,Introduction
00:13:21.399000,00:13:23.230000,between these two numbers whatever the prime number those I want to find out,two numbers whatever prime number want find,1,Step-by-Step Instruction
00:13:23.230000,00:13:23.240000,prime number those I want to find out,prime number want find,1,Step-by-Step Instruction
00:13:23.240000,00:13:26.829000,prime number those I want to find out all the prime numbers right so obviously,prime number want find prime numbers right obviously,1,Step-by-Step Instruction
00:13:26.829000,00:13:26.839000,all the prime numbers right so obviously,prime numbers right obviously,1,Step-by-Step Instruction
00:13:26.839000,00:13:31.269000,all the prime numbers right so obviously Loop would be from A to B so in I is =,prime numbers right obviously loop would b,1,Step-by-Step Instruction
00:13:31.269000,00:13:31.279000,Loop would be from A to B so in I is =,loop would b,4,Recap
00:13:31.279000,00:13:38.030000,Loop would be from A to B so in I is = to a to I less than equal to B and I,loop would b less equal b,5,Practical Application
00:13:38.030000,00:13:38.040000,to a to I less than equal to B and I,less equal b,5,Practical Application
00:13:38.040000,00:13:39.550000,to a to I less than equal to B and I ++,less equal b,5,Practical Application
00:13:39.550000,00:13:39.560000,++,,4,Recap
00:13:39.560000,00:13:43.870000,++ right for all the numbers if that number,right numbers number,1,Step-by-Step Instruction
00:13:43.870000,00:13:43.880000,right for all the numbers if that number,right numbers number,1,Step-by-Step Instruction
00:13:43.880000,00:13:45.670000,right for all the numbers if that number is prime number then we simply print,right numbers number prime number simply print,1,Step-by-Step Instruction
00:13:45.670000,00:13:45.680000,is prime number then we simply print,prime number simply print,1,Step-by-Step Instruction
00:13:45.680000,00:13:49.710000,is prime number then we simply print that number so to find out Prime we just,prime number simply print number find prime,1,Step-by-Step Instruction
00:13:49.710000,00:13:49.720000,that number so to find out Prime we just,number find prime,1,Step-by-Step Instruction
00:13:49.720000,00:13:51.030000,that number so to find out Prime we just suppose Define a,number find prime suppose define,1,Step-by-Step Instruction
00:13:51.030000,00:13:51.040000,suppose Define a,suppose define,4,Recap
00:13:51.040000,00:13:53.949000,suppose Define a function is prime or prime any this type,suppose define function prime prime type,1,Step-by-Step Instruction
00:13:53.949000,00:13:53.959000,function is prime or prime any this type,function prime prime type,1,Step-by-Step Instruction
00:13:53.959000,00:13:56.470000,function is prime or prime any this type of function so,function prime prime type function,1,Step-by-Step Instruction
00:13:56.470000,00:13:56.480000,of function so,function,4,Recap
00:13:56.480000,00:13:59.509000,of function so is prime,function prime,1,Step-by-Step Instruction
00:13:59.509000,00:13:59.519000,is prime,prime,1,Step-by-Step Instruction
00:13:59.519000,00:14:01.670000,is prime whatever the number like whatever I,prime whatever number like whatever,1,Step-by-Step Instruction
00:14:01.670000,00:14:01.680000,whatever the number like whatever I,whatever number like whatever,5,Practical Application
00:14:01.680000,00:14:03.910000,whatever the number like whatever I because I would be suppose A and B is 1,whatever number like whatever would suppose b 1,5,Practical Application
00:14:03.910000,00:14:03.920000,because I would be suppose A and B is 1,would suppose b 1,4,Recap
00:14:03.920000,00:14:07.470000,because I would be suppose A and B is 1 and 50 here suppose I have a is equal to,would suppose b 1 50 suppose equal,5,Practical Application
00:14:07.470000,00:14:07.480000,and 50 here suppose I have a is equal to,50 suppose equal,5,Practical Application
00:14:07.480000,00:14:11.509000,and 50 here suppose I have a is equal to 1 and B is equal to,50 suppose equal 1 b equal,5,Practical Application
00:14:14.790000,00:14:14.800000,50 so I would be from 1 to 50 so we,50 would 1 50,4,Recap
00:14:14.800000,00:14:16.509000,50 so I would be from 1 to 50 so we check for all the numbers that number is,50 would 1 50 check numbers number,4,Recap
00:14:16.509000,00:14:16.519000,check for all the numbers that number is,check numbers number,1,Step-by-Step Instruction
00:14:16.519000,00:14:19.069000,check for all the numbers that number is prime or not if this is prime that this,check numbers number prime prime,1,Step-by-Step Instruction
00:14:19.069000,00:14:19.079000,prime or not if this is prime that this,prime prime,1,Step-by-Step Instruction
00:14:19.079000,00:14:23.230000,prime or not if this is prime that this says like you can say true we simply,prime prime says like say true simply,1,Step-by-Step Instruction
00:14:23.230000,00:14:23.240000,says like you can say true we simply,says like say true simply,4,Recap
00:14:23.240000,00:14:25.590000,says like you can say true we simply print,says like say true simply print,4,Recap
00:14:25.590000,00:14:25.600000,print,print,3,Transitions
00:14:25.600000,00:14:27.629000,print I that's,print thats,4,Recap
00:14:27.629000,00:14:27.639000,I that's,thats,4,Recap
00:14:27.639000,00:14:30.749000,I that's it so now let's define,thats lets define,3,Transitions
00:14:30.749000,00:14:30.759000,it so now let's define,lets define,3,Transitions
00:14:30.759000,00:14:34.509000,it so now let's define this is prime I and suppose this will,lets define prime suppose,3,Transitions
00:14:34.509000,00:14:34.519000,this is prime I and suppose this will,prime suppose,1,Step-by-Step Instruction
00:14:34.519000,00:14:37.269000,this is prime I and suppose this will return true or false if the number is,prime suppose return true false number,1,Step-by-Step Instruction
00:14:37.269000,00:14:37.279000,return true or false if the number is,return true false number,4,Recap
00:14:37.279000,00:14:38.910000,return true or false if the number is prime it suppose the function will,return true false number prime suppose function,1,Step-by-Step Instruction
00:14:38.910000,00:14:38.920000,prime it suppose the function will,prime suppose function,1,Step-by-Step Instruction
00:14:38.920000,00:14:40.509000,prime it suppose the function will return true if the number is not prime,prime suppose function return true number prime,1,Step-by-Step Instruction
00:14:40.509000,00:14:40.519000,return true if the number is not prime,return true number prime,1,Step-by-Step Instruction
00:14:40.519000,00:14:44.389000,return true if the number is not prime it will return false right so return,return true number prime return false right return,1,Step-by-Step Instruction
00:14:44.389000,00:14:44.399000,it will return false right so return,return false right return,4,Recap
00:14:44.399000,00:14:46.310000,it will return false right so return type should be,return false right return type,4,Recap
00:14:46.310000,00:14:46.320000,type should be,type,4,Recap
00:14:46.320000,00:14:49.389000,type should be bo bu is prime whatever the number you,type bo bu prime whatever number,1,Step-by-Step Instruction
00:14:49.389000,00:14:49.399000,bo bu is prime whatever the number you,bo bu prime whatever number,1,Step-by-Step Instruction
00:14:49.399000,00:14:53.069000,bo bu is prime whatever the number you pass here suppose a let's take a,bo bu prime whatever number pass suppose lets take,1,Step-by-Step Instruction
00:14:53.069000,00:14:53.079000,pass here suppose a let's take a,pass suppose lets take,3,Transitions
00:14:53.079000,00:14:56.069000,pass here suppose a let's take a variable a and now how to find out,pass suppose lets take variable find,3,Transitions
00:14:56.069000,00:14:56.079000,variable a and now how to find out,variable find,4,Recap
00:14:56.079000,00:14:57.550000,variable a and now how to find out number is prime or note if the number is,variable find number prime note number,1,Step-by-Step Instruction
00:14:57.550000,00:14:57.560000,number is prime or note if the number is,number prime note number,1,Step-by-Step Instruction
00:14:57.560000,00:14:59.749000,number is prime or note if the number is divisible by one and it's self then that,number prime note number divisible one self,1,Step-by-Step Instruction
00:14:59.749000,00:14:59.759000,divisible by one and it's self then that,divisible one self,2,Context Setting
00:14:59.759000,00:15:05.710000,divisible by one and it's self then that is prime otherwise not like 1 2 3 7 5 9,divisible one self prime otherwise like 1 2 3 7 5 9,2,Context Setting
00:15:05.710000,00:15:05.720000,is prime otherwise not like 1 2 3 7 5 9,prime otherwise like 1 2 3 7 5 9,1,Step-by-Step Instruction
00:15:05.720000,00:15:08.910000,is prime otherwise not like 1 2 3 7 5 9 11 13 17 19 these are prime numbers,prime otherwise like 1 2 3 7 5 9 11 13 17 19 prime numbers,1,Step-by-Step Instruction
00:15:08.910000,00:15:08.920000,11 13 17 19 these are prime numbers,11 13 17 19 prime numbers,1,Step-by-Step Instruction
00:15:08.920000,00:15:11.310000,11 13 17 19 these are prime numbers these are divisible only with itself or,11 13 17 19 prime numbers divisible,1,Step-by-Step Instruction
00:15:11.310000,00:15:11.320000,these are divisible only with itself or,divisible,4,Recap
00:15:11.320000,00:15:15.629000,these are divisible only with itself or one right so how to find out suppose the,divisible one right find suppose,2,Context Setting
00:15:15.629000,00:15:15.639000,one right so how to find out suppose the,one right find suppose,2,Context Setting
00:15:15.639000,00:15:16.949000,one right so how to find out suppose the number is,one right find suppose number,2,Context Setting
00:15:16.949000,00:15:16.959000,number is,number,1,Step-by-Step Instruction
00:15:16.959000,00:15:20.990000,number is 10 one way is divide this with we know,number 10 one way divide know,2,Context Setting
00:15:20.990000,00:15:21,10 one way is divide this with we know,10 one way divide know,2,Context Setting
00:15:21,00:15:22.470000,10 one way is divide this with we know every number is divisible by two so,10 one way divide know every number divisible two,2,Context Setting
00:15:22.470000,00:15:22.480000,every number is divisible by two so,every number divisible two,4,Recap
00:15:22.480000,00:15:25.749000,every number is divisible by two so let's start with two divide this with 2,every number divisible two lets start two divide 2,3,Transitions
00:15:25.749000,00:15:25.759000,let's start with two divide this with 2,lets start two divide 2,3,Transitions
00:15:25.759000,00:15:29.990000,let's start with two divide this with 2 then 3 then 4 5 6 7 8 9 up to,lets start two divide 2 3 4 5 6 7 8 9,3,Transitions
00:15:29.990000,00:15:30,then 3 then 4 5 6 7 8 9 up to,3 4 5 6 7 8 9,4,Recap
00:15:30,00:15:31.710000,then 3 then 4 5 6 7 8 9 up to 9 or up to 10 we know the number is,3 4 5 6 7 8 9 9 10 know number,4,Recap
00:15:31.710000,00:15:31.720000,9 or up to 10 we know the number is,9 10 know number,4,Recap
00:15:31.720000,00:15:33.749000,9 or up to 10 we know the number is divisible by itself also right if you,9 10 know number divisible also right,4,Recap
00:15:33.749000,00:15:33.759000,divisible by itself also right if you,divisible also right,4,Recap
00:15:33.759000,00:15:37.069000,divisible by itself also right if you find any other between this 2 to,divisible also right find 2,4,Recap
00:15:37.069000,00:15:37.079000,find any other between this 2 to,find 2,4,Recap
00:15:37.079000,00:15:39.670000,find any other between this 2 to 9 which can divide this 10 means it is,find 2 9 divide 10 means,4,Recap
00:15:39.670000,00:15:39.680000,9 which can divide this 10 means it is,9 divide 10 means,4,Recap
00:15:39.680000,00:15:42.829000,9 which can divide this 10 means it is not prime number right but if suppose,9 divide 10 means prime number right suppose,1,Step-by-Step Instruction
00:15:42.829000,00:15:42.839000,not prime number right but if suppose,prime number right suppose,1,Step-by-Step Instruction
00:15:42.839000,00:15:45.670000,not prime number right but if suppose number is 50 so you have to divide till,prime number right suppose number 50 divide till,1,Step-by-Step Instruction
00:15:45.670000,00:15:45.680000,number is 50 so you have to divide till,number 50 divide till,4,Recap
00:15:45.680000,00:15:47.629000,number is 50 so you have to divide till 2 3 4 5 up to,number 50 divide till 2 3 4 5,4,Recap
00:15:47.629000,00:15:47.639000,2 3 4 5 up to,2 3 4 5,4,Recap
00:15:47.639000,00:15:50.910000,2 3 4 5 up to 49 and if the number is suppose 500 so,2 3 4 5 49 number suppose 500,4,Recap
00:15:50.910000,00:15:50.920000,49 and if the number is suppose 500 so,49 number suppose 500,4,Recap
00:15:50.920000,00:15:53.470000,49 and if the number is suppose 500 so you have to do that same process the,49 number suppose 500 process,4,Recap
00:15:53.470000,00:15:53.480000,you have to do that same process the,process,4,Recap
00:15:53.480000,00:15:55.069000,you have to do that same process the division step you have to check from 2,process division step check 2,4,Recap
00:15:55.069000,00:15:55.079000,division step you have to check from 2,division step check 2,4,Recap
00:15:55.079000,00:15:59.230000,division step you have to check from 2 to 449 up to 500 suppose number is 500,division step check 2 449 500 suppose number 500,4,Recap
00:15:59.230000,00:15:59.240000,to 449 up to 500 suppose number is 500,449 500 suppose number 500,4,Recap
00:15:59.240000,00:16:01.710000,to 449 up to 500 suppose number is 500 that is very lengthy thing what we can,449 500 suppose number 500 lengthy thing,4,Recap
00:16:01.710000,00:16:01.720000,that is very lengthy thing what we can,lengthy thing,4,Recap
00:16:01.720000,00:16:09.110000,that is very lengthy thing what we can do is we can just check suppose 2 3 4,lengthy thing check suppose 2 3 4,4,Recap
00:16:09.110000,00:16:09.120000,do is we can just check suppose 2 3 4,check suppose 2 3 4,4,Recap
00:16:09.120000,00:16:13.030000,do is we can just check suppose 2 3 4 5 we can just check till n by 2 N is,check suppose 2 3 4 5 check till n 2 n,4,Recap
00:16:13.030000,00:16:13.040000,5 we can just check till n by 2 N is,5 check till n 2 n,4,Recap
00:16:13.040000,00:16:15.110000,5 we can just check till n by 2 N is suppose here n is,5 check till n 2 n suppose n,4,Recap
00:16:15.110000,00:16:15.120000,suppose here n is,suppose n,4,Recap
00:16:15.120000,00:16:18.030000,suppose here n is 10 you want to find out this n is prime,suppose n 10 want find n prime,1,Step-by-Step Instruction
00:16:18.030000,00:16:18.040000,10 you want to find out this n is prime,10 want find n prime,1,Step-by-Step Instruction
00:16:18.040000,00:16:21.870000,10 you want to find out this n is prime or not so till n by2 we check till,10 want find n prime till n by2 check till,4,Recap
00:16:21.870000,00:16:21.880000,or not so till n by2 we check till,till n by2 check till,4,Recap
00:16:21.880000,00:16:24.790000,or not so till n by2 we check till 5 right because 10 would not be,till n by2 check till 5 right 10 would,4,Recap
00:16:24.790000,00:16:24.800000,5 right because 10 would not be,5 right 10 would,4,Recap
00:16:24.800000,00:16:28.990000,5 right because 10 would not be divisible by 6 7 8 9 we know suppose,5 right 10 would divisible 6 7 8 9 know suppose,4,Recap
00:16:28.990000,00:16:29,divisible by 6 7 8 9 we know suppose,divisible 6 7 8 9 know suppose,4,Recap
00:16:29,00:16:33.069000,divisible by 6 7 8 9 we know suppose number is 50 we check only from 22 and,divisible 6 7 8 9 know suppose number 50 check 22,4,Recap
00:16:33.069000,00:16:33.079000,number is 50 we check only from 22 and,number 50 check 22,4,Recap
00:16:33.079000,00:16:35.749000,number is 50 we check only from 22 and by2 till 25 because we know this would,number 50 check 22 by2 till 25 know would,4,Recap
00:16:35.749000,00:16:35.759000,by2 till 25 because we know this would,by2 till 25 know would,4,Recap
00:16:35.759000,00:16:38.829000,by2 till 25 because we know this would not be divisible by 26,by2 till 25 know would divisible 26,4,Recap
00:16:38.829000,00:16:38.839000,not be divisible by 26,divisible 26,4,Recap
00:16:38.839000,00:16:41.389000,not be divisible by 26 definitely after n by2 that number would,divisible 26 definitely n by2 number would,4,Recap
00:16:41.389000,00:16:41.399000,definitely after n by2 that number would,definitely n by2 number would,4,Recap
00:16:41.399000,00:16:43.829000,definitely after n by2 that number would not be divisible by any number because n,definitely n by2 number would divisible number n,1,Step-by-Step Instruction
00:16:43.829000,00:16:43.839000,not be divisible by any number because n,divisible number n,1,Step-by-Step Instruction
00:16:43.839000,00:16:48.430000,not be divisible by any number because n by2 here is 26 if you do 26 into 2 like,divisible number n by2 26 26 2 like,4,Recap
00:16:48.430000,00:16:48.440000,by2 here is 26 if you do 26 into 2 like,by2 26 26 2 like,4,Recap
00:16:48.440000,00:16:50.710000,by2 here is 26 if you do 26 into 2 like 26 2 are,by2 26 26 2 like 26 2,4,Recap
00:16:50.710000,00:16:50.720000,26 2 are,26 2,4,Recap
00:16:50.720000,00:16:55.509000,26 2 are it's 52 so that would be more right so,26 2 52 would right,4,Recap
00:16:55.509000,00:16:55.519000,it's 52 so that would be more right so,52 would right,4,Recap
00:16:55.519000,00:16:57.550000,it's 52 so that would be more right so it's not like that you have to check,52 would right like check,4,Recap
00:16:57.550000,00:16:57.560000,it's not like that you have to check,like check,0,Introduction
00:16:57.560000,00:16:59.790000,it's not like that you have to check till that number just,like check till number,0,Introduction
00:16:59.790000,00:16:59.800000,till that number just,till number,1,Step-by-Step Instruction
00:16:59.800000,00:17:02.870000,till that number just check just run the loop till n,till number check run loop till n,4,Recap
00:17:02.870000,00:17:02.880000,check just run the loop till n,check run loop till n,4,Recap
00:17:02.880000,00:17:05.510000,check just run the loop till n by2 and yeah the time complexity would,check run loop till n by2 yeah time complexity would,4,Recap
00:17:05.510000,00:17:05.520000,by2 and yeah the time complexity would,by2 yeah time complexity would,4,Recap
00:17:05.520000,00:17:09.069000,by2 and yeah the time complexity would be less right or one more efficient,by2 yeah time complexity would less right one efficient,4,Recap
00:17:09.069000,00:17:09.079000,be less right or one more efficient,less right one efficient,2,Context Setting
00:17:09.079000,00:17:10.590000,be less right or one more efficient solution is you can check till square,less right one efficient solution check till square,2,Context Setting
00:17:10.590000,00:17:10.600000,solution is you can check till square,solution check till square,4,Recap
00:17:10.600000,00:17:12.470000,solution is you can check till square root of that and that is also possible,solution check till square root also possible,4,Recap
00:17:12.470000,00:17:12.480000,root of that and that is also possible,root also possible,4,Recap
00:17:12.480000,00:17:15.590000,root of that and that is also possible but we just write down that uh logic,root also possible write uh logic,4,Recap
00:17:15.590000,00:17:15.600000,but we just write down that uh logic,write uh logic,4,Recap
00:17:15.600000,00:17:18.789000,but we just write down that uh logic here till n by2 that square root you uh,write uh logic till n by2 square root uh,4,Recap
00:17:18.789000,00:17:18.799000,here till n by2 that square root you uh,till n by2 square root uh,4,Recap
00:17:18.799000,00:17:22.470000,here till n by2 that square root you uh you just try out right we'll check from,till n by2 square root uh try right well check,4,Recap
00:17:22.470000,00:17:22.480000,you just try out right we'll check from,try right well check,4,Recap
00:17:22.480000,00:17:23.590000,you just try out right we'll check from 2,try right well check 2,4,Recap
00:17:23.590000,00:17:23.600000,2,2,4,Recap
00:17:23.600000,00:17:27.189000,2 to uh uh the loop will run from 2 to n,2 uh uh loop run 2 n,4,Recap
00:17:27.189000,00:17:27.199000,to uh uh the loop will run from 2 to n,uh uh loop run 2 n,4,Recap
00:17:27.199000,00:17:30.510000,to uh uh the loop will run from 2 to n by2 right 2 to I should be less than,uh uh loop run 2 n by2 right 2 less,4,Recap
00:17:30.510000,00:17:30.520000,by2 right 2 to I should be less than,by2 right 2 less,4,Recap
00:17:30.520000,00:17:32.230000,by2 right 2 to I should be less than equal to whatever the number here we,by2 right 2 less equal whatever number,5,Practical Application
00:17:32.230000,00:17:32.240000,equal to whatever the number here we,equal whatever number,5,Practical Application
00:17:32.240000,00:17:35.430000,equal to whatever the number here we have like a / by,equal whatever number like,5,Practical Application
00:17:35.430000,00:17:35.440000,have like a / by,like,0,Introduction
00:17:35.440000,00:17:38.590000,have like a / by 2 and,like 2,0,Introduction
00:17:38.590000,00:17:38.600000,2 and,2,4,Recap
00:17:38.600000,00:17:41.110000,2 and i++ okay,2 okay,4,Recap
00:17:41.110000,00:17:41.120000,i++ okay,okay,4,Recap
00:17:41.120000,00:17:43.310000,i++ okay if that,okay,4,Recap
00:17:43.310000,00:17:43.320000,if that,,4,Recap
00:17:43.320000,00:17:44.830000,if that number,number,1,Step-by-Step Instruction
00:17:44.830000,00:17:44.840000,number,number,1,Step-by-Step Instruction
00:17:44.840000,00:17:48.190000,number a is completely divisible like,number completely divisible like,0,Introduction
00:17:48.190000,00:17:48.200000,a is completely divisible like,completely divisible like,0,Introduction
00:17:48.200000,00:17:51.630000,a is completely divisible like modulo I is equal to equal,completely divisible like modulo equal equal,5,Practical Application
00:17:51.630000,00:17:51.640000,modulo I is equal to equal,modulo equal equal,5,Practical Application
00:17:51.640000,00:17:59.350000,modulo I is equal to equal to0 then it will return false,modulo equal equal to0 return false,5,Practical Application
00:18:01.789000,00:18:01.799000,right if this is divisible by any of,right divisible,4,Recap
00:18:01.799000,00:18:03.909000,right if this is divisible by any of these two from 2 to n by two definitely,right divisible two 2 n two definitely,0,Introduction
00:18:03.909000,00:18:03.919000,these two from 2 to n by two definitely,two 2 n two definitely,0,Introduction
00:18:03.919000,00:18:05.190000,these two from 2 to n by two definitely that would not be a prime number so it,two 2 n two definitely would prime number,1,Step-by-Step Instruction
00:18:05.190000,00:18:05.200000,that would not be a prime number so it,would prime number,1,Step-by-Step Instruction
00:18:05.200000,00:18:06.390000,that would not be a prime number so it will return,would prime number return,1,Step-by-Step Instruction
00:18:06.390000,00:18:06.400000,will return,return,4,Recap
00:18:06.400000,00:18:10.029000,will return false okay and after,return false okay,4,Recap
00:18:10.029000,00:18:10.039000,false okay and after,false okay,4,Recap
00:18:10.039000,00:18:13.190000,false okay and after that,false okay,4,Recap
00:18:15.789000,00:18:15.799000,otherwise return,otherwise return,4,Recap
00:18:15.799000,00:18:18.870000,otherwise return true after completing this whole,otherwise return true completing whole,4,Recap
00:18:18.870000,00:18:18.880000,true after completing this whole,true completing whole,4,Recap
00:18:18.880000,00:18:21.950000,true after completing this whole Loop if this condition would not,true completing whole loop condition would,4,Recap
00:18:21.950000,00:18:21.960000,Loop if this condition would not,loop condition would,4,Recap
00:18:21.960000,00:18:24.590000,Loop if this condition would not hit then it will return true that would,loop condition would hit return true would,4,Recap
00:18:24.590000,00:18:24.600000,hit then it will return true that would,hit return true would,4,Recap
00:18:24.600000,00:18:27.270000,hit then it will return true that would be a prime number so in main for,hit return true would prime number main,1,Step-by-Step Instruction
00:18:27.270000,00:18:27.280000,be a prime number so in main for,prime number main,1,Step-by-Step Instruction
00:18:27.280000,00:18:29.270000,be a prime number so in main for successful completion just,prime number main successful completion,1,Step-by-Step Instruction
00:18:29.270000,00:18:29.280000,successful completion just,successful completion,4,Recap
00:18:29.280000,00:18:31.310000,successful completion just return zero and let's run this and see,successful completion return zero lets run see,3,Transitions
00:18:31.310000,00:18:31.320000,return zero and let's run this and see,return zero lets run see,3,Transitions
00:18:31.320000,00:18:34.350000,return zero and let's run this and see what output you will get a and b suppose,return zero lets run see output get b suppose,3,Transitions
00:18:34.350000,00:18:34.360000,what output you will get a and b suppose,output get b suppose,4,Recap
00:18:34.360000,00:18:36.710000,what output you will get a and b suppose 1 to,output get b suppose 1,4,Recap
00:18:36.710000,00:18:36.720000,1 to,1,4,Recap
00:18:36.720000,00:18:39.430000,1 to 10 1 2 3 5,1 10 1 2 3 5,4,Recap
00:18:39.430000,00:18:39.440000,10 1 2 3 5,10 1 2 3 5,4,Recap
00:18:39.440000,00:18:43.390000,10 1 2 3 5 7 let's run this again and see from 11,10 1 2 3 5 7 lets run see 11,3,Transitions
00:18:43.390000,00:18:43.400000,7 let's run this again and see from 11,7 lets run see 11,3,Transitions
00:18:43.400000,00:18:48.430000,7 let's run this again and see from 11 to 20 11 13 17 19 yes you're getting,7 lets run see 11 20 11 13 17 19 yes youre getting,3,Transitions
00:18:48.430000,00:18:48.440000,to 20 11 13 17 19 yes you're getting,20 11 13 17 19 yes youre getting,4,Recap
00:18:48.440000,00:18:53.270000,to 20 11 13 17 19 yes you're getting right let's run this again and 1,20 11 13 17 19 yes youre getting right lets run 1,3,Transitions
00:18:53.270000,00:18:53.280000,right let's run this again and 1,right lets run 1,3,Transitions
00:18:53.280000,00:18:59.070000,right let's run this again and 1 1250 1 2 3 5 7 11 13 and up to 15 47,right lets run 1 1250 1 2 3 5 7 11 13 15 47,3,Transitions
00:18:59.070000,00:18:59.080000,1250 1 2 3 5 7 11 13 and up to 15 47,1250 1 2 3 5 7 11 13 15 47,4,Recap
00:18:59.080000,00:19:02.830000,1250 1 2 3 5 7 11 13 and up to 15 47 right so I hope you got this so I hope,1250 1 2 3 5 7 11 13 15 47 right hope got hope,4,Recap
00:19:02.830000,00:19:02.840000,right so I hope you got this so I hope,right hope got hope,4,Recap
00:19:02.840000,00:19:04.630000,right so I hope you got this so I hope you got these exercises if you didn't,right hope got hope got exercises didnt,4,Recap
00:19:04.630000,00:19:04.640000,you got these exercises if you didn't,got exercises didnt,4,Recap
00:19:04.640000,00:19:06.590000,you got these exercises if you didn't get this it's okay just pause the video,got exercises didnt get okay pause video,4,Recap
00:19:06.590000,00:19:06.600000,get this it's okay just pause the video,get okay pause video,4,Recap
00:19:06.600000,00:19:08.390000,get this it's okay just pause the video write down all these exercises on a,get okay pause video write exercises,4,Recap
00:19:08.390000,00:19:08.400000,write down all these exercises on a,write exercises,4,Recap
00:19:08.400000,00:19:10.070000,write down all these exercises on a piece of paper and write on these These,write exercises piece paper write,4,Recap
00:19:10.070000,00:19:10.080000,piece of paper and write on these These,piece paper write,4,Recap
00:19:10.080000,00:19:12.350000,piece of paper and write on these These are easy one right in the next video,piece paper write easy one right next video,2,Context Setting
00:19:12.350000,00:19:12.360000,are easy one right in the next video,easy one right next video,2,Context Setting
00:19:12.360000,00:19:16.070000,are easy one right in the next video we'll see that Pascal triangle because I,easy one right next video well see pascal triangle,2,Context Setting
00:19:16.070000,00:19:16.080000,we'll see that Pascal triangle because I,well see pascal triangle,4,Recap
00:19:16.080000,00:19:18.110000,we'll see that Pascal triangle because I got many comments regarding that like,well see pascal triangle got many comments regarding like,4,Recap
00:19:18.110000,00:19:18.120000,got many comments regarding that like,got many comments regarding like,4,Recap
00:19:18.120000,00:19:19.750000,got many comments regarding that like write a program to print Pascal triangle,got many comments regarding like write program print pascal triangle,4,Recap
00:19:19.750000,00:19:19.760000,write a program to print Pascal triangle,write program print pascal triangle,4,Recap
00:19:19.760000,00:19:21.590000,write a program to print Pascal triangle so we'll see that thing in next video,write program print pascal triangle well see thing next video,4,Recap
00:19:21.590000,00:19:21.600000,so we'll see that thing in next video,well see thing next video,4,Recap
00:19:21.600000,00:19:22.909000,so we'll see that thing in next video right so now I'll see you in the next,well see thing next video right ill see next,6,Conclusion
00:19:22.909000,00:19:22.919000,right so now I'll see you in the next,right ill see next,6,Conclusion
00:19:22.919000,00:19:27.039000,right so now I'll see you in the next then byebye take care,right ill see next byebye take care,4,Recap
