Start Time,End Time,Text,Cleaned Text,Cluster,Workflow Step
00:00:02.030000,00:00:02.040000,hey everyone I hope you are safe and,hey everyone hope safe,3,Transitions
00:00:02.040000,00:00:04.070000,hey everyone I hope you are safe and doing good so in the series of learning,hey everyone hope safe good series learning,3,Transitions
00:00:04.070000,00:00:04.080000,doing good so in the series of learning,good series learning,3,Transitions
00:00:04.080000,00:00:05.829000,doing good so in the series of learning C++ programming language we are,good series learning c programming language,3,Transitions
00:00:05.829000,00:00:05.839000,C++ programming language we are,c programming language,3,Transitions
00:00:05.839000,00:00:07.869000,C++ programming language we are discussing functions in C++ in previous,c programming language discussing functions c previous,3,Transitions
00:00:07.869000,00:00:07.879000,discussing functions in C++ in previous,discussing functions c previous,3,Transitions
00:00:07.879000,00:00:09.950000,discussing functions in C++ in previous video we have seen some uh coding,discussing functions c previous video seen uh coding,6,Conclusion
00:00:09.950000,00:00:09.960000,video we have seen some uh coding,video seen uh coding,6,Conclusion
00:00:09.960000,00:00:12.870000,video we have seen some uh coding exercises based on functions right now,video seen uh coding exercises based functions right,6,Conclusion
00:00:12.870000,00:00:12.880000,exercises based on functions right now,exercises based functions right,3,Transitions
00:00:12.880000,00:00:14.709000,exercises based on functions right now we have discussed function overloading,exercises based functions right discussed function overloading,3,Transitions
00:00:14.709000,00:00:14.719000,we have discussed function overloading,discussed function overloading,3,Transitions
00:00:14.719000,00:00:17.670000,we have discussed function overloading so we will see in this video uh exercise,discussed function overloading see video uh exercise,6,Conclusion
00:00:17.670000,00:00:17.680000,so we will see in this video uh exercise,see video uh exercise,6,Conclusion
00:00:17.680000,00:00:20.550000,so we will see in this video uh exercise based on function overloading right and,see video uh exercise based function overloading right,6,Conclusion
00:00:20.550000,00:00:20.560000,based on function overloading right and,based function overloading right,3,Transitions
00:00:20.560000,00:00:22.910000,based on function overloading right and what is that exercise you have to write,based function overloading right exercise write,3,Transitions
00:00:22.910000,00:00:22.920000,what is that exercise you have to write,exercise write,4,Recap
00:00:22.920000,00:00:25.390000,what is that exercise you have to write down a program to find area of different,exercise write program find area different,4,Recap
00:00:25.390000,00:00:25.400000,down a program to find area of different,program find area different,4,Recap
00:00:25.400000,00:00:28.630000,down a program to find area of different different shapes like Square rectangle,program find area different different shapes like square rectangle,4,Recap
00:00:28.630000,00:00:28.640000,different shapes like Square rectangle,different shapes like square rectangle,4,Recap
00:00:28.640000,00:00:33.190000,different shapes like Square rectangle and circle by calling a function area I,different shapes like square rectangle circle calling function area,4,Recap
00:00:33.190000,00:00:33.200000,and circle by calling a function area I,circle calling function area,5,Practical Application
00:00:33.200000,00:00:35.229000,and circle by calling a function area I would say by calling an overloaded,circle calling function area would say calling overloaded,2,Context Setting
00:00:35.229000,00:00:35.239000,would say by calling an overloaded,would say calling overloaded,2,Context Setting
00:00:35.239000,00:00:39.310000,would say by calling an overloaded function area so here you got it area is,would say calling overloaded function area got area,2,Context Setting
00:00:39.310000,00:00:39.320000,function area so here you got it area is,function area got area,4,Recap
00:00:39.320000,00:00:41.270000,function area so here you got it area is a function that would be overloaded here,function area got area function would overloaded,2,Context Setting
00:00:41.270000,00:00:41.280000,a function that would be overloaded here,function would overloaded,2,Context Setting
00:00:41.280000,00:00:43.830000,a function that would be overloaded here in your program right so the name of,function would overloaded program right name,2,Context Setting
00:00:43.830000,00:00:43.840000,in your program right so the name of,program right name,3,Transitions
00:00:43.840000,00:00:47.430000,in your program right so the name of this uh function would be same area but,program right name uh function would area,2,Context Setting
00:00:47.430000,00:00:47.440000,this uh function would be same area but,uh function would area,2,Context Setting
00:00:47.440000,00:00:48.950000,this uh function would be same area but you have to Define this function three,uh function would area define function three,2,Context Setting
00:00:48.950000,00:00:48.960000,you have to Define this function three,define function three,3,Transitions
00:00:48.960000,00:00:51.830000,you have to Define this function three times one for calculating area of square,define function three times one calculating area square,3,Transitions
00:00:51.830000,00:00:51.840000,times one for calculating area of square,times one calculating area square,4,Recap
00:00:51.840000,00:00:55.270000,times one for calculating area of square area of rectangle and area of circle,times one calculating area square area rectangle area circle,4,Recap
00:00:55.270000,00:00:55.280000,area of rectangle and area of circle,area rectangle area circle,4,Recap
00:00:55.280000,00:00:57.150000,area of rectangle and area of circle right I hope you know how to find out,area rectangle area circle right hope know find,4,Recap
00:00:57.150000,00:00:57.160000,right I hope you know how to find out,right hope know find,4,Recap
00:00:57.160000,00:01:00.630000,right I hope you know how to find out area of square it's side into side side,right hope know find area square side side side,0,Introduction
00:01:00.630000,00:01:00.640000,area of square it's side into side side,area square side side side,0,Introduction
00:01:00.640000,00:01:03.830000,area of square it's side into side side right you have to just give one uh let's,area square side side side right give one uh lets,0,Introduction
00:01:03.830000,00:01:03.840000,right you have to just give one uh let's,right give one uh lets,1,Step-by-Step Instruction
00:01:03.840000,00:01:07.190000,right you have to just give one uh let's suppose one integer variable side would,right give one uh lets suppose one integer variable side would,6,Conclusion
00:01:07.190000,00:01:07.200000,suppose one integer variable side would,suppose one integer variable side would,2,Context Setting
00:01:07.200000,00:01:11.630000,suppose one integer variable side would be int and thus area of uh Square would,suppose one integer variable side would int thus area uh square would,2,Context Setting
00:01:11.630000,00:01:11.640000,be int and thus area of uh Square would,int thus area uh square would,2,Context Setting
00:01:11.640000,00:01:13.870000,be int and thus area of uh Square would return integer value right so return,int thus area uh square would return integer value right return,6,Conclusion
00:01:13.870000,00:01:13.880000,return integer value right so return,return integer value right return,6,Conclusion
00:01:13.880000,00:01:15.670000,return integer value right so return type would be int and argument will pass,return integer value right return type would int argument pass,2,Context Setting
00:01:15.670000,00:01:15.680000,type would be int and argument will pass,type would int argument pass,2,Context Setting
00:01:15.680000,00:01:18.429000,type would be int and argument will pass would be int second for calculating area,type would int argument pass would int second calculating area,2,Context Setting
00:01:18.429000,00:01:18.439000,would be int second for calculating area,would int second calculating area,2,Context Setting
00:01:18.439000,00:01:21.030000,would be int second for calculating area of rectangle that would accept two,would int second calculating area rectangle would accept two,2,Context Setting
00:01:21.030000,00:01:21.040000,of rectangle that would accept two,rectangle would accept two,2,Context Setting
00:01:21.040000,00:01:23.230000,of rectangle that would accept two argument length and width of rectangle,rectangle would accept two argument length width rectangle,0,Introduction
00:01:23.230000,00:01:23.240000,argument length and width of rectangle,argument length width rectangle,0,Introduction
00:01:23.240000,00:01:25.230000,argument length and width of rectangle that would be in double and it will,argument length width rectangle would double,0,Introduction
00:01:25.230000,00:01:25.240000,that would be in double and it will,would double,2,Context Setting
00:01:25.240000,00:01:28.149000,that would be in double and it will return a double value right area of,would double return double value right area,5,Practical Application
00:01:28.149000,00:01:28.159000,return a double value right area of,return double value right area,6,Conclusion
00:01:28.159000,00:01:30.590000,return a double value right area of circle it will also take one argument,return double value right area circle also take one argument,5,Practical Application
00:01:30.590000,00:01:30.600000,circle it will also take one argument,circle also take one argument,5,Practical Application
00:01:30.600000,00:01:33.789000,circle it will also take one argument that be double that is radius P R square,circle also take one argument double radius p r square,5,Practical Application
00:01:33.789000,00:01:33.799000,that be double that is radius P R square,double radius p r square,5,Practical Application
00:01:33.799000,00:01:36.109000,that be double that is radius P R square right the area of circle and it will,double radius p r square right area circle,5,Practical Application
00:01:36.109000,00:01:36.119000,right the area of circle and it will,right area circle,4,Recap
00:01:36.119000,00:01:38.270000,right the area of circle and it will return double return type of that would,right area circle return double return type would,5,Practical Application
00:01:38.270000,00:01:38.280000,return double return type of that would,return double return type would,2,Context Setting
00:01:38.280000,00:01:39.950000,return double return type of that would be also double so,return double return type would also double,5,Practical Application
00:01:39.950000,00:01:39.960000,be also double so,also double,5,Practical Application
00:01:39.960000,00:01:42.350000,be also double so three uh you have to Define this area,also double three uh define area,5,Practical Application
00:01:42.350000,00:01:42.360000,three uh you have to Define this area,three uh define area,3,Transitions
00:01:42.360000,00:01:44.190000,three uh you have to Define this area function three times right but name,three uh define area function three times right name,3,Transitions
00:01:44.190000,00:01:44.200000,function three times right but name,function three times right name,3,Transitions
00:01:44.200000,00:01:48.149000,function three times right but name would be same I hope you got my question,function three times right name would hope got question,2,Context Setting
00:01:48.149000,00:01:48.159000,would be same I hope you got my question,would hope got question,2,Context Setting
00:01:48.159000,00:01:49.950000,would be same I hope you got my question right so now pause the video and try,would hope got question right pause video try,2,Context Setting
00:01:49.950000,00:01:49.960000,right so now pause the video and try,right pause video try,6,Conclusion
00:01:49.960000,00:01:53.350000,right so now pause the video and try this out so I hope you have done this,right pause video try hope done,3,Transitions
00:01:53.350000,00:01:53.360000,this out so I hope you have done this,hope done,3,Transitions
00:01:53.360000,00:01:55.310000,this out so I hope you have done this now we will,hope done,3,Transitions
00:01:55.310000,00:01:55.320000,now we will,,3,Transitions
00:01:55.320000,00:01:58.830000,now we will Define that area function three times,define area function three times,3,Transitions
00:01:58.830000,00:01:58.840000,Define that area function three times,define area function three times,3,Transitions
00:01:58.840000,00:02:01.870000,Define that area function three times right so let let's take first prototype,define area function three times right let lets take first prototype,1,Step-by-Step Instruction
00:02:01.870000,00:02:01.880000,right so let let's take first prototype,right let lets take first prototype,1,Step-by-Step Instruction
00:02:01.880000,00:02:05.350000,right so let let's take first prototype or function declaration so one would be,right let lets take first prototype function declaration one would,1,Step-by-Step Instruction
00:02:05.350000,00:02:05.360000,or function declaration so one would be,function declaration one would,2,Context Setting
00:02:05.360000,00:02:10.229000,or function declaration so one would be in name would be area and it will take,function declaration one would name would area take,2,Context Setting
00:02:10.229000,00:02:10.239000,in name would be area and it will take,name would area take,2,Context Setting
00:02:10.239000,00:02:12.949000,in name would be area and it will take one argument of type int to calculate,name would area take one argument type int calculate,2,Context Setting
00:02:12.949000,00:02:12.959000,one argument of type int to calculate,one argument type int calculate,2,Context Setting
00:02:12.959000,00:02:16.790000,one argument of type int to calculate area of square second would be of type,one argument type int calculate area square second would type,2,Context Setting
00:02:16.790000,00:02:16.800000,area of square second would be of type,area square second would type,2,Context Setting
00:02:16.800000,00:02:19.790000,area of square second would be of type double and name would be same and it,area square second would type double name would,2,Context Setting
00:02:19.790000,00:02:19.800000,double and name would be same and it,double name would,2,Context Setting
00:02:19.800000,00:02:24.430000,double and name would be same and it will take two argument double and double,double name would take two argument double double,5,Practical Application
00:02:24.430000,00:02:24.440000,will take two argument double and double,take two argument double double,5,Practical Application
00:02:24.440000,00:02:27.309000,will take two argument double and double to calculate area of,take two argument double double calculate area,5,Practical Application
00:02:27.309000,00:02:27.319000,to calculate area of,calculate area,4,Recap
00:02:27.319000,00:02:32.270000,to calculate area of rectangle right and third is also return,calculate area rectangle right third also return,4,Recap
00:02:32.270000,00:02:32.280000,rectangle right and third is also return,rectangle right third also return,4,Recap
00:02:32.280000,00:02:36.229000,rectangle right and third is also return type is same double name is same area,rectangle right third also return type double name area,5,Practical Application
00:02:36.229000,00:02:36.239000,type is same double name is same area,type double name area,5,Practical Application
00:02:36.239000,00:02:37.990000,type is same double name is same area and it will take only one argument of,type double name area take one argument,5,Practical Application
00:02:37.990000,00:02:38,and it will take only one argument of,take one argument,5,Practical Application
00:02:38,00:02:42.750000,and it will take only one argument of type double this is to calculate area of,take one argument type double calculate area,5,Practical Application
00:02:42.750000,00:02:42.760000,type double this is to calculate area of,type double calculate area,5,Practical Application
00:02:42.760000,00:02:44.350000,type double this is to calculate area of circle,type double calculate area circle,5,Practical Application
00:02:44.350000,00:02:44.360000,circle,circle,5,Practical Application
00:02:44.360000,00:02:47.149000,circle right okay now we are calling these,circle right okay calling,1,Step-by-Step Instruction
00:02:47.149000,00:02:47.159000,right okay now we are calling these,right okay calling,1,Step-by-Step Instruction
00:02:47.159000,00:02:49.190000,right okay now we are calling these function in main we'll call this let's,right okay calling function main well call lets,1,Step-by-Step Instruction
00:02:49.190000,00:02:49.200000,function in main we'll call this let's,function main well call lets,1,Step-by-Step Instruction
00:02:49.200000,00:02:52.030000,function in main we'll call this let's define these function first right so,function main well call lets define function first right,1,Step-by-Step Instruction
00:02:52.030000,00:02:52.040000,define these function first right so,define function first right,3,Transitions
00:02:52.040000,00:02:53.229000,define these function first right so first is,define function first right first,3,Transitions
00:02:53.229000,00:02:53.239000,first is,first,3,Transitions
00:02:53.239000,00:02:57.229000,first is in area and in definition you have to,first area definition,4,Recap
00:02:57.229000,00:02:57.239000,in area and in definition you have to,area definition,4,Recap
00:02:57.239000,00:03:00.350000,in area and in definition you have to take a variable name also that is,area definition take variable name also,3,Transitions
00:03:00.350000,00:03:00.360000,take a variable name also that is,take variable name also,3,Transitions
00:03:00.360000,00:03:02.670000,take a variable name also that is like inside or any variable take a b c x,take variable name also like inside variable take b c x,3,Transitions
00:03:02.670000,00:03:02.680000,like inside or any variable take a b c x,like inside variable take b c x,3,Transitions
00:03:02.680000,00:03:04.869000,like inside or any variable take a b c x y z s any variable name you can take,like inside variable take b c x z variable name take,3,Transitions
00:03:04.869000,00:03:04.879000,y z s any variable name you can take,z variable name take,3,Transitions
00:03:04.879000,00:03:06.860000,y z s any variable name you can take right and it will simply,z variable name take right simply,3,Transitions
00:03:06.860000,00:03:06.870000,right and it will simply,right simply,4,Recap
00:03:06.870000,00:03:10.949000,right and it will simply [Music],right simply music,4,Recap
00:03:14.149000,00:03:14.159000,return how to calculate area of,return calculate area,4,Recap
00:03:14.159000,00:03:16.509000,return how to calculate area of square that length into length or the,return calculate area square length length,0,Introduction
00:03:16.509000,00:03:16.519000,square that length into length or the,square length length,0,Introduction
00:03:16.519000,00:03:19.190000,square that length into length or the side into side or you can use that power,square length length side side use power,0,Introduction
00:03:19.190000,00:03:19.200000,side into side or you can use that power,side side use power,0,Introduction
00:03:19.200000,00:03:21.910000,side into side or you can use that power function you can include that cth,side side use power function include cth,0,Introduction
00:03:21.910000,00:03:21.920000,function you can include that cth,function include cth,3,Transitions
00:03:21.920000,00:03:23.509000,function you can include that cth library and from there you can use power,function include cth library use power,3,Transitions
00:03:23.509000,00:03:23.519000,library and from there you can use power,library use power,3,Transitions
00:03:23.519000,00:03:26.270000,library and from there you can use power function to calculate power but here I'm,library use power function calculate power im,3,Transitions
00:03:26.270000,00:03:26.280000,function to calculate power but here I'm,function calculate power im,3,Transitions
00:03:26.280000,00:03:28.550000,function to calculate power but here I'm just using simply side into side that's,function calculate power im using simply side side thats,0,Introduction
00:03:28.550000,00:03:28.560000,just using simply side into side that's,using simply side side thats,0,Introduction
00:03:28.560000,00:03:30.509000,just using simply side into side that's it right,using simply side side thats right,0,Introduction
00:03:30.509000,00:03:30.519000,it right,right,4,Recap
00:03:30.519000,00:03:34.030000,it right so same like here we take a variable int,right like take variable int,3,Transitions
00:03:34.030000,00:03:34.040000,so same like here we take a variable int,like take variable int,3,Transitions
00:03:34.040000,00:03:37.270000,so same like here we take a variable int a variable Square underscore side and,like take variable int variable square underscore side,3,Transitions
00:03:37.270000,00:03:37.280000,a variable Square underscore side and,variable square underscore side,0,Introduction
00:03:37.280000,00:03:41.710000,a variable Square underscore side and from user we will take input and,variable square underscore side user take input,0,Introduction
00:03:41.710000,00:03:41.720000,from user we will take input and,user take input,3,Transitions
00:03:41.720000,00:03:45.710000,from user we will take input and simply we will pass that,user take input simply pass,3,Transitions
00:03:45.710000,00:03:45.720000,simply we will pass that,simply pass,3,Transitions
00:03:45.720000,00:03:49.949000,simply we will pass that area this Square side here right but see,simply pass area square side right see,0,Introduction
00:03:49.949000,00:03:49.959000,area this Square side here right but see,area square side right see,0,Introduction
00:03:49.959000,00:03:53.789000,area this Square side here right but see it is returning integer Valu so you have,area square side right see returning integer valu,6,Conclusion
00:03:53.789000,00:03:53.799000,it is returning integer Valu so you have,returning integer valu,6,Conclusion
00:03:53.799000,00:03:56.390000,it is returning integer Valu so you have to uh store that value or fetch that,returning integer valu uh store value fetch,6,Conclusion
00:03:56.390000,00:03:56.400000,to uh store that value or fetch that,uh store value fetch,6,Conclusion
00:03:56.400000,00:03:58.949000,to uh store that value or fetch that value in an integer variable right so,uh store value fetch value integer variable right,6,Conclusion
00:03:58.949000,00:03:58.959000,value in an integer variable right so,value integer variable right,6,Conclusion
00:03:58.959000,00:04:01.110000,value in an integer variable right so let's take here in square side as well,value integer variable right lets take square side well,6,Conclusion
00:04:01.110000,00:04:01.120000,let's take here in square side as well,lets take square side well,1,Step-by-Step Instruction
00:04:01.120000,00:04:02.069000,let's take here in square side as well as,lets take square side well,1,Step-by-Step Instruction
00:04:02.069000,00:04:02.079000,as,,3,Transitions
00:04:02.079000,00:04:07.069000,as a area of,area,4,Recap
00:04:09.550000,00:04:09.560000,square this variable name area of square,square variable name area square,4,Recap
00:04:09.560000,00:04:12.429000,square this variable name area of square any variable name you can take,square variable name area square variable name take,3,Transitions
00:04:12.429000,00:04:12.439000,any variable name you can take,variable name take,3,Transitions
00:04:12.439000,00:04:16.990000,any variable name you can take and area of square equal,variable name take area square equal,3,Transitions
00:04:16.990000,00:04:17,and area of square equal,area square equal,4,Recap
00:04:17,00:04:20.150000,and area of square equal to area and square we will here Square,area square equal area square square,4,Recap
00:04:20.150000,00:04:20.160000,to area and square we will here Square,area square square,4,Recap
00:04:20.160000,00:04:21.550000,to area and square we will here Square side will pass so whatever this function,area square square side pass whatever function,0,Introduction
00:04:21.550000,00:04:21.560000,side will pass so whatever this function,side pass whatever function,0,Introduction
00:04:21.560000,00:04:23.629000,side will pass so whatever this function will return we we are going to store,side pass whatever function return going store,0,Introduction
00:04:23.629000,00:04:23.639000,will return we we are going to store,return going store,6,Conclusion
00:04:23.639000,00:04:26.749000,will return we we are going to store that value into this integer variable,return going store value integer variable,6,Conclusion
00:04:26.749000,00:04:26.759000,that value into this integer variable,value integer variable,6,Conclusion
00:04:26.759000,00:04:30.350000,that value into this integer variable and we simply print this C out area of,value integer variable simply print c area,6,Conclusion
00:04:30.350000,00:04:30.360000,and we simply print this C out area of,simply print c area,4,Recap
00:04:30.360000,00:04:31.390000,and we simply print this C out area of square,simply print c area square,4,Recap
00:04:31.390000,00:04:31.400000,square,square,4,Recap
00:04:31.400000,00:04:35.990000,square is simply print this one you got it so,square simply print one got,4,Recap
00:04:35.990000,00:04:36,is simply print this one you got it so,simply print one got,4,Recap
00:04:36,00:04:39.189000,is simply print this one you got it so till now let's run this and see if this,simply print one got till lets run see,1,Step-by-Step Instruction
00:04:39.189000,00:04:39.199000,till now let's run this and see if this,till lets run see,1,Step-by-Step Instruction
00:04:39.199000,00:04:41.749000,till now let's run this and see if this function is working or not four and area,till lets run see function working four area,1,Step-by-Step Instruction
00:04:41.749000,00:04:41.759000,function is working or not four and area,function working four area,4,Recap
00:04:41.759000,00:04:45.230000,function is working or not four and area of square is 16 yeah it is working right,function working four area square 16 yeah working right,4,Recap
00:04:45.230000,00:04:45.240000,of square is 16 yeah it is working right,square 16 yeah working right,4,Recap
00:04:45.240000,00:04:47.870000,of square is 16 yeah it is working right now let's define,square 16 yeah working right lets define,1,Step-by-Step Instruction
00:04:47.870000,00:04:47.880000,now let's define,lets define,1,Step-by-Step Instruction
00:04:47.880000,00:04:49.909000,now let's define another,lets define another,1,Step-by-Step Instruction
00:04:49.909000,00:04:49.919000,another,another,3,Transitions
00:04:49.919000,00:04:53.909000,another function double name is same,another function double name,3,Transitions
00:04:53.909000,00:04:53.919000,function double name is same,function double name,3,Transitions
00:04:53.919000,00:04:57.909000,function double name is same area and here we will take like Double,function double name area take like double,5,Practical Application
00:04:57.909000,00:04:57.919000,area and here we will take like Double,area take like double,5,Practical Application
00:04:57.919000,00:05:02.390000,area and here we will take like Double L double w,area take like double l double w,5,Practical Application
00:05:05.150000,00:05:05.160000,and it will return how to calculate area,return calculate area,4,Recap
00:05:05.160000,00:05:09.790000,and it will return how to calculate area of rectangle length into width so L into,return calculate area rectangle length width l,0,Introduction
00:05:09.790000,00:05:09.800000,of rectangle length into width so L into,rectangle length width l,0,Introduction
00:05:09.800000,00:05:13.150000,of rectangle length into width so L into W that's it obviously we will pass these,rectangle length width l w thats obviously pass,0,Introduction
00:05:13.150000,00:05:13.160000,W that's it obviously we will pass these,w thats obviously pass,3,Transitions
00:05:13.160000,00:05:15.710000,W that's it obviously we will pass these two arguments while calling so first,w thats obviously pass two arguments calling first,1,Step-by-Step Instruction
00:05:15.710000,00:05:15.720000,two arguments while calling so first,two arguments calling first,1,Step-by-Step Instruction
00:05:15.720000,00:05:16.749000,two arguments while calling so first let's,two arguments calling first lets,1,Step-by-Step Instruction
00:05:16.749000,00:05:16.759000,let's,lets,1,Step-by-Step Instruction
00:05:16.759000,00:05:18.749000,let's take,lets take,1,Step-by-Step Instruction
00:05:18.749000,00:05:18.759000,take,take,5,Practical Application
00:05:18.759000,00:05:23.510000,take double length comma width two,take double length comma width two,0,Introduction
00:05:23.510000,00:05:23.520000,double length comma width two,double length comma width two,0,Introduction
00:05:23.520000,00:05:26.830000,double length comma width two variables right and as well as suppose,double length comma width two variables right well suppose,0,Introduction
00:05:26.830000,00:05:26.840000,variables right and as well as suppose,variables right well suppose,4,Recap
00:05:26.840000,00:05:28.590000,variables right and as well as suppose we take another variable area of,variables right well suppose take another variable area,4,Recap
00:05:28.590000,00:05:28.600000,we take another variable area of,take another variable area,3,Transitions
00:05:28.600000,00:05:30.510000,we take another variable area of rectangle,take another variable area rectangle,4,Recap
00:05:30.510000,00:05:30.520000,rectangle,rectangle,4,Recap
00:05:30.520000,00:05:32.510000,rectangle now after calling area of square let's,rectangle calling area square lets,1,Step-by-Step Instruction
00:05:32.510000,00:05:32.520000,now after calling area of square let's,calling area square lets,1,Step-by-Step Instruction
00:05:32.520000,00:05:35.150000,now after calling area of square let's ask from user to enter length and width,calling area square lets ask user enter length width,0,Introduction
00:05:35.150000,00:05:35.160000,ask from user to enter length and width,ask user enter length width,0,Introduction
00:05:35.160000,00:05:38.350000,ask from user to enter length and width of a rectangle right and,ask user enter length width rectangle right,0,Introduction
00:05:38.350000,00:05:38.360000,of a rectangle right and,rectangle right,4,Recap
00:05:38.360000,00:05:42.590000,of a rectangle right and now area of rect equal to we just call,rectangle right area rect equal call,4,Recap
00:05:42.590000,00:05:42.600000,now area of rect equal to we just call,area rect equal call,4,Recap
00:05:42.600000,00:05:45.150000,now area of rect equal to we just call this function area and we'll,area rect equal call function area well,4,Recap
00:05:45.150000,00:05:45.160000,this function area and we'll,function area well,4,Recap
00:05:45.160000,00:05:47.749000,this function area and we'll pass whatever the length user has,function area well pass whatever length user,0,Introduction
00:05:47.749000,00:05:47.759000,pass whatever the length user has,pass whatever length user,0,Introduction
00:05:47.759000,00:05:51.390000,pass whatever the length user has entered and the,pass whatever length user entered,0,Introduction
00:05:51.390000,00:05:51.400000,entered and the,entered,3,Transitions
00:05:51.400000,00:05:54.870000,entered and the width right and simply print area of,entered width right simply print area,4,Recap
00:05:54.870000,00:05:54.880000,width right and simply print area of,width right simply print area,4,Recap
00:05:54.880000,00:05:58.629000,width right and simply print area of rectangle right now for same let's take,width right simply print area rectangle right lets take,4,Recap
00:05:58.629000,00:05:58.639000,rectangle right now for same let's take,rectangle right lets take,1,Step-by-Step Instruction
00:05:58.639000,00:06:02.309000,rectangle right now for same let's take one more uh,rectangle right lets take one uh,1,Step-by-Step Instruction
00:06:05.270000,00:06:05.280000,variable,variable,3,Transitions
00:06:05.280000,00:06:12.070000,variable radius and one variable area of,variable radius one variable area,5,Practical Application
00:06:15.430000,00:06:15.440000,circle radius and area of circle so,circle radius area circle,5,Practical Application
00:06:15.440000,00:06:17.029000,circle radius and area of circle so let's,circle radius area circle lets,5,Practical Application
00:06:17.029000,00:06:17.039000,let's,lets,1,Step-by-Step Instruction
00:06:17.039000,00:06:18.870000,let's enter that,lets enter,1,Step-by-Step Instruction
00:06:18.870000,00:06:18.880000,enter that,enter,3,Transitions
00:06:18.880000,00:06:21.629000,enter that radius now area of circle is equal to,enter radius area circle equal,5,Practical Application
00:06:21.629000,00:06:21.639000,radius now area of circle is equal to,radius area circle equal,5,Practical Application
00:06:21.639000,00:06:25.230000,radius now area of circle is equal to let's call this area and let's pass just,radius area circle equal lets call area lets pass,1,Step-by-Step Instruction
00:06:25.230000,00:06:25.240000,let's call this area and let's pass just,lets call area lets pass,1,Step-by-Step Instruction
00:06:25.240000,00:06:25.990000,let's call this area and let's pass just the,lets call area lets pass,1,Step-by-Step Instruction
00:06:25.990000,00:06:26,the,,3,Transitions
00:06:26,00:06:28.710000,the radius and after that print area of,radius print area,5,Practical Application
00:06:28.710000,00:06:28.720000,radius and after that print area of,radius print area,5,Practical Application
00:06:28.720000,00:06:31.430000,radius and after that print area of circle,radius print area circle,5,Practical Application
00:06:31.430000,00:06:31.440000,circle,circle,5,Practical Application
00:06:31.440000,00:06:33.469000,circle return zero now let's define the third,circle return zero lets define third,1,Step-by-Step Instruction
00:06:33.469000,00:06:33.479000,return zero now let's define the third,return zero lets define third,1,Step-by-Step Instruction
00:06:33.479000,00:06:35.070000,return zero now let's define the third function,return zero lets define third function,1,Step-by-Step Instruction
00:06:35.070000,00:06:35.080000,function,function,3,Transitions
00:06:35.080000,00:06:38.990000,function also area area and third one is,function also area area third one,5,Practical Application
00:06:38.990000,00:06:39,also area area and third one is,also area area third one,5,Practical Application
00:06:39,00:06:41.510000,also area area and third one is for area of circle so let's take a,also area area third one area circle lets take,5,Practical Application
00:06:41.510000,00:06:41.520000,for area of circle so let's take a,area circle lets take,1,Step-by-Step Instruction
00:06:41.520000,00:06:44.230000,for area of circle so let's take a variable name here R simply or radius,area circle lets take variable name r simply radius,5,Practical Application
00:06:44.230000,00:06:44.240000,variable name here R simply or radius,variable name r simply radius,3,Transitions
00:06:44.240000,00:06:45.670000,variable name here R simply or radius also you can take,variable name r simply radius also take,5,Practical Application
00:06:45.670000,00:06:45.680000,also you can take,also take,5,Practical Application
00:06:45.680000,00:06:48.390000,also you can take and area of circle is p Pi R square so,also take area circle p pi r square,5,Practical Application
00:06:48.390000,00:06:48.400000,and area of circle is p Pi R square so,area circle p pi r square,5,Practical Application
00:06:48.400000,00:06:51.710000,and area of circle is p Pi R square so you you need to take that value of pi so,area circle p pi r square need take value pi,5,Practical Application
00:06:51.710000,00:06:51.720000,you you need to take that value of pi so,need take value pi,5,Practical Application
00:06:51.720000,00:06:53.629000,you you need to take that value of pi so let's take a variable here double Pi is,need take value pi lets take variable double pi,5,Practical Application
00:06:53.629000,00:06:53.639000,let's take a variable here double Pi is,lets take variable double pi,5,Practical Application
00:06:53.639000,00:06:57.550000,let's take a variable here double Pi is equal to it's fix 3.14 we'll take this,lets take variable double pi equal fix 314 well take,5,Practical Application
00:06:57.550000,00:06:57.560000,equal to it's fix 3.14 we'll take this,equal fix 314 well take,5,Practical Application
00:06:57.560000,00:07:00.589000,equal to it's fix 3.14 we'll take this one only and now,equal fix 314 well take one,5,Practical Application
00:07:00.589000,00:07:00.599000,one only and now,one,5,Practical Application
00:07:00.599000,00:07:04.070000,one only and now return &lt; r² piun into R,one return lt r² piun r,3,Transitions
00:07:04.070000,00:07:04.080000,return &lt; r² piun into R,return lt r² piun r,3,Transitions
00:07:04.080000,00:07:08.950000,return &lt; r² piun into R into R that's it let's R this and,return lt r² piun r r thats lets r,1,Step-by-Step Instruction
00:07:08.950000,00:07:08.960000,into R that's it let's R this and,r thats lets r,1,Step-by-Step Instruction
00:07:08.960000,00:07:12.869000,into R that's it let's R this and see what output you getting here first,r thats lets r see output getting first,1,Step-by-Step Instruction
00:07:12.869000,00:07:12.879000,see what output you getting here first,see output getting first,3,Transitions
00:07:12.879000,00:07:15.350000,see what output you getting here first inter one side of square four area of,see output getting first inter one side square four area,0,Introduction
00:07:15.350000,00:07:15.360000,inter one side of square four area of,inter one side square four area,0,Introduction
00:07:15.360000,00:07:17.189000,inter one side of square four area of square is 16 now enter length and width,inter one side square four area square 16 enter length width,0,Introduction
00:07:17.189000,00:07:17.199000,square is 16 now enter length and width,square 16 enter length width,0,Introduction
00:07:17.199000,00:07:21.469000,square is 16 now enter length and width of rectangle so 3.4 and 4.5 area of,square 16 enter length width rectangle 34 45 area,0,Introduction
00:07:21.469000,00:07:21.479000,of rectangle so 3.4 and 4.5 area of,rectangle 34 45 area,4,Recap
00:07:21.479000,00:07:23.909000,of rectangle so 3.4 and 4.5 area of rectangle is 15.3 enter radius of a,rectangle 34 45 area rectangle 153 enter radius,4,Recap
00:07:23.909000,00:07:23.919000,rectangle is 15.3 enter radius of a,rectangle 153 enter radius,4,Recap
00:07:23.919000,00:07:26.629000,rectangle is 15.3 enter radius of a circle let's take three so area of,rectangle 153 enter radius circle lets take three area,5,Practical Application
00:07:26.629000,00:07:26.639000,circle let's take three so area of,circle lets take three area,1,Step-by-Step Instruction
00:07:26.639000,00:07:30.510000,circle let's take three so area of circle is 28.26%,circle lets take three area circle 2826,5,Practical Application
00:07:32.950000,00:07:32.960000,so this this is like one example of,like one example,3,Transitions
00:07:32.960000,00:07:36.710000,so this this is like one example of using overloaded function right area,like one example using overloaded function right area,3,Transitions
00:07:36.710000,00:07:36.720000,using overloaded function right area,using overloaded function right area,4,Recap
00:07:36.720000,00:07:39.150000,using overloaded function right area name is same you don't have to uh,using overloaded function right area name dont uh,3,Transitions
00:07:39.150000,00:07:39.160000,name is same you don't have to uh,name dont uh,3,Transitions
00:07:39.160000,00:07:41.710000,name is same you don't have to uh remember like maybe if the function,name dont uh remember like maybe function,3,Transitions
00:07:41.710000,00:07:41.720000,remember like maybe if the function,remember like maybe function,3,Transitions
00:07:41.720000,00:07:43.869000,remember like maybe if the function overloaded overloading is not there then,remember like maybe function overloaded overloading,3,Transitions
00:07:43.869000,00:07:43.879000,overloaded overloading is not there then,overloaded overloading,3,Transitions
00:07:43.879000,00:07:46.070000,overloaded overloading is not there then you have to write on area underscore,overloaded overloading write area underscore,4,Recap
00:07:46.070000,00:07:46.080000,you have to write on area underscore,write area underscore,4,Recap
00:07:46.080000,00:07:48.749000,you have to write on area underscore circle area underscore rectangle area,write area underscore circle area underscore rectangle area,4,Recap
00:07:48.749000,00:07:48.759000,circle area underscore rectangle area,circle area underscore rectangle area,4,Recap
00:07:48.759000,00:07:51.950000,circle area underscore rectangle area underscore square like this right and,circle area underscore rectangle area underscore square like right,4,Recap
00:07:51.950000,00:07:51.960000,underscore square like this right and,underscore square like right,4,Recap
00:07:51.960000,00:07:54.350000,underscore square like this right and whenever you will call then for area of,underscore square like right whenever call area,4,Recap
00:07:54.350000,00:07:54.360000,whenever you will call then for area of,whenever call area,4,Recap
00:07:54.360000,00:07:56.550000,whenever you will call then for area of square you have to call area underscore,whenever call area square call area underscore,4,Recap
00:07:56.550000,00:07:56.560000,square you have to call area underscore,square call area underscore,4,Recap
00:07:56.560000,00:07:58.790000,square you have to call area underscore square if you want to find out area of,square call area underscore square want find area,4,Recap
00:07:58.790000,00:07:58.800000,square if you want to find out area of,square want find area,4,Recap
00:07:58.800000,00:08:01.309000,square if you want to find out area of rectangle then are underscore rectangle,square want find area rectangle underscore rectangle,4,Recap
00:08:01.309000,00:08:01.319000,rectangle then are underscore rectangle,rectangle underscore rectangle,4,Recap
00:08:01.319000,00:08:03.110000,rectangle then are underscore rectangle but using function overloading there is,rectangle underscore rectangle using function overloading,4,Recap
00:08:03.110000,00:08:03.120000,but using function overloading there is,using function overloading,3,Transitions
00:08:03.120000,00:08:05.270000,but using function overloading there is no need to remember the name exact name,using function overloading need remember name exact name,3,Transitions
00:08:05.270000,00:08:05.280000,no need to remember the name exact name,need remember name exact name,3,Transitions
00:08:05.280000,00:08:07.390000,no need to remember the name exact name of the function because name is same,need remember name exact name function name,3,Transitions
00:08:07.390000,00:08:07.400000,of the function because name is same,function name,3,Transitions
00:08:07.400000,00:08:10.629000,of the function because name is same area just the type of argument and types,function name area type argument types,3,Transitions
00:08:10.629000,00:08:10.639000,area just the type of argument and types,area type argument types,5,Practical Application
00:08:10.639000,00:08:12.670000,area just the type of argument and types of argument and number of arguments the,area type argument types argument number arguments,5,Practical Application
00:08:12.670000,00:08:12.680000,of argument and number of arguments the,argument number arguments,3,Transitions
00:08:12.680000,00:08:14.869000,of argument and number of arguments the parameter you pass that is different,argument number arguments parameter pass different,3,Transitions
00:08:14.869000,00:08:14.879000,parameter you pass that is different,parameter pass different,3,Transitions
00:08:14.879000,00:08:16.990000,parameter you pass that is different right so I hope you got this thing if,parameter pass different right hope got thing,3,Transitions
00:08:16.990000,00:08:17,right so I hope you got this thing if,right hope got thing,3,Transitions
00:08:17,00:08:19.950000,right so I hope you got this thing if you're not getting this it's okay take,right hope got thing youre getting okay take,3,Transitions
00:08:19.950000,00:08:19.960000,you're not getting this it's okay take,youre getting okay take,3,Transitions
00:08:19.960000,00:08:23.790000,you're not getting this it's okay take screenshot of this cing or I'll just,youre getting okay take screenshot cing ill,3,Transitions
00:08:23.790000,00:08:23.800000,screenshot of this cing or I'll just,screenshot cing ill,3,Transitions
00:08:23.800000,00:08:26.270000,screenshot of this cing or I'll just paste this in uh description box or,screenshot cing ill paste uh description box,6,Conclusion
00:08:26.270000,00:08:26.280000,paste this in uh description box or,paste uh description box,6,Conclusion
00:08:26.280000,00:08:28.710000,paste this in uh description box or maybe in comment I'll pin this comment,paste uh description box maybe comment ill pin comment,6,Conclusion
00:08:28.710000,00:08:28.720000,maybe in comment I'll pin this comment,maybe comment ill pin comment,3,Transitions
00:08:28.720000,00:08:31.589000,maybe in comment I'll pin this comment right and dry run this write down on a,maybe comment ill pin comment right dry run write,4,Recap
00:08:31.589000,00:08:31.599000,right and dry run this write down on a,right dry run write,4,Recap
00:08:31.599000,00:08:33.190000,right and dry run this write down on a piece of paper and dry run this right,right dry run write piece paper dry run right,4,Recap
00:08:33.190000,00:08:33.200000,piece of paper and dry run this right,piece paper dry run right,4,Recap
00:08:33.200000,00:08:35.190000,piece of paper and dry run this right and also try out different different,piece paper dry run right also try different different,4,Recap
00:08:35.190000,00:08:35.200000,and also try out different different,also try different different,3,Transitions
00:08:35.200000,00:08:37.029000,and also try out different different example of this type using function,also try different different example type using function,3,Transitions
00:08:37.029000,00:08:37.039000,example of this type using function,example type using function,3,Transitions
00:08:37.039000,00:08:38.430000,example of this type using function overloading it's not like that you got,example type using function overloading like got,3,Transitions
00:08:38.430000,00:08:38.440000,overloading it's not like that you got,overloading like got,3,Transitions
00:08:38.440000,00:08:39.630000,overloading it's not like that you got this example and you are done with,overloading like got example done,3,Transitions
00:08:39.630000,00:08:39.640000,this example and you are done with,example done,3,Transitions
00:08:39.640000,00:08:42.029000,this example and you are done with function overloading no try out,example done function overloading try,3,Transitions
00:08:42.029000,00:08:42.039000,function overloading no try out,function overloading try,3,Transitions
00:08:42.039000,00:08:43.430000,function overloading no try out different different examples of function,function overloading try different different examples function,3,Transitions
00:08:43.430000,00:08:43.440000,different different examples of function,different different examples function,3,Transitions
00:08:43.440000,00:08:45.710000,different different examples of function overloading how you can use your program,different different examples function overloading use program,3,Transitions
00:08:45.710000,00:08:45.720000,overloading how you can use your program,overloading use program,3,Transitions
00:08:45.720000,00:08:47.590000,overloading how you can use your program use uh function overloading in your,overloading use program use uh function overloading,3,Transitions
00:08:47.590000,00:08:47.600000,use uh function overloading in your,use uh function overloading,3,Transitions
00:08:47.600000,00:08:49.750000,use uh function overloading in your program okay now that's it for this,use uh function overloading program okay thats,3,Transitions
00:08:49.750000,00:08:49.760000,program okay now that's it for this,program okay thats,3,Transitions
00:08:49.760000,00:08:51.550000,program okay now that's it for this video now I'll see you in the next video,program okay thats video ill see next video,6,Conclusion
00:08:51.550000,00:08:51.560000,video now I'll see you in the next video,video ill see next video,6,Conclusion
00:08:51.560000,00:08:55.680000,video now I'll see you in the next video till then bye-bye take care,video ill see next video till byebye take care,6,Conclusion
