Start Time,End Time,Text,Cleaned Text,Cluster,Workflow Step
00:00:02.110000,00:00:02.120000,hey everyone I hope you are safe and,hey everyone hope safe,0,Introduction
00:00:02.120000,00:00:03.990000,hey everyone I hope you are safe and doing good so in the series of learning,hey everyone hope safe good series learning,0,Introduction
00:00:03.990000,00:00:04,doing good so in the series of learning,good series learning,0,Introduction
00:00:04,00:00:05.510000,doing good so in the series of learning C++ programming language we are,good series learning c programming language,0,Introduction
00:00:05.510000,00:00:05.520000,C++ programming language we are,c programming language,0,Introduction
00:00:05.520000,00:00:07.470000,C++ programming language we are discussing functions in C++ in previous,c programming language discussing functions c previous,0,Introduction
00:00:07.470000,00:00:07.480000,discussing functions in C++ in previous,discussing functions c previous,0,Introduction
00:00:07.480000,00:00:09.709000,discussing functions in C++ in previous video we have seen how to pass arrays to,discussing functions c previous video seen pass arrays,4,Recap
00:00:09.709000,00:00:09.719000,video we have seen how to pass arrays to,video seen pass arrays,4,Recap
00:00:09.719000,00:00:12.310000,video we have seen how to pass arrays to a function right now based on that we'll,video seen pass arrays function right based well,4,Recap
00:00:12.310000,00:00:12.320000,a function right now based on that we'll,function right based well,0,Introduction
00:00:12.320000,00:00:14.910000,a function right now based on that we'll see two or three coding exercise in this,function right based well see two three coding exercise,0,Introduction
00:00:14.910000,00:00:14.920000,see two or three coding exercise in this,see two three coding exercise,4,Recap
00:00:14.920000,00:00:17.710000,see two or three coding exercise in this video okay if you got that you can,see two three coding exercise video okay got,4,Recap
00:00:17.710000,00:00:17.720000,video okay if you got that you can,video okay got,4,Recap
00:00:17.720000,00:00:19.510000,video okay if you got that you can easily do these exercises so first,video okay got easily exercises first,4,Recap
00:00:19.510000,00:00:19.520000,easily do these exercises so first,easily exercises first,4,Recap
00:00:19.520000,00:00:22.390000,easily do these exercises so first exercise is you have to find out minimum,easily exercises first exercise find minimum,4,Recap
00:00:22.390000,00:00:22.400000,exercise is you have to find out minimum,exercise find minimum,2,Context Setting
00:00:22.400000,00:00:24.349000,exercise is you have to find out minimum and maximum element from an array so I,exercise find minimum maximum element array,2,Context Setting
00:00:24.349000,00:00:24.359000,and maximum element from an array so I,maximum element array,2,Context Setting
00:00:24.359000,00:00:25.710000,and maximum element from an array so I hope you know the logic how to find out,maximum element array hope know logic find,2,Context Setting
00:00:25.710000,00:00:25.720000,hope you know the logic how to find out,hope know logic find,2,Context Setting
00:00:25.720000,00:00:28.109000,hope you know the logic how to find out minimum and maximum element of an array,hope know logic find minimum maximum element array,2,Context Setting
00:00:28.109000,00:00:28.119000,minimum and maximum element of an array,minimum maximum element array,2,Context Setting
00:00:28.119000,00:00:29.790000,minimum and maximum element of an array right now there's a Twist you have to,minimum maximum element array right theres twist,2,Context Setting
00:00:29.790000,00:00:29.800000,right now there's a Twist you have to,right theres twist,0,Introduction
00:00:29.800000,00:00:31.870000,right now there's a Twist you have to use use functions here so Define two,right theres twist use use functions define two,0,Introduction
00:00:31.870000,00:00:31.880000,use use functions here so Define two,use use functions define two,0,Introduction
00:00:31.880000,00:00:34.549000,use use functions here so Define two functions Min element and Max element or,use use functions define two functions min element max element,6,Conclusion
00:00:34.549000,00:00:34.559000,functions Min element and Max element or,functions min element max element,6,Conclusion
00:00:34.559000,00:00:36.830000,functions Min element and Max element or any name you can take right while,functions min element max element name take right,6,Conclusion
00:00:36.830000,00:00:36.840000,any name you can take right while,name take right,0,Introduction
00:00:36.840000,00:00:39.910000,any name you can take right while calling past that array you take right,name take right calling past array take right,0,Introduction
00:00:39.910000,00:00:39.920000,calling past that array you take right,calling past array take right,2,Context Setting
00:00:39.920000,00:00:42.709000,calling past that array you take right and then you have to find out like,calling past array take right find like,2,Context Setting
00:00:42.709000,00:00:42.719000,and then you have to find out like,find like,4,Recap
00:00:42.719000,00:00:45.190000,and then you have to find out like Define those functions to find out,find like define functions find,4,Recap
00:00:45.190000,00:00:45.200000,Define those functions to find out,define functions find,0,Introduction
00:00:45.200000,00:00:47.350000,Define those functions to find out minimum and maximum element right using,define functions find minimum maximum element right using,2,Context Setting
00:00:47.350000,00:00:47.360000,minimum and maximum element right using,minimum maximum element right using,2,Context Setting
00:00:47.360000,00:00:49.590000,minimum and maximum element right using function you have to do this thing right,minimum maximum element right using function thing right,2,Context Setting
00:00:49.590000,00:00:49.600000,function you have to do this thing right,function thing right,0,Introduction
00:00:49.600000,00:00:51.549000,function you have to do this thing right so pause the video if you got my problem,function thing right pause video got problem,4,Recap
00:00:51.549000,00:00:51.559000,so pause the video if you got my problem,pause video got problem,4,Recap
00:00:51.559000,00:00:53.549000,so pause the video if you got my problem statement pause the video and try this,pause video got problem statement pause video try,4,Recap
00:00:53.549000,00:00:53.559000,statement pause the video and try this,statement pause video try,4,Recap
00:00:53.559000,00:00:56.709000,statement pause the video and try this out so I hope you have done this now,statement pause video try hope done,4,Recap
00:00:56.709000,00:00:56.719000,out so I hope you have done this now,hope done,0,Introduction
00:00:56.719000,00:01:00.189000,out so I hope you have done this now we'll Define two functions right suppose,hope done well define two functions right suppose,3,Transitions
00:01:00.189000,00:01:00.199000,we'll Define two functions right suppose,well define two functions right suppose,3,Transitions
00:01:00.199000,00:01:03.229000,we'll Define two functions right suppose void one is minan,well define two functions right suppose void one minan,3,Transitions
00:01:03.229000,00:01:03.239000,void one is minan,void one minan,3,Transitions
00:01:03.239000,00:01:06.390000,void one is minan element we'll uh first declare two,void one minan element well uh first declare two,3,Transitions
00:01:06.390000,00:01:06.400000,element we'll uh first declare two,element well uh first declare two,3,Transitions
00:01:06.400000,00:01:10.030000,element we'll uh first declare two functions right mean element and there,element well uh first declare two functions right mean element,6,Conclusion
00:01:10.030000,00:01:10.040000,functions right mean element and there,functions right mean element,6,Conclusion
00:01:10.040000,00:01:11.710000,functions right mean element and there we should tell the compiler that this,functions right mean element tell compiler,0,Introduction
00:01:11.710000,00:01:11.720000,we should tell the compiler that this,tell compiler,0,Introduction
00:01:11.720000,00:01:15.990000,we should tell the compiler that this function is going to accept array as an,tell compiler function going accept array,0,Introduction
00:01:15.990000,00:01:16,function is going to accept array as an,function going accept array,2,Context Setting
00:01:16,00:01:18.190000,function is going to accept array as an argument so this one is for array and,function going accept array argument one array,2,Context Setting
00:01:18.190000,00:01:18.200000,argument so this one is for array and,argument one array,2,Context Setting
00:01:18.200000,00:01:21.590000,argument so this one is for array and second is for size as we pass suppose,argument one array second size pass suppose,5,Practical Application
00:01:21.590000,00:01:21.600000,second is for size as we pass suppose,second size pass suppose,5,Practical Application
00:01:21.600000,00:01:24.469000,second is for size as we pass suppose right so intend it if you want to take,second size pass suppose right intend want take,5,Practical Application
00:01:24.469000,00:01:24.479000,right so intend it if you want to take,right intend want take,0,Introduction
00:01:24.479000,00:01:28.190000,right so intend it if you want to take name of these elements also I mean this,right intend want take name elements also mean,0,Introduction
00:01:28.190000,00:01:28.200000,name of these elements also I mean this,name elements also mean,0,Introduction
00:01:28.200000,00:01:30.429000,name of these elements also I mean this is also fine you can take but but I,name elements also mean also fine take,0,Introduction
00:01:30.429000,00:01:30.439000,is also fine you can take but but I,also fine take,0,Introduction
00:01:30.439000,00:01:33.469000,is also fine you can take but but I prefer the syntax I'm comfortable with,also fine take prefer syntax im comfortable,0,Introduction
00:01:33.469000,00:01:33.479000,prefer the syntax I'm comfortable with,prefer syntax im comfortable,0,Introduction
00:01:33.479000,00:01:34.310000,prefer the syntax I'm comfortable with this,prefer syntax im comfortable,0,Introduction
00:01:34.310000,00:01:34.320000,this,,0,Introduction
00:01:34.320000,00:01:37.870000,this thing so next is Max element same,thing next max element,6,Conclusion
00:01:37.870000,00:01:37.880000,thing so next is Max element same,thing next max element,6,Conclusion
00:01:37.880000,00:01:40.469000,thing so next is Max element same prototype would be there for this also,thing next max element prototype would also,0,Introduction
00:01:40.469000,00:01:40.479000,prototype would be there for this also,prototype would also,0,Introduction
00:01:40.479000,00:01:44.230000,prototype would be there for this also right and in main let's take now first,prototype would also right main lets take first,0,Introduction
00:01:44.230000,00:01:44.240000,right and in main let's take now first,right main lets take first,0,Introduction
00:01:44.240000,00:01:46.109000,right and in main let's take now first an,right main lets take first,0,Introduction
00:01:46.109000,00:01:46.119000,an,,0,Introduction
00:01:46.119000,00:01:56.270000,an array okay,array okay,2,Context Setting
00:01:58.550000,00:01:58.560000,sorry let's take five elements we have,sorry lets take five elements,0,Introduction
00:01:58.560000,00:02:00.310000,sorry let's take five elements we have in this array right and and we are,sorry lets take five elements array right,0,Introduction
00:02:00.310000,00:02:00.320000,in this array right and and we are,array right,2,Context Setting
00:02:00.320000,00:02:03.109000,in this array right and and we are calling this main element function and,array right calling main element function,2,Context Setting
00:02:03.109000,00:02:03.119000,calling this main element function and,calling main element function,0,Introduction
00:02:03.119000,00:02:04.709000,calling this main element function and we are passing,calling main element function passing,0,Introduction
00:02:04.709000,00:02:04.719000,we are passing,passing,0,Introduction
00:02:04.719000,00:02:06.550000,we are passing ARR,passing arr,0,Introduction
00:02:06.550000,00:02:06.560000,ARR,arr,0,Introduction
00:02:06.560000,00:02:10.910000,ARR right and obviously the size as well so,arr right obviously size well,5,Practical Application
00:02:10.910000,00:02:10.920000,right and obviously the size as well so,right obviously size well,5,Practical Application
00:02:10.920000,00:02:12.949000,right and obviously the size as well so you know the formula to calculate,right obviously size well know formula calculate,5,Practical Application
00:02:12.949000,00:02:12.959000,you know the formula to calculate,know formula calculate,0,Introduction
00:02:12.959000,00:02:15.550000,you know the formula to calculate size size of this complete area divided,know formula calculate size size complete area divided,5,Practical Application
00:02:15.550000,00:02:15.560000,size size of this complete area divided,size size complete area divided,5,Practical Application
00:02:15.560000,00:02:17.949000,size size of this complete area divided by size of one element or one element is,size size complete area divided size one element one element,5,Practical Application
00:02:17.949000,00:02:17.959000,by size of one element or one element is,size one element one element,6,Conclusion
00:02:17.959000,00:02:20.390000,by size of one element or one element is of type int so size of int we can also,size one element one element type int size int also,5,Practical Application
00:02:20.390000,00:02:20.400000,of type int so size of int we can also,type int size int also,5,Practical Application
00:02:20.400000,00:02:23.190000,of type int so size of int we can also write and here we are passing size as,type int size int also write passing size,5,Practical Application
00:02:23.190000,00:02:23.200000,write and here we are passing size as,write passing size,5,Practical Application
00:02:23.200000,00:02:26.550000,write and here we are passing size as well right so let's define now this,write passing size well right lets define,5,Practical Application
00:02:26.550000,00:02:26.560000,well right so let's define now this,well right lets define,0,Introduction
00:02:26.560000,00:02:31.869000,well right so let's define now this function,well right lets define function,0,Introduction
00:02:36.350000,00:02:36.360000,here you need to take name this is,need take name,0,Introduction
00:02:36.360000,00:02:38.190000,here you need to take name this is compulsory the variable name the,need take name compulsory variable name,0,Introduction
00:02:38.190000,00:02:38.200000,compulsory the variable name the,compulsory variable name,0,Introduction
00:02:38.200000,00:02:40.350000,compulsory the variable name the parameter name a and size we are taking,compulsory variable name parameter name size taking,5,Practical Application
00:02:40.350000,00:02:40.360000,parameter name a and size we are taking,parameter name size taking,5,Practical Application
00:02:40.360000,00:02:42.190000,parameter name a and size we are taking right because this is function,parameter name size taking right function,5,Practical Application
00:02:42.190000,00:02:42.200000,right because this is function,right function,0,Introduction
00:02:42.200000,00:02:44.229000,right because this is function definition so I hope now you know the,right function definition hope know,0,Introduction
00:02:44.229000,00:02:44.239000,definition so I hope now you know the,definition hope know,0,Introduction
00:02:44.239000,00:02:45.710000,definition so I hope now you know the logic minimum element and maximum,definition hope know logic minimum element maximum,2,Context Setting
00:02:45.710000,00:02:45.720000,logic minimum element and maximum,logic minimum element maximum,2,Context Setting
00:02:45.720000,00:02:48.589000,logic minimum element and maximum element so let's take let's take the,logic minimum element maximum element lets take lets take,2,Context Setting
00:02:48.589000,00:02:48.599000,element so let's take let's take the,element lets take lets take,0,Introduction
00:02:48.599000,00:02:49.990000,element so let's take let's take the first element,element lets take lets take first element,6,Conclusion
00:02:49.990000,00:02:50,first element,first element,6,Conclusion
00:02:50,00:02:53.030000,first element is a smallest one in the array let's,first element smallest one array lets,6,Conclusion
00:02:53.030000,00:02:53.040000,is a smallest one in the array let's,smallest one array lets,6,Conclusion
00:02:53.040000,00:02:57.110000,is a smallest one in the array let's assume right so we'll take suppose a,smallest one array lets assume right well take suppose,3,Transitions
00:02:57.110000,00:02:57.120000,assume right so we'll take suppose a,assume right well take suppose,3,Transitions
00:02:57.120000,00:03:02.670000,assume right so we'll take suppose a variable smallest in smallest equal to a,assume right well take suppose variable smallest smallest equal,6,Conclusion
00:03:02.670000,00:03:02.680000,variable smallest in smallest equal to a,variable smallest smallest equal,6,Conclusion
00:03:02.680000,00:03:05.949000,variable smallest in smallest equal to a of0 let's take let's assume first,variable smallest smallest equal of0 lets take lets assume first,6,Conclusion
00:03:05.949000,00:03:05.959000,of0 let's take let's assume first,of0 lets take lets assume first,0,Introduction
00:03:05.959000,00:03:07.789000,of0 let's take let's assume first element is the smallest one and then we,of0 lets take lets assume first element smallest one,6,Conclusion
00:03:07.789000,00:03:07.799000,element is the smallest one and then we,element smallest one,6,Conclusion
00:03:07.799000,00:03:09.390000,element is the smallest one and then we compare the first element with all the,element smallest one compare first element,6,Conclusion
00:03:09.390000,00:03:09.400000,compare the first element with all the,compare first element,6,Conclusion
00:03:09.400000,00:03:11.910000,compare the first element with all the elements and if you find any smaller,compare first element elements find smaller,6,Conclusion
00:03:11.910000,00:03:11.920000,elements and if you find any smaller,elements find smaller,0,Introduction
00:03:11.920000,00:03:13.630000,elements and if you find any smaller element than the first one then just,elements find smaller element first one,6,Conclusion
00:03:13.630000,00:03:13.640000,element than the first one then just,element first one,6,Conclusion
00:03:13.640000,00:03:15.990000,element than the first one then just replace that or something like this,element first one replace something like,4,Recap
00:03:15.990000,00:03:16,replace that or something like this,replace something like,4,Recap
00:03:16,00:03:19.149000,replace that or something like this right okay now four Loop we are going to,replace something like right okay four loop going,4,Recap
00:03:19.149000,00:03:19.159000,right okay now four Loop we are going to,right okay four loop going,0,Introduction
00:03:19.159000,00:03:20.789000,right okay now four Loop we are going to compare because the smallest element,right okay four loop going compare smallest element,6,Conclusion
00:03:20.789000,00:03:20.799000,compare because the smallest element,compare smallest element,6,Conclusion
00:03:20.799000,00:03:23.229000,compare because the smallest element with all the elements right so four,compare smallest element elements right four,6,Conclusion
00:03:23.229000,00:03:23.239000,with all the elements right so four,elements right four,0,Introduction
00:03:23.239000,00:03:26.789000,with all the elements right so four loop from 0 to I less than whatever the,elements right four loop 0 less whatever,0,Introduction
00:03:26.789000,00:03:26.799000,loop from 0 to I less than whatever the,loop 0 less whatever,0,Introduction
00:03:26.799000,00:03:30.589000,loop from 0 to I less than whatever the size of the array size and,loop 0 less whatever size array size,5,Practical Application
00:03:30.589000,00:03:30.599000,size of the array size and,size array size,5,Practical Application
00:03:30.599000,00:03:34.830000,size of the array size and I,size array size,5,Practical Application
00:03:39.750000,00:03:39.760000,++ so we take if if a of I whatever the,take whatever,0,Introduction
00:03:39.760000,00:03:44.869000,++ so we take if if a of I whatever the element a of I less than the smallest,take whatever element less smallest,6,Conclusion
00:03:44.869000,00:03:44.879000,element a of I less than the smallest,element less smallest,6,Conclusion
00:03:44.879000,00:03:46.550000,element a of I less than the smallest element,element less smallest element,6,Conclusion
00:03:46.550000,00:03:46.560000,element,element,6,Conclusion
00:03:46.560000,00:03:48.670000,element then the smallest element will be,element smallest element,6,Conclusion
00:03:48.670000,00:03:48.680000,then the smallest element will be,smallest element,6,Conclusion
00:03:48.680000,00:03:50.789000,then the smallest element will be modified now the a of I element would,smallest element modified element would,6,Conclusion
00:03:50.789000,00:03:50.799000,modified now the a of I element would,modified element would,6,Conclusion
00:03:50.799000,00:03:54.589000,modified now the a of I element would become the smallest element that's,modified element would become smallest element thats,6,Conclusion
00:03:54.589000,00:03:54.599000,become the smallest element that's,become smallest element thats,6,Conclusion
00:03:54.599000,00:03:59.789000,become the smallest element that's it right and after that just print that,become smallest element thats right print,6,Conclusion
00:03:59.789000,00:03:59.799000,it right and after that just print that,right print,1,Step-by-Step Instruction
00:03:59.799000,00:04:01.030000,it right and after that just print that element or if you want that this,right print element want,1,Step-by-Step Instruction
00:04:01.030000,00:04:01.040000,element or if you want that this,element want,6,Conclusion
00:04:01.040000,00:04:03.589000,element or if you want that this function should return that element so,element want function return element,6,Conclusion
00:04:03.589000,00:04:03.599000,function should return that element so,function return element,6,Conclusion
00:04:03.599000,00:04:05.309000,function should return that element so we should change I mean we have to,function return element change mean,0,Introduction
00:04:05.309000,00:04:05.319000,we should change I mean we have to,change mean,0,Introduction
00:04:05.319000,00:04:07.750000,we should change I mean we have to change the Prototype so the return type,change mean change prototype return type,0,Introduction
00:04:07.750000,00:04:07.760000,change the Prototype so the return type,change prototype return type,0,Introduction
00:04:07.760000,00:04:10.710000,change the Prototype so the return type of the function int and Here Also let's,change prototype return type function int also lets,0,Introduction
00:04:10.710000,00:04:10.720000,of the function int and Here Also let's,function int also lets,0,Introduction
00:04:10.720000,00:04:11.789000,of the function int and Here Also let's take,function int also lets take,0,Introduction
00:04:11.789000,00:04:11.799000,take,take,0,Introduction
00:04:11.799000,00:04:13.390000,take int,take int,0,Introduction
00:04:13.390000,00:04:13.400000,int,int,0,Introduction
00:04:13.400000,00:04:16.509000,int and after finding this it will return,int finding return,0,Introduction
00:04:16.509000,00:04:16.519000,and after finding this it will return,finding return,0,Introduction
00:04:16.519000,00:04:19.670000,and after finding this it will return whatever the smallest,finding return whatever smallest,6,Conclusion
00:04:19.670000,00:04:19.680000,whatever the smallest,whatever smallest,6,Conclusion
00:04:19.680000,00:04:22.909000,whatever the smallest element got it now if it is returning,whatever smallest element got returning,6,Conclusion
00:04:22.909000,00:04:22.919000,element got it now if it is returning,element got returning,4,Recap
00:04:22.919000,00:04:24.629000,element got it now if it is returning something so obviously you have to hold,element got returning something obviously hold,4,Recap
00:04:24.629000,00:04:24.639000,something so obviously you have to hold,something obviously hold,0,Introduction
00:04:24.639000,00:04:25.510000,something so obviously you have to hold that,something obviously hold,0,Introduction
00:04:25.510000,00:04:25.520000,that,,0,Introduction
00:04:25.520000,00:04:27.830000,that element in a variable name of and,element variable name,6,Conclusion
00:04:27.830000,00:04:27.840000,element in a variable name of and,element variable name,6,Conclusion
00:04:27.840000,00:04:30.310000,element in a variable name of and variable of type int right,element variable name variable type int right,0,Introduction
00:04:30.310000,00:04:30.320000,variable of type int right,variable type int right,0,Introduction
00:04:30.320000,00:04:32.469000,variable of type int right so let's let's take here one more,variable type int right lets lets take one,0,Introduction
00:04:32.469000,00:04:32.479000,so let's let's take here one more,lets lets take one,0,Introduction
00:04:32.479000,00:04:36.110000,so let's let's take here one more element in int smallest element and,lets lets take one element int smallest element,6,Conclusion
00:04:36.110000,00:04:36.120000,element in int smallest element and,element int smallest element,6,Conclusion
00:04:36.120000,00:04:38.430000,element in int smallest element and whatever it will return we will store,element int smallest element whatever return store,6,Conclusion
00:04:38.430000,00:04:38.440000,whatever it will return we will store,whatever return store,0,Introduction
00:04:38.440000,00:04:41.029000,whatever it will return we will store that in that element in this variable,whatever return store element variable,6,Conclusion
00:04:41.029000,00:04:41.039000,that in that element in this variable,element variable,6,Conclusion
00:04:41.039000,00:04:43.950000,that in that element in this variable smallest element and simply we print,element variable smallest element simply print,6,Conclusion
00:04:43.950000,00:04:43.960000,smallest element and simply we print,smallest element simply print,6,Conclusion
00:04:43.960000,00:04:46.749000,smallest element and simply we print that smallest,smallest element simply print smallest,6,Conclusion
00:04:46.749000,00:04:46.759000,that smallest,smallest,6,Conclusion
00:04:46.759000,00:04:51.189000,that smallest element that's,smallest element thats,6,Conclusion
00:04:54.270000,00:04:54.280000,it okay let's run this and see it's,okay lets run see,0,Introduction
00:04:54.280000,00:04:56.909000,it okay let's run this and see it's working or not smallest element is okay,okay lets run see working smallest element okay,6,Conclusion
00:04:56.909000,00:04:56.919000,working or not smallest element is okay,working smallest element okay,6,Conclusion
00:04:56.919000,00:04:58.629000,working or not smallest element is okay smallest element is,working smallest element okay smallest element,6,Conclusion
00:04:58.629000,00:04:58.639000,smallest element is,smallest element,6,Conclusion
00:04:58.639000,00:05:01.710000,smallest element is obviously see here you have to call now,smallest element obviously see call,6,Conclusion
00:05:01.710000,00:05:01.720000,obviously see here you have to call now,obviously see call,0,Introduction
00:05:01.720000,00:05:05.350000,obviously see here you have to call now that function so the function is main,obviously see call function function main,0,Introduction
00:05:05.350000,00:05:05.360000,that function so the function is main,function function main,0,Introduction
00:05:05.360000,00:05:07.870000,that function so the function is main element you're not calling that function,function function main element youre calling function,0,Introduction
00:05:07.870000,00:05:07.880000,element you're not calling that function,element youre calling function,0,Introduction
00:05:07.880000,00:05:09.909000,element you're not calling that function so that is why it is giving you whatever,element youre calling function giving whatever,0,Introduction
00:05:09.909000,00:05:09.919000,so that is why it is giving you whatever,giving whatever,0,Introduction
00:05:09.919000,00:05:12.830000,so that is why it is giving you whatever the size is right here you if you know,giving whatever size right know,5,Practical Application
00:05:12.830000,00:05:12.840000,the size is right here you if you know,size right know,5,Practical Application
00:05:12.840000,00:05:15.749000,the size is right here you if you know the concept of this coma uh operator,size right know concept coma uh operator,5,Practical Application
00:05:15.749000,00:05:15.759000,the concept of this coma uh operator,concept coma uh operator,0,Introduction
00:05:15.759000,00:05:17.070000,the concept of this coma uh operator then you will get this thing why you are,concept coma uh operator get thing,0,Introduction
00:05:17.070000,00:05:17.080000,then you will get this thing why you are,get thing,0,Introduction
00:05:17.080000,00:05:20.710000,then you will get this thing why you are getting five right now Min element and,get thing getting five right min element,0,Introduction
00:05:20.710000,00:05:20.720000,getting five right now Min element and,getting five right min element,0,Introduction
00:05:20.720000,00:05:22.309000,getting five right now Min element and okay now we are calling this let's run,getting five right min element okay calling lets run,0,Introduction
00:05:22.309000,00:05:22.319000,okay now we are calling this let's run,okay calling lets run,0,Introduction
00:05:22.319000,00:05:27.150000,okay now we are calling this let's run this and see - 78 yeah that's correct,okay calling lets run see 78 yeah thats correct,0,Introduction
00:05:27.150000,00:05:27.160000,this and see - 78 yeah that's correct,see 78 yeah thats correct,0,Introduction
00:05:27.160000,00:05:30.430000,this and see - 78 yeah that's correct minimum element is this so now it's your,see 78 yeah thats correct minimum element,2,Context Setting
00:05:30.430000,00:05:30.440000,minimum element is this so now it's your,minimum element,2,Context Setting
00:05:30.440000,00:05:32.189000,minimum element is this so now it's your assignment now pause the video and try,minimum element assignment pause video try,4,Recap
00:05:32.189000,00:05:32.199000,assignment now pause the video and try,assignment pause video try,4,Recap
00:05:32.199000,00:05:34.790000,assignment now pause the video and try that maximum element how to find out,assignment pause video try maximum element find,2,Context Setting
00:05:34.790000,00:05:34.800000,that maximum element how to find out,maximum element find,2,Context Setting
00:05:34.800000,00:05:37.749000,that maximum element how to find out right same we consider the first element,maximum element find right consider first element,2,Context Setting
00:05:37.749000,00:05:37.759000,right same we consider the first element,right consider first element,6,Conclusion
00:05:37.759000,00:05:40.550000,right same we consider the first element as maximum element from this array and,right consider first element maximum element array,2,Context Setting
00:05:40.550000,00:05:40.560000,as maximum element from this array and,maximum element array,2,Context Setting
00:05:40.560000,00:05:43.430000,as maximum element from this array and then we compare this with every element,maximum element array compare every element,2,Context Setting
00:05:43.430000,00:05:43.440000,then we compare this with every element,compare every element,6,Conclusion
00:05:43.440000,00:05:47.390000,then we compare this with every element right less than,compare every element right less,6,Conclusion
00:05:50.309000,00:05:50.319000,size and I,size,5,Practical Application
00:05:50.319000,00:05:55.189000,size and I ++ and if uh that those that a of I is,size uh,5,Practical Application
00:05:55.189000,00:05:55.199000,++ and if uh that those that a of I is,uh,0,Introduction
00:05:55.199000,00:05:56.350000,++ and if uh that those that a of I is greater,uh greater,0,Introduction
00:05:56.350000,00:05:56.360000,greater,greater,2,Context Setting
00:05:56.360000,00:05:58.790000,greater than now greater than the maximum,greater greater maximum,2,Context Setting
00:05:58.790000,00:05:58.800000,than now greater than the maximum,greater maximum,2,Context Setting
00:05:58.800000,00:06:00.510000,than now greater than the maximum element,greater maximum element,2,Context Setting
00:06:00.510000,00:06:00.520000,element,element,6,Conclusion
00:06:00.520000,00:06:02.270000,element if any a ofi I mean the element is,element ofi mean element,6,Conclusion
00:06:02.270000,00:06:02.280000,if any a ofi I mean the element is,ofi mean element,6,Conclusion
00:06:02.280000,00:06:04.469000,if any a ofi I mean the element is maximum the sorry greater than those,ofi mean element maximum sorry greater,2,Context Setting
00:06:04.469000,00:06:04.479000,maximum the sorry greater than those,maximum sorry greater,2,Context Setting
00:06:04.479000,00:06:06.629000,maximum the sorry greater than those maximum element then we replace that so,maximum sorry greater maximum element replace,2,Context Setting
00:06:06.629000,00:06:06.639000,maximum element then we replace that so,maximum element replace,2,Context Setting
00:06:06.639000,00:06:08.710000,maximum element then we replace that so now maximum element will,maximum element replace maximum element,2,Context Setting
00:06:08.710000,00:06:08.720000,now maximum element will,maximum element,2,Context Setting
00:06:08.720000,00:06:11.350000,now maximum element will become is equal is equal to whatever,maximum element become equal equal whatever,6,Conclusion
00:06:11.350000,00:06:11.360000,become is equal is equal to whatever,become equal equal whatever,0,Introduction
00:06:11.360000,00:06:16.749000,become is equal is equal to whatever that AI element,become equal equal whatever ai element,6,Conclusion
00:06:21.309000,00:06:21.319000,right and at last we simply return so,right last simply return,0,Introduction
00:06:21.319000,00:06:24.870000,right and at last we simply return so let's change this prototype this return,right last simply return lets change prototype return,0,Introduction
00:06:24.870000,00:06:24.880000,let's change this prototype this return,lets change prototype return,0,Introduction
00:06:24.880000,00:06:27.909000,let's change this prototype this return type to in and here we'll call this this,lets change prototype return type well call,0,Introduction
00:06:27.909000,00:06:27.919000,type to in and here we'll call this this,type well call,0,Introduction
00:06:27.919000,00:06:30.550000,type to in and here we'll call this this so simply Direct in see out we can,type well call simply direct see,0,Introduction
00:06:30.550000,00:06:30.560000,so simply Direct in see out we can,simply direct see,0,Introduction
00:06:30.560000,00:06:34.270000,so simply Direct in see out we can call uh whatever the function name x x,simply direct see call uh whatever function name x x,0,Introduction
00:06:34.270000,00:06:34.280000,call uh whatever the function name x x,call uh whatever function name x x,0,Introduction
00:06:34.280000,00:06:38.390000,call uh whatever the function name x x element and pass a and the,call uh whatever function name x x element pass,0,Introduction
00:06:38.390000,00:06:38.400000,element and pass a and the,element pass,6,Conclusion
00:06:38.400000,00:06:40.749000,element and pass a and the size let's run this and see what outut,element pass size lets run see outut,5,Practical Application
00:06:40.749000,00:06:40.759000,size let's run this and see what outut,size lets run see outut,5,Practical Application
00:06:40.759000,00:06:42.710000,size let's run this and see what outut we getting minimum element is- 78,size lets run see outut getting minimum element 78,5,Practical Application
00:06:42.710000,00:06:42.720000,we getting minimum element is- 78,getting minimum element 78,2,Context Setting
00:06:42.720000,00:06:45.830000,we getting minimum element is- 78 maximum in is 56 yeah that's,getting minimum element 78 maximum 56 yeah thats,2,Context Setting
00:06:45.830000,00:06:45.840000,maximum in is 56 yeah that's,maximum 56 yeah thats,2,Context Setting
00:06:45.840000,00:06:48.629000,maximum in is 56 yeah that's correct right so here we are passing an,maximum 56 yeah thats correct right passing,2,Context Setting
00:06:48.629000,00:06:48.639000,correct right so here we are passing an,correct right passing,0,Introduction
00:06:48.639000,00:06:50.550000,correct right so here we are passing an array in a,correct right passing array,2,Context Setting
00:06:50.550000,00:06:50.560000,array in a,array,2,Context Setting
00:06:50.560000,00:06:52.830000,array in a function and we are you know performing,array function know performing,2,Context Setting
00:06:52.830000,00:06:52.840000,function and we are you know performing,function know performing,0,Introduction
00:06:52.840000,00:06:55.670000,function and we are you know performing some operations right okay these two I,function know performing operations right okay two,0,Introduction
00:06:55.670000,00:06:55.680000,some operations right okay these two I,operations right okay two,3,Transitions
00:06:55.680000,00:06:57.469000,some operations right okay these two I hope you are done with these two one,operations right okay two hope done two one,3,Transitions
00:06:57.469000,00:06:57.479000,hope you are done with these two one,hope done two one,3,Transitions
00:06:57.479000,00:07:01.510000,hope you are done with these two one more exercise is suppose uh you are,hope done two one exercise suppose uh,3,Transitions
00:07:01.510000,00:07:01.520000,more exercise is suppose uh you are,exercise suppose uh,3,Transitions
00:07:01.520000,00:07:03.790000,more exercise is suppose uh you are hosting an event in your school or in,exercise suppose uh hosting event school,3,Transitions
00:07:03.790000,00:07:03.800000,hosting an event in your school or in,hosting event school,3,Transitions
00:07:03.800000,00:07:06.550000,hosting an event in your school or in your college and you want to invite some,hosting event school college want invite,3,Transitions
00:07:06.550000,00:07:06.560000,your college and you want to invite some,college want invite,0,Introduction
00:07:06.560000,00:07:11.270000,your college and you want to invite some guest speakers right so for that you,college want invite guest speakers right,0,Introduction
00:07:11.270000,00:07:11.280000,guest speakers right so for that you,guest speakers right,0,Introduction
00:07:11.280000,00:07:14.710000,guest speakers right so for that you will make that list right and you'll,guest speakers right make list right youll,1,Step-by-Step Instruction
00:07:14.710000,00:07:14.720000,will make that list right and you'll,make list right youll,1,Step-by-Step Instruction
00:07:14.720000,00:07:16.550000,will make that list right and you'll print that list and after that after,make list right youll print list,1,Step-by-Step Instruction
00:07:16.550000,00:07:16.560000,print that list and after that after,print list,1,Step-by-Step Instruction
00:07:16.560000,00:07:18.749000,print that list and after that after hosting that suppose after hosting that,print list hosting suppose hosting,3,Transitions
00:07:18.749000,00:07:18.759000,hosting that suppose after hosting that,hosting suppose hosting,3,Transitions
00:07:18.759000,00:07:20.510000,hosting that suppose after hosting that or after that event you just clear that,hosting suppose hosting event clear,3,Transitions
00:07:20.510000,00:07:20.520000,or after that event you just clear that,event clear,0,Introduction
00:07:20.520000,00:07:23.550000,or after that event you just clear that list so print the list and clear list,event clear list print list clear list,1,Step-by-Step Instruction
00:07:23.550000,00:07:23.560000,list so print the list and clear list,list print list clear list,1,Step-by-Step Instruction
00:07:23.560000,00:07:26.710000,list so print the list and clear list two function you need to,list print list clear list two function need,1,Step-by-Step Instruction
00:07:26.710000,00:07:26.720000,two function you need to,two function need,0,Introduction
00:07:26.720000,00:07:30.430000,two function you need to Define okay so suppose we have,two function need define okay suppose,3,Transitions
00:07:30.430000,00:07:30.440000,Define okay so suppose we have,define okay suppose,3,Transitions
00:07:30.440000,00:07:32.950000,Define okay so suppose we have string an array I mean array of string,define okay suppose string array mean array string,2,Context Setting
00:07:32.950000,00:07:32.960000,string an array I mean array of string,string array mean array string,2,Context Setting
00:07:32.960000,00:07:35.710000,string an array I mean array of string type and there we have three names maybe,string array mean array string type three names maybe,2,Context Setting
00:07:35.710000,00:07:35.720000,type and there we have three names maybe,type three names maybe,4,Recap
00:07:35.720000,00:07:39.070000,type and there we have three names maybe like Jenny and Rahul and prep or any,type three names maybe like jenny rahul prep,4,Recap
00:07:39.070000,00:07:39.080000,like Jenny and Rahul and prep or any,like jenny rahul prep,4,Recap
00:07:39.080000,00:07:42.070000,like Jenny and Rahul and prep or any other name right so first print that,like jenny rahul prep name right first print,4,Recap
00:07:42.070000,00:07:42.080000,other name right so first print that,name right first print,1,Step-by-Step Instruction
00:07:42.080000,00:07:45.629000,other name right so first print that list Define a function print list right,name right first print list define function print list right,1,Step-by-Step Instruction
00:07:45.629000,00:07:45.639000,list Define a function print list right,list define function print list right,1,Step-by-Step Instruction
00:07:45.639000,00:07:48.110000,list Define a function print list right and then clear that list after clearing,list define function print list right clear list clearing,1,Step-by-Step Instruction
00:07:48.110000,00:07:48.120000,and then clear that list after clearing,clear list clearing,1,Step-by-Step Instruction
00:07:48.120000,00:07:49.749000,and then clear that list after clearing again print that,clear list clearing print,1,Step-by-Step Instruction
00:07:49.749000,00:07:49.759000,again print that,print,1,Step-by-Step Instruction
00:07:49.759000,00:07:52.589000,again print that list I hope you got my point we didn't,print list hope got point didnt,1,Step-by-Step Instruction
00:07:52.589000,00:07:52.599000,list I hope you got my point we didn't,list hope got point didnt,1,Step-by-Step Instruction
00:07:52.599000,00:07:54.950000,list I hope you got my point we didn't try this out let's declare a function,list hope got point didnt try lets declare function,0,Introduction
00:07:54.950000,00:07:54.960000,try this out let's declare a function,try lets declare function,0,Introduction
00:07:54.960000,00:07:58.309000,try this out let's declare a function print list and here we will take an,try lets declare function print list take,1,Step-by-Step Instruction
00:07:58.309000,00:07:58.319000,print list and here we will take an,print list take,1,Step-by-Step Instruction
00:07:58.319000,00:08:00.589000,print list and here we will take an array of type string,print list take array type string,1,Step-by-Step Instruction
00:08:00.589000,00:08:00.599000,array of type string,array type string,2,Context Setting
00:08:00.599000,00:08:05.430000,array of type string as well as size so that would be an INT,array type string well size would int,5,Practical Application
00:08:05.430000,00:08:05.440000,as well as size so that would be an INT,well size would int,5,Practical Application
00:08:05.440000,00:08:07.589000,as well as size so that would be an INT another one is clear that list I me,well size would int another one clear list,5,Practical Application
00:08:07.589000,00:08:07.599000,another one is clear that list I me,another one clear list,1,Step-by-Step Instruction
00:08:07.599000,00:08:10.790000,another one is clear that list I me clear list and same we'll pass string,another one clear list clear list well pass string,1,Step-by-Step Instruction
00:08:10.790000,00:08:10.800000,clear list and same we'll pass string,clear list well pass string,1,Step-by-Step Instruction
00:08:10.800000,00:08:14.990000,clear list and same we'll pass string and array and second size of what data,clear list well pass string array second size data,5,Practical Application
00:08:14.990000,00:08:15,and array and second size of what data,array second size data,5,Practical Application
00:08:15,00:08:16.550000,and array and second size of what data type you need to give no need to give,array second size data type need give need give,5,Practical Application
00:08:16.550000,00:08:16.560000,type you need to give no need to give,type need give need give,0,Introduction
00:08:16.560000,00:08:18.270000,type you need to give no need to give here variable name because it is,type need give need give variable name,0,Introduction
00:08:18.270000,00:08:18.280000,here variable name because it is,variable name,0,Introduction
00:08:18.280000,00:08:19.430000,here variable name because it is function,variable name function,0,Introduction
00:08:19.430000,00:08:19.440000,function,function,0,Introduction
00:08:19.440000,00:08:23.670000,function declaration now in main function let's,function declaration main function lets,0,Introduction
00:08:23.670000,00:08:23.680000,declaration now in main function let's,declaration main function lets,0,Introduction
00:08:23.680000,00:08:27.589000,declaration now in main function let's take string,declaration main function lets take string,0,Introduction
00:08:29.990000,00:08:30,and like speak,like speak,4,Recap
00:08:30,00:08:31.430000,and like speak speakers,like speak speakers,4,Recap
00:08:31.430000,00:08:31.440000,speakers,speakers,0,Introduction
00:08:31.440000,00:08:34.670000,speakers list is equal,speakers list equal,1,Step-by-Step Instruction
00:08:34.670000,00:08:34.680000,list is equal,list equal,1,Step-by-Step Instruction
00:08:34.680000,00:08:39.070000,list is equal to Jenny it's shuk Khan not the other,list equal jenny shuk khan,3,Transitions
00:08:39.070000,00:08:39.080000,to Jenny it's shuk Khan not the other,jenny shuk khan,3,Transitions
00:08:39.080000,00:08:42.469000,to Jenny it's shuk Khan not the other one and suppose Modi you can make your,jenny shuk khan one suppose modi make,3,Transitions
00:08:42.469000,00:08:42.479000,one and suppose Modi you can make your,one suppose modi make,3,Transitions
00:08:42.479000,00:08:45.670000,one and suppose Modi you can make your own list if you don't like these three,one suppose modi make list dont like three,3,Transitions
00:08:45.670000,00:08:45.680000,own list if you don't like these three,list dont like three,4,Recap
00:08:45.680000,00:08:48.190000,own list if you don't like these three person you can just change the name,list dont like three person change name,4,Recap
00:08:48.190000,00:08:48.200000,person you can just change the name,person change name,0,Introduction
00:08:48.200000,00:08:52.990000,person you can just change the name right so this is my list fine now okay,person change name right list fine okay,0,Introduction
00:08:52.990000,00:08:53,right so this is my list fine now okay,right list fine okay,1,Step-by-Step Instruction
00:08:53,00:08:55.070000,right so this is my list fine now okay this is an array obviously so you,right list fine okay array obviously,1,Step-by-Step Instruction
00:08:55.070000,00:08:55.080000,this is an array obviously so you,array obviously,2,Context Setting
00:08:55.080000,00:08:57.949000,this is an array obviously so you should declare it something like this,array obviously declare something like,4,Recap
00:08:57.949000,00:08:57.959000,should declare it something like this,declare something like,4,Recap
00:08:57.959000,00:09:02.230000,should declare it something like this right now we are calling that print list,declare something like right calling print list,1,Step-by-Step Instruction
00:09:02.230000,00:09:02.240000,right now we are calling that print list,right calling print list,1,Step-by-Step Instruction
00:09:02.240000,00:09:04.190000,right now we are calling that print list and here I'm just,right calling print list im,1,Step-by-Step Instruction
00:09:04.190000,00:09:04.200000,and here I'm just,im,0,Introduction
00:09:04.200000,00:09:08.310000,and here I'm just passing speaker list and size so let's,im passing speaker list size lets,5,Practical Application
00:09:08.310000,00:09:08.320000,passing speaker list and size so let's,passing speaker list size lets,5,Practical Application
00:09:08.320000,00:09:10.230000,passing speaker list and size so let's take let's take here one more variable,passing speaker list size lets take lets take one variable,5,Practical Application
00:09:10.230000,00:09:10.240000,take let's take here one more variable,take lets take one variable,0,Introduction
00:09:10.240000,00:09:16.670000,take let's take here one more variable like,take lets take one variable like,0,Introduction
00:09:19.949000,00:09:19.959000,end speaker list size is,end speaker list size,5,Practical Application
00:09:19.959000,00:09:22.269000,end speaker list size is three right and here I'm just passing,end speaker list size three right im passing,5,Practical Application
00:09:22.269000,00:09:22.279000,three right and here I'm just passing,three right im passing,0,Introduction
00:09:22.279000,00:09:24.389000,three right and here I'm just passing speaker list,three right im passing speaker list,1,Step-by-Step Instruction
00:09:24.389000,00:09:24.399000,speaker list,speaker list,1,Step-by-Step Instruction
00:09:24.399000,00:09:27.630000,speaker list size right so now let's let's define,speaker list size right lets lets define,5,Practical Application
00:09:27.630000,00:09:27.640000,size right so now let's let's define,size right lets lets define,5,Practical Application
00:09:27.640000,00:09:32.829000,size right so now let's let's define this,size right lets lets define,5,Practical Application
00:09:42.910000,00:09:42.920000,and let's take name here same name you,lets take name name,0,Introduction
00:09:42.920000,00:09:44.750000,and let's take name here same name you can take speaker list or S list I'm,lets take name name take speaker list list im,1,Step-by-Step Instruction
00:09:44.750000,00:09:44.760000,can take speaker list or S list I'm,take speaker list list im,1,Step-by-Step Instruction
00:09:44.760000,00:09:47.389000,can take speaker list or S list I'm taking here and then I'm taking simple,take speaker list list im taking im taking simple,1,Step-by-Step Instruction
00:09:47.389000,00:09:47.399000,taking here and then I'm taking simple,taking im taking simple,0,Introduction
00:09:47.399000,00:09:50.430000,taking here and then I'm taking simple name in,taking im taking simple name,0,Introduction
00:09:50.430000,00:09:50.440000,name in,name,0,Introduction
00:09:50.440000,00:09:55.829000,name in size right okay now the for,name size right okay,5,Practical Application
00:09:58.389000,00:09:58.399000,loop I should be less than whatever the,loop less whatever,0,Introduction
00:09:58.399000,00:10:01.310000,loop I should be less than whatever the size is and,loop less whatever size,5,Practical Application
00:10:01.310000,00:10:01.320000,size is and,size,5,Practical Application
00:10:01.320000,00:10:06.910000,size is and i++ so we will simply print now because,size simply print,5,Practical Application
00:10:06.910000,00:10:06.920000,i++ so we will simply print now because,simply print,1,Step-by-Step Instruction
00:10:06.920000,00:10:08.590000,i++ so we will simply print now because this function is not returning anything,simply print function returning anything,0,Introduction
00:10:08.590000,00:10:08.600000,this function is not returning anything,function returning anything,0,Introduction
00:10:08.600000,00:10:11.829000,this function is not returning anything we just want to print C out and the list,function returning anything want print c list,1,Step-by-Step Instruction
00:10:11.829000,00:10:11.839000,we just want to print C out and the list,want print c list,1,Step-by-Step Instruction
00:10:11.839000,00:10:12.949000,we just want to print C out and the list so,want print c list,1,Step-by-Step Instruction
00:10:12.949000,00:10:12.959000,so,,0,Introduction
00:10:12.959000,00:10:14.470000,so s,,0,Introduction
00:10:14.470000,00:10:14.480000,s,,0,Introduction
00:10:14.480000,00:10:16.990000,s list and,list,1,Step-by-Step Instruction
00:10:16.990000,00:10:17,list and,list,1,Step-by-Step Instruction
00:10:17,00:10:19.590000,list and I with some,list,1,Step-by-Step Instruction
00:10:19.590000,00:10:19.600000,I with some,,0,Introduction
00:10:19.600000,00:10:22.509000,I with some space,space,0,Introduction
00:10:22.509000,00:10:22.519000,space,space,0,Introduction
00:10:22.519000,00:10:25.310000,space right let's write down here a new,space right lets write new,0,Introduction
00:10:25.310000,00:10:25.320000,right let's write down here a new,right lets write new,0,Introduction
00:10:25.320000,00:10:29.750000,right let's write down here a new line just to format it a little bit endl,right lets write new line format little bit endl,0,Introduction
00:10:29.750000,00:10:29.760000,line just to format it a little bit endl,line format little bit endl,0,Introduction
00:10:29.760000,00:10:32.509000,line just to format it a little bit endl right now this is what print list so let,line format little bit endl right print list let,1,Step-by-Step Instruction
00:10:32.509000,00:10:32.519000,right now this is what print list so let,right print list let,1,Step-by-Step Instruction
00:10:32.519000,00:10:33.949000,right now this is what print list so let me run this and show you the output you,right print list let run show output,1,Step-by-Step Instruction
00:10:33.949000,00:10:33.959000,me run this and show you the output you,run show output,0,Introduction
00:10:33.959000,00:10:35.509000,me run this and show you the output you will,run show output,0,Introduction
00:10:35.509000,00:10:35.519000,will,,0,Introduction
00:10:35.519000,00:10:39.190000,will get okay let's run this here,get okay lets run,0,Introduction
00:10:39.190000,00:10:39.200000,get okay let's run this here,get okay lets run,0,Introduction
00:10:39.200000,00:10:42.389000,get okay let's run this here don't so this is the list J srk Modi we,get okay lets run dont list j srk modi,0,Introduction
00:10:42.389000,00:10:42.399000,don't so this is the list J srk Modi we,dont list j srk modi,1,Step-by-Step Instruction
00:10:42.399000,00:10:44.470000,don't so this is the list J srk Modi we just printing the list and you also want,dont list j srk modi printing list also want,1,Step-by-Step Instruction
00:10:44.470000,00:10:44.480000,just printing the list and you also want,printing list also want,1,Step-by-Step Instruction
00:10:44.480000,00:10:47.670000,just printing the list and you also want to uh restrict anyone from this function,printing list also want uh restrict anyone function,0,Introduction
00:10:47.670000,00:10:47.680000,to uh restrict anyone from this function,uh restrict anyone function,0,Introduction
00:10:47.680000,00:10:50.190000,to uh restrict anyone from this function print list to modify the list so what,uh restrict anyone function print list modify list,1,Step-by-Step Instruction
00:10:50.190000,00:10:50.200000,print list to modify the list so what,print list modify list,1,Step-by-Step Instruction
00:10:50.200000,00:10:53.550000,print list to modify the list so what you will do just write down here,print list modify list write,1,Step-by-Step Instruction
00:10:53.550000,00:10:53.560000,you will do just write down here,write,0,Introduction
00:10:53.560000,00:10:58.069000,you will do just write down here const just make this constant so that,write const make constant,3,Transitions
00:10:58.069000,00:10:58.079000,const just make this constant so that,const make constant,3,Transitions
00:10:58.079000,00:11:01.990000,const just make this constant so that and no one can modify it right so if you,const make constant one modify right,3,Transitions
00:11:01.990000,00:11:02,and no one can modify it right so if you,one modify right,3,Transitions
00:11:02,00:11:04.829000,and no one can modify it right so if you want to here modify so suppose if you,one modify right want modify suppose,3,Transitions
00:11:04.829000,00:11:04.839000,want to here modify so suppose if you,want modify suppose,3,Transitions
00:11:04.839000,00:11:08.150000,want to here modify so suppose if you want to modify like if you don't like,want modify suppose want modify like dont like,3,Transitions
00:11:08.150000,00:11:08.160000,want to modify like if you don't like,want modify like dont like,4,Recap
00:11:08.160000,00:11:11.949000,want to modify like if you don't like Modi and you want to replace this with,want modify like dont like modi want replace,4,Recap
00:11:11.949000,00:11:11.959000,Modi and you want to replace this with,modi want replace,3,Transitions
00:11:11.959000,00:11:15.829000,Modi and you want to replace this with Rahul,modi want replace rahul,3,Transitions
00:11:19.470000,00:11:19.480000,so let's do this but now we have done,lets done,0,Introduction
00:11:19.480000,00:11:21.350000,so let's do this but now we have done this constant parameter here so it will,lets done constant parameter,0,Introduction
00:11:21.350000,00:11:21.360000,this constant parameter here so it will,constant parameter,0,Introduction
00:11:21.360000,00:11:22.389000,this constant parameter here so it will give,constant parameter give,0,Introduction
00:11:22.389000,00:11:22.399000,give,give,0,Introduction
00:11:22.399000,00:11:25.710000,give error now if you want to clear the list,give error want clear list,1,Step-by-Step Instruction
00:11:25.710000,00:11:25.720000,error now if you want to clear the list,error want clear list,1,Step-by-Step Instruction
00:11:25.720000,00:11:29.350000,error now if you want to clear the list then let's define this,error want clear list lets define,1,Step-by-Step Instruction
00:11:29.350000,00:11:29.360000,then let's define this,lets define,0,Introduction
00:11:29.360000,00:11:32.389000,then let's define this the same function so here let's,lets define function lets,0,Introduction
00:11:32.389000,00:11:32.399000,the same function so here let's,function lets,0,Introduction
00:11:32.399000,00:11:35.230000,the same function so here let's obviously you have to take the name I'm,function lets obviously take name im,0,Introduction
00:11:35.230000,00:11:35.240000,obviously you have to take the name I'm,obviously take name im,0,Introduction
00:11:35.240000,00:11:40.430000,obviously you have to take the name I'm taking s list and here size so same for,obviously take name im taking list size,5,Practical Application
00:11:40.430000,00:11:40.440000,taking s list and here size so same for,taking list size,5,Practical Application
00:11:40.440000,00:11:43.150000,taking s list and here size so same for Loop and here rather than see out,taking list size loop rather see,5,Practical Application
00:11:43.150000,00:11:43.160000,Loop and here rather than see out,loop rather see,0,Introduction
00:11:43.160000,00:11:44.829000,Loop and here rather than see out because you want to clear everything out,loop rather see want clear everything,0,Introduction
00:11:44.829000,00:11:44.839000,because you want to clear everything out,want clear everything,0,Introduction
00:11:44.839000,00:11:46.269000,because you want to clear everything out so,want clear everything,0,Introduction
00:11:46.269000,00:11:46.279000,so,,0,Introduction
00:11:46.279000,00:11:51.190000,so sore list and whatever the element there,sore list whatever element,6,Conclusion
00:11:51.190000,00:11:51.200000,sore list and whatever the element there,sore list whatever element,6,Conclusion
00:11:51.200000,00:11:57.310000,sore list and whatever the element there just a space or nothing sorry that's,sore list whatever element space nothing sorry thats,0,Introduction
00:11:57.310000,00:11:57.320000,just a space or nothing sorry that's,space nothing sorry thats,0,Introduction
00:11:57.320000,00:11:59.910000,just a space or nothing sorry that's it after clearing the list let's call,space nothing sorry thats clearing list lets call,0,Introduction
00:11:59.910000,00:11:59.920000,it after clearing the list let's call,clearing list lets call,1,Step-by-Step Instruction
00:11:59.920000,00:12:03.590000,it after clearing the list let's call this function clear list,clearing list lets call function clear list,1,Step-by-Step Instruction
00:12:14.269000,00:12:14.279000,print right and let's uh in this,print right lets uh,0,Introduction
00:12:14.279000,00:12:16.110000,print right and let's uh in this function let's print after clearing,print right lets uh function lets print clearing,0,Introduction
00:12:16.110000,00:12:16.120000,function let's print after clearing,function lets print clearing,0,Introduction
00:12:16.120000,00:12:22.430000,function let's print after clearing let's,function lets print clearing lets,0,Introduction
00:12:25.710000,00:12:25.720000,print list cleared,print list cleared,1,Step-by-Step Instruction
00:12:25.720000,00:12:29.870000,print list cleared right so this is a program now let's run,print list cleared right program lets run,1,Step-by-Step Instruction
00:12:29.870000,00:12:29.880000,right so this is a program now let's run,right program lets run,0,Introduction
00:12:29.880000,00:12:31.110000,right so this is a program now let's run this and,right program lets run,0,Introduction
00:12:31.110000,00:12:31.120000,this and,,0,Introduction
00:12:31.120000,00:12:34.150000,this and see first the list then list cleared and,see first list list cleared,1,Step-by-Step Instruction
00:12:34.150000,00:12:34.160000,see first the list then list cleared and,see first list list cleared,1,Step-by-Step Instruction
00:12:34.160000,00:12:37.670000,see first the list then list cleared and nothing will be printed now after that,see first list list cleared nothing printed,1,Step-by-Step Instruction
00:12:37.670000,00:12:37.680000,nothing will be printed now after that,nothing printed,0,Introduction
00:12:37.680000,00:12:40.750000,nothing will be printed now after that right so because list is cleared now you,nothing printed right list cleared,1,Step-by-Step Instruction
00:12:40.750000,00:12:40.760000,right so because list is cleared now you,right list cleared,1,Step-by-Step Instruction
00:12:40.760000,00:12:42.350000,right so because list is cleared now you got,right list cleared got,1,Step-by-Step Instruction
00:12:42.350000,00:12:42.360000,got,got,4,Recap
00:12:42.360000,00:12:45.870000,got it so like rather than in we can pass,got like rather pass,4,Recap
00:12:45.870000,00:12:45.880000,it so like rather than in we can pass,like rather pass,4,Recap
00:12:45.880000,00:12:48.310000,it so like rather than in we can pass string array also so this is that,like rather pass string array also,4,Recap
00:12:48.310000,00:12:48.320000,string array also so this is that,string array also,2,Context Setting
00:12:48.320000,00:12:50.670000,string array also so this is that example I hope you got this how to pass,string array also example hope got pass,4,Recap
00:12:50.670000,00:12:50.680000,example I hope you got this how to pass,example hope got pass,4,Recap
00:12:50.680000,00:12:52.629000,example I hope you got this how to pass arrays to a function now try out,example hope got pass arrays function try,4,Recap
00:12:52.629000,00:12:52.639000,arrays to a function now try out,arrays function try,0,Introduction
00:12:52.639000,00:12:54.509000,arrays to a function now try out different different exercises and,arrays function try different different exercises,4,Recap
00:12:54.509000,00:12:54.519000,different different exercises and,different different exercises,4,Recap
00:12:54.519000,00:12:57.150000,different different exercises and examples on this thing on this topic,different different exercises examples thing topic,4,Recap
00:12:57.150000,00:12:57.160000,examples on this thing on this topic,examples thing topic,0,Introduction
00:12:57.160000,00:12:58.910000,examples on this thing on this topic don't leave this like yeah you got you,examples thing topic dont leave like yeah got,4,Recap
00:12:58.910000,00:12:58.920000,don't leave this like yeah you got you,dont leave like yeah got,4,Recap
00:12:58.920000,00:13:00.430000,don't leave this like yeah you got you you what those three exercises and,dont leave like yeah got three exercises,4,Recap
00:13:00.430000,00:13:00.440000,you what those three exercises and,three exercises,4,Recap
00:13:00.440000,00:13:02.910000,you what those three exercises and that's it no just try out at least five,three exercises thats try least five,4,Recap
00:13:02.910000,00:13:02.920000,that's it no just try out at least five,thats try least five,0,Introduction
00:13:02.920000,00:13:05.269000,that's it no just try out at least five or 10 exercises of different different,thats try least five 10 exercises different different,4,Recap
00:13:05.269000,00:13:05.279000,or 10 exercises of different different,10 exercises different different,4,Recap
00:13:05.279000,00:13:07.629000,or 10 exercises of different different type right like have to pass AR to a,10 exercises different different type right like pass ar,4,Recap
00:13:07.629000,00:13:07.639000,type right like have to pass AR to a,type right like pass ar,4,Recap
00:13:07.639000,00:13:09.430000,type right like have to pass AR to a function so now that's it for this video,type right like pass ar function thats video,4,Recap
00:13:09.430000,00:13:09.440000,function so now that's it for this video,function thats video,0,Introduction
00:13:09.440000,00:13:10.750000,function so now that's it for this video now I'll see you in the next video till,function thats video ill see next video till,0,Introduction
00:13:10.750000,00:13:10.760000,now I'll see you in the next video till,ill see next video till,0,Introduction
00:13:10.760000,00:13:14.720000,now I'll see you in the next video till then bye-bye take care,ill see next video till byebye take care,0,Introduction
