Start Time,End Time,Text,Cleaned Text,Cluster,Workflow Step
00:00:02.190000,00:00:02.200000,hey everyone I hope you are safe and,hey everyone hope safe,1,Step-by-Step Instruction
00:00:02.200000,00:00:03.990000,hey everyone I hope you are safe and doing good so in the series of learning,hey everyone hope safe good series learning,1,Step-by-Step Instruction
00:00:03.990000,00:00:04,doing good so in the series of learning,good series learning,1,Step-by-Step Instruction
00:00:04,00:00:05.390000,doing good so in the series of learning C++ programming language we are,good series learning c programming language,1,Step-by-Step Instruction
00:00:05.390000,00:00:05.400000,C++ programming language we are,c programming language,1,Step-by-Step Instruction
00:00:05.400000,00:00:07.829000,C++ programming language we are discussing functions in C++ right till,c programming language discussing functions c right till,5,Practical Application
00:00:07.829000,00:00:07.839000,discussing functions in C++ right till,discussing functions c right till,5,Practical Application
00:00:07.839000,00:00:09.509000,discussing functions in C++ right till now we have discussed basics of,discussing functions c right till discussed basics,5,Practical Application
00:00:09.509000,00:00:09.519000,now we have discussed basics of,discussed basics,1,Step-by-Step Instruction
00:00:09.519000,00:00:11.830000,now we have discussed basics of functions right then call by value call,discussed basics functions right call value call,5,Practical Application
00:00:11.830000,00:00:11.840000,functions right then call by value call,functions right call value call,5,Practical Application
00:00:11.840000,00:00:13.350000,functions right then call by value call by reference or we can say pass by value,functions right call value call reference say pass value,1,Step-by-Step Instruction
00:00:13.350000,00:00:13.360000,by reference or we can say pass by value,reference say pass value,1,Step-by-Step Instruction
00:00:13.360000,00:00:15.230000,by reference or we can say pass by value pass by reference these two things then,reference say pass value pass reference two things,1,Step-by-Step Instruction
00:00:15.230000,00:00:15.240000,pass by reference these two things then,pass reference two things,1,Step-by-Step Instruction
00:00:15.240000,00:00:16.830000,pass by reference these two things then function overloading then some coding,pass reference two things function overloading coding,1,Step-by-Step Instruction
00:00:16.830000,00:00:16.840000,function overloading then some coding,function overloading coding,2,Context Setting
00:00:16.840000,00:00:19.070000,function overloading then some coding exercise based on that then how to pass,function overloading coding exercise based pass,2,Context Setting
00:00:19.070000,00:00:19.080000,exercise based on that then how to pass,exercise based pass,1,Step-by-Step Instruction
00:00:19.080000,00:00:21.109000,exercise based on that then how to pass arrays to a function right and one,exercise based pass arrays function right one,2,Context Setting
00:00:21.109000,00:00:21.119000,arrays to a function right and one,arrays function right one,2,Context Setting
00:00:21.119000,00:00:23.750000,arrays to a function right and one coding exercise for that thing also,arrays function right one coding exercise thing also,2,Context Setting
00:00:23.750000,00:00:23.760000,coding exercise for that thing also,coding exercise thing also,1,Step-by-Step Instruction
00:00:23.760000,00:00:27.310000,coding exercise for that thing also right now we will discuss in this video,coding exercise thing also right discuss video,5,Practical Application
00:00:27.310000,00:00:27.320000,right now we will discuss in this video,right discuss video,5,Practical Application
00:00:27.320000,00:00:30.429000,right now we will discuss in this video how function call actually works,right discuss video function call actually works,5,Practical Application
00:00:30.429000,00:00:30.439000,how function call actually works,function call actually works,2,Context Setting
00:00:30.439000,00:00:33.229000,how function call actually works right like we call a function in main,function call actually works right like call function main,2,Context Setting
00:00:33.229000,00:00:33.239000,right like we call a function in main,right like call function main,2,Context Setting
00:00:33.239000,00:00:34.630000,right like we call a function in main function we are calling one function,right like call function main function calling one function,2,Context Setting
00:00:34.630000,00:00:34.640000,function we are calling one function,function calling one function,2,Context Setting
00:00:34.640000,00:00:36.470000,function we are calling one function then I say the control will pass to,function calling one function say control pass,2,Context Setting
00:00:36.470000,00:00:36.480000,then I say the control will pass to,say control pass,1,Step-by-Step Instruction
00:00:36.480000,00:00:38.310000,then I say the control will pass to another function then that function is,say control pass another function function,2,Context Setting
00:00:38.310000,00:00:38.320000,another function then that function is,another function function,2,Context Setting
00:00:38.320000,00:00:40.510000,another function then that function is doing some you know a computation or,another function function know computation,2,Context Setting
00:00:40.510000,00:00:40.520000,doing some you know a computation or,know computation,1,Step-by-Step Instruction
00:00:40.520000,00:00:42.389000,doing some you know a computation or some processing and will return some,know computation processing return,6,Conclusion
00:00:42.389000,00:00:42.399000,some processing and will return some,processing return,6,Conclusion
00:00:42.399000,00:00:46.150000,some processing and will return some result right so how actually this thing,processing return result right actually thing,6,Conclusion
00:00:46.150000,00:00:46.160000,result right so how actually this thing,result right actually thing,1,Step-by-Step Instruction
00:00:46.160000,00:00:48.990000,result right so how actually this thing is working how function call is actually,result right actually thing working function call actually,2,Context Setting
00:00:48.990000,00:00:49,is working how function call is actually,working function call actually,2,Context Setting
00:00:49,00:00:51.990000,is working how function call is actually works what is happening behind the scene,working function call actually works happening behind scene,2,Context Setting
00:00:51.990000,00:00:52,works what is happening behind the scene,works happening behind scene,1,Step-by-Step Instruction
00:00:52,00:00:54.630000,works what is happening behind the scene right so you don't need to go in that,works happening behind scene right dont need go,0,Introduction
00:00:54.630000,00:00:54.640000,right so you don't need to go in that,right dont need go,0,Introduction
00:00:54.640000,00:00:57.310000,right so you don't need to go in that much deep like because obviously there,right dont need go much deep like obviously,0,Introduction
00:00:57.310000,00:00:57.320000,much deep like because obviously there,much deep like obviously,1,Step-by-Step Instruction
00:00:57.320000,00:01:00.229000,much deep like because obviously there are these things are working on lay of,much deep like obviously things working lay,1,Step-by-Step Instruction
00:01:00.229000,00:01:00.239000,are these things are working on lay of,things working lay,1,Step-by-Step Instruction
00:01:00.239000,00:01:02.910000,are these things are working on lay of instructions so we don't need to uh go,things working lay instructions dont need uh go,1,Step-by-Step Instruction
00:01:02.910000,00:01:02.920000,instructions so we don't need to uh go,instructions dont need uh go,1,Step-by-Step Instruction
00:01:02.920000,00:01:06.510000,instructions so we don't need to uh go in deep right but yeah you need to you,instructions dont need uh go deep right yeah need,0,Introduction
00:01:06.510000,00:01:06.520000,in deep right but yeah you need to you,deep right yeah need,0,Introduction
00:01:06.520000,00:01:08.429000,in deep right but yeah you need to you know to Su what you need to understand,deep right yeah need know su need understand,0,Introduction
00:01:08.429000,00:01:08.439000,know to Su what you need to understand,know su need understand,1,Step-by-Step Instruction
00:01:08.439000,00:01:10.109000,know to Su what you need to understand how behind the scene what is happening,know su need understand behind scene happening,1,Step-by-Step Instruction
00:01:10.109000,00:01:10.119000,how behind the scene what is happening,behind scene happening,1,Step-by-Step Instruction
00:01:10.119000,00:01:13.590000,how behind the scene what is happening how this function call is working right,behind scene happening function call working right,2,Context Setting
00:01:13.590000,00:01:13.600000,how this function call is working right,function call working right,2,Context Setting
00:01:13.600000,00:01:16.350000,how this function call is working right so we'll see that thing in this video,function call working right well see thing video,5,Practical Application
00:01:16.350000,00:01:16.360000,so we'll see that thing in this video,well see thing video,5,Practical Application
00:01:16.360000,00:01:18.710000,so we'll see that thing in this video now first before uh discussing this,well see thing video first uh discussing,5,Practical Application
00:01:18.710000,00:01:18.720000,now first before uh discussing this,first uh discussing,5,Practical Application
00:01:18.720000,00:01:20.830000,now first before uh discussing this thing the actual working let me show you,first uh discussing thing actual working let show,5,Practical Application
00:01:20.830000,00:01:20.840000,thing the actual working let me show you,thing actual working let show,1,Step-by-Step Instruction
00:01:20.840000,00:01:23.950000,thing the actual working let me show you if you have a program then how actually,thing actual working let show program actually,1,Step-by-Step Instruction
00:01:23.950000,00:01:23.960000,if you have a program then how actually,program actually,1,Step-by-Step Instruction
00:01:23.960000,00:01:25.109000,if you have a program then how actually the memory is laid off for your,program actually memory laid,0,Introduction
00:01:25.109000,00:01:25.119000,the memory is laid off for your,memory laid,0,Introduction
00:01:25.119000,00:01:28.710000,the memory is laid off for your programing that computer memory right so,memory laid programing computer memory right,0,Introduction
00:01:28.710000,00:01:28.720000,programing that computer memory right so,programing computer memory right,0,Introduction
00:01:28.720000,00:01:33.990000,programing that computer memory right so the memory is divided into into segments,programing computer memory right memory divided segments,0,Introduction
00:01:38.069000,00:01:38.079000,actually something like this so we have,actually something like,1,Step-by-Step Instruction
00:01:38.079000,00:01:40.590000,actually something like this so we have one segment this is our code area where,actually something like one segment code area,1,Step-by-Step Instruction
00:01:40.590000,00:01:40.600000,one segment this is our code area where,one segment code area,1,Step-by-Step Instruction
00:01:40.600000,00:01:43.870000,one segment this is our code area where her actual code the program is there,one segment code area actual code program,1,Step-by-Step Instruction
00:01:43.870000,00:01:43.880000,her actual code the program is there,actual code program,1,Step-by-Step Instruction
00:01:43.880000,00:01:46.910000,her actual code the program is there then this one is for those static or if,actual code program one static,1,Step-by-Step Instruction
00:01:46.910000,00:01:46.920000,then this one is for those static or if,one static,1,Step-by-Step Instruction
00:01:46.920000,00:01:49.709000,then this one is for those static or if you have some Global variables then for,one static global variables,4,Recap
00:01:49.709000,00:01:49.719000,you have some Global variables then for,global variables,4,Recap
00:01:49.719000,00:01:51.910000,you have some Global variables then for those memory would be allocated and then,global variables memory would allocated,4,Recap
00:01:51.910000,00:01:51.920000,those memory would be allocated and then,memory would allocated,1,Step-by-Step Instruction
00:01:51.920000,00:01:57.029000,those memory would be allocated and then one we have this area for stack like,memory would allocated one area stack like,0,Introduction
00:01:57.029000,00:01:57.039000,one we have this area for stack like,one area stack like,0,Introduction
00:01:57.039000,00:02:01.029000,one we have this area for stack like stack memory and this is,one area stack like stack memory,0,Introduction
00:02:01.029000,00:02:01.039000,stack memory and this is,stack memory,0,Introduction
00:02:01.039000,00:02:03.310000,stack memory and this is Heap right so this is kind of free,stack memory heap right kind free,0,Introduction
00:02:03.310000,00:02:03.320000,Heap right so this is kind of free,heap right kind free,0,Introduction
00:02:03.320000,00:02:05.069000,Heap right so this is kind of free storage and Heap this we will not,heap right kind free storage heap,0,Introduction
00:02:05.069000,00:02:05.079000,storage and Heap this we will not,storage heap,1,Step-by-Step Instruction
00:02:05.079000,00:02:06.190000,storage and Heap this we will not discuss in this video because this we,storage heap discuss video,5,Practical Application
00:02:06.190000,00:02:06.200000,discuss in this video because this we,discuss video,5,Practical Application
00:02:06.200000,00:02:08.869000,discuss in this video because this we will use when we discussing like Dynamic,discuss video use discussing like dynamic,5,Practical Application
00:02:08.869000,00:02:08.879000,will use when we discussing like Dynamic,use discussing like dynamic,5,Practical Application
00:02:08.879000,00:02:11.830000,will use when we discussing like Dynamic uh memory allocation and all so this,use discussing like dynamic uh memory allocation,5,Practical Application
00:02:11.830000,00:02:11.840000,uh memory allocation and all so this,uh memory allocation,0,Introduction
00:02:11.840000,00:02:14.270000,uh memory allocation and all so this thing when you are calling functions,uh memory allocation thing calling functions,5,Practical Application
00:02:14.270000,00:02:14.280000,thing when you are calling functions,thing calling functions,5,Practical Application
00:02:14.280000,00:02:17.030000,thing when you are calling functions then this memory the stack memory is to,thing calling functions memory stack memory,0,Introduction
00:02:17.030000,00:02:17.040000,then this memory the stack memory is to,memory stack memory,0,Introduction
00:02:17.040000,00:02:20.030000,then this memory the stack memory is to be used so for about this area we'll be,memory stack memory used area well,0,Introduction
00:02:20.030000,00:02:20.040000,be used so for about this area we'll be,used area well,1,Step-by-Step Instruction
00:02:20.040000,00:02:21.670000,be used so for about this area we'll be discussing in this,used area well discussing,5,Practical Application
00:02:21.670000,00:02:21.680000,discussing in this,discussing,5,Practical Application
00:02:21.680000,00:02:24.030000,discussing in this video right,discussing video right,5,Practical Application
00:02:24.030000,00:02:24.040000,video right,video right,5,Practical Application
00:02:24.040000,00:02:26.589000,video right now functions basically use that,video right functions basically use,5,Practical Application
00:02:26.589000,00:02:26.599000,now functions basically use that,functions basically use,5,Practical Application
00:02:26.599000,00:02:28.270000,now functions basically use that function called,functions basically use function called,5,Practical Application
00:02:28.270000,00:02:28.280000,function called,function called,2,Context Setting
00:02:28.280000,00:02:31.869000,function called St it's like the normal stack which,function called st like normal stack,0,Introduction
00:02:31.869000,00:02:31.879000,St it's like the normal stack which,st like normal stack,0,Introduction
00:02:31.879000,00:02:35.750000,St it's like the normal stack which works on that Leo principle last and,st like normal stack works leo principle last,0,Introduction
00:02:35.750000,00:02:35.760000,works on that Leo principle last and,works leo principle last,0,Introduction
00:02:35.760000,00:02:38.470000,works on that Leo principle last and first out it's like you can see a stack,works leo principle last first like see stack,0,Introduction
00:02:38.470000,00:02:38.480000,first out it's like you can see a stack,first like see stack,0,Introduction
00:02:38.480000,00:02:41.869000,first out it's like you can see a stack of uh your in your wardrobe you put your,first like see stack uh wardrobe put,0,Introduction
00:02:41.869000,00:02:41.879000,of uh your in your wardrobe you put your,uh wardrobe put,1,Step-by-Step Instruction
00:02:41.879000,00:02:44.949000,of uh your in your wardrobe you put your clothes stack of clothes right so last,uh wardrobe put clothes stack clothes right last,0,Introduction
00:02:44.949000,00:02:44.959000,clothes stack of clothes right so last,clothes stack clothes right last,0,Introduction
00:02:44.959000,00:02:47.750000,clothes stack of clothes right so last in first out principle so the same,clothes stack clothes right last first principle,0,Introduction
00:02:47.750000,00:02:47.760000,in first out principle so the same,first principle,0,Introduction
00:02:47.760000,00:02:49.750000,in first out principle so the same function goal stack also works in this,first principle function goal stack also works,0,Introduction
00:02:49.750000,00:02:49.760000,function goal stack also works in this,function goal stack also works,0,Introduction
00:02:49.760000,00:02:54.630000,function goal stack also works in this principle last and first down right now,function goal stack also works principle last first right,0,Introduction
00:02:54.630000,00:02:54.640000,principle last and first down right now,principle last first right,0,Introduction
00:02:54.640000,00:02:57.630000,principle last and first down right now see whenever a new function is to be,principle last first right see whenever new function,0,Introduction
00:02:57.630000,00:02:57.640000,see whenever a new function is to be,see whenever new function,2,Context Setting
00:02:57.640000,00:03:00.949000,see whenever a new function is to be called then an activate ation record is,see whenever new function called activate ation record,2,Context Setting
00:03:00.949000,00:03:00.959000,called then an activate ation record is,called activate ation record,1,Step-by-Step Instruction
00:03:00.959000,00:03:05.509000,called then an activate ation record is to be pushed or created in that step now,called activate ation record pushed created step,1,Step-by-Step Instruction
00:03:05.509000,00:03:05.519000,to be pushed or created in that step now,pushed created step,1,Step-by-Step Instruction
00:03:05.519000,00:03:07.309000,to be pushed or created in that step now what is that activation,pushed created step activation,1,Step-by-Step Instruction
00:03:07.309000,00:03:07.319000,what is that activation,activation,1,Step-by-Step Instruction
00:03:07.319000,00:03:09.869000,what is that activation record that activation record contains,activation record activation record contains,1,Step-by-Step Instruction
00:03:09.869000,00:03:09.879000,record that activation record contains,record activation record contains,1,Step-by-Step Instruction
00:03:09.879000,00:03:11.630000,record that activation record contains some information about that function,record activation record contains information function,2,Context Setting
00:03:11.630000,00:03:11.640000,some information about that function,information function,2,Context Setting
00:03:11.640000,00:03:13.910000,some information about that function like about the parameter of the function,information function like parameter function,2,Context Setting
00:03:13.910000,00:03:13.920000,like about the parameter of the function,like parameter function,2,Context Setting
00:03:13.920000,00:03:15.670000,like about the parameter of the function or you can say store the parameter of,like parameter function say store parameter,2,Context Setting
00:03:15.670000,00:03:15.680000,or you can say store the parameter of,say store parameter,1,Step-by-Step Instruction
00:03:15.680000,00:03:18.070000,or you can say store the parameter of the functions or it has space for those,say store parameter functions space,5,Practical Application
00:03:18.070000,00:03:18.080000,the functions or it has space for those,functions space,5,Practical Application
00:03:18.080000,00:03:20.309000,the functions or it has space for those local variables of the functions some,functions space local variables functions,4,Recap
00:03:20.309000,00:03:20.319000,local variables of the functions some,local variables functions,4,Recap
00:03:20.319000,00:03:22.070000,local variables of the functions some temporary variables also there in that,local variables functions temporary variables also,4,Recap
00:03:22.070000,00:03:22.080000,temporary variables also there in that,temporary variables also,4,Recap
00:03:22.080000,00:03:24.229000,temporary variables also there in that function and as well as the return,temporary variables also function well return,4,Recap
00:03:24.229000,00:03:24.239000,function and as well as the return,function well return,6,Conclusion
00:03:24.239000,00:03:26.030000,function and as well as the return address it also stores that activation,function well return address also stores activation,6,Conclusion
00:03:26.030000,00:03:26.040000,address it also stores that activation,address also stores activation,3,Transitions
00:03:26.040000,00:03:27.509000,address it also stores that activation record of that function stores the,address also stores activation record function stores,2,Context Setting
00:03:27.509000,00:03:27.519000,record of that function stores the,record function stores,2,Context Setting
00:03:27.519000,00:03:28.869000,record of that function stores the return address because obviously we need,record function stores return address obviously need,6,Conclusion
00:03:28.869000,00:03:28.879000,return address because obviously we need,return address obviously need,6,Conclusion
00:03:28.879000,00:03:30.910000,return address because obviously we need to know that fun need to know where to,return address obviously need know fun need know,6,Conclusion
00:03:30.910000,00:03:30.920000,to know that fun need to know where to,know fun need know,1,Step-by-Step Instruction
00:03:30.920000,00:03:33.470000,to know that fun need to know where to return after processing Where to return,know fun need know return processing return,6,Conclusion
00:03:33.470000,00:03:33.480000,return after processing Where to return,return processing return,6,Conclusion
00:03:33.480000,00:03:35.910000,return after processing Where to return so that address would also be stored and,return processing return address would also stored,6,Conclusion
00:03:35.910000,00:03:35.920000,so that address would also be stored and,address would also stored,3,Transitions
00:03:35.920000,00:03:37.509000,so that address would also be stored and some other information also some,address would also stored information also,3,Transitions
00:03:37.509000,00:03:37.519000,some other information also some,information also,1,Step-by-Step Instruction
00:03:37.519000,00:03:39.830000,some other information also some registers information and all so in that,information also registers information,1,Step-by-Step Instruction
00:03:39.830000,00:03:39.840000,registers information and all so in that,registers information,1,Step-by-Step Instruction
00:03:39.840000,00:03:43.149000,registers information and all so in that much deep we will not go here so this is,registers information much deep go,1,Step-by-Step Instruction
00:03:43.149000,00:03:43.159000,much deep we will not go here so this is,much deep go,1,Step-by-Step Instruction
00:03:43.159000,00:03:45.470000,much deep we will not go here so this is basically the,much deep go basically,1,Step-by-Step Instruction
00:03:45.470000,00:03:45.480000,basically the,basically,1,Step-by-Step Instruction
00:03:45.480000,00:03:48.750000,basically the memory right for our program how the,basically memory right program,0,Introduction
00:03:48.750000,00:03:48.760000,memory right for our program how the,memory right program,0,Introduction
00:03:48.760000,00:03:51.350000,memory right for our program how the memory is laid off for a program okay,memory right program memory laid program okay,0,Introduction
00:03:51.350000,00:03:51.360000,memory is laid off for a program okay,memory laid program okay,0,Introduction
00:03:51.360000,00:03:52.750000,memory is laid off for a program okay but see one thing you need to remember,memory laid program okay see one thing need remember,0,Introduction
00:03:52.750000,00:03:52.760000,but see one thing you need to remember,see one thing need remember,1,Step-by-Step Instruction
00:03:52.760000,00:03:56.030000,but see one thing you need to remember this stack sizes it's not infinite it's,see one thing need remember stack sizes infinite,0,Introduction
00:03:56.030000,00:03:56.040000,this stack sizes it's not infinite it's,stack sizes infinite,0,Introduction
00:03:56.040000,00:03:59.910000,this stack sizes it's not infinite it's finite right so if there are many more,stack sizes infinite finite right many,0,Introduction
00:03:59.910000,00:03:59.920000,finite right so if there are many more,finite right many,0,Introduction
00:03:59.920000,00:04:01.350000,finite right so if there are many more activation functions or many more,finite right many activation functions many,5,Practical Application
00:04:01.350000,00:04:01.360000,activation functions or many more,activation functions many,5,Practical Application
00:04:01.360000,00:04:03.069000,activation functions or many more activation records more activation,activation functions many activation records activation,1,Step-by-Step Instruction
00:04:03.069000,00:04:03.079000,activation records more activation,activation records activation,1,Step-by-Step Instruction
00:04:03.079000,00:04:05.350000,activation records more activation records then there would be a error you,activation records activation records would error,1,Step-by-Step Instruction
00:04:05.350000,00:04:05.360000,records then there would be a error you,records would error,1,Step-by-Step Instruction
00:04:05.360000,00:04:08.789000,records then there would be a error you can get that um stack Overflow error,records would error get um stack overflow error,0,Introduction
00:04:08.789000,00:04:08.799000,can get that um stack Overflow error,get um stack overflow error,0,Introduction
00:04:08.799000,00:04:11.069000,can get that um stack Overflow error right and whenever a new activation,get um stack overflow error right whenever new activation,0,Introduction
00:04:11.069000,00:04:11.079000,right and whenever a new activation,right whenever new activation,0,Introduction
00:04:11.079000,00:04:13.110000,right and whenever a new activation record is created means whenever a new,right whenever new activation record created means whenever new,1,Step-by-Step Instruction
00:04:13.110000,00:04:13.120000,record is created means whenever a new,record created means whenever new,1,Step-by-Step Instruction
00:04:13.120000,00:04:15.110000,record is created means whenever a new function is called so obviously,record created means whenever new function called obviously,2,Context Setting
00:04:15.110000,00:04:15.120000,function is called so obviously,function called obviously,2,Context Setting
00:04:15.120000,00:04:17.509000,function is called so obviously activation record is created and pushed,function called obviously activation record created pushed,2,Context Setting
00:04:17.509000,00:04:17.519000,activation record is created and pushed,activation record created pushed,1,Step-by-Step Instruction
00:04:17.519000,00:04:19.670000,activation record is created and pushed into the,activation record created pushed,1,Step-by-Step Instruction
00:04:19.670000,00:04:19.680000,into the,,1,Step-by-Step Instruction
00:04:19.680000,00:04:24.350000,into the stack right so and whenever the function,stack right whenever function,0,Introduction
00:04:24.350000,00:04:24.360000,stack right so and whenever the function,stack right whenever function,0,Introduction
00:04:24.360000,00:04:26.990000,stack right so and whenever the function terminates then the activation,stack right whenever function terminates activation,0,Introduction
00:04:26.990000,00:04:27,terminates then the activation,terminates activation,1,Step-by-Step Instruction
00:04:27,00:04:28.550000,terminates then the activation activation record for that function,terminates activation activation record function,2,Context Setting
00:04:28.550000,00:04:28.560000,activation record for that function,activation record function,2,Context Setting
00:04:28.560000,00:04:30.950000,activation record for that function would be popped out out from the stack,activation record function would popped stack,2,Context Setting
00:04:30.950000,00:04:30.960000,would be popped out out from the stack,would popped stack,0,Introduction
00:04:30.960000,00:04:32.990000,would be popped out out from the stack and the control will return to the,would popped stack control return,6,Conclusion
00:04:32.990000,00:04:33,and the control will return to the,control return,6,Conclusion
00:04:33,00:04:35.150000,and the control will return to the calling function now let's see this,control return calling function lets see,2,Context Setting
00:04:35.150000,00:04:35.160000,calling function now let's see this,calling function lets see,2,Context Setting
00:04:35.160000,00:04:36.110000,calling function now let's see this thing with,calling function lets see thing,2,Context Setting
00:04:36.110000,00:04:36.120000,thing with,thing,1,Step-by-Step Instruction
00:04:36.120000,00:04:38.430000,thing with example okay so let's see this example,thing example okay lets see example,1,Step-by-Step Instruction
00:04:38.430000,00:04:38.440000,example okay so let's see this example,example okay lets see example,1,Step-by-Step Instruction
00:04:38.440000,00:04:40.590000,example okay so let's see this example suppose we have this program and you,example okay lets see example suppose program,1,Step-by-Step Instruction
00:04:40.590000,00:04:40.600000,suppose we have this program and you,suppose program,1,Step-by-Step Instruction
00:04:40.600000,00:04:42.469000,suppose we have this program and you have to find out you just dry on this,suppose program find dry,1,Step-by-Step Instruction
00:04:42.469000,00:04:42.479000,have to find out you just dry on this,find dry,1,Step-by-Step Instruction
00:04:42.479000,00:04:43.870000,have to find out you just dry on this we'll dry on this and we'll see what,find dry well dry well see,1,Step-by-Step Instruction
00:04:43.870000,00:04:43.880000,we'll dry on this and we'll see what,well dry well see,1,Step-by-Step Instruction
00:04:43.880000,00:04:46.990000,we'll dry on this and we'll see what output you will get right okay now at,well dry well see output get right okay,0,Introduction
00:04:46.990000,00:04:47,output you will get right okay now at,output get right okay,0,Introduction
00:04:47,00:04:49.310000,output you will get right okay now at first obviously we know the control will,output get right okay first obviously know control,0,Introduction
00:04:49.310000,00:04:49.320000,first obviously we know the control will,first obviously know control,1,Step-by-Step Instruction
00:04:49.320000,00:04:53.029000,first obviously we know the control will go to here main function main is a,first obviously know control go main function main,2,Context Setting
00:04:53.029000,00:04:53.039000,go to here main function main is a,go main function main,2,Context Setting
00:04:53.039000,00:04:55.469000,go to here main function main is a function right so an activation report,go main function main function right activation report,2,Context Setting
00:04:55.469000,00:04:55.479000,function right so an activation report,function right activation report,2,Context Setting
00:04:55.479000,00:04:57.710000,function right so an activation report would be one entry would be created for,function right activation report would one entry would created,1,Step-by-Step Instruction
00:04:57.710000,00:04:57.720000,would be one entry would be created for,would one entry would created,1,Step-by-Step Instruction
00:04:57.720000,00:05:00.189000,would be one entry would be created for Main and pushed into,would one entry would created main pushed,1,Step-by-Step Instruction
00:05:00.189000,00:05:00.199000,Main and pushed into,main pushed,1,Step-by-Step Instruction
00:05:00.199000,00:05:03.710000,Main and pushed into that function called Step so we have,main pushed function called step,2,Context Setting
00:05:03.710000,00:05:03.720000,that function called Step so we have,function called step,2,Context Setting
00:05:03.720000,00:05:06.590000,that function called Step so we have something like this let's,function called step something like lets,2,Context Setting
00:05:06.590000,00:05:06.600000,something like this let's,something like lets,1,Step-by-Step Instruction
00:05:06.600000,00:05:08.110000,something like this let's take,something like lets take,1,Step-by-Step Instruction
00:05:08.110000,00:05:08.120000,take,take,1,Step-by-Step Instruction
00:05:08.120000,00:05:11.390000,take this so this is for,take,1,Step-by-Step Instruction
00:05:11.390000,00:05:11.400000,this so this is for,,1,Step-by-Step Instruction
00:05:11.400000,00:05:15.029000,this so this is for me right and what in this activation,right activation,0,Introduction
00:05:15.029000,00:05:15.039000,me right and what in this activation,right activation,0,Introduction
00:05:15.039000,00:05:17.350000,me right and what in this activation record this activation record is,right activation record activation record,1,Step-by-Step Instruction
00:05:17.350000,00:05:17.360000,record this activation record is,record activation record,1,Step-by-Step Instruction
00:05:17.360000,00:05:20.309000,record this activation record is also so we'll store here what,record activation record also well store,1,Step-by-Step Instruction
00:05:20.309000,00:05:20.319000,also so we'll store here what,also well store,1,Step-by-Step Instruction
00:05:20.319000,00:05:22.189000,also so we'll store here what information local variable of the,also well store information local variable,4,Recap
00:05:22.189000,00:05:22.199000,information local variable of the,information local variable,4,Recap
00:05:22.199000,00:05:24.270000,information local variable of the function parameters return address of,information local variable function parameters return address,6,Conclusion
00:05:24.270000,00:05:24.280000,function parameters return address of,function parameters return address,6,Conclusion
00:05:24.280000,00:05:26.350000,function parameters return address of the function and some other information,function parameters return address function information,2,Context Setting
00:05:26.350000,00:05:26.360000,the function and some other information,function information,2,Context Setting
00:05:26.360000,00:05:28.870000,the function and some other information also I'm value and all but here we will,function information also im value,2,Context Setting
00:05:28.870000,00:05:28.880000,also I'm value and all but here we will,also im value,1,Step-by-Step Instruction
00:05:28.880000,00:05:32.189000,also I'm value and all but here we will store only local variables and that's it,also im value store local variables thats,4,Recap
00:05:32.189000,00:05:32.199000,store only local variables and that's it,store local variables thats,4,Recap
00:05:32.199000,00:05:34.309000,store only local variables and that's it right our parameters so here we have num,store local variables thats right parameters num,4,Recap
00:05:34.309000,00:05:34.319000,right our parameters so here we have num,right parameters num,1,Step-by-Step Instruction
00:05:34.319000,00:05:38.350000,right our parameters so here we have num one and num two so here we have memory,right parameters num one num two memory,1,Step-by-Step Instruction
00:05:38.350000,00:05:38.360000,one and num two so here we have memory,one num two memory,1,Step-by-Step Instruction
00:05:38.360000,00:05:41.029000,one and num two so here we have memory would be allocated to num one and num,one num two memory would allocated num one num,1,Step-by-Step Instruction
00:05:41.029000,00:05:41.039000,would be allocated to num one and num,would allocated num one num,1,Step-by-Step Instruction
00:05:41.039000,00:05:44.390000,would be allocated to num one and num two num one is three and this is seven,would allocated num one num two num one three seven,1,Step-by-Step Instruction
00:05:44.390000,00:05:44.400000,two num one is three and this is seven,two num one three seven,1,Step-by-Step Instruction
00:05:44.400000,00:05:46.629000,two num one is three and this is seven and one is,two num one three seven one,1,Step-by-Step Instruction
00:05:46.629000,00:05:46.639000,and one is,one,1,Step-by-Step Instruction
00:05:46.639000,00:05:50.830000,and one is result one variable and that is,one result one variable,1,Step-by-Step Instruction
00:05:50.830000,00:05:50.840000,result one variable and that is,result one variable,1,Step-by-Step Instruction
00:05:50.840000,00:05:52.510000,result one variable and that is zero,result one variable zero,1,Step-by-Step Instruction
00:05:52.510000,00:05:52.520000,zero,zero,1,Step-by-Step Instruction
00:05:52.520000,00:05:55.710000,zero right now on the next line in the next,zero right next line next,0,Introduction
00:05:55.710000,00:05:55.720000,right now on the next line in the next,right next line next,0,Introduction
00:05:55.720000,00:05:57.350000,right now on the next line in the next instruction we have result is equal to,right next line next instruction result equal,0,Introduction
00:05:57.350000,00:05:57.360000,instruction we have result is equal to,instruction result equal,1,Step-by-Step Instruction
00:05:57.360000,00:05:59.230000,instruction we have result is equal to addition num one and num two so here we,instruction result equal addition num one num two,1,Step-by-Step Instruction
00:05:59.230000,00:05:59.240000,addition num one and num two so here we,addition num one num two,1,Step-by-Step Instruction
00:05:59.240000,00:06:00.189000,addition num one and num two so here we are,addition num one num two,1,Step-by-Step Instruction
00:06:00.189000,00:06:00.199000,are,,1,Step-by-Step Instruction
00:06:00.199000,00:06:03.510000,are calling this function,calling function,2,Context Setting
00:06:03.510000,00:06:03.520000,calling this function,calling function,2,Context Setting
00:06:03.520000,00:06:06.990000,calling this function see addition num one and num two so this,calling function see addition num one num two,2,Context Setting
00:06:06.990000,00:06:07,see addition num one and num two so this,see addition num one num two,1,Step-by-Step Instruction
00:06:07,00:06:10.870000,see addition num one and num two so this is function call now whenever the,see addition num one num two function call whenever,2,Context Setting
00:06:10.870000,00:06:10.880000,is function call now whenever the,function call whenever,2,Context Setting
00:06:10.880000,00:06:12.749000,is function call now whenever the control will go to here addition and,function call whenever control go addition,2,Context Setting
00:06:12.749000,00:06:12.759000,control will go to here addition and,control go addition,1,Step-by-Step Instruction
00:06:12.759000,00:06:15.110000,control will go to here addition and after processing the control will go,control go addition processing control go,1,Step-by-Step Instruction
00:06:15.110000,00:06:15.120000,after processing the control will go,processing control go,1,Step-by-Step Instruction
00:06:15.120000,00:06:18.309000,after processing the control will go back return back to this only right so,processing control go back return back right,6,Conclusion
00:06:18.309000,00:06:18.319000,back return back to this only right so,back return back right,6,Conclusion
00:06:18.319000,00:06:19.390000,back return back to this only right so the return,back return back right return,6,Conclusion
00:06:19.390000,00:06:19.400000,the return,return,6,Conclusion
00:06:19.400000,00:06:21.909000,the return address that would also be stored like,return address would also stored like,3,Transitions
00:06:21.909000,00:06:21.919000,address that would also be stored like,address would also stored like,3,Transitions
00:06:21.919000,00:06:24.790000,address that would also be stored like where that function would be returned so,address would also stored like function would returned,3,Transitions
00:06:24.790000,00:06:24.800000,where that function would be returned so,function would returned,2,Context Setting
00:06:24.800000,00:06:26.390000,where that function would be returned so that returned address would also be,function would returned returned address would also,3,Transitions
00:06:26.390000,00:06:26.400000,that returned address would also be,returned address would also,3,Transitions
00:06:26.400000,00:06:28.390000,that returned address would also be stored right but that we are not going,returned address would also stored right going,3,Transitions
00:06:28.390000,00:06:28.400000,stored right but that we are not going,stored right going,3,Transitions
00:06:28.400000,00:06:30.909000,stored right but that we are not going to store but yeah behind the scene it is,stored right going store yeah behind scene,3,Transitions
00:06:30.909000,00:06:30.919000,to store but yeah behind the scene it is,store yeah behind scene,1,Step-by-Step Instruction
00:06:30.919000,00:06:33.070000,to store but yeah behind the scene it is happening the return address is also,store yeah behind scene happening return address also,6,Conclusion
00:06:33.070000,00:06:33.080000,happening the return address is also,happening return address also,6,Conclusion
00:06:33.080000,00:06:35.990000,happening the return address is also stored here in the stack right for this,happening return address also stored stack right,3,Transitions
00:06:35.990000,00:06:36,stored here in the stack right for this,stored stack right,3,Transitions
00:06:36,00:06:37.189000,stored here in the stack right for this activation,stored stack right activation,3,Transitions
00:06:37.189000,00:06:37.199000,activation,activation,1,Step-by-Step Instruction
00:06:37.199000,00:06:41.309000,activation frame now if addition means next the,activation frame addition means next,0,Introduction
00:06:41.309000,00:06:41.319000,frame now if addition means next the,frame addition means next,0,Introduction
00:06:41.319000,00:06:44.230000,frame now if addition means next the control will call this function right,frame addition means next control call function right,2,Context Setting
00:06:44.230000,00:06:44.240000,control will call this function right,control call function right,2,Context Setting
00:06:44.240000,00:06:47.110000,control will call this function right means what is happening one more stack,control call function right means happening one stack,0,Introduction
00:06:47.110000,00:06:47.120000,means what is happening one more stack,means happening one stack,0,Introduction
00:06:47.120000,00:06:51.670000,means what is happening one more stack frame now this is the active stack,means happening one stack frame active stack,0,Introduction
00:06:51.670000,00:06:51.680000,frame now this is the active stack,frame active stack,0,Introduction
00:06:51.680000,00:06:54.909000,frame now this is the active stack frame this is for addition right so now,frame active stack frame addition right,0,Introduction
00:06:54.909000,00:06:54.919000,frame this is for addition right so now,frame addition right,0,Introduction
00:06:54.919000,00:06:56.629000,frame this is for addition right so now this is the active stack frame we have,frame addition right active stack frame,0,Introduction
00:06:56.629000,00:06:56.639000,this is the active stack frame we have,active stack frame,0,Introduction
00:06:56.639000,00:07:00.629000,this is the active stack frame we have int a int B the parameters so A and B,active stack frame int int b parameters b,0,Introduction
00:07:00.629000,00:07:00.639000,int a int B the parameters so A and B,int int b parameters b,1,Step-by-Step Instruction
00:07:00.639000,00:07:03.629000,int a int B the parameters so A and B right value to be passed num one is here,int int b parameters b right value passed num one,1,Step-by-Step Instruction
00:07:03.629000,00:07:03.639000,right value to be passed num one is here,right value passed num one,1,Step-by-Step Instruction
00:07:03.639000,00:07:06.869000,right value to be passed num one is here three here we have seven so in a now we,right value passed num one three seven,1,Step-by-Step Instruction
00:07:06.869000,00:07:06.879000,three here we have seven so in a now we,three seven,1,Step-by-Step Instruction
00:07:06.879000,00:07:10.350000,three here we have seven so in a now we have three in B now we have seven right,three seven three b seven right,1,Step-by-Step Instruction
00:07:10.350000,00:07:10.360000,have three in B now we have seven right,three b seven right,1,Step-by-Step Instruction
00:07:10.360000,00:07:12.710000,have three in B now we have seven right sum is equal to 0 one more local,three b seven right sum equal 0 one local,4,Recap
00:07:12.710000,00:07:12.720000,sum is equal to 0 one more local,sum equal 0 one local,4,Recap
00:07:12.720000,00:07:15.469000,sum is equal to 0 one more local variable we have that is sum that is Zer,sum equal 0 one local variable sum zer,4,Recap
00:07:15.469000,00:07:15.479000,variable we have that is sum that is Zer,variable sum zer,1,Step-by-Step Instruction
00:07:15.479000,00:07:18.350000,variable we have that is sum that is Zer here now sum is equal to a plus b means,variable sum zer sum equal plus b means,1,Step-by-Step Instruction
00:07:18.350000,00:07:18.360000,here now sum is equal to a plus b means,sum equal plus b means,1,Step-by-Step Instruction
00:07:18.360000,00:07:20.309000,here now sum is equal to a plus b means sum becomes,sum equal plus b means sum becomes,1,Step-by-Step Instruction
00:07:20.309000,00:07:20.319000,sum becomes,sum becomes,1,Step-by-Step Instruction
00:07:20.319000,00:07:24.550000,sum becomes 10 right okay fine in the next,sum becomes 10 right okay fine next,0,Introduction
00:07:24.550000,00:07:24.560000,10 right okay fine in the next,10 right okay fine next,0,Introduction
00:07:24.560000,00:07:26.749000,10 right okay fine in the next instruction we have subtra substraction,10 right okay fine next instruction subtra substraction,0,Introduction
00:07:26.749000,00:07:26.759000,instruction we have subtra substraction,instruction subtra substraction,1,Step-by-Step Instruction
00:07:26.759000,00:07:30.350000,instruction we have subtra substraction sum a so again we are calling one more,instruction subtra substraction sum calling one,1,Step-by-Step Instruction
00:07:30.350000,00:07:30.360000,sum a so again we are calling one more,sum calling one,1,Step-by-Step Instruction
00:07:30.360000,00:07:33.110000,sum a so again we are calling one more function that is substraction now where,sum calling one function substraction,2,Context Setting
00:07:33.110000,00:07:33.120000,function that is substraction now where,function substraction,2,Context Setting
00:07:33.120000,00:07:35.230000,function that is substraction now where is that function this is that function,function substraction function function,2,Context Setting
00:07:35.230000,00:07:35.240000,is that function this is that function,function function,2,Context Setting
00:07:35.240000,00:07:38.830000,is that function this is that function substraction right so now one more stack,function function substraction right one stack,2,Context Setting
00:07:38.830000,00:07:38.840000,substraction right so now one more stack,substraction right one stack,0,Introduction
00:07:38.840000,00:07:40.749000,substraction right so now one more stack frame would be post or the activation,substraction right one stack frame would post activation,0,Introduction
00:07:40.749000,00:07:40.759000,frame would be post or the activation,frame would post activation,1,Step-by-Step Instruction
00:07:40.759000,00:07:43.029000,frame would be post or the activation record for substraction function now the,frame would post activation record substraction function,2,Context Setting
00:07:43.029000,00:07:43.039000,record for substraction function now the,record substraction function,2,Context Setting
00:07:43.039000,00:07:45.070000,record for substraction function now the active frame is this,record substraction function active frame,2,Context Setting
00:07:45.070000,00:07:45.080000,active frame is this,active frame,0,Introduction
00:07:45.080000,00:07:49.230000,active frame is this one right okay now here we have see here,active frame one right okay see,0,Introduction
00:07:49.230000,00:07:49.240000,one right okay now here we have see here,one right okay see,0,Introduction
00:07:49.240000,00:07:54.270000,one right okay now here we have see here we have reference variable m per X so,one right okay see reference variable per x,1,Step-by-Step Instruction
00:07:54.270000,00:07:54.280000,we have reference variable m per X so,reference variable per x,1,Step-by-Step Instruction
00:07:54.280000,00:07:56.909000,we have reference variable m per X so this sum we are passing with pass by,reference variable per x sum passing pass,1,Step-by-Step Instruction
00:07:56.909000,00:07:56.919000,this sum we are passing with pass by,sum passing pass,1,Step-by-Step Instruction
00:07:56.919000,00:07:58.990000,this sum we are passing with pass by reference and this A and B we are,sum passing pass reference b,1,Step-by-Step Instruction
00:07:58.990000,00:07:59,reference and this A and B we are,reference b,1,Step-by-Step Instruction
00:07:59,00:08:00.710000,reference and this A and B we are passing call by,reference b passing call,1,Step-by-Step Instruction
00:08:00.710000,00:08:00.720000,passing call by,passing call,1,Step-by-Step Instruction
00:08:00.720000,00:08:03.550000,passing call by value right so in pass by reference this,passing call value right pass reference,1,Step-by-Step Instruction
00:08:03.550000,00:08:03.560000,value right so in pass by reference this,value right pass reference,1,Step-by-Step Instruction
00:08:03.560000,00:08:06.909000,value right so in pass by reference this x is just an alas or alternative name of,value right pass reference x alas alternative name,1,Step-by-Step Instruction
00:08:06.909000,00:08:06.919000,x is just an alas or alternative name of,x alas alternative name,1,Step-by-Step Instruction
00:08:06.919000,00:08:09.309000,x is just an alas or alternative name of the sum means actually you're passing,x alas alternative name sum means actually youre passing,1,Step-by-Step Instruction
00:08:09.309000,00:08:09.319000,the sum means actually you're passing,sum means actually youre passing,1,Step-by-Step Instruction
00:08:09.319000,00:08:12.710000,the sum means actually you're passing the address that is it right so we not,sum means actually youre passing address right,1,Step-by-Step Instruction
00:08:12.710000,00:08:12.720000,the address that is it right so we not,address right,3,Transitions
00:08:12.720000,00:08:14.950000,the address that is it right so we not passing the actual value of sum that is,address right passing actual value sum,1,Step-by-Step Instruction
00:08:14.950000,00:08:14.960000,passing the actual value of sum that is,passing actual value sum,1,Step-by-Step Instruction
00:08:14.960000,00:08:22.950000,passing the actual value of sum that is 10 no so here we have X Y and,passing actual value sum 10 x,1,Step-by-Step Instruction
00:08:22.950000,00:08:22.960000,10 no so here we have X Y and,10 x,1,Step-by-Step Instruction
00:08:22.960000,00:08:27.110000,10 no so here we have X Y and Z so this x whatever the sum we are,10 x z x whatever sum,1,Step-by-Step Instruction
00:08:27.110000,00:08:27.120000,Z so this x whatever the sum we are,z x whatever sum,1,Step-by-Step Instruction
00:08:27.120000,00:08:30.230000,Z so this x whatever the sum we are passing that would be going to to this x,z x whatever sum passing would going x,1,Step-by-Step Instruction
00:08:30.230000,00:08:30.240000,passing that would be going to to this x,passing would going x,1,Step-by-Step Instruction
00:08:30.240000,00:08:34.670000,passing that would be going to to this x then a to this Y and this B to this,passing would going x b,1,Step-by-Step Instruction
00:08:34.670000,00:08:34.680000,then a to this Y and this B to this,b,1,Step-by-Step Instruction
00:08:34.680000,00:08:39.709000,then a to this Y and this B to this Zed fine so in x x we don't have any,b zed fine x x dont,1,Step-by-Step Instruction
00:08:39.709000,00:08:39.719000,Zed fine so in x x we don't have any,zed fine x x dont,1,Step-by-Step Instruction
00:08:39.719000,00:08:40.909000,Zed fine so in x x we don't have any value X is,zed fine x x dont value x,1,Step-by-Step Instruction
00:08:40.909000,00:08:40.919000,value X is,value x,1,Step-by-Step Instruction
00:08:40.919000,00:08:42.389000,value X is [Applause],value x applause,1,Step-by-Step Instruction
00:08:42.389000,00:08:42.399000,[Applause],applause,1,Step-by-Step Instruction
00:08:42.399000,00:08:45.110000,[Applause] simply the another name for the sum we,applause simply another name sum,1,Step-by-Step Instruction
00:08:45.110000,00:08:45.120000,simply the another name for the sum we,simply another name sum,1,Step-by-Step Instruction
00:08:45.120000,00:08:46.870000,simply the another name for the sum we passing like basically the address it's,simply another name sum passing like basically address,1,Step-by-Step Instruction
00:08:46.870000,00:08:46.880000,passing like basically the address it's,passing like basically address,1,Step-by-Step Instruction
00:08:46.880000,00:08:48.910000,passing like basically the address it's passed by reference so it is just,passing like basically address passed reference,1,Step-by-Step Instruction
00:08:48.910000,00:08:48.920000,passed by reference so it is just,passed reference,1,Step-by-Step Instruction
00:08:48.920000,00:08:53.350000,passed by reference so it is just pointing to this sum that's it right now,passed reference pointing sum thats right,1,Step-by-Step Instruction
00:08:53.350000,00:08:53.360000,pointing to this sum that's it right now,pointing sum thats right,1,Step-by-Step Instruction
00:08:53.360000,00:08:58.230000,pointing to this sum that's it right now in y we have three and in Zed we have,pointing sum thats right three zed,1,Step-by-Step Instruction
00:08:58.230000,00:08:58.240000,in y we have three and in Zed we have,three zed,1,Step-by-Step Instruction
00:08:58.240000,00:09:01.670000,in y we have three and in Zed we have 7 here here one instruction we have x =,three zed 7 one instruction x,1,Step-by-Step Instruction
00:09:01.670000,00:09:01.680000,7 here here one instruction we have x =,7 one instruction x,1,Step-by-Step Instruction
00:09:01.680000,00:09:04.110000,7 here here one instruction we have x = X - y -,7 one instruction x x,1,Step-by-Step Instruction
00:09:04.110000,00:09:04.120000,X - y -,x,1,Step-by-Step Instruction
00:09:04.120000,00:09:10.310000,X - y - Z right so x = X - y now X is this 10 10,x z right x x x 10 10,0,Introduction
00:09:10.310000,00:09:10.320000,Z right so x = X - y now X is this 10 10,z right x x x 10 10,0,Introduction
00:09:10.320000,00:09:14.870000,Z right so x = X - y now X is this 10 10 - y 3 - 7 that is sum becomes zero now,z right x x x 10 10 3 7 sum becomes zero,1,Step-by-Step Instruction
00:09:14.870000,00:09:14.880000,- y 3 - 7 that is sum becomes zero now,3 7 sum becomes zero,1,Step-by-Step Instruction
00:09:14.880000,00:09:18.590000,- y 3 - 7 that is sum becomes zero now here sum becomes,3 7 sum becomes zero sum becomes,1,Step-by-Step Instruction
00:09:18.590000,00:09:18.600000,here sum becomes,sum becomes,1,Step-by-Step Instruction
00:09:18.600000,00:09:22.110000,here sum becomes zero in this addition here sum becomes,sum becomes zero addition sum becomes,1,Step-by-Step Instruction
00:09:22.110000,00:09:22.120000,zero in this addition here sum becomes,zero addition sum becomes,1,Step-by-Step Instruction
00:09:22.120000,00:09:23.910000,zero in this addition here sum becomes now zero because we are passing this,zero addition sum becomes zero passing,1,Step-by-Step Instruction
00:09:23.910000,00:09:23.920000,now zero because we are passing this,zero passing,1,Step-by-Step Instruction
00:09:23.920000,00:09:27.190000,now zero because we are passing this value passed by reference so now it,zero passing value passed reference,1,Step-by-Step Instruction
00:09:27.190000,00:09:27.200000,value passed by reference so now it,value passed reference,1,Step-by-Step Instruction
00:09:27.200000,00:09:31.069000,value passed by reference so now it means we can alter the ual value we not,value passed reference means alter ual value,1,Step-by-Step Instruction
00:09:31.069000,00:09:31.079000,means we can alter the ual value we not,means alter ual value,1,Step-by-Step Instruction
00:09:31.079000,00:09:33.990000,means we can alter the ual value we not passing the copy okay now there's no,means alter ual value passing copy okay theres,1,Step-by-Step Instruction
00:09:33.990000,00:09:34,passing the copy okay now there's no,passing copy okay theres,1,Step-by-Step Instruction
00:09:34,00:09:36.069000,passing the copy okay now there's no return but as soon as the control will,passing copy okay theres return soon control,6,Conclusion
00:09:36.069000,00:09:36.079000,return but as soon as the control will,return soon control,6,Conclusion
00:09:36.079000,00:09:39.190000,return but as soon as the control will see this curly Braes closing braces,return soon control see curly braes closing braces,6,Conclusion
00:09:39.190000,00:09:39.200000,see this curly Braes closing braces,see curly braes closing braces,1,Step-by-Step Instruction
00:09:39.200000,00:09:42.269000,see this curly Braes closing braces means return so where it will return,see curly braes closing braces means return return,6,Conclusion
00:09:42.269000,00:09:42.279000,means return so where it will return,means return return,6,Conclusion
00:09:42.279000,00:09:44.030000,means return so where it will return yeah because the return address is also,means return return yeah return address also,6,Conclusion
00:09:44.030000,00:09:44.040000,yeah because the return address is also,yeah return address also,6,Conclusion
00:09:44.040000,00:09:46.470000,yeah because the return address is also stored in this activation record so this,yeah return address also stored activation record,3,Transitions
00:09:46.470000,00:09:46.480000,stored in this activation record so this,stored activation record,3,Transitions
00:09:46.480000,00:09:48.910000,stored in this activation record so this function knows where to return so it,stored activation record function knows return,6,Conclusion
00:09:48.910000,00:09:48.920000,function knows where to return so it,function knows return,6,Conclusion
00:09:48.920000,00:09:54.389000,function knows where to return so it will return back to this here,function knows return return back,6,Conclusion
00:09:54.389000,00:09:54.399000,will return back to this here,return back,6,Conclusion
00:09:54.399000,00:09:57.430000,will return back to this here here where we are calling this from,return back calling,6,Conclusion
00:09:57.430000,00:09:57.440000,here where we are calling this from,calling,2,Context Setting
00:09:57.440000,00:09:58.829000,here where we are calling this from addition function we are calling,calling addition function calling,2,Context Setting
00:09:58.829000,00:09:58.839000,addition function we are calling,addition function calling,2,Context Setting
00:09:58.839000,00:10:00.750000,addition function we are calling addition is calling function so it will,addition function calling addition calling function,2,Context Setting
00:10:00.750000,00:10:00.760000,addition is calling function so it will,addition calling function,2,Context Setting
00:10:00.760000,00:10:04.230000,addition is calling function so it will return here right and this this Frame,addition calling function return right frame,2,Context Setting
00:10:04.230000,00:10:04.240000,return here right and this this Frame,return right frame,6,Conclusion
00:10:04.240000,00:10:06.990000,return here right and this this Frame would be now removed and the memory,return right frame would removed memory,0,Introduction
00:10:06.990000,00:10:07,would be now removed and the memory,would removed memory,1,Step-by-Step Instruction
00:10:07,00:10:08.310000,would be now removed and the memory would be,would removed memory would,1,Step-by-Step Instruction
00:10:08.310000,00:10:08.320000,would be,would,1,Step-by-Step Instruction
00:10:08.320000,00:10:10.870000,would be freed so all these local variables are,would freed local variables,4,Recap
00:10:10.870000,00:10:10.880000,freed so all these local variables are,freed local variables,4,Recap
00:10:10.880000,00:10:13.389000,freed so all these local variables are gone now activation record is now this,freed local variables gone activation record,4,Recap
00:10:13.389000,00:10:13.399000,gone now activation record is now this,gone activation record,1,Step-by-Step Instruction
00:10:13.399000,00:10:15.470000,gone now activation record is now this one is gone now activation record is,gone activation record one gone activation record,1,Step-by-Step Instruction
00:10:15.470000,00:10:15.480000,one is gone now activation record is,one gone activation record,1,Step-by-Step Instruction
00:10:15.480000,00:10:18.389000,one is gone now activation record is this addition for this function addition,one gone activation record addition function addition,2,Context Setting
00:10:18.389000,00:10:18.399000,this addition for this function addition,addition function addition,2,Context Setting
00:10:18.399000,00:10:21.509000,this addition for this function addition right now here we are here in this in,addition function addition right,2,Context Setting
00:10:21.509000,00:10:21.519000,right now here we are here in this in,right,0,Introduction
00:10:21.519000,00:10:25.069000,right now here we are here in this in this line so the next instruction is,right line next instruction,0,Introduction
00:10:25.069000,00:10:25.079000,this line so the next instruction is,line next instruction,1,Step-by-Step Instruction
00:10:25.079000,00:10:27.550000,this line so the next instruction is this see obviously the return address is,line next instruction see obviously return address,6,Conclusion
00:10:27.550000,00:10:27.560000,this see obviously the return address is,see obviously return address,6,Conclusion
00:10:27.560000,00:10:29.630000,this see obviously the return address is stored so we know using the program,see obviously return address stored know using program,6,Conclusion
00:10:29.630000,00:10:29.640000,stored so we know using the program,stored know using program,3,Transitions
00:10:29.640000,00:10:32.430000,stored so we know using the program counter which next next instruction is,stored know using program counter next next instruction,3,Transitions
00:10:32.430000,00:10:32.440000,counter which next next instruction is,counter next next instruction,1,Step-by-Step Instruction
00:10:32.440000,00:10:34.190000,counter which next next instruction is to be executed all these information is,counter next next instruction executed information,1,Step-by-Step Instruction
00:10:34.190000,00:10:34.200000,to be executed all these information is,executed information,1,Step-by-Step Instruction
00:10:34.200000,00:10:36.910000,to be executed all these information is to be stored right everything sub,executed information stored right everything sub,3,Transitions
00:10:36.910000,00:10:36.920000,to be stored right everything sub,stored right everything sub,3,Transitions
00:10:36.920000,00:10:40.509000,to be stored right everything sub register values values uh stack pointer,stored right everything sub register values values uh stack pointer,3,Transitions
00:10:40.509000,00:10:40.519000,register values values uh stack pointer,register values values uh stack pointer,3,Transitions
00:10:40.519000,00:10:43.190000,register values values uh stack pointer return address program counter and all,register values values uh stack pointer return address program counter,3,Transitions
00:10:43.190000,00:10:43.200000,return address program counter and all,return address program counter,6,Conclusion
00:10:43.200000,00:10:45.110000,return address program counter and all stack pointer and Base address all these,return address program counter stack pointer base address,6,Conclusion
00:10:45.110000,00:10:45.120000,stack pointer and Base address all these,stack pointer base address,3,Transitions
00:10:45.120000,00:10:46.829000,stack pointer and Base address all these values is to be stored right behind the,stack pointer base address values stored right behind,3,Transitions
00:10:46.829000,00:10:46.839000,values is to be stored right behind the,values stored right behind,3,Transitions
00:10:46.839000,00:10:50.269000,values is to be stored right behind the scene right now next instruction is,values stored right behind scene right next instruction,3,Transitions
00:10:50.269000,00:10:50.279000,scene right now next instruction is,scene right next instruction,0,Introduction
00:10:50.279000,00:10:52.509000,scene right now next instruction is return sum basically we are returning,scene right next instruction return sum basically returning,6,Conclusion
00:10:52.509000,00:10:52.519000,return sum basically we are returning,return sum basically returning,6,Conclusion
00:10:52.519000,00:10:54.949000,return sum basically we are returning some Where to return where we are,return sum basically returning return,6,Conclusion
00:10:54.949000,00:10:54.959000,some Where to return where we are,return,6,Conclusion
00:10:54.959000,00:10:57.470000,some Where to return where we are calling this sum the addition function,return calling sum addition function,2,Context Setting
00:10:57.470000,00:10:57.480000,calling this sum the addition function,calling sum addition function,2,Context Setting
00:10:57.480000,00:11:00.710000,calling this sum the addition function here so it will return here now sum,calling sum addition function return sum,2,Context Setting
00:11:00.710000,00:11:00.720000,here so it will return here now sum,return sum,6,Conclusion
00:11:00.720000,00:11:03.110000,here so it will return here now sum would be returned sum would be returned,return sum would returned sum would returned,1,Step-by-Step Instruction
00:11:03.110000,00:11:03.120000,would be returned sum would be returned,would returned sum would returned,1,Step-by-Step Instruction
00:11:03.120000,00:11:05.310000,would be returned sum would be returned here and in result that sum would be,would returned sum would returned result sum would,1,Step-by-Step Instruction
00:11:05.310000,00:11:05.320000,here and in result that sum would be,result sum would,1,Step-by-Step Instruction
00:11:05.320000,00:11:07.710000,here and in result that sum would be stored so result becomes now zero,result sum would stored result becomes zero,3,Transitions
00:11:07.710000,00:11:07.720000,stored so result becomes now zero,stored result becomes zero,3,Transitions
00:11:07.720000,00:11:09.269000,stored so result becomes now zero because sum is,stored result becomes zero sum,3,Transitions
00:11:09.269000,00:11:09.279000,because sum is,sum,1,Step-by-Step Instruction
00:11:09.279000,00:11:12.910000,because sum is zero right and after,sum zero right,1,Step-by-Step Instruction
00:11:12.910000,00:11:12.920000,zero right and after,zero right,0,Introduction
00:11:12.920000,00:11:16.470000,zero right and after returning this uh stack is also gone,zero right returning uh stack also gone,0,Introduction
00:11:16.470000,00:11:16.480000,returning this uh stack is also gone,returning uh stack also gone,0,Introduction
00:11:16.480000,00:11:18.790000,returning this uh stack is also gone this stack frame is also gone right so,returning uh stack also gone stack frame also gone right,0,Introduction
00:11:18.790000,00:11:18.800000,this stack frame is also gone right so,stack frame also gone right,0,Introduction
00:11:18.800000,00:11:21.870000,this stack frame is also gone right so now the activation frame is main main,stack frame also gone right activation frame main main,0,Introduction
00:11:21.870000,00:11:21.880000,now the activation frame is main main,activation frame main main,1,Step-by-Step Instruction
00:11:21.880000,00:11:24.389000,now the activation frame is main main function now in main after this we have,activation frame main main function main,2,Context Setting
00:11:24.389000,00:11:24.399000,function now in main after this we have,function main,2,Context Setting
00:11:24.399000,00:11:26.710000,function now in main after this we have see out result so result will be printed,function main see result result printed,2,Context Setting
00:11:26.710000,00:11:26.720000,see out result so result will be printed,see result result printed,1,Step-by-Step Instruction
00:11:26.720000,00:11:28.790000,see out result so result will be printed that is zero and return zero return zero,see result result printed zero return zero return zero,6,Conclusion
00:11:28.790000,00:11:28.800000,that is zero and return zero return zero,zero return zero return zero,6,Conclusion
00:11:28.800000,00:11:30.430000,that is zero and return zero return zero means,zero return zero return zero means,6,Conclusion
00:11:30.430000,00:11:30.440000,means,means,1,Step-by-Step Instruction
00:11:30.440000,00:11:33.430000,means successfully out of out from this uh,means successfully uh,1,Step-by-Step Instruction
00:11:33.430000,00:11:33.440000,successfully out of out from this uh,successfully uh,1,Step-by-Step Instruction
00:11:33.440000,00:11:37.389000,successfully out of out from this uh program right so now this is also F now,successfully uh program right also f,0,Introduction
00:11:37.389000,00:11:37.399000,program right so now this is also F now,program right also f,0,Introduction
00:11:37.399000,00:11:40.910000,program right so now this is also F now all the summary like free right me also,program right also f summary like free right also,0,Introduction
00:11:40.910000,00:11:40.920000,all the summary like free right me also,summary like free right also,0,Introduction
00:11:40.920000,00:11:42.910000,all the summary like free right me also poed out so one by one the activation,summary like free right also poed one one activation,0,Introduction
00:11:42.910000,00:11:42.920000,poed out so one by one the activation,poed one one activation,1,Step-by-Step Instruction
00:11:42.920000,00:11:46.629000,poed out so one by one the activation record would be popped out whenever you,poed one one activation record would popped whenever,1,Step-by-Step Instruction
00:11:46.629000,00:11:46.639000,record would be popped out whenever you,record would popped whenever,1,Step-by-Step Instruction
00:11:46.639000,00:11:49.829000,record would be popped out whenever you on I hope you got the internal working I,record would popped whenever hope got internal working,1,Step-by-Step Instruction
00:11:49.829000,00:11:49.839000,on I hope you got the internal working I,hope got internal working,1,Step-by-Step Instruction
00:11:49.839000,00:11:52.509000,on I hope you got the internal working I mean how the function f is actually,hope got internal working mean function f actually,2,Context Setting
00:11:52.509000,00:11:52.519000,mean how the function f is actually,mean function f actually,2,Context Setting
00:11:52.519000,00:11:55.069000,mean how the function f is actually working right that's it for this video,mean function f actually working right thats video,5,Practical Application
00:11:55.069000,00:11:55.079000,working right that's it for this video,working right thats video,5,Practical Application
00:11:55.079000,00:11:57.190000,working right that's it for this video in the next video we'll see uh scope of,working right thats video next video well see uh scope,5,Practical Application
00:11:57.190000,00:11:57.200000,in the next video we'll see uh scope of,next video well see uh scope,5,Practical Application
00:11:57.200000,00:11:59.790000,in the next video we'll see uh scope of variable right this you need to,next video well see uh scope variable right need,5,Practical Application
00:11:59.790000,00:11:59.800000,variable right this you need to,variable right need,0,Introduction
00:11:59.800000,00:12:02.269000,variable right this you need to understand what is the scope of,variable right need understand scope,0,Introduction
00:12:02.269000,00:12:02.279000,understand what is the scope of,understand scope,1,Step-by-Step Instruction
00:12:02.279000,00:12:04.389000,understand what is the scope of variables right and then we'll see uh,understand scope variables right well see uh,4,Recap
00:12:04.389000,00:12:04.399000,variables right and then we'll see uh,variables right well see uh,4,Recap
00:12:04.399000,00:12:06.670000,variables right and then we'll see uh recursion in functions right so now I'll,variables right well see uh recursion functions right ill,5,Practical Application
00:12:06.670000,00:12:06.680000,recursion in functions right so now I'll,recursion functions right ill,5,Practical Application
00:12:06.680000,00:12:09.959000,recursion in functions right so now I'll see in the next,recursion functions right ill see next,5,Practical Application
