Start Time,End Time,Text,Cleaned Text,Cluster,Workflow Step
00:00:02.310000,00:00:02.320000,hey everyone I hope you are safe and,hey everyone hope safe,5,Practical Application
00:00:02.320000,00:00:04.070000,hey everyone I hope you are safe and doing good so in the series of learning,hey everyone hope safe good series learning,5,Practical Application
00:00:04.070000,00:00:04.080000,doing good so in the series of learning,good series learning,5,Practical Application
00:00:04.080000,00:00:05.269000,doing good so in the series of learning C++ programming language we are,good series learning c programming language,5,Practical Application
00:00:05.269000,00:00:05.279000,C++ programming language we are,c programming language,5,Practical Application
00:00:05.279000,00:00:07.150000,C++ programming language we are discussing uh functions in C++ in the,c programming language discussing uh functions c,4,Recap
00:00:07.150000,00:00:07.160000,discussing uh functions in C++ in the,discussing uh functions c,4,Recap
00:00:07.160000,00:00:08.990000,discussing uh functions in C++ in the previous video we have seen how actually,discussing uh functions c previous video seen actually,4,Recap
00:00:08.990000,00:00:09,previous video we have seen how actually,previous video seen actually,4,Recap
00:00:09,00:00:11.350000,previous video we have seen how actually function call works that stack function,previous video seen actually function call works stack function,4,Recap
00:00:11.350000,00:00:11.360000,function call works that stack function,function call works stack function,3,Transitions
00:00:11.360000,00:00:13.190000,function call works that stack function call stack what is happening behind the,function call works stack function call stack happening behind,3,Transitions
00:00:13.190000,00:00:13.200000,call stack what is happening behind the,call stack happening behind,2,Context Setting
00:00:13.200000,00:00:15.190000,call stack what is happening behind the scene when you are calling a function,call stack happening behind scene calling function,0,Introduction
00:00:15.190000,00:00:15.200000,scene when you are calling a function,scene calling function,0,Introduction
00:00:15.200000,00:00:16.790000,scene when you are calling a function right like that creation of activation,scene calling function right like creation activation,0,Introduction
00:00:16.790000,00:00:16.800000,right like that creation of activation,right like creation activation,6,Conclusion
00:00:16.800000,00:00:18.670000,right like that creation of activation record dealing with parameters pushing,right like creation activation record dealing parameters pushing,2,Context Setting
00:00:18.670000,00:00:18.680000,record dealing with parameters pushing,record dealing parameters pushing,2,Context Setting
00:00:18.680000,00:00:21.269000,record dealing with parameters pushing that into the stack that uh activation,record dealing parameters pushing stack uh activation,2,Context Setting
00:00:21.269000,00:00:21.279000,that into the stack that uh activation,stack uh activation,2,Context Setting
00:00:21.279000,00:00:23.349000,that into the stack that uh activation record then pop out that activation,stack uh activation record pop activation,2,Context Setting
00:00:23.349000,00:00:23.359000,record then pop out that activation,record pop activation,2,Context Setting
00:00:23.359000,00:00:24.830000,record then pop out that activation record from the stack when termination,record pop activation record stack termination,2,Context Setting
00:00:24.830000,00:00:24.840000,record from the stack when termination,record stack termination,2,Context Setting
00:00:24.840000,00:00:26.589000,record from the stack when termination dealing with the return address return,record stack termination dealing return address return,2,Context Setting
00:00:26.589000,00:00:26.599000,dealing with the return address return,dealing return address return,5,Practical Application
00:00:26.599000,00:00:28.630000,dealing with the return address return value and all right and this is,dealing return address return value right,5,Practical Application
00:00:28.630000,00:00:28.640000,value and all right and this is,value right,5,Practical Application
00:00:28.640000,00:00:31.350000,value and all right and this is basically we call it fun function called,value right basically call fun function called,3,Transitions
00:00:31.350000,00:00:31.360000,basically we call it fun function called,basically call fun function called,3,Transitions
00:00:31.360000,00:00:34.190000,basically we call it fun function called overhead right if you don't remember,basically call fun function called overhead right dont remember,3,Transitions
00:00:34.190000,00:00:34.200000,overhead right if you don't remember,overhead right dont remember,5,Practical Application
00:00:34.200000,00:00:35.830000,overhead right if you don't remember that thing let me just brief you that,overhead right dont remember thing let brief,5,Practical Application
00:00:35.830000,00:00:35.840000,that thing let me just brief you that,thing let brief,5,Practical Application
00:00:35.840000,00:00:38.430000,that thing let me just brief you that thing with this example after that we'll,thing let brief thing example well,5,Practical Application
00:00:38.430000,00:00:38.440000,thing with this example after that we'll,thing example well,5,Practical Application
00:00:38.440000,00:00:40.029000,thing with this example after that we'll be discussing inline function in this,thing example well discussing inline function,3,Transitions
00:00:40.029000,00:00:40.039000,be discussing inline function in this,discussing inline function,3,Transitions
00:00:40.039000,00:00:42.430000,be discussing inline function in this video right we have this program,discussing inline function video right program,4,Recap
00:00:42.430000,00:00:42.440000,video right we have this program,video right program,4,Recap
00:00:42.440000,00:00:44.029000,video right we have this program basically a small program here we are,video right program basically small program,4,Recap
00:00:44.029000,00:00:44.039000,basically a small program here we are,basically small program,6,Conclusion
00:00:44.039000,00:00:47.790000,basically a small program here we are just adding two numbers right this is,basically small program adding two numbers right,6,Conclusion
00:00:47.790000,00:00:47.800000,just adding two numbers right this is,adding two numbers right,1,Step-by-Step Instruction
00:00:47.800000,00:00:49.709000,just adding two numbers right this is the function definition add two,adding two numbers right function definition add two,1,Step-by-Step Instruction
00:00:49.709000,00:00:49.719000,the function definition add two,function definition add two,1,Step-by-Step Instruction
00:00:49.719000,00:00:51.310000,the function definition add two parameters A and B return a plus b and,function definition add two parameters b return plus b,5,Practical Application
00:00:51.310000,00:00:51.320000,parameters A and B return a plus b and,parameters b return plus b,5,Practical Application
00:00:51.320000,00:00:52.470000,parameters A and B return a plus b and here we are calling this function add,parameters b return plus b calling function add,5,Practical Application
00:00:52.470000,00:00:52.480000,here we are calling this function add,calling function add,0,Introduction
00:00:52.480000,00:00:54.229000,here we are calling this function add and we passing parameter 1 and two what,calling function add passing parameter 1 two,0,Introduction
00:00:54.229000,00:00:54.239000,and we passing parameter 1 and two what,passing parameter 1 two,1,Step-by-Step Instruction
00:00:54.239000,00:00:55.990000,and we passing parameter 1 and two what what is happening behind the scene how,passing parameter 1 two happening behind scene,1,Step-by-Step Instruction
00:00:55.990000,00:00:56,what is happening behind the scene how,happening behind scene,5,Practical Application
00:00:56,00:00:57.790000,what is happening behind the scene how this function call Works actually when,happening behind scene function call works actually,4,Recap
00:00:57.790000,00:00:57.800000,this function call Works actually when,function call works actually,4,Recap
00:00:57.800000,00:01:00.630000,this function call Works actually when we are calling this add this function,function call works actually calling add function,0,Introduction
00:01:00.630000,00:01:00.640000,we are calling this add this function,calling add function,0,Introduction
00:01:00.640000,00:01:03.549000,we are calling this add this function add then the control will go here and in,calling add function add control go,0,Introduction
00:01:03.549000,00:01:03.559000,add then the control will go here and in,add control go,5,Practical Application
00:01:03.559000,00:01:05.670000,add then the control will go here and in that memory it's like we are dealing,add control go memory like dealing,6,Conclusion
00:01:05.670000,00:01:05.680000,that memory it's like we are dealing,memory like dealing,6,Conclusion
00:01:05.680000,00:01:08.070000,that memory it's like we are dealing with that stack memory only so one,memory like dealing stack memory one,6,Conclusion
00:01:08.070000,00:01:08.080000,with that stack memory only so one,stack memory one,2,Context Setting
00:01:08.080000,00:01:10.070000,with that stack memory only so one activation record for this first first,stack memory one activation record first first,2,Context Setting
00:01:10.070000,00:01:10.080000,activation record for this first first,activation record first first,2,Context Setting
00:01:10.080000,00:01:11.789000,activation record for this first first we have main function so for this main,activation record first first main function main,2,Context Setting
00:01:11.789000,00:01:11.799000,we have main function so for this main,main function main,5,Practical Application
00:01:11.799000,00:01:13.789000,we have main function so for this main we have one activation record here right,main function main one activation record right,2,Context Setting
00:01:13.789000,00:01:13.799000,we have one activation record here right,one activation record right,2,Context Setting
00:01:13.799000,00:01:16.070000,we have one activation record here right that will be pushed in this stack so,one activation record right pushed stack,2,Context Setting
00:01:16.070000,00:01:16.080000,that will be pushed in this stack so,pushed stack,2,Context Setting
00:01:16.080000,00:01:19.109000,that will be pushed in this stack so here we have in we have sum and sum is,pushed stack sum sum,2,Context Setting
00:01:19.109000,00:01:19.119000,here we have in we have sum and sum is,sum sum,5,Practical Application
00:01:19.119000,00:01:22.030000,here we have in we have sum and sum is zero right after we are calling this add,sum sum zero right calling add,0,Introduction
00:01:22.030000,00:01:22.040000,zero right after we are calling this add,zero right calling add,0,Introduction
00:01:22.040000,00:01:23.630000,zero right after we are calling this add so we are calling this add means control,zero right calling add calling add means control,0,Introduction
00:01:23.630000,00:01:23.640000,so we are calling this add means control,calling add means control,0,Introduction
00:01:23.640000,00:01:26.069000,so we are calling this add means control will go here this is function definition,calling add means control go function definition,0,Introduction
00:01:26.069000,00:01:26.079000,will go here this is function definition,go function definition,5,Practical Application
00:01:26.079000,00:01:29.230000,will go here this is function definition so one activation record for this add,go function definition one activation record add,2,Context Setting
00:01:29.230000,00:01:29.240000,so one activation record for this add,one activation record add,2,Context Setting
00:01:29.240000,00:01:31.069000,so one activation record for this add would be pushed in in this stack frame,one activation record add would pushed stack frame,2,Context Setting
00:01:31.069000,00:01:31.079000,would be pushed in in this stack frame,would pushed stack frame,2,Context Setting
00:01:31.079000,00:01:32.510000,would be pushed in in this stack frame in the stack or this is called as,would pushed stack frame stack called,2,Context Setting
00:01:32.510000,00:01:32.520000,in the stack or this is called as,stack called,2,Context Setting
00:01:32.520000,00:01:36.789000,in the stack or this is called as activation record stack frame right now,stack called activation record stack frame right,2,Context Setting
00:01:36.789000,00:01:36.799000,activation record stack frame right now,activation record stack frame right,2,Context Setting
00:01:36.799000,00:01:40.630000,activation record stack frame right now here we have a and b so a would be,activation record stack frame right b would,2,Context Setting
00:01:40.630000,00:01:40.640000,here we have a and b so a would be,b would,1,Step-by-Step Instruction
00:01:40.640000,00:01:42.950000,here we have a and b so a would be passed as one and B would be passed here,b would passed one b would passed,1,Step-by-Step Instruction
00:01:42.950000,00:01:42.960000,passed as one and B would be passed here,passed one b would passed,1,Step-by-Step Instruction
00:01:42.960000,00:01:45.190000,passed as one and B would be passed here that would be like value is two return a,passed one b would passed would like value two return,1,Step-by-Step Instruction
00:01:45.190000,00:01:45.200000,that would be like value is two return a,would like value two return,1,Step-by-Step Instruction
00:01:45.200000,00:01:48.510000,that would be like value is two return a plus b so 1 + 2 it will return three,would like value two return plus b 1 2 return three,1,Step-by-Step Instruction
00:01:48.510000,00:01:48.520000,plus b so 1 + 2 it will return three,plus b 1 2 return three,5,Practical Application
00:01:48.520000,00:01:52.230000,plus b so 1 + 2 it will return three right where it will return here,plus b 1 2 return three right return,5,Practical Application
00:01:52.230000,00:01:52.240000,right where it will return here,right return,5,Practical Application
00:01:52.240000,00:01:55.230000,right where it will return here here and after that it will just simply,right return simply,5,Practical Application
00:01:55.230000,00:01:55.240000,here and after that it will just simply,simply,5,Practical Application
00:01:55.240000,00:01:58.389000,here and after that it will just simply print some so this is kind of overhead,simply print kind overhead,5,Practical Application
00:01:58.389000,00:01:58.399000,print some so this is kind of overhead,print kind overhead,5,Practical Application
00:01:58.399000,00:01:59.950000,print some so this is kind of overhead just creating the activation record,print kind overhead creating activation record,2,Context Setting
00:01:59.950000,00:01:59.960000,just creating the activation record,creating activation record,2,Context Setting
00:01:59.960000,00:02:01.510000,just creating the activation record pushing that into the stack dealing with,creating activation record pushing stack dealing,2,Context Setting
00:02:01.510000,00:02:01.520000,pushing that into the stack dealing with,pushing stack dealing,2,Context Setting
00:02:01.520000,00:02:03.270000,pushing that into the stack dealing with those parameters like copying this,pushing stack dealing parameters like copying,6,Conclusion
00:02:03.270000,00:02:03.280000,those parameters like copying this,parameters like copying,6,Conclusion
00:02:03.280000,00:02:05.029000,those parameters like copying this actual parameter to formal parameter and,parameters like copying actual parameter formal parameter,6,Conclusion
00:02:05.029000,00:02:05.039000,actual parameter to formal parameter and,actual parameter formal parameter,5,Practical Application
00:02:05.039000,00:02:07.870000,actual parameter to formal parameter and all right after that obviously saving,actual parameter formal parameter right obviously saving,5,Practical Application
00:02:07.870000,00:02:07.880000,all right after that obviously saving,right obviously saving,5,Practical Application
00:02:07.880000,00:02:09.309000,all right after that obviously saving that return address where you want to,right obviously saving return address want,5,Practical Application
00:02:09.309000,00:02:09.319000,that return address where you want to,return address want,5,Practical Application
00:02:09.319000,00:02:11.110000,that return address where you want to return what next instructions to be,return address want return next instructions,5,Practical Application
00:02:11.110000,00:02:11.120000,return what next instructions to be,return next instructions,5,Practical Application
00:02:11.120000,00:02:13.070000,return what next instructions to be executed that's having that instruction,return next instructions executed thats instruction,5,Practical Application
00:02:13.070000,00:02:13.080000,executed that's having that instruction,executed thats instruction,5,Practical Application
00:02:13.080000,00:02:15.869000,executed that's having that instruction pointer Base address stack pointer and,executed thats instruction pointer base address stack pointer,2,Context Setting
00:02:15.869000,00:02:15.879000,pointer Base address stack pointer and,pointer base address stack pointer,2,Context Setting
00:02:15.879000,00:02:19.790000,pointer Base address stack pointer and all right so this is kind of overhead so,pointer base address stack pointer right kind overhead,2,Context Setting
00:02:19.790000,00:02:19.800000,all right so this is kind of overhead so,right kind overhead,5,Practical Application
00:02:19.800000,00:02:22.229000,all right so this is kind of overhead so uh if a function is very small yeah,right kind overhead uh function small yeah,6,Conclusion
00:02:22.229000,00:02:22.239000,uh if a function is very small yeah,uh function small yeah,6,Conclusion
00:02:22.239000,00:02:23.949000,uh if a function is very small yeah obviously this function is very small,uh function small yeah obviously function small,3,Transitions
00:02:23.949000,00:02:23.959000,obviously this function is very small,obviously function small,3,Transitions
00:02:23.959000,00:02:26.070000,obviously this function is very small just addition and I have only one line,obviously function small addition one line,0,Introduction
00:02:26.070000,00:02:26.080000,just addition and I have only one line,addition one line,0,Introduction
00:02:26.080000,00:02:30.550000,just addition and I have only one line it on a plus b right so this fun,addition one line plus b right fun,5,Practical Application
00:02:30.550000,00:02:30.560000,it on a plus b right so this fun,plus b right fun,5,Practical Application
00:02:30.560000,00:02:31.949000,it on a plus b right so this fun or sometime we have just display,plus b right fun sometime display,5,Practical Application
00:02:31.949000,00:02:31.959000,or sometime we have just display,sometime display,5,Practical Application
00:02:31.959000,00:02:33.790000,or sometime we have just display function rather than and and add we have,sometime display function rather add,5,Practical Application
00:02:33.790000,00:02:33.800000,function rather than and and add we have,function rather add,3,Transitions
00:02:33.800000,00:02:36.030000,function rather than and and add we have display and here I'm just displaying C,function rather add display im displaying c,5,Practical Application
00:02:36.030000,00:02:36.040000,display and here I'm just displaying C,display im displaying c,5,Practical Application
00:02:36.040000,00:02:39.990000,display and here I'm just displaying C out the value of a and b is like,display im displaying c value b like,6,Conclusion
00:02:39.990000,00:02:40,out the value of a and b is like,value b like,6,Conclusion
00:02:40,00:02:41.350000,out the value of a and b is like whatever value you pass here one and two,value b like whatever value pass one two,1,Step-by-Step Instruction
00:02:41.350000,00:02:41.360000,whatever value you pass here one and two,whatever value pass one two,1,Step-by-Step Instruction
00:02:41.360000,00:02:43.430000,whatever value you pass here one and two rather than adding right so if a,whatever value pass one two rather adding right,1,Step-by-Step Instruction
00:02:43.430000,00:02:43.440000,rather than adding right so if a,rather adding right,5,Practical Application
00:02:43.440000,00:02:45.589000,rather than adding right so if a function is very small then sometimes,rather adding right function small sometimes,3,Transitions
00:02:45.589000,00:02:45.599000,function is very small then sometimes,function small sometimes,3,Transitions
00:02:45.599000,00:02:48.830000,function is very small then sometimes sometimes this function call Overhead,function small sometimes sometimes function call overhead,3,Transitions
00:02:48.830000,00:02:48.840000,sometimes this function call Overhead,sometimes function call overhead,3,Transitions
00:02:48.840000,00:02:51.229000,sometimes this function call Overhead might be more than the time spent,sometimes function call overhead might time spent,3,Transitions
00:02:51.229000,00:02:51.239000,might be more than the time spent,might time spent,5,Practical Application
00:02:51.239000,00:02:55.750000,might be more than the time spent executing the function means the time to,might time spent executing function means time,5,Practical Application
00:02:55.750000,00:02:55.760000,executing the function means the time to,executing function means time,5,Practical Application
00:02:55.760000,00:02:57.470000,executing the function means the time to execute the time taken to execute this,executing function means time execute time taken execute,5,Practical Application
00:02:57.470000,00:02:57.480000,execute the time taken to execute this,execute time taken execute,5,Practical Application
00:02:57.480000,00:02:58.910000,execute the time taken to execute this function or you can say the execution,execute time taken execute function say execution,5,Practical Application
00:02:58.910000,00:02:58.920000,function or you can say the execution,function say execution,3,Transitions
00:02:58.920000,00:03:01.910000,function or you can say the execution time of this fun function is less than,function say execution time fun function less,3,Transitions
00:03:01.910000,00:03:01.920000,time of this fun function is less than,time fun function less,5,Practical Application
00:03:01.920000,00:03:04.309000,time of this fun function is less than the function call Overhead time right so,time fun function less function call overhead time right,3,Transitions
00:03:04.309000,00:03:04.319000,the function call Overhead time right so,function call overhead time right,3,Transitions
00:03:04.319000,00:03:06.830000,the function call Overhead time right so in this case we can use inline function,function call overhead time right case use inline function,3,Transitions
00:03:06.830000,00:03:06.840000,in this case we can use inline function,case use inline function,3,Transitions
00:03:06.840000,00:03:09.350000,in this case we can use inline function inline function basically expanded in,case use inline function inline function basically expanded,3,Transitions
00:03:09.350000,00:03:09.360000,inline function basically expanded in,inline function basically expanded,3,Transitions
00:03:09.360000,00:03:12.190000,inline function basically expanded in line while calling that function means,inline function basically expanded line calling function means,0,Introduction
00:03:12.190000,00:03:12.200000,line while calling that function means,line calling function means,0,Introduction
00:03:12.200000,00:03:14.430000,line while calling that function means in line function is a function which is,line calling function means line function function,0,Introduction
00:03:14.430000,00:03:14.440000,in line function is a function which is,line function function,0,Introduction
00:03:14.440000,00:03:16.509000,in line function is a function which is expanded in line when it is called what,line function function expanded line called,0,Introduction
00:03:16.509000,00:03:16.519000,expanded in line when it is called what,expanded line called,0,Introduction
00:03:16.519000,00:03:18.110000,expanded in line when it is called what does that mean I'll show you that thing,expanded line called mean ill show thing,5,Practical Application
00:03:18.110000,00:03:18.120000,does that mean I'll show you that thing,mean ill show thing,5,Practical Application
00:03:18.120000,00:03:20.789000,does that mean I'll show you that thing also see if you want to make this add,mean ill show thing also see want make add,5,Practical Application
00:03:20.789000,00:03:20.799000,also see if you want to make this add,also see want make add,5,Practical Application
00:03:20.799000,00:03:22.630000,also see if you want to make this add function inline function then you just,also see want make add function inline function,3,Transitions
00:03:22.630000,00:03:22.640000,function inline function then you just,function inline function,3,Transitions
00:03:22.640000,00:03:25.589000,function inline function then you just have to add a keyword inline as a prefix,function inline function add keyword inline prefix,3,Transitions
00:03:25.589000,00:03:25.599000,have to add a keyword inline as a prefix,add keyword inline prefix,3,Transitions
00:03:25.599000,00:03:27.110000,have to add a keyword inline as a prefix I mean before this return type of the,add keyword inline prefix mean return type,5,Practical Application
00:03:27.110000,00:03:27.120000,I mean before this return type of the,mean return type,5,Practical Application
00:03:27.120000,00:03:29.270000,I mean before this return type of the function while defining this function,mean return type function defining function,5,Practical Application
00:03:29.270000,00:03:29.280000,function while defining this function,function defining function,3,Transitions
00:03:29.280000,00:03:32.390000,function while defining this function just add here a keyword so inline,function defining function add keyword inline,3,Transitions
00:03:32.390000,00:03:32.400000,just add here a keyword so inline,add keyword inline,3,Transitions
00:03:32.400000,00:03:33.910000,just add here a keyword so inline keyword then return type function name,add keyword inline keyword return type function name,5,Practical Application
00:03:33.910000,00:03:33.920000,keyword then return type function name,keyword return type function name,5,Practical Application
00:03:33.920000,00:03:35.550000,keyword then return type function name parameters and the function body but,keyword return type function name parameters function body,5,Practical Application
00:03:35.550000,00:03:35.560000,parameters and the function body but,parameters function body,3,Transitions
00:03:35.560000,00:03:36.830000,parameters and the function body but make sure the function should be very,parameters function body make sure function,3,Transitions
00:03:36.830000,00:03:36.840000,make sure the function should be very,make sure function,3,Transitions
00:03:36.840000,00:03:37.910000,make sure the function should be very small or,make sure function small,3,Transitions
00:03:37.910000,00:03:37.920000,small or,small,6,Conclusion
00:03:37.920000,00:03:41.470000,small or simple right uh hardly it contains like,small simple right uh hardly contains like,6,Conclusion
00:03:41.470000,00:03:41.480000,simple right uh hardly it contains like,simple right uh hardly contains like,6,Conclusion
00:03:41.480000,00:03:44.949000,simple right uh hardly it contains like one or hardly two lines maximum right so,simple right uh hardly contains like one hardly two lines maximum right,6,Conclusion
00:03:44.949000,00:03:44.959000,one or hardly two lines maximum right so,one hardly two lines maximum right,6,Conclusion
00:03:44.959000,00:03:46.630000,one or hardly two lines maximum right so and it's not compulsory that that,one hardly two lines maximum right compulsory,6,Conclusion
00:03:46.630000,00:03:46.640000,and it's not compulsory that that,compulsory,5,Practical Application
00:03:46.640000,00:03:48.350000,and it's not compulsory that that compiler compiler will treat this,compulsory compiler compiler treat,5,Practical Application
00:03:48.350000,00:03:48.360000,compiler compiler will treat this,compiler compiler treat,5,Practical Application
00:03:48.360000,00:03:50.149000,compiler compiler will treat this function as inline function we can just,compiler compiler treat function inline function,3,Transitions
00:03:50.149000,00:03:50.159000,function as inline function we can just,function inline function,3,Transitions
00:03:50.159000,00:03:53.869000,function as inline function we can just suggest compiler by adding this keyword,function inline function suggest compiler adding keyword,3,Transitions
00:03:53.869000,00:03:53.879000,suggest compiler by adding this keyword,suggest compiler adding keyword,5,Practical Application
00:03:53.879000,00:03:55.710000,suggest compiler by adding this keyword that please treat my function in line,suggest compiler adding keyword please treat function line,0,Introduction
00:03:55.710000,00:03:55.720000,that please treat my function in line,please treat function line,0,Introduction
00:03:55.720000,00:03:57.710000,that please treat my function in line function because it's very small so here,please treat function line function small,0,Introduction
00:03:57.710000,00:03:57.720000,function because it's very small so here,function small,3,Transitions
00:03:57.720000,00:03:59.190000,function because it's very small so here that function call Overhead is more,function small function call overhead,3,Transitions
00:03:59.190000,00:03:59.200000,that function call Overhead is more,function call overhead,3,Transitions
00:03:59.200000,00:04:01.910000,that function call Overhead is more rather than the time taken time uh you,function call overhead rather time taken time uh,5,Practical Application
00:04:01.910000,00:04:01.920000,rather than the time taken time uh you,rather time taken time uh,5,Practical Application
00:04:01.920000,00:04:03.670000,rather than the time taken time uh you know the execution time of this function,rather time taken time uh know execution time function,5,Practical Application
00:04:03.670000,00:04:03.680000,know the execution time of this function,know execution time function,5,Practical Application
00:04:03.680000,00:04:05.869000,know the execution time of this function but it's completely depends on compiler,know execution time function completely depends compiler,5,Practical Application
00:04:05.869000,00:04:05.879000,but it's completely depends on compiler,completely depends compiler,5,Practical Application
00:04:05.879000,00:04:07.670000,but it's completely depends on compiler whether it you know this function would,completely depends compiler whether know function would,1,Step-by-Step Instruction
00:04:07.670000,00:04:07.680000,whether it you know this function would,whether know function would,1,Step-by-Step Instruction
00:04:07.680000,00:04:11.429000,whether it you know this function would be treated as in line or not right and,whether know function would treated line right,0,Introduction
00:04:11.429000,00:04:11.439000,be treated as in line or not right and,treated line right,0,Introduction
00:04:11.439000,00:04:13.069000,be treated as in line or not right and sometimes even you don't know I mean,treated line right sometimes even dont know mean,0,Introduction
00:04:13.069000,00:04:13.079000,sometimes even you don't know I mean,sometimes even dont know mean,5,Practical Application
00:04:13.079000,00:04:14.830000,sometimes even you don't know I mean even you don't suggest even you don't,sometimes even dont know mean even dont suggest even dont,5,Practical Application
00:04:14.830000,00:04:14.840000,even you don't suggest even you don't,even dont suggest even dont,5,Practical Application
00:04:14.840000,00:04:16.949000,even you don't suggest even you don't write this in line keyword and the,even dont suggest even dont write line keyword,5,Practical Application
00:04:16.949000,00:04:16.959000,write this in line keyword and the,write line keyword,0,Introduction
00:04:16.959000,00:04:18.830000,write this in line keyword and the function would be treated as inline,write line keyword function would treated inline,0,Introduction
00:04:18.830000,00:04:18.840000,function would be treated as inline,function would treated inline,3,Transitions
00:04:18.840000,00:04:21.710000,function would be treated as inline function because compiler optimizations,function would treated inline function compiler optimizations,3,Transitions
00:04:21.710000,00:04:21.720000,function because compiler optimizations,function compiler optimizations,3,Transitions
00:04:21.720000,00:04:23.150000,function because compiler optimizations are very,function compiler optimizations,3,Transitions
00:04:23.150000,00:04:23.160000,are very,,5,Practical Application
00:04:23.160000,00:04:25.310000,are very sophisticated right so it will treat,sophisticated right treat,5,Practical Application
00:04:25.310000,00:04:25.320000,sophisticated right so it will treat,sophisticated right treat,5,Practical Application
00:04:25.320000,00:04:26.830000,sophisticated right so it will treat that function in line even if you,sophisticated right treat function line even,0,Introduction
00:04:26.830000,00:04:26.840000,that function in line even if you,function line even,0,Introduction
00:04:26.840000,00:04:29.469000,that function in line even if you haven't written any inline keybord and,function line even havent written inline keybord,3,Transitions
00:04:29.469000,00:04:29.479000,haven't written any inline keybord and,havent written inline keybord,3,Transitions
00:04:29.479000,00:04:31.110000,haven't written any inline keybord and sometimes you have written that in line,havent written inline keybord sometimes written line,3,Transitions
00:04:31.110000,00:04:31.120000,sometimes you have written that in line,sometimes written line,0,Introduction
00:04:31.120000,00:04:32.510000,sometimes you have written that in line keyword and your function will not be,sometimes written line keyword function,0,Introduction
00:04:32.510000,00:04:32.520000,keyword and your function will not be,keyword function,3,Transitions
00:04:32.520000,00:04:33.909000,keyword and your function will not be treated as in line,keyword function treated line,0,Introduction
00:04:33.909000,00:04:33.919000,treated as in line,treated line,0,Introduction
00:04:33.919000,00:04:37.870000,treated as in line function right so see now I we will,treated line function right see,0,Introduction
00:04:37.870000,00:04:37.880000,function right so see now I we will,function right see,3,Transitions
00:04:37.880000,00:04:39.230000,function right so see now I we will discuss the advantages of using inline,function right see discuss advantages using inline,3,Transitions
00:04:39.230000,00:04:39.240000,discuss the advantages of using inline,discuss advantages using inline,3,Transitions
00:04:39.240000,00:04:40.590000,discuss the advantages of using inline function the drawbacks and when to use,discuss advantages using inline function drawbacks use,3,Transitions
00:04:40.590000,00:04:40.600000,function the drawbacks and when to use,function drawbacks use,3,Transitions
00:04:40.600000,00:04:42.790000,function the drawbacks and when to use inline function right now what is,function drawbacks use inline function right,3,Transitions
00:04:42.790000,00:04:42.800000,inline function right now what is,inline function right,3,Transitions
00:04:42.800000,00:04:44.189000,inline function right now what is actually happening when you write here,inline function right actually happening write,3,Transitions
00:04:44.189000,00:04:44.199000,actually happening when you write here,actually happening write,4,Recap
00:04:44.199000,00:04:47.029000,actually happening when you write here the inline keyword at the function poll,actually happening write inline keyword function poll,3,Transitions
00:04:47.029000,00:04:47.039000,the inline keyword at the function poll,inline keyword function poll,3,Transitions
00:04:47.039000,00:04:48.749000,the inline keyword at the function poll while you're calling this function,inline keyword function poll youre calling function,3,Transitions
00:04:48.749000,00:04:48.759000,while you're calling this function,youre calling function,0,Introduction
00:04:48.759000,00:04:52.950000,while you're calling this function here here only at compile time only this,youre calling function compile time,0,Introduction
00:04:52.950000,00:04:52.960000,here here only at compile time only this,compile time,5,Practical Application
00:04:52.960000,00:04:55.150000,here here only at compile time only this the whole body of this inline function,compile time whole body inline function,3,Transitions
00:04:55.150000,00:04:55.160000,the whole body of this inline function,whole body inline function,3,Transitions
00:04:55.160000,00:04:58.550000,the whole body of this inline function would be replaced here I mean the whole,whole body inline function would replaced mean whole,3,Transitions
00:04:58.550000,00:04:58.560000,would be replaced here I mean the whole,would replaced mean whole,1,Step-by-Step Instruction
00:04:58.560000,00:05:00.590000,would be replaced here I mean the whole body of this inline function function,would replaced mean whole body inline function function,3,Transitions
00:05:00.590000,00:05:00.600000,body of this inline function function,body inline function function,3,Transitions
00:05:00.600000,00:05:03.749000,body of this inline function function gets inserted at the place of inline,body inline function function gets inserted place inline,3,Transitions
00:05:03.749000,00:05:03.759000,gets inserted at the place of inline,gets inserted place inline,3,Transitions
00:05:03.759000,00:05:06.230000,gets inserted at the place of inline function call so I mean this line would,gets inserted place inline function call mean line would,3,Transitions
00:05:06.230000,00:05:06.240000,function call so I mean this line would,function call mean line would,0,Introduction
00:05:06.240000,00:05:09.749000,function call so I mean this line would be replaced with return a plus b here,function call mean line would replaced return plus b,1,Step-by-Step Instruction
00:05:09.749000,00:05:09.759000,be replaced with return a plus b here,replaced return plus b,5,Practical Application
00:05:09.759000,00:05:11.950000,be replaced with return a plus b here return a plus b so 1+ 2 return a plus b,replaced return plus b return plus b 1 2 return plus b,5,Practical Application
00:05:11.950000,00:05:11.960000,return a plus b so 1+ 2 return a plus b,return plus b 1 2 return plus b,5,Practical Application
00:05:11.960000,00:05:16.550000,return a plus b so 1+ 2 return a plus b 1+ 2 means 3 so the control will not go,return plus b 1 2 return plus b 1 2 means 3 control go,5,Practical Application
00:05:16.550000,00:05:16.560000,1+ 2 means 3 so the control will not go,1 2 means 3 control go,5,Practical Application
00:05:16.560000,00:05:18.550000,1+ 2 means 3 so the control will not go here and back and all directly it will,1 2 means 3 control go back directly,5,Practical Application
00:05:18.550000,00:05:18.560000,here and back and all directly it will,back directly,5,Practical Application
00:05:18.560000,00:05:20.150000,here and back and all directly it will give you answer,back directly give answer,5,Practical Application
00:05:20.150000,00:05:20.160000,give you answer,give answer,5,Practical Application
00:05:20.160000,00:05:23.110000,give you answer three so definitely it would be faster,give answer three definitely would faster,1,Step-by-Step Instruction
00:05:23.110000,00:05:23.120000,three so definitely it would be faster,three definitely would faster,1,Step-by-Step Instruction
00:05:23.120000,00:05:24.390000,three so definitely it would be faster if you use in line function in your,three definitely would faster use line function,1,Step-by-Step Instruction
00:05:24.390000,00:05:24.400000,if you use in line function in your,use line function,0,Introduction
00:05:24.400000,00:05:25.590000,if you use in line function in your program and the efficiency would be a,use line function program efficiency would,1,Step-by-Step Instruction
00:05:25.590000,00:05:25.600000,program and the efficiency would be a,program efficiency would,1,Step-by-Step Instruction
00:05:25.600000,00:05:29.870000,program and the efficiency would be a little bit more right but if a function,program efficiency would little bit right function,1,Step-by-Step Instruction
00:05:29.870000,00:05:29.880000,little bit more right but if a function,little bit right function,3,Transitions
00:05:29.880000,00:05:32.270000,little bit more right but if a function contains Loops or static variables or,little bit right function contains loops static variables,6,Conclusion
00:05:32.270000,00:05:32.280000,contains Loops or static variables or,contains loops static variables,6,Conclusion
00:05:32.280000,00:05:35.350000,contains Loops or static variables or switch or go to or a function is large,contains loops static variables switch go function large,6,Conclusion
00:05:35.350000,00:05:35.360000,switch or go to or a function is large,switch go function large,5,Practical Application
00:05:35.360000,00:05:38.029000,switch or go to or a function is large then do not make that function in line,switch go function large make function line,0,Introduction
00:05:38.029000,00:05:38.039000,then do not make that function in line,make function line,0,Introduction
00:05:38.039000,00:05:39.629000,then do not make that function in line function,make function line function,0,Introduction
00:05:39.629000,00:05:39.639000,function,function,3,Transitions
00:05:39.639000,00:05:42.270000,function right if a function is very simple,function right function simple,3,Transitions
00:05:42.270000,00:05:42.280000,right if a function is very simple,right function simple,6,Conclusion
00:05:42.280000,00:05:44.230000,right if a function is very simple contains only one line or hardly two,right function simple contains one line hardly two,6,Conclusion
00:05:44.230000,00:05:44.240000,contains only one line or hardly two,contains one line hardly two,6,Conclusion
00:05:44.240000,00:05:46.510000,contains only one line or hardly two lines that function you can consider as,contains one line hardly two lines function consider,6,Conclusion
00:05:46.510000,00:05:46.520000,lines that function you can consider as,lines function consider,3,Transitions
00:05:46.520000,00:05:48.469000,lines that function you can consider as inline function because see if you use,lines function consider inline function see use,3,Transitions
00:05:48.469000,00:05:48.479000,inline function because see if you use,inline function see use,3,Transitions
00:05:48.479000,00:05:50.390000,inline function because see if you use more and more inline function maybe you,inline function see use inline function maybe,3,Transitions
00:05:50.390000,00:05:50.400000,more and more inline function maybe you,inline function maybe,3,Transitions
00:05:50.400000,00:05:52.670000,more and more inline function maybe you think that yeah it is going to save time,inline function maybe think yeah going save time,3,Transitions
00:05:52.670000,00:05:52.680000,think that yeah it is going to save time,think yeah going save time,5,Practical Application
00:05:52.680000,00:05:55.150000,think that yeah it is going to save time right the efficiency would be more right,think yeah going save time right efficiency would right,5,Practical Application
00:05:55.150000,00:05:55.160000,right the efficiency would be more right,right efficiency would right,1,Step-by-Step Instruction
00:05:55.160000,00:05:57.230000,right the efficiency would be more right execution would be faster so make every,right efficiency would right execution would faster make every,1,Step-by-Step Instruction
00:05:57.230000,00:05:57.240000,execution would be faster so make every,execution would faster make every,1,Step-by-Step Instruction
00:05:57.240000,00:05:59.870000,execution would be faster so make every function in line function but if you use,execution would faster make every function line function use,0,Introduction
00:05:59.870000,00:05:59.880000,function in line function but if you use,function line function use,0,Introduction
00:05:59.880000,00:06:01.830000,function in line function but if you use more and more inline function then what,function line function use inline function,3,Transitions
00:06:01.830000,00:06:01.840000,more and more inline function then what,inline function,3,Transitions
00:06:01.840000,00:06:03.550000,more and more inline function then what happens suppose this is inline function,inline function happens suppose inline function,3,Transitions
00:06:03.550000,00:06:03.560000,happens suppose this is inline function,happens suppose inline function,3,Transitions
00:06:03.560000,00:06:05.309000,happens suppose this is inline function ad and I'm calling this function in my,happens suppose inline function ad im calling function,3,Transitions
00:06:05.309000,00:06:05.319000,ad and I'm calling this function in my,ad im calling function,0,Introduction
00:06:05.319000,00:06:08.270000,ad and I'm calling this function in my program like 10,ad im calling function program like 10,6,Conclusion
00:06:08.270000,00:06:08.280000,program like 10,program like 10,6,Conclusion
00:06:08.280000,00:06:11.350000,program like 10 times or 20,program like 10 times 20,6,Conclusion
00:06:11.350000,00:06:11.360000,times or 20,times 20,5,Practical Application
00:06:11.360000,00:06:14.469000,times or 20 times like add 1 2 add 2 three and like,times 20 times like add 1 2 add 2 three like,1,Step-by-Step Instruction
00:06:14.469000,00:06:14.479000,times like add 1 2 add 2 three and like,times like add 1 2 add 2 three like,1,Step-by-Step Instruction
00:06:14.479000,00:06:16.469000,times like add 1 2 add 2 three and like this 20 times I'm calling this function,times like add 1 2 add 2 three like 20 times im calling function,0,Introduction
00:06:16.469000,00:06:16.479000,this 20 times I'm calling this function,20 times im calling function,0,Introduction
00:06:16.479000,00:06:20.070000,this 20 times I'm calling this function right so at every function call this,20 times im calling function right every function call,0,Introduction
00:06:20.070000,00:06:20.080000,right so at every function call this,right every function call,3,Transitions
00:06:20.080000,00:06:22.029000,right so at every function call this statement or this whole body of the,right every function call statement whole body,3,Transitions
00:06:22.029000,00:06:22.039000,statement or this whole body of the,statement whole body,5,Practical Application
00:06:22.039000,00:06:25.350000,statement or this whole body of the function gets inserted right at every,statement whole body function gets inserted right every,3,Transitions
00:06:25.350000,00:06:25.360000,function gets inserted right at every,function gets inserted right every,3,Transitions
00:06:25.360000,00:06:27.749000,function gets inserted right at every function call obviously this is the,function gets inserted right every function call obviously,3,Transitions
00:06:27.749000,00:06:27.759000,function call obviously this is the,function call obviously,3,Transitions
00:06:27.759000,00:06:29.870000,function call obviously this is the meaning of inline function right right,function call obviously meaning inline function right right,3,Transitions
00:06:29.870000,00:06:29.880000,meaning of inline function right right,meaning inline function right right,3,Transitions
00:06:29.880000,00:06:32.150000,meaning of inline function right right so in that case there would be you know,meaning inline function right right case would know,3,Transitions
00:06:32.150000,00:06:32.160000,so in that case there would be you know,case would know,1,Step-by-Step Instruction
00:06:32.160000,00:06:34.589000,so in that case there would be you know that size of that binary executable file,case would know size binary executable file,1,Step-by-Step Instruction
00:06:34.589000,00:06:34.599000,that size of that binary executable file,size binary executable file,1,Step-by-Step Instruction
00:06:34.599000,00:06:37.150000,that size of that binary executable file would be large and it may lead to,size binary executable file would large may lead,1,Step-by-Step Instruction
00:06:37.150000,00:06:37.160000,would be large and it may lead to,would large may lead,1,Step-by-Step Instruction
00:06:37.160000,00:06:39.350000,would be large and it may lead to sometime threshing right threshing I,would large may lead sometime threshing right threshing,1,Step-by-Step Instruction
00:06:39.350000,00:06:39.360000,sometime threshing right threshing I,sometime threshing right threshing,6,Conclusion
00:06:39.360000,00:06:40.990000,sometime threshing right threshing I hope you have heard the term like,sometime threshing right threshing hope heard term like,6,Conclusion
00:06:40.990000,00:06:41,hope you have heard the term like,hope heard term like,6,Conclusion
00:06:41,00:06:43.029000,hope you have heard the term like threshing in memory in operating system,hope heard term like threshing memory operating system,6,Conclusion
00:06:43.029000,00:06:43.039000,threshing in memory in operating system,threshing memory operating system,6,Conclusion
00:06:43.039000,00:06:45.309000,threshing in memory in operating system right it's because of those page fault,threshing memory operating system right page fault,6,Conclusion
00:06:45.309000,00:06:45.319000,right it's because of those page fault,right page fault,5,Practical Application
00:06:45.319000,00:06:47.990000,right it's because of those page fault and swapping when page Vol and swapping,right page fault swapping page vol swapping,5,Practical Application
00:06:47.990000,00:06:48,and swapping when page Vol and swapping,swapping page vol swapping,5,Practical Application
00:06:48,00:06:50.309000,and swapping when page Vol and swapping is more then CPU utilization would be,swapping page vol swapping cpu utilization would,1,Step-by-Step Instruction
00:06:50.309000,00:06:50.319000,is more then CPU utilization would be,cpu utilization would,1,Step-by-Step Instruction
00:06:50.319000,00:06:51.830000,is more then CPU utilization would be less and this will lead to ultimately,cpu utilization would less lead ultimately,1,Step-by-Step Instruction
00:06:51.830000,00:06:51.840000,less and this will lead to ultimately,less lead ultimately,5,Practical Application
00:06:51.840000,00:06:53.909000,less and this will lead to ultimately threshing like in operating system or in,less lead ultimately threshing like operating system,6,Conclusion
00:06:53.909000,00:06:53.919000,threshing like in operating system or in,threshing like operating system,6,Conclusion
00:06:53.919000,00:06:57.790000,threshing like in operating system or in memory right so that is why if you are,threshing like operating system memory right,6,Conclusion
00:06:57.790000,00:06:57.800000,memory right so that is why if you are,memory right,6,Conclusion
00:06:57.800000,00:06:59.309000,memory right so that is why if you are calling this in line function many times,memory right calling line function many times,0,Introduction
00:06:59.309000,00:06:59.319000,calling this in line function many times,calling line function many times,0,Introduction
00:06:59.319000,00:07:02.029000,calling this in line function many times then this would lead to this problem,calling line function many times would lead problem,0,Introduction
00:07:02.029000,00:07:02.039000,then this would lead to this problem,would lead problem,1,Step-by-Step Instruction
00:07:02.039000,00:07:04.550000,then this would lead to this problem right if you change in this inline,would lead problem right change inline,1,Step-by-Step Instruction
00:07:04.550000,00:07:04.560000,right if you change in this inline,right change inline,3,Transitions
00:07:04.560000,00:07:06.710000,right if you change in this inline function right then you have to,right change inline function right,3,Transitions
00:07:06.710000,00:07:06.720000,function right then you have to,function right,3,Transitions
00:07:06.720000,00:07:08.869000,function right then you have to obviously recompile all the location,function right obviously recompile location,3,Transitions
00:07:08.869000,00:07:08.879000,obviously recompile all the location,obviously recompile location,5,Practical Application
00:07:08.879000,00:07:11.029000,obviously recompile all the location where you are calling that function,obviously recompile location calling function,0,Introduction
00:07:11.029000,00:07:11.039000,where you are calling that function,calling function,0,Introduction
00:07:11.039000,00:07:13.830000,where you are calling that function right to reflect the changes you have,calling function right reflect changes,0,Introduction
00:07:13.830000,00:07:13.840000,right to reflect the changes you have,right reflect changes,5,Practical Application
00:07:13.840000,00:07:16.270000,right to reflect the changes you have done in the in line function right so,right reflect changes done line function right,0,Introduction
00:07:16.270000,00:07:16.280000,done in the in line function right so,done line function right,0,Introduction
00:07:16.280000,00:07:18.430000,done in the in line function right so that compile time overhead would be more,done line function right compile time overhead would,0,Introduction
00:07:18.430000,00:07:18.440000,that compile time overhead would be more,compile time overhead would,1,Step-by-Step Instruction
00:07:18.440000,00:07:20.550000,that compile time overhead would be more also basically in large projects and,compile time overhead would also basically large projects,1,Step-by-Step Instruction
00:07:20.550000,00:07:20.560000,also basically in large projects and,also basically large projects,5,Practical Application
00:07:20.560000,00:07:22.230000,also basically in large projects and programs these inline functions would be,also basically large projects programs inline functions would,4,Recap
00:07:22.230000,00:07:22.240000,programs these inline functions would be,programs inline functions would,4,Recap
00:07:22.240000,00:07:24.510000,programs these inline functions would be Tre treated and no this inline function,programs inline functions would tre treated inline function,3,Transitions
00:07:24.510000,00:07:24.520000,Tre treated and no this inline function,tre treated inline function,3,Transitions
00:07:24.520000,00:07:25.909000,Tre treated and no this inline function would be written in a separate file,tre treated inline function would written separate file,1,Step-by-Step Instruction
00:07:25.909000,00:07:25.919000,would be written in a separate file,would written separate file,1,Step-by-Step Instruction
00:07:25.919000,00:07:28.110000,would be written in a separate file those header file or do H file so that,would written separate file header file h file,1,Step-by-Step Instruction
00:07:28.110000,00:07:28.120000,those header file or do H file so that,header file h file,1,Step-by-Step Instruction
00:07:28.120000,00:07:30.189000,those header file or do H file so that the definition would be visible to every,header file h file definition would visible every,1,Step-by-Step Instruction
00:07:30.189000,00:07:30.199000,the definition would be visible to every,definition would visible every,1,Step-by-Step Instruction
00:07:30.199000,00:07:33.790000,the definition would be visible to every program right so let's run this program,definition would visible every program right lets run program,1,Step-by-Step Instruction
00:07:33.790000,00:07:33.800000,program right so let's run this program,program right lets run program,6,Conclusion
00:07:33.800000,00:07:35.629000,program right so let's run this program so this is a simple program right,program right lets run program simple program right,6,Conclusion
00:07:35.629000,00:07:35.639000,so this is a simple program right,simple program right,6,Conclusion
00:07:35.639000,00:07:37.629000,so this is a simple program right addition of two numbers if you run this,simple program right addition two numbers run,6,Conclusion
00:07:37.629000,00:07:37.639000,addition of two numbers if you run this,addition two numbers run,1,Step-by-Step Instruction
00:07:37.639000,00:07:39.110000,addition of two numbers if you run this then simply it will give you three the,addition two numbers run simply give three,1,Step-by-Step Instruction
00:07:39.110000,00:07:39.120000,then simply it will give you three the,simply give three,5,Practical Application
00:07:39.120000,00:07:42.189000,then simply it will give you three the answer right but if I want to make this,simply give three answer right want make,5,Practical Application
00:07:42.189000,00:07:42.199000,answer right but if I want to make this,answer right want make,5,Practical Application
00:07:42.199000,00:07:43.710000,answer right but if I want to make this function in line so you just have to add,answer right want make function line add,0,Introduction
00:07:43.710000,00:07:43.720000,function in line so you just have to add,function line add,0,Introduction
00:07:43.720000,00:07:45.990000,function in line so you just have to add a one line one keyword here in,function line add one line one keyword,0,Introduction
00:07:45.990000,00:07:46,a one line one keyword here in,one line one keyword,0,Introduction
00:07:46,00:07:48.309000,a one line one keyword here in line let's run this and see again it,one line one keyword line lets run see,0,Introduction
00:07:48.309000,00:07:48.319000,line let's run this and see again it,line lets run see,0,Introduction
00:07:48.319000,00:07:51.469000,line let's run this and see again it will give you three now this time this,line lets run see give three time,5,Practical Application
00:07:51.469000,00:07:51.479000,will give you three now this time this,give three time,5,Practical Application
00:07:51.479000,00:07:53.510000,will give you three now this time this it would be treated as this this body of,give three time would treated body,1,Step-by-Step Instruction
00:07:53.510000,00:07:53.520000,it would be treated as this this body of,would treated body,1,Step-by-Step Instruction
00:07:53.520000,00:07:55.350000,it would be treated as this this body of the function return on a plus b would be,would treated body function return plus b would,1,Step-by-Step Instruction
00:07:55.350000,00:07:55.360000,the function return on a plus b would be,function return plus b would,1,Step-by-Step Instruction
00:07:55.360000,00:07:59.070000,the function return on a plus b would be replaced here like add 1 and two so it,function return plus b would replaced like add 1 two,1,Step-by-Step Instruction
00:07:59.070000,00:07:59.080000,replaced here like add 1 and two so it,replaced like add 1 two,1,Step-by-Step Instruction
00:07:59.080000,00:08:01.149000,replaced here like add 1 and two so it would be plac like here return a plus b,replaced like add 1 two would plac like return plus b,1,Step-by-Step Instruction
00:08:01.149000,00:08:01.159000,would be plac like here return a plus b,would plac like return plus b,1,Step-by-Step Instruction
00:08:01.159000,00:08:04.189000,would be plac like here return a plus b so a b we know these are one and two so,would plac like return plus b b know one two,1,Step-by-Step Instruction
00:08:04.189000,00:08:04.199000,so a b we know these are one and two so,b know one two,1,Step-by-Step Instruction
00:08:04.199000,00:08:05.710000,so a b we know these are one and two so a plus b would be given as like three,b know one two plus b would given like three,1,Step-by-Step Instruction
00:08:05.710000,00:08:05.720000,a plus b would be given as like three,plus b would given like three,1,Step-by-Step Instruction
00:08:05.720000,00:08:08.149000,a plus b would be given as like three that is three so now I hope you got the,plus b would given like three three hope got,1,Step-by-Step Instruction
00:08:08.149000,00:08:08.159000,that is three so now I hope you got the,three hope got,5,Practical Application
00:08:08.159000,00:08:09.270000,that is three so now I hope you got the idea about inline function what are,three hope got idea inline function,3,Transitions
00:08:09.270000,00:08:09.280000,idea about inline function what are,idea inline function,3,Transitions
00:08:09.280000,00:08:10.909000,idea about inline function what are inline function how to use when to use,idea inline function inline function use use,3,Transitions
00:08:10.909000,00:08:10.919000,inline function how to use when to use,inline function use use,3,Transitions
00:08:10.919000,00:08:13.029000,inline function how to use when to use when not to use in line function and,inline function use use use line function,3,Transitions
00:08:13.029000,00:08:13.039000,when not to use in line function and,use line function,0,Introduction
00:08:13.039000,00:08:14.430000,when not to use in line function and like advantages of using this function,use line function like advantages using function,0,Introduction
00:08:14.430000,00:08:14.440000,like advantages of using this function,like advantages using function,6,Conclusion
00:08:14.440000,00:08:16.189000,like advantages of using this function drawbacks of using in line function,like advantages using function drawbacks using line function,0,Introduction
00:08:16.189000,00:08:16.199000,drawbacks of using in line function,drawbacks using line function,0,Introduction
00:08:16.199000,00:08:17.790000,drawbacks of using in line function everything about function right so in,drawbacks using line function everything function right,0,Introduction
00:08:17.790000,00:08:17.800000,everything about function right so in,everything function right,3,Transitions
00:08:17.800000,00:08:18.710000,everything about function right so in the next video we'll see what are,everything function right next video well see,4,Recap
00:08:18.710000,00:08:18.720000,the next video we'll see what are,next video well see,4,Recap
00:08:18.720000,00:08:20.469000,the next video we'll see what are recursive function and what is recursion,next video well see recursive function recursion,4,Recap
00:08:20.469000,00:08:20.479000,recursive function and what is recursion,recursive function recursion,3,Transitions
00:08:20.479000,00:08:21.589000,recursive function and what is recursion so now I'll see you in the next video,recursive function recursion ill see next video,4,Recap
00:08:21.589000,00:08:21.599000,so now I'll see you in the next video,ill see next video,4,Recap
00:08:21.599000,00:08:25.599000,so now I'll see you in the next video till then bye bye take care,ill see next video till bye bye take care,4,Recap
