Start Time,End Time,Text,Cleaned Text,Cluster,Workflow Step
00:00:01.750000,00:00:01.760000,hey everyone I hope you are safe and,hey everyone hope safe,3,Transitions
00:00:01.760000,00:00:03.470000,hey everyone I hope you are safe and doing good so in the series of learning,hey everyone hope safe good series learning,3,Transitions
00:00:03.470000,00:00:03.480000,doing good so in the series of learning,good series learning,3,Transitions
00:00:03.480000,00:00:05.030000,doing good so in the series of learning C++ programming language in the previous,good series learning c programming language previous,3,Transitions
00:00:05.030000,00:00:05.040000,C++ programming language in the previous,c programming language previous,3,Transitions
00:00:05.040000,00:00:07.030000,C++ programming language in the previous video we have seen what is recursion and,c programming language previous video seen recursion,3,Transitions
00:00:07.030000,00:00:07.040000,video we have seen what is recursion and,video seen recursion,3,Transitions
00:00:07.040000,00:00:09.750000,video we have seen what is recursion and what are recursive function right how to,video seen recursion recursive function right,2,Context Setting
00:00:09.750000,00:00:09.760000,what are recursive function right how to,recursive function right,2,Context Setting
00:00:09.760000,00:00:11.350000,what are recursive function right how to create a recursive function how to use,recursive function right create recursive function use,2,Context Setting
00:00:11.350000,00:00:11.360000,create a recursive function how to use,create recursive function use,3,Transitions
00:00:11.360000,00:00:13.669000,create a recursive function how to use recursion to solve a problem right so,create recursive function use recursion solve problem right,2,Context Setting
00:00:13.669000,00:00:13.679000,recursion to solve a problem right so,recursion solve problem right,2,Context Setting
00:00:13.679000,00:00:15.350000,recursion to solve a problem right so based on that we we'll be discussing one,recursion solve problem right based well discussing one,2,Context Setting
00:00:15.350000,00:00:15.360000,based on that we we'll be discussing one,based well discussing one,1,Step-by-Step Instruction
00:00:15.360000,00:00:17.710000,based on that we we'll be discussing one coding exercise in this video and what,based well discussing one coding exercise video,1,Step-by-Step Instruction
00:00:17.710000,00:00:17.720000,coding exercise in this video and what,coding exercise video,3,Transitions
00:00:17.720000,00:00:19.349000,coding exercise in this video and what you have to do is you have to write down,coding exercise video write,3,Transitions
00:00:19.349000,00:00:19.359000,you have to do is you have to write down,write,3,Transitions
00:00:19.359000,00:00:21.790000,you have to do is you have to write down a program to find sum of digits of a,write program find sum digits,3,Transitions
00:00:21.790000,00:00:21.800000,a program to find sum of digits of a,program find sum digits,3,Transitions
00:00:21.800000,00:00:23.589000,a program to find sum of digits of a given number using,program find sum digits given number using,2,Context Setting
00:00:23.589000,00:00:23.599000,given number using,given number using,2,Context Setting
00:00:23.599000,00:00:26.830000,given number using recursion right for example if input is,given number using recursion right example input,2,Context Setting
00:00:26.830000,00:00:26.840000,recursion right for example if input is,recursion right example input,2,Context Setting
00:00:26.840000,00:00:29.109000,recursion right for example if input is given something like this if input is 3,recursion right example input given something like input 3,2,Context Setting
00:00:29.109000,00:00:29.119000,given something like this if input is 3,given something like input 3,2,Context Setting
00:00:29.119000,00:00:32.749000,given something like this if input is 3 4 32 then output should be 4 + 3 + 2,given something like input 3 4 32 output 4 3 2,2,Context Setting
00:00:32.749000,00:00:32.759000,4 32 then output should be 4 + 3 + 2,4 32 output 4 3 2,3,Transitions
00:00:32.759000,00:00:36.389000,4 32 then output should be 4 + 3 + 2 that is 9 if input is suppose something,4 32 output 4 3 2 9 input suppose something,2,Context Setting
00:00:36.389000,00:00:36.399000,that is 9 if input is suppose something,9 input suppose something,2,Context Setting
00:00:36.399000,00:00:40.270000,that is 9 if input is suppose something like this 7 1 2 this is,9 input suppose something like 7 1 2,2,Context Setting
00:00:40.270000,00:00:40.280000,like this 7 1 2 this is,like 7 1 2,3,Transitions
00:00:40.280000,00:00:45.389000,like this 7 1 2 this is input so output should be 7 + 1 + 2 that,like 7 1 2 input output 7 1 2,2,Context Setting
00:00:45.389000,00:00:45.399000,input so output should be 7 + 1 + 2 that,input output 7 1 2,2,Context Setting
00:00:45.399000,00:00:46.590000,input so output should be 7 + 1 + 2 that is,input output 7 1 2,2,Context Setting
00:00:46.590000,00:00:46.600000,is,,3,Transitions
00:00:46.600000,00:00:50.150000,is 10 right sum of digits of a given,10 right sum digits given,2,Context Setting
00:00:50.150000,00:00:50.160000,10 right sum of digits of a given,10 right sum digits given,2,Context Setting
00:00:50.160000,00:00:53.670000,10 right sum of digits of a given number you got it now what you have to,10 right sum digits given number got,2,Context Setting
00:00:53.670000,00:00:53.680000,number you got it now what you have to,number got,2,Context Setting
00:00:53.680000,00:00:55.750000,number you got it now what you have to do now please what is that right,number got please right,2,Context Setting
00:00:55.750000,00:00:55.760000,do now please what is that right,please right,2,Context Setting
00:00:55.760000,00:00:57.910000,do now please what is that right approach to solve a problem now take a,please right approach solve problem take,2,Context Setting
00:00:57.910000,00:00:57.920000,approach to solve a problem now take a,approach solve problem take,3,Transitions
00:00:57.920000,00:01:01.150000,approach to solve a problem now take a paper and pen and think what should be,approach solve problem take paper pen think,3,Transitions
00:01:01.150000,00:01:01.160000,paper and pen and think what should be,paper pen think,3,Transitions
00:01:01.160000,00:01:02.990000,paper and pen and think what should be the logic don't just directly jump to,paper pen think logic dont directly jump,3,Transitions
00:01:02.990000,00:01:03,the logic don't just directly jump to,logic dont directly jump,3,Transitions
00:01:03,00:01:04.950000,the logic don't just directly jump to your laptop and just in this Visual,logic dont directly jump laptop visual,3,Transitions
00:01:04.950000,00:01:04.960000,your laptop and just in this Visual,laptop visual,3,Transitions
00:01:04.960000,00:01:07.510000,your laptop and just in this Visual Studio code and start writing code no,laptop visual studio code start writing code,3,Transitions
00:01:07.510000,00:01:07.520000,Studio code and start writing code no,studio code start writing code,3,Transitions
00:01:07.520000,00:01:10.030000,Studio code and start writing code no you have to think first of all on paper,studio code start writing code think first paper,3,Transitions
00:01:10.030000,00:01:10.040000,you have to think first of all on paper,think first paper,3,Transitions
00:01:10.040000,00:01:12.550000,you have to think first of all on paper right think how to suppose this number,think first paper right think suppose number,2,Context Setting
00:01:12.550000,00:01:12.560000,right think how to suppose this number,right think suppose number,2,Context Setting
00:01:12.560000,00:01:13.990000,right think how to suppose this number is given then how you will find out,right think suppose number given find,2,Context Setting
00:01:13.990000,00:01:14,is given then how you will find out,given find,2,Context Setting
00:01:14,00:01:15.510000,is given then how you will find out different different digits of this,given find different different digits,3,Transitions
00:01:15.510000,00:01:15.520000,different different digits of this,different different digits,3,Transitions
00:01:15.520000,00:01:17.429000,different different digits of this number like two then three then,different different digits number like two three,3,Transitions
00:01:17.429000,00:01:17.439000,number like two then three then,number like two three,3,Transitions
00:01:17.439000,00:01:20.510000,number like two then three then four and how you will you know going to,number like two three four know going,1,Step-by-Step Instruction
00:01:20.510000,00:01:20.520000,four and how you will you know going to,four know going,1,Step-by-Step Instruction
00:01:20.520000,00:01:23.510000,four and how you will you know going to add these individual digits right so,four know going add individual digits right,1,Step-by-Step Instruction
00:01:23.510000,00:01:23.520000,add these individual digits right so,add individual digits right,2,Context Setting
00:01:23.520000,00:01:25.230000,add these individual digits right so post the video and try this out so I,add individual digits right post video try,2,Context Setting
00:01:25.230000,00:01:25.240000,post the video and try this out so I,post video try,3,Transitions
00:01:25.240000,00:01:27.950000,post the video and try this out so I hope you have done this see if number is,post video try hope done see number,3,Transitions
00:01:27.950000,00:01:27.960000,hope you have done this see if number is,hope done see number,3,Transitions
00:01:27.960000,00:01:30.830000,hope you have done this see if number is let's take number is 4 32,hope done see number lets take number 4 32,0,Introduction
00:01:30.830000,00:01:30.840000,let's take number is 4 32,lets take number 4 32,0,Introduction
00:01:30.840000,00:01:32.749000,let's take number is 4 32 how we will find out the individual,lets take number 4 32 find individual,0,Introduction
00:01:32.749000,00:01:32.759000,how we will find out the individual,find individual,3,Transitions
00:01:32.759000,00:01:36.069000,how we will find out the individual digits so we know uh one operator is,find individual digits know uh one operator,1,Step-by-Step Instruction
00:01:36.069000,00:01:36.079000,digits so we know uh one operator is,digits know uh one operator,1,Step-by-Step Instruction
00:01:36.079000,00:01:38.749000,digits so we know uh one operator is there module operator right so if I,digits know uh one operator module operator right,1,Step-by-Step Instruction
00:01:38.749000,00:01:38.759000,there module operator right so if I,module operator right,2,Context Setting
00:01:38.759000,00:01:45.550000,there module operator right so if I divide this number like 4 3 2 mode 10,module operator right divide number like 4 3 2 mode 10,5,Practical Application
00:01:45.550000,00:01:45.560000,divide this number like 4 3 2 mode 10,divide number like 4 3 2 mode 10,5,Practical Application
00:01:45.560000,00:01:47.149000,divide this number like 4 3 2 mode 10 this mode operator will give remainder,divide number like 4 3 2 mode 10 mode operator give remainder,5,Practical Application
00:01:47.149000,00:01:47.159000,this mode operator will give remainder,mode operator give remainder,3,Transitions
00:01:47.159000,00:01:49.830000,this mode operator will give remainder so the remainder of this is two you got,mode operator give remainder remainder two got,3,Transitions
00:01:49.830000,00:01:49.840000,so the remainder of this is two you got,remainder two got,3,Transitions
00:01:49.840000,00:01:53.389000,so the remainder of this is two you got it so this will give me two like maybe I,remainder two got give two like maybe,3,Transitions
00:01:53.389000,00:01:53.399000,it so this will give me two like maybe I,give two like maybe,3,Transitions
00:01:53.399000,00:01:54.830000,it so this will give me two like maybe I can store this number,give two like maybe store number,3,Transitions
00:01:54.830000,00:01:54.840000,can store this number,store number,3,Transitions
00:01:54.840000,00:01:56.510000,can store this number somewhere,store number somewhere,3,Transitions
00:01:56.510000,00:01:56.520000,somewhere,somewhere,3,Transitions
00:01:56.520000,00:02:00.630000,somewhere right then after that after that in 43,somewhere right 43,6,Conclusion
00:02:00.630000,00:02:00.640000,right then after that after that in 43,right 43,6,Conclusion
00:02:00.640000,00:02:03.190000,right then after that after that in 43 do I want now three now right so after,right 43 want three right,6,Conclusion
00:02:03.190000,00:02:03.200000,do I want now three now right so after,want three right,2,Context Setting
00:02:03.200000,00:02:05.149000,do I want now three now right so after that if I divide 43 if I do something,want three right divide 43 something,6,Conclusion
00:02:05.149000,00:02:05.159000,that if I divide 43 if I do something,divide 43 something,6,Conclusion
00:02:05.159000,00:02:08.109000,that if I divide 43 if I do something like this mode 10 then it will give me,divide 43 something like mode 10 give,5,Practical Application
00:02:08.109000,00:02:08.119000,like this mode 10 then it will give me,like mode 10 give,3,Transitions
00:02:08.119000,00:02:12.630000,like this mode 10 then it will give me three after that just four mode 10 so,like mode 10 give three four mode 10,3,Transitions
00:02:12.630000,00:02:12.640000,three after that just four mode 10 so,three four mode 10,3,Transitions
00:02:12.640000,00:02:14.190000,three after that just four mode 10 so obviously it's not divisible so,three four mode 10 obviously divisible,3,Transitions
00:02:14.190000,00:02:14.200000,obviously it's not divisible so,obviously divisible,3,Transitions
00:02:14.200000,00:02:16.509000,obviously it's not divisible so remainder would be four so now I got,obviously divisible remainder would four got,1,Step-by-Step Instruction
00:02:16.509000,00:02:16.519000,remainder would be four so now I got,remainder would four got,1,Step-by-Step Instruction
00:02:16.519000,00:02:17.990000,remainder would be four so now I got these three individual digits and I can,remainder would four got three individual digits,1,Step-by-Step Instruction
00:02:17.990000,00:02:18,these three individual digits and I can,three individual digits,3,Transitions
00:02:18,00:02:21.030000,these three individual digits and I can just add these things right so okay one,three individual digits add things right okay one,1,Step-by-Step Instruction
00:02:21.030000,00:02:21.040000,just add these things right so okay one,add things right okay one,1,Step-by-Step Instruction
00:02:21.040000,00:02:22.750000,just add these things right so okay one operator we will use mode operator but,add things right okay one operator use mode operator,1,Step-by-Step Instruction
00:02:22.750000,00:02:22.760000,operator we will use mode operator but,operator use mode operator,5,Practical Application
00:02:22.760000,00:02:25.550000,operator we will use mode operator but after this 432 how you will get 43,operator use mode operator 432 get 43,6,Conclusion
00:02:25.550000,00:02:25.560000,after this 432 how you will get 43,432 get 43,6,Conclusion
00:02:25.560000,00:02:27.910000,after this 432 how you will get 43 because the number is 432 now but after,432 get 43 number 432,6,Conclusion
00:02:27.910000,00:02:27.920000,because the number is 432 now but after,number 432,3,Transitions
00:02:27.920000,00:02:29.869000,because the number is 432 now but after getting two I want the number should be,number 432 getting two want number,3,Transitions
00:02:29.869000,00:02:29.879000,getting two I want the number should be,getting two want number,3,Transitions
00:02:29.879000,00:02:31.869000,getting two I want the number should be 43 only and after that number should be,getting two want number 43 number,6,Conclusion
00:02:31.869000,00:02:31.879000,43 only and after that number should be,43 number,6,Conclusion
00:02:31.879000,00:02:34.830000,43 only and after that number should be four only right this is how this is,43 number four right,6,Conclusion
00:02:34.830000,00:02:34.840000,four only right this is how this is,four right,1,Step-by-Step Instruction
00:02:34.840000,00:02:38.070000,four only right this is how this is possible so just think we can apply one,four right possible think apply one,1,Step-by-Step Instruction
00:02:38.070000,00:02:38.080000,possible so just think we can apply one,possible think apply one,1,Step-by-Step Instruction
00:02:38.080000,00:02:39.750000,possible so just think we can apply one more operator that is divide operator so,possible think apply one operator divide operator,5,Practical Application
00:02:39.750000,00:02:39.760000,more operator that is divide operator so,operator divide operator,5,Practical Application
00:02:39.760000,00:02:42.190000,more operator that is divide operator so if I do something like this 432 divide,operator divide operator something like 432 divide,5,Practical Application
00:02:42.190000,00:02:42.200000,if I do something like this 432 divide,something like 432 divide,5,Practical Application
00:02:42.200000,00:02:43.390000,if I do something like this 432 divide by,something like 432 divide,5,Practical Application
00:02:43.390000,00:02:43.400000,by,,3,Transitions
00:02:43.400000,00:02:47.509000,by 10 then it will give me 43 see this is,10 give 43 see,6,Conclusion
00:02:47.509000,00:02:47.519000,10 then it will give me 43 see this is,10 give 43 see,6,Conclusion
00:02:47.519000,00:02:48.990000,10 then it will give me 43 see this is modular operator and this is divide,10 give 43 see modular operator divide,5,Practical Application
00:02:48.990000,00:02:49,modular operator and this is divide,modular operator divide,5,Practical Application
00:02:49,00:02:51.949000,modular operator and this is divide operator divide by right so divide by 10,modular operator divide operator divide right divide 10,5,Practical Application
00:02:51.949000,00:02:51.959000,operator divide by right so divide by 10,operator divide right divide 10,5,Practical Application
00:02:51.959000,00:02:53.509000,operator divide by right so divide by 10 so it will like,operator divide right divide 10 like,5,Practical Application
00:02:53.509000,00:02:53.519000,so it will like,like,3,Transitions
00:02:53.519000,00:02:56.430000,so it will like 43.2 but if I take int only obviously,like 432 take int obviously,3,Transitions
00:02:56.430000,00:02:56.440000,43.2 but if I take int only obviously,432 take int obviously,3,Transitions
00:02:56.440000,00:02:59.390000,43.2 but if I take int only obviously then 43 only I will get right and after,432 take int obviously 43 get right,6,Conclusion
00:02:59.390000,00:02:59.400000,then 43 only I will get right and after,43 get right,6,Conclusion
00:02:59.400000,00:03:03.550000,then 43 only I will get right and after that 4 3 divide by 10 it would be 4.3,43 get right 4 3 divide 10 would 43,6,Conclusion
00:03:03.550000,00:03:03.560000,that 4 3 divide by 10 it would be 4.3,4 3 divide 10 would 43,6,Conclusion
00:03:03.560000,00:03:05.550000,that 4 3 divide by 10 it would be 4.3 and integer is four so we'll take only,4 3 divide 10 would 43 integer four well take,6,Conclusion
00:03:05.550000,00:03:05.560000,and integer is four so we'll take only,integer four well take,1,Step-by-Step Instruction
00:03:05.560000,00:03:08.030000,and integer is four so we'll take only four like this so these two operator you,integer four well take four like two operator,1,Step-by-Step Instruction
00:03:08.030000,00:03:08.040000,four like this so these two operator you,four like two operator,1,Step-by-Step Instruction
00:03:08.040000,00:03:09.470000,four like this so these two operator you need to,four like two operator need,1,Step-by-Step Instruction
00:03:09.470000,00:03:09.480000,need to,need,3,Transitions
00:03:09.480000,00:03:12.390000,need to use right I hope now you got something,need use right hope got something,2,Context Setting
00:03:12.390000,00:03:12.400000,use right I hope now you got something,use right hope got something,2,Context Setting
00:03:12.400000,00:03:14.949000,use right I hope now you got something about like this Sol solution of this,use right hope got something like sol solution,2,Context Setting
00:03:14.949000,00:03:14.959000,about like this Sol solution of this,like sol solution,3,Transitions
00:03:14.959000,00:03:17.710000,about like this Sol solution of this problem divide operator then apply modul,like sol solution problem divide operator apply modul,5,Practical Application
00:03:17.710000,00:03:17.720000,problem divide operator then apply modul,problem divide operator apply modul,5,Practical Application
00:03:17.720000,00:03:19.270000,problem divide operator then apply modul divide then apply modul and just add,problem divide operator apply modul divide apply modul add,5,Practical Application
00:03:19.270000,00:03:19.280000,divide then apply modul and just add,divide apply modul add,5,Practical Application
00:03:19.280000,00:03:20.949000,divide then apply modul and just add these numbers that's it this you have to,divide apply modul add numbers thats,5,Practical Application
00:03:20.949000,00:03:20.959000,these numbers that's it this you have to,numbers thats,3,Transitions
00:03:20.959000,00:03:23.949000,these numbers that's it this you have to do so if you haven't done this yet pause,numbers thats havent done yet pause,3,Transitions
00:03:23.949000,00:03:23.959000,do so if you haven't done this yet pause,havent done yet pause,3,Transitions
00:03:23.959000,00:03:26.350000,do so if you haven't done this yet pause the video now and try this out try to,havent done yet pause video try try,3,Transitions
00:03:26.350000,00:03:26.360000,the video now and try this out try to,video try try,3,Transitions
00:03:26.360000,00:03:27.670000,the video now and try this out try to you know write down this on a piece of,video try try know write piece,3,Transitions
00:03:27.670000,00:03:27.680000,you know write down this on a piece of,know write piece,3,Transitions
00:03:27.680000,00:03:29.949000,you know write down this on a piece of paper right writeen that and then your,know write piece paper right writeen,2,Context Setting
00:03:29.949000,00:03:29.959000,paper right writeen that and then your,paper right writeen,2,Context Setting
00:03:29.959000,00:03:33.350000,paper right writeen that and then your laptop fine so I hope you have done this,paper right writeen laptop fine hope done,2,Context Setting
00:03:33.350000,00:03:33.360000,laptop fine so I hope you have done this,laptop fine hope done,3,Transitions
00:03:33.360000,00:03:36.390000,laptop fine so I hope you have done this let's try this out I just want to print,laptop fine hope done lets try want print,0,Introduction
00:03:36.390000,00:03:36.400000,let's try this out I just want to print,lets try want print,0,Introduction
00:03:36.400000,00:03:41.470000,let's try this out I just want to print like see out let's have,lets try want print like see lets,0,Introduction
00:03:45.190000,00:03:45.200000,a function name sum of digits and 4 32 I,function name sum digits 4 32,3,Transitions
00:03:45.200000,00:03:47.949000,a function name sum of digits and 4 32 I just want to pass and it should give,function name sum digits 4 32 want pass give,3,Transitions
00:03:47.949000,00:03:47.959000,just want to pass and it should give,want pass give,3,Transitions
00:03:47.959000,00:03:52.069000,just want to pass and it should give me whatever the answer is right so okay,want pass give whatever answer right okay,3,Transitions
00:03:52.069000,00:03:52.079000,me whatever the answer is right so okay,whatever answer right okay,2,Context Setting
00:03:52.079000,00:03:53.750000,me whatever the answer is right so okay we are calling here so let's define this,whatever answer right okay calling lets define,0,Introduction
00:03:53.750000,00:03:53.760000,we are calling here so let's define this,calling lets define,0,Introduction
00:03:53.760000,00:04:03.550000,we are calling here so let's define this function of this thing is main so int,calling lets define function thing main int,0,Introduction
00:04:05.589000,00:04:05.599000,so name is same as it is parameter one,name parameter one,1,Step-by-Step Instruction
00:04:05.599000,00:04:07.949000,so name is same as it is parameter one I'm passing so int now I'm going to take,name parameter one im passing int im going take,1,Step-by-Step Instruction
00:04:07.949000,00:04:07.959000,I'm passing so int now I'm going to take,im passing int im going take,3,Transitions
00:04:07.959000,00:04:10.069000,I'm passing so int now I'm going to take right now you have to apply mode,im passing int im going take right apply mode,3,Transitions
00:04:10.069000,00:04:10.079000,right now you have to apply mode,right apply mode,2,Context Setting
00:04:10.079000,00:04:12.429000,right now you have to apply mode operator and divide operator right and,right apply mode operator divide operator right,5,Practical Application
00:04:12.429000,00:04:12.439000,operator and divide operator right and,operator divide operator right,5,Practical Application
00:04:12.439000,00:04:13.949000,operator and divide operator right and using recursion you have to do recursion,operator divide operator right using recursion recursion,5,Practical Application
00:04:13.949000,00:04:13.959000,using recursion you have to do recursion,using recursion recursion,2,Context Setting
00:04:13.959000,00:04:16.830000,using recursion you have to do recursion you have to do this thing right so what,using recursion recursion thing right,2,Context Setting
00:04:16.830000,00:04:16.840000,you have to do this thing right so what,thing right,2,Context Setting
00:04:16.840000,00:04:19.670000,you have to do this thing right so what basically here we are doing is what it,thing right basically,2,Context Setting
00:04:19.670000,00:04:19.680000,basically here we are doing is what it,basically,3,Transitions
00:04:19.680000,00:04:20.870000,basically here we are doing is what it should return,basically return,4,Recap
00:04:20.870000,00:04:20.880000,should return,return,4,Recap
00:04:20.880000,00:04:24.070000,should return return whatever the number,return return whatever number,4,Recap
00:04:24.070000,00:04:24.080000,return whatever the number,return whatever number,4,Recap
00:04:24.080000,00:04:30.310000,return whatever the number 432 mode 10 4 32 mode 10 we will get 2,return whatever number 432 mode 10 4 32 mode 10 get 2,3,Transitions
00:04:30.310000,00:04:30.320000,432 mode 10 4 32 mode 10 we will get 2,432 mode 10 4 32 mode 10 get 2,3,Transitions
00:04:30.320000,00:04:31.990000,432 mode 10 4 32 mode 10 we will get 2 2,432 mode 10 4 32 mode 10 get 2 2,3,Transitions
00:04:31.990000,00:04:32,2,2,3,Transitions
00:04:32,00:04:35.550000,2 plus we are going to add 2 plus now now,2 plus going add 2 plus,3,Transitions
00:04:35.550000,00:04:35.560000,plus we are going to add 2 plus now now,plus going add 2 plus,3,Transitions
00:04:35.560000,00:04:39.469000,plus we are going to add 2 plus now now the number is 43 43 mode 10 we'll get,plus going add 2 plus number 43 43 mode 10 well get,6,Conclusion
00:04:39.469000,00:04:39.479000,the number is 43 43 mode 10 we'll get,number 43 43 mode 10 well get,6,Conclusion
00:04:39.479000,00:04:42.270000,the number is 43 43 mode 10 we'll get three and plus now the after applying,number 43 43 mode 10 well get three plus applying,6,Conclusion
00:04:42.270000,00:04:42.280000,three and plus now the after applying,three plus applying,3,Transitions
00:04:42.280000,00:04:44.790000,three and plus now the after applying division operator the number is four and,three plus applying division operator number four,1,Step-by-Step Instruction
00:04:44.790000,00:04:44.800000,division operator the number is four and,division operator number four,1,Step-by-Step Instruction
00:04:44.800000,00:04:49.230000,division operator the number is four and simply we get four so num more 10 plus,division operator number four simply get four num 10 plus,1,Step-by-Step Instruction
00:04:49.230000,00:04:49.240000,simply we get four so num more 10 plus,simply get four num 10 plus,1,Step-by-Step Instruction
00:04:49.240000,00:04:51.990000,simply we get four so num more 10 plus now we want number should be only 43 and,simply get four num 10 plus want number 43,6,Conclusion
00:04:51.990000,00:04:52,now we want number should be only 43 and,want number 43,6,Conclusion
00:04:52,00:04:53.790000,now we want number should be only 43 and how you will get 43 you have to divide,want number 43 get 43 divide,6,Conclusion
00:04:53.790000,00:04:53.800000,how you will get 43 you have to divide,get 43 divide,6,Conclusion
00:04:53.800000,00:04:57.870000,how you will get 43 you have to divide that number by 10 simple so again call,get 43 divide number 10 simple call,6,Conclusion
00:04:57.870000,00:04:57.880000,that number by 10 simple so again call,number 10 simple call,3,Transitions
00:04:57.880000,00:04:59.830000,that number by 10 simple so again call this function sum of doit and what you,number 10 simple call function sum doit,3,Transitions
00:04:59.830000,00:04:59.840000,this function sum of doit and what you,function sum doit,3,Transitions
00:04:59.840000,00:05:02.510000,this function sum of doit and what you will pass here num divide by,function sum doit pass num divide,3,Transitions
00:05:02.510000,00:05:02.520000,will pass here num divide by,pass num divide,5,Practical Application
00:05:02.520000,00:05:07.350000,will pass here num divide by 10 that's it I hope you got it this is,pass num divide 10 thats hope got,5,Practical Application
00:05:07.350000,00:05:07.360000,10 that's it I hope you got it this is,10 thats hope got,2,Context Setting
00:05:07.360000,00:05:08.629000,10 that's it I hope you got it this is the simple,10 thats hope got simple,2,Context Setting
00:05:08.629000,00:05:08.639000,the simple,simple,3,Transitions
00:05:08.639000,00:05:11.469000,the simple logic see the beauty of recursion if you,simple logic see beauty recursion,3,Transitions
00:05:11.469000,00:05:11.479000,logic see the beauty of recursion if you,logic see beauty recursion,3,Transitions
00:05:11.479000,00:05:12.950000,logic see the beauty of recursion if you use iterative approach that is also not,logic see beauty recursion use iterative approach also,3,Transitions
00:05:12.950000,00:05:12.960000,use iterative approach that is also not,use iterative approach also,3,Transitions
00:05:12.960000,00:05:15.350000,use iterative approach that is also not very tough like simply one while group,use iterative approach also tough like simply one group,1,Step-by-Step Instruction
00:05:15.350000,00:05:15.360000,very tough like simply one while group,tough like simply one group,1,Step-by-Step Instruction
00:05:15.360000,00:05:18.189000,very tough like simply one while group and two to three lines and that's it but,tough like simply one group two three lines thats,1,Step-by-Step Instruction
00:05:18.189000,00:05:18.199000,and two to three lines and that's it but,two three lines thats,3,Transitions
00:05:18.199000,00:05:19.629000,and two to three lines and that's it but you can try out that iterative approach,two three lines thats try iterative approach,3,Transitions
00:05:19.629000,00:05:19.639000,you can try out that iterative approach,try iterative approach,3,Transitions
00:05:19.639000,00:05:21.790000,you can try out that iterative approach as well to find out some of digits but,try iterative approach well find digits,3,Transitions
00:05:21.790000,00:05:21.800000,as well to find out some of digits but,well find digits,3,Transitions
00:05:21.800000,00:05:23.870000,as well to find out some of digits but here one important thing is what is the,well find digits one important thing,1,Step-by-Step Instruction
00:05:23.870000,00:05:23.880000,here one important thing is what is the,one important thing,1,Step-by-Step Instruction
00:05:23.880000,00:05:25.510000,here one important thing is what is the base,one important thing base,1,Step-by-Step Instruction
00:05:25.510000,00:05:25.520000,base,base,3,Transitions
00:05:25.520000,00:05:27.629000,base case now you have to write down the base,base case write base,3,Transitions
00:05:27.629000,00:05:27.639000,case now you have to write down the base,case write base,3,Transitions
00:05:27.639000,00:05:29.870000,case now you have to write down the base case when to stop,case write base case stop,3,Transitions
00:05:29.870000,00:05:29.880000,case when to stop,case stop,3,Transitions
00:05:29.880000,00:05:34.430000,case when to stop right so base case is if after divide by,case stop right base case divide,5,Practical Application
00:05:34.430000,00:05:34.440000,right so base case is if after divide by,right base case divide,5,Practical Application
00:05:34.440000,00:05:37.150000,right so base case is if after divide by 10 number becomes 43 again divide by 10,right base case divide 10 number becomes 43 divide 10,5,Practical Application
00:05:37.150000,00:05:37.160000,10 number becomes 43 again divide by 10,10 number becomes 43 divide 10,5,Practical Application
00:05:37.160000,00:05:40.189000,10 number becomes 43 again divide by 10 number becomes 4 again divide by 10,10 number becomes 43 divide 10 number becomes 4 divide 10,5,Practical Application
00:05:40.189000,00:05:40.199000,number becomes 4 again divide by 10,number becomes 4 divide 10,5,Practical Application
00:05:40.199000,00:05:43.150000,number becomes 4 again divide by 10 number and then it becomes that uh 4,number becomes 4 divide 10 number becomes uh 4,5,Practical Application
00:05:43.150000,00:05:43.160000,number and then it becomes that uh 4,number becomes uh 4,3,Transitions
00:05:43.160000,00:05:45.790000,number and then it becomes that uh 4 divide by 10 it becomes zero so once you,number becomes uh 4 divide 10 becomes zero,5,Practical Application
00:05:45.790000,00:05:45.800000,divide by 10 it becomes zero so once you,divide 10 becomes zero,5,Practical Application
00:05:45.800000,00:05:48.870000,divide by 10 it becomes zero so once you reach to zero stop right so if number,divide 10 becomes zero reach zero stop right number,5,Practical Application
00:05:48.870000,00:05:48.880000,reach to zero stop right so if number,reach zero stop right number,2,Context Setting
00:05:48.880000,00:05:53.350000,reach to zero stop right so if number equal to equal to Z simply return zero,reach zero stop right number equal equal z simply return zero,1,Step-by-Step Instruction
00:05:53.350000,00:05:53.360000,equal to equal to Z simply return zero,equal equal z simply return zero,1,Step-by-Step Instruction
00:05:53.360000,00:05:55.670000,equal to equal to Z simply return zero that's it let's run this and see what,equal equal z simply return zero thats lets run see,1,Step-by-Step Instruction
00:05:55.670000,00:05:55.680000,that's it let's run this and see what,thats lets run see,0,Introduction
00:05:55.680000,00:05:58.629000,that's it let's run this and see what output we getting C for 9 we are getting,thats lets run see output getting c 9 getting,0,Introduction
00:05:58.629000,00:05:58.639000,output we getting C for 9 we are getting,output getting c 9 getting,3,Transitions
00:05:58.639000,00:06:00.909000,output we getting C for 9 we are getting here right,output getting c 9 getting right,2,Context Setting
00:06:00.909000,00:06:00.919000,here right,right,2,Context Setting
00:06:00.919000,00:06:03.390000,here right nine okay let's change this uh if the,right nine okay lets change uh,0,Introduction
00:06:03.390000,00:06:03.400000,nine okay let's change this uh if the,nine okay lets change uh,0,Introduction
00:06:03.400000,00:06:06.830000,nine okay let's change this uh if the number is 4 3 2 1 so obviously it should,nine okay lets change uh number 4 3 2 1 obviously,0,Introduction
00:06:06.830000,00:06:06.840000,number is 4 3 2 1 so obviously it should,number 4 3 2 1 obviously,3,Transitions
00:06:06.840000,00:06:10.430000,number is 4 3 2 1 so obviously it should give 10 so let's run this and see see 10,number 4 3 2 1 obviously give 10 lets run see see 10,3,Transitions
00:06:10.430000,00:06:10.440000,give 10 so let's run this and see see 10,give 10 lets run see see 10,3,Transitions
00:06:10.440000,00:06:13.309000,give 10 so let's run this and see see 10 right I hope you got this if you haven't,give 10 lets run see see 10 right hope got havent,3,Transitions
00:06:13.309000,00:06:13.319000,right I hope you got this if you haven't,right hope got havent,2,Context Setting
00:06:13.319000,00:06:15.550000,right I hope you got this if you haven't got this then please pause the video dry,right hope got havent got please pause video dry,2,Context Setting
00:06:15.550000,00:06:15.560000,got this then please pause the video dry,got please pause video dry,2,Context Setting
00:06:15.560000,00:06:18.790000,got this then please pause the video dry this and try this out and let me just,got please pause video dry try let,3,Transitions
00:06:18.790000,00:06:18.800000,this and try this out and let me just,try let,3,Transitions
00:06:18.800000,00:06:20.550000,this and try this out and let me just try this for you if you want to continue,try let try want continue,3,Transitions
00:06:20.550000,00:06:20.560000,try this for you if you want to continue,try want continue,3,Transitions
00:06:20.560000,00:06:22.469000,try this for you if you want to continue watching you can just you know continue,try want continue watching know continue,3,Transitions
00:06:22.469000,00:06:22.479000,watching you can just you know continue,watching know continue,3,Transitions
00:06:22.479000,00:06:23.749000,watching you can just you know continue watching this video otherwise you can,watching know continue watching video otherwise,3,Transitions
00:06:23.749000,00:06:23.759000,watching this video otherwise you can,watching video otherwise,3,Transitions
00:06:23.759000,00:06:29.990000,watching this video otherwise you can stop,watching video otherwise stop,3,Transitions
00:06:32.870000,00:06:32.880000,so see what is happening here at first,see happening first,3,Transitions
00:06:32.880000,00:06:35.309000,so see what is happening here at first control will be here like we'll go to,see happening first control like well go,3,Transitions
00:06:35.309000,00:06:35.319000,control will be here like we'll go to,control like well go,3,Transitions
00:06:35.319000,00:06:37.390000,control will be here like we'll go to this Main and here we have see out some,control like well go main see,3,Transitions
00:06:37.390000,00:06:37.400000,this Main and here we have see out some,main see,3,Transitions
00:06:37.400000,00:06:40.629000,this Main and here we have see out some of like uh function call so at first,main see like uh function call first,3,Transitions
00:06:40.629000,00:06:40.639000,of like uh function call so at first,like uh function call first,3,Transitions
00:06:40.639000,00:06:43.469000,of like uh function call so at first like in this stack we have one,like uh function call first like stack one,1,Step-by-Step Instruction
00:06:43.469000,00:06:43.479000,like in this stack we have one,like stack one,1,Step-by-Step Instruction
00:06:43.479000,00:06:46.230000,like in this stack we have one activation record for main right and,like stack one activation record main right,1,Step-by-Step Instruction
00:06:46.230000,00:06:46.240000,activation record for main right and,activation record main right,2,Context Setting
00:06:46.240000,00:06:48.670000,activation record for main right and here we are simply calling this function,activation record main right simply calling function,0,Introduction
00:06:48.670000,00:06:48.680000,here we are simply calling this function,simply calling function,0,Introduction
00:06:48.680000,00:06:51.309000,here we are simply calling this function sum of digits s so I'm simply writing,simply calling function sum digits im simply writing,0,Introduction
00:06:51.309000,00:06:51.319000,sum of digits s so I'm simply writing,sum digits im simply writing,3,Transitions
00:06:51.319000,00:06:55.510000,sum of digits s so I'm simply writing and here we have 4 3 2 1 right so we are,sum digits im simply writing 4 3 2 1 right,2,Context Setting
00:06:55.510000,00:06:55.520000,and here we have 4 3 2 1 right so we are,4 3 2 1 right,2,Context Setting
00:06:55.520000,00:06:59.629000,and here we have 4 3 2 1 right so we are calling this so for this 4 32 1 we have,4 3 2 1 right calling 4 32 1,0,Introduction
00:06:59.629000,00:06:59.639000,calling this so for this 4 32 1 we have,calling 4 32 1,0,Introduction
00:06:59.639000,00:07:02.029000,calling this so for this 4 32 1 we have an activation record control will go to,calling 4 32 1 activation record control go,0,Introduction
00:07:02.029000,00:07:02.039000,an activation record control will go to,activation record control go,3,Transitions
00:07:02.039000,00:07:05.150000,an activation record control will go to here in Num so here we have here we have,activation record control go num,3,Transitions
00:07:05.150000,00:07:05.160000,here in Num so here we have here we have,num,1,Step-by-Step Instruction
00:07:05.160000,00:07:09.029000,here in Num so here we have here we have num num is 432 let's consider it only,num num num 432 lets consider,1,Step-by-Step Instruction
00:07:09.029000,00:07:09.039000,num num is 432 let's consider it only,num num 432 lets consider,1,Step-by-Step Instruction
00:07:09.039000,00:07:12.110000,num num is 432 let's consider it only till two right not to,num num 432 lets consider till two right,1,Step-by-Step Instruction
00:07:12.110000,00:07:12.120000,till two right not to,till two right,2,Context Setting
00:07:12.120000,00:07:16.950000,till two right not to one because it's going to take more time,till two right one going take time,1,Step-by-Step Instruction
00:07:20.629000,00:07:20.639000,now so here we have num is 432 right,num 432 right,1,Step-by-Step Instruction
00:07:20.639000,00:07:23.550000,now so here we have num is 432 right this condition true no now return num,num 432 right condition true return num,1,Step-by-Step Instruction
00:07:23.550000,00:07:23.560000,this condition true no now return num,condition true return num,4,Recap
00:07:23.560000,00:07:28.350000,this condition true no now return num mode 10 now mode 10 4 3 2 mode 10 it,condition true return num mode 10 mode 10 4 3 2 mode 10,3,Transitions
00:07:28.350000,00:07:28.360000,mode 10 now mode 10 4 3 2 mode 10 it,mode 10 mode 10 4 3 2 mode 10,3,Transitions
00:07:28.360000,00:07:30.909000,mode 10 now mode 10 4 3 2 mode 10 it will give you two so it will return what,mode 10 mode 10 4 3 2 mode 10 give two return,3,Transitions
00:07:30.909000,00:07:30.919000,will give you two so it will return what,give two return,4,Recap
00:07:30.919000,00:07:34.070000,will give you two so it will return what two plus sum of digits again this,give two return two plus sum digits,3,Transitions
00:07:34.070000,00:07:34.080000,two plus sum of digits again this,two plus sum digits,3,Transitions
00:07:34.080000,00:07:35.390000,two plus sum of digits again this function called s,two plus sum digits function called,3,Transitions
00:07:35.390000,00:07:35.400000,function called s,function called,3,Transitions
00:07:35.400000,00:07:38.309000,function called s o num divide by 10 so rather than this,function called num divide 10 rather,5,Practical Application
00:07:38.309000,00:07:38.319000,o num divide by 10 so rather than this,num divide 10 rather,5,Practical Application
00:07:38.319000,00:07:41.110000,o num divide by 10 so rather than this 432 divide by 10 means it will give 43,num divide 10 rather 432 divide 10 means give 43,5,Practical Application
00:07:41.110000,00:07:41.120000,432 divide by 10 means it will give 43,432 divide 10 means give 43,6,Conclusion
00:07:41.120000,00:07:44.990000,432 divide by 10 means it will give 43 so here 43 now 43 would be passed so the,432 divide 10 means give 43 43 43 would passed,6,Conclusion
00:07:44.990000,00:07:45,so here 43 now 43 would be passed so the,43 43 would passed,6,Conclusion
00:07:45,00:07:47.550000,so here 43 now 43 would be passed so the next activation record s o this would be,43 43 would passed next activation record would,6,Conclusion
00:07:47.550000,00:07:47.560000,next activation record s o this would be,next activation record would,3,Transitions
00:07:47.560000,00:07:51.990000,next activation record s o this would be for 43 so here we have num 43 this,next activation record would 43 num 43,6,Conclusion
00:07:51.990000,00:07:52,for 43 so here we have num 43 this,43 num 43,6,Conclusion
00:07:52,00:07:55.629000,for 43 so here we have num 43 this condition true no again num mode 10 so,43 num 43 condition true num mode 10,6,Conclusion
00:07:55.629000,00:07:55.639000,condition true no again num mode 10 so,condition true num mode 10,3,Transitions
00:07:55.639000,00:07:57.790000,condition true no again num mode 10 so num mode 10 it will give you,condition true num mode 10 num mode 10 give,3,Transitions
00:07:57.790000,00:07:57.800000,num mode 10 it will give you,num mode 10 give,3,Transitions
00:07:57.800000,00:08:00.110000,num mode 10 it will give you three plus,num mode 10 give three plus,3,Transitions
00:08:00.110000,00:08:00.120000,three plus,three plus,3,Transitions
00:08:00.120000,00:08:02.990000,three plus s o we are calling s o,three plus calling,0,Introduction
00:08:02.990000,00:08:03,s o we are calling s o,calling,0,Introduction
00:08:03,00:08:05.869000,s o we are calling s o 43 sum of Digit 43 divide by 10 it will,calling 43 sum digit 43 divide 10,6,Conclusion
00:08:05.869000,00:08:05.879000,43 sum of Digit 43 divide by 10 it will,43 sum digit 43 divide 10,6,Conclusion
00:08:05.879000,00:08:09.550000,43 sum of Digit 43 divide by 10 it will give you four so here we have four so,43 sum digit 43 divide 10 give four four,6,Conclusion
00:08:09.550000,00:08:09.560000,give you four so here we have four so,give four four,1,Step-by-Step Instruction
00:08:09.560000,00:08:11.830000,give you four so here we have four so next activation record s o here number,give four four next activation record number,1,Step-by-Step Instruction
00:08:11.830000,00:08:11.840000,next activation record s o here number,next activation record number,3,Transitions
00:08:11.840000,00:08:14.710000,next activation record s o here number is four so we have one here num is equal,next activation record number four one num equal,1,Step-by-Step Instruction
00:08:14.710000,00:08:14.720000,is four so we have one here num is equal,four one num equal,1,Step-by-Step Instruction
00:08:14.720000,00:08:18.029000,is four so we have one here num is equal to 4 so what it will return is this,four one num equal 4 return,1,Step-by-Step Instruction
00:08:18.029000,00:08:18.039000,to 4 so what it will return is this,4 return,4,Recap
00:08:18.039000,00:08:19.430000,to 4 so what it will return is this condition true no it will return n mode,4 return condition true return n mode,4,Recap
00:08:19.430000,00:08:19.440000,condition true no it will return n mode,condition true return n mode,4,Recap
00:08:19.440000,00:08:24.270000,condition true no it will return n mode 10 4 mode 10 remainder is what four only,condition true return n mode 10 4 mode 10 remainder four,3,Transitions
00:08:24.270000,00:08:24.280000,10 4 mode 10 remainder is what four only,10 4 mode 10 remainder four,3,Transitions
00:08:24.280000,00:08:25.909000,10 4 mode 10 remainder is what four only right mode will give you remainder,10 4 mode 10 remainder four right mode give remainder,3,Transitions
00:08:25.909000,00:08:25.919000,right mode will give you remainder,right mode give remainder,3,Transitions
00:08:25.919000,00:08:28.510000,right mode will give you remainder remember this thing so remainder is four,right mode give remainder remember thing remainder four,1,Step-by-Step Instruction
00:08:28.510000,00:08:28.520000,remember this thing so remainder is four,remember thing remainder four,1,Step-by-Step Instruction
00:08:28.520000,00:08:30.869000,remember this thing so remainder is four plus s,remember thing remainder four plus,1,Step-by-Step Instruction
00:08:30.869000,00:08:30.879000,plus s,plus,3,Transitions
00:08:30.879000,00:08:34.990000,plus s o number four divide by 10 it will Zero,plus number four divide 10 zero,5,Practical Application
00:08:34.990000,00:08:35,o number four divide by 10 it will Zero,number four divide 10 zero,5,Practical Application
00:08:35,00:08:36.709000,o number four divide by 10 it will Zero divide by 10 is Zer because we are not,number four divide 10 zero divide 10 zer,5,Practical Application
00:08:36.709000,00:08:36.719000,divide by 10 is Zer because we are not,divide 10 zer,5,Practical Application
00:08:36.719000,00:08:38.550000,divide by 10 is Zer because we are not able to divide this so,divide 10 zer able divide,5,Practical Application
00:08:38.550000,00:08:38.560000,able to divide this so,able divide,5,Practical Application
00:08:38.560000,00:08:41.709000,able to divide this so Zer so next activation record is,able divide zer next activation record,5,Practical Application
00:08:41.709000,00:08:41.719000,Zer so next activation record is,zer next activation record,3,Transitions
00:08:41.719000,00:08:45.310000,Zer so next activation record is for s o 0 so here we have number is,zer next activation record 0 number,3,Transitions
00:08:45.310000,00:08:45.320000,for s o 0 so here we have number is,0 number,3,Transitions
00:08:45.320000,00:08:48.110000,for s o 0 so here we have number is equal to Z now see the condition base,0 number equal z see condition base,1,Step-by-Step Instruction
00:08:48.110000,00:08:48.120000,equal to Z now see the condition base,equal z see condition base,1,Step-by-Step Instruction
00:08:48.120000,00:08:49.670000,equal to Z now see the condition base case condition number equal equal to Z,equal z see condition base case condition number equal equal z,1,Step-by-Step Instruction
00:08:49.670000,00:08:49.680000,case condition number equal equal to Z,case condition number equal equal z,1,Step-by-Step Instruction
00:08:49.680000,00:08:53.030000,case condition number equal equal to Z yes stop return zero so this from here,case condition number equal equal z yes stop return zero,1,Step-by-Step Instruction
00:08:53.030000,00:08:53.040000,yes stop return zero so this from here,yes stop return zero,4,Recap
00:08:53.040000,00:08:54.870000,yes stop return zero so this from here from here it will return this function,yes stop return zero return function,4,Recap
00:08:54.870000,00:08:54.880000,from here it will return this function,return function,4,Recap
00:08:54.880000,00:08:56.949000,from here it will return this function will return zero from where it will,return function return zero,4,Recap
00:08:56.949000,00:08:56.959000,will return zero from where it will,return zero,4,Recap
00:08:56.959000,00:08:58.870000,will return zero from where it will return here we are calling this so here,return zero return calling,4,Recap
00:08:58.870000,00:08:58.880000,return here we are calling this so here,return calling,4,Recap
00:08:58.880000,00:09:00.310000,return here we are calling this so here it will return,return calling return,4,Recap
00:09:00.310000,00:09:00.320000,it will return,return,4,Recap
00:09:00.320000,00:09:06.069000,it will return zero it will return zero and after,return zero return zero,4,Recap
00:09:09.470000,00:09:09.480000,returning sorry after,returning sorry,3,Transitions
00:09:09.480000,00:09:11.790000,returning sorry after returning just this activation record,returning sorry returning activation record,3,Transitions
00:09:11.790000,00:09:11.800000,returning just this activation record,returning activation record,3,Transitions
00:09:11.800000,00:09:12.990000,returning just this activation record would be,returning activation record would,3,Transitions
00:09:12.990000,00:09:13,would be,would,3,Transitions
00:09:13,00:09:15.710000,would be cleaned right would be popped out I mean,would cleaned right would popped mean,2,Context Setting
00:09:15.710000,00:09:15.720000,cleaned right would be popped out I mean,cleaned right would popped mean,2,Context Setting
00:09:15.720000,00:09:18.910000,cleaned right would be popped out I mean poed up from the step now 4 + 0 where,cleaned right would popped mean poed step 4 0,2,Context Setting
00:09:18.910000,00:09:18.920000,poed up from the step now 4 + 0 where,poed step 4 0,3,Transitions
00:09:18.920000,00:09:20.630000,poed up from the step now 4 + 0 where this would be return this function we,poed step 4 0 would return function,4,Recap
00:09:20.630000,00:09:20.640000,this would be return this function we,would return function,4,Recap
00:09:20.640000,00:09:22.509000,this would be return this function we are calling this function,would return function calling function,4,Recap
00:09:22.509000,00:09:22.519000,are calling this function,calling function,0,Introduction
00:09:22.519000,00:09:26.269000,are calling this function from where from here so 4 + 0 is 4 so it,calling function 4 0 4,0,Introduction
00:09:26.269000,00:09:26.279000,from where from here so 4 + 0 is 4 so it,4 0 4,3,Transitions
00:09:26.279000,00:09:29.990000,from where from here so 4 + 0 is 4 so it will return 4 here,4 0 4 return 4,4,Recap
00:09:29.990000,00:09:30,will return 4 here,return 4,4,Recap
00:09:30,00:09:32.389000,will return 4 here it will turn four here right and after,return 4 turn four right,4,Recap
00:09:32.389000,00:09:32.399000,it will turn four here right and after,turn four right,1,Step-by-Step Instruction
00:09:32.399000,00:09:34.310000,it will turn four here right and after that obviously this would be popped out,turn four right obviously would popped,1,Step-by-Step Instruction
00:09:34.310000,00:09:34.320000,that obviously this would be popped out,obviously would popped,3,Transitions
00:09:34.320000,00:09:37.550000,that obviously this would be popped out I mean this is out from the stack now s,obviously would popped mean stack,3,Transitions
00:09:37.550000,00:09:37.560000,I mean this is out from the stack now s,mean stack,3,Transitions
00:09:37.560000,00:09:40.350000,I mean this is out from the stack now s o this this is four this is four the,mean stack four four,1,Step-by-Step Instruction
00:09:40.350000,00:09:40.360000,o this this is four this is four the,four four,1,Step-by-Step Instruction
00:09:40.360000,00:09:42.550000,o this this is four this is four the value of this is now 4 + 3 is 7 where it,four four value 4 3 7,1,Step-by-Step Instruction
00:09:42.550000,00:09:42.560000,value of this is now 4 + 3 is 7 where it,value 4 3 7,3,Transitions
00:09:42.560000,00:09:44.069000,value of this is now 4 + 3 is 7 where it will return here because here I'm,value 4 3 7 return im,4,Recap
00:09:44.069000,00:09:44.079000,will return here because here I'm,return im,4,Recap
00:09:44.079000,00:09:47.509000,will return here because here I'm calling this 43 so it is seven and after,return im calling 43 seven,4,Recap
00:09:47.509000,00:09:47.519000,calling this 43 so it is seven and after,calling 43 seven,6,Conclusion
00:09:47.519000,00:09:48.949000,calling this 43 so it is seven and after this it will be popped out mean this is,calling 43 seven popped mean,6,Conclusion
00:09:48.949000,00:09:48.959000,this it will be popped out mean this is,popped mean,3,Transitions
00:09:48.959000,00:09:51.550000,this it will be popped out mean this is out of the St 7 + 2 is 9 so it,popped mean st 7 2 9,3,Transitions
00:09:51.550000,00:09:51.560000,out of the St 7 + 2 is 9 so it,st 7 2 9,3,Transitions
00:09:51.560000,00:09:53.949000,out of the St 7 + 2 is 9 so it will return this thing here so here it,st 7 2 9 return thing,4,Recap
00:09:53.949000,00:09:53.959000,will return this thing here so here it,return thing,4,Recap
00:09:53.959000,00:09:55.350000,will return this thing here so here it is nine and this will be popped out,return thing nine popped,4,Recap
00:09:55.350000,00:09:55.360000,is nine and this will be popped out,nine popped,3,Transitions
00:09:55.360000,00:09:57.670000,is nine and this will be popped out means out of the step now nine we simply,nine popped means step nine simply,3,Transitions
00:09:57.670000,00:09:57.680000,means out of the step now nine we simply,means step nine simply,3,Transitions
00:09:57.680000,00:09:59.870000,means out of the step now nine we simply print C out some of that and it will n,means step nine simply print c n,3,Transitions
00:09:59.870000,00:09:59.880000,print C out some of that and it will n,print c n,3,Transitions
00:09:59.880000,00:10:02.590000,print C out some of that and it will n and this main is also out of SL now our,print c n main also sl,3,Transitions
00:10:02.590000,00:10:02.600000,and this main is also out of SL now our,main also sl,3,Transitions
00:10:02.600000,00:10:05.230000,and this main is also out of SL now our stack is empty there is nothing in our,main also sl stack empty nothing,3,Transitions
00:10:05.230000,00:10:05.240000,stack is empty there is nothing in our,stack empty nothing,3,Transitions
00:10:05.240000,00:10:08.550000,stack is empty there is nothing in our stack right so all the memory all the,stack empty nothing stack right memory,2,Context Setting
00:10:08.550000,00:10:08.560000,stack right so all the memory all the,stack right memory,2,Context Setting
00:10:08.560000,00:10:10.550000,stack right so all the memory all the memory for local variables are free now,stack right memory memory local variables free,2,Context Setting
00:10:10.550000,00:10:10.560000,memory for local variables are free now,memory local variables free,3,Transitions
00:10:10.560000,00:10:12.430000,memory for local variables are free now and the value is the output is nine I,memory local variables free value output nine,3,Transitions
00:10:12.430000,00:10:12.440000,and the value is the output is nine I,value output nine,3,Transitions
00:10:12.440000,00:10:13.630000,and the value is the output is nine I hope you got this how you are getting,value output nine hope got getting,2,Context Setting
00:10:13.630000,00:10:13.640000,hope you got this how you are getting,hope got getting,2,Context Setting
00:10:13.640000,00:10:16.389000,hope you got this how you are getting this nine right so now one if you got,hope got getting nine right one got,2,Context Setting
00:10:16.389000,00:10:16.399000,this nine right so now one if you got,nine right one got,2,Context Setting
00:10:16.399000,00:10:18.190000,this nine right so now one if you got this now one question for you is one,nine right one got one question one,1,Step-by-Step Instruction
00:10:18.190000,00:10:18.200000,this now one question for you is one,one question one,1,Step-by-Step Instruction
00:10:18.200000,00:10:19.310000,this now one question for you is one assignment for you is you have to write,one question one assignment write,1,Step-by-Step Instruction
00:10:19.310000,00:10:19.320000,assignment for you is you have to write,assignment write,3,Transitions
00:10:19.320000,00:10:23.110000,assignment for you is you have to write down a program to find out sum of N,assignment write program find sum n,3,Transitions
00:10:23.110000,00:10:23.120000,down a program to find out sum of N,program find sum n,3,Transitions
00:10:23.120000,00:10:27.150000,down a program to find out sum of N natural number so if the input input is,program find sum n natural number input input,2,Context Setting
00:10:27.150000,00:10:27.160000,natural number so if the input input is,natural number input input,2,Context Setting
00:10:27.160000,00:10:29.790000,natural number so if the input input is how many natural number right so we'll,natural number input input many natural number right well,2,Context Setting
00:10:29.790000,00:10:29.800000,how many natural number right so we'll,many natural number right well,2,Context Setting
00:10:29.800000,00:10:33.110000,how many natural number right so we'll ask from the user suppose I I enter 10,many natural number right well ask user suppose enter 10,2,Context Setting
00:10:33.110000,00:10:33.120000,ask from the user suppose I I enter 10,ask user suppose enter 10,3,Transitions
00:10:33.120000,00:10:35.470000,ask from the user suppose I I enter 10 so you have to find out some till 1+ 2+,ask user suppose enter 10 find till 1 2,3,Transitions
00:10:35.470000,00:10:35.480000,so you have to find out some till 1+ 2+,find till 1 2,3,Transitions
00:10:35.480000,00:10:37.110000,so you have to find out some till 1+ 2+ 3 till,find till 1 2 3 till,3,Transitions
00:10:37.110000,00:10:37.120000,3 till,3 till,3,Transitions
00:10:37.120000,00:10:40.590000,3 till 10 if I ask some for 15 natural numberb,3 till 10 ask 15 natural numberb,3,Transitions
00:10:40.590000,00:10:40.600000,10 if I ask some for 15 natural numberb,10 ask 15 natural numberb,3,Transitions
00:10:40.600000,00:10:43.990000,10 if I ask some for 15 natural numberb so 1+ 2+ 3 up to up to up to 15 this you,10 ask 15 natural numberb 1 2 3 15,3,Transitions
00:10:43.990000,00:10:44,so 1+ 2+ 3 up to up to up to 15 this you,1 2 3 15,3,Transitions
00:10:44,00:10:45.870000,so 1+ 2+ 3 up to up to up to 15 this you need to give using,1 2 3 15 need give using,3,Transitions
00:10:45.870000,00:10:45.880000,need to give using,need give using,3,Transitions
00:10:45.880000,00:10:47.389000,need to give using recurs,need give using recurs,3,Transitions
00:10:47.389000,00:10:47.399000,recurs,recurs,3,Transitions
00:10:47.399000,00:10:50.910000,recurs right you got it now now that's it for,recurs right got thats,2,Context Setting
00:10:50.910000,00:10:50.920000,right you got it now now that's it for,right got thats,2,Context Setting
00:10:50.920000,00:10:52.030000,right you got it now now that's it for this video in the next video we'll see,right got thats video next video well see,2,Context Setting
00:10:52.030000,00:10:52.040000,this video in the next video we'll see,video next video well see,3,Transitions
00:10:52.040000,00:10:53.910000,this video in the next video we'll see one more coding exercise on recursion so,video next video well see one coding exercise recursion,1,Step-by-Step Instruction
00:10:53.910000,00:10:53.920000,one more coding exercise on recursion so,one coding exercise recursion,1,Step-by-Step Instruction
00:10:53.920000,00:10:55.590000,one more coding exercise on recursion so now I'll see in the next by bye take,one coding exercise recursion ill see next bye take,1,Step-by-Step Instruction
00:10:55.590000,00:10:55.600000,now I'll see in the next by bye take,ill see next bye take,3,Transitions
00:10:55.600000,00:10:58.600000,now I'll see in the next by bye take care,ill see next bye take care,3,Transitions
