Start Time,End Time,Text,Cleaned Text,Cluster,Workflow Step
00:00:02.230000,00:00:02.240000,hey everyone I hope you are safe and,hey everyone hope safe,1,Step-by-Step Instruction
00:00:02.240000,00:00:03.629000,hey everyone I hope you are safe and doing good so in the series of learning,hey everyone hope safe good series learning,1,Step-by-Step Instruction
00:00:03.629000,00:00:03.639000,doing good so in the series of learning,good series learning,1,Step-by-Step Instruction
00:00:03.639000,00:00:05.269000,doing good so in the series of learning C++ programming language in the previous,good series learning c programming language previous,1,Step-by-Step Instruction
00:00:05.269000,00:00:05.279000,C++ programming language in the previous,c programming language previous,1,Step-by-Step Instruction
00:00:05.279000,00:00:07.349000,C++ programming language in the previous video we have seen one coding exercise,c programming language previous video seen one coding exercise,4,Recap
00:00:07.349000,00:00:07.359000,video we have seen one coding exercise,video seen one coding exercise,4,Recap
00:00:07.359000,00:00:09.910000,video we have seen one coding exercise on recursion right so this is same one,video seen one coding exercise recursion right one,4,Recap
00:00:09.910000,00:00:09.920000,on recursion right so this is same one,recursion right one,4,Recap
00:00:09.920000,00:00:11.470000,on recursion right so this is same one more exercise we'll discuss on Rion in,recursion right one exercise well discuss rion,4,Recap
00:00:11.470000,00:00:11.480000,more exercise we'll discuss on Rion in,exercise well discuss rion,4,Recap
00:00:11.480000,00:00:12.749000,more exercise we'll discuss on Rion in this video but before that let me ask,exercise well discuss rion video let ask,4,Recap
00:00:12.749000,00:00:12.759000,this video but before that let me ask,video let ask,4,Recap
00:00:12.759000,00:00:14.709000,this video but before that let me ask you one question I'll give you two,video let ask one question ill give two,4,Recap
00:00:14.709000,00:00:14.719000,you one question I'll give you two,one question ill give two,4,Recap
00:00:14.719000,00:00:17.310000,you one question I'll give you two option suppose one option is today I'm,one question ill give two option suppose one option today im,4,Recap
00:00:17.310000,00:00:17.320000,option suppose one option is today I'm,option suppose one option today im,4,Recap
00:00:17.320000,00:00:19.870000,option suppose one option is today I'm going to give you 10 CR rupees second,option suppose one option today im going give 10 cr rupees second,4,Recap
00:00:19.870000,00:00:19.880000,going to give you 10 CR rupees second,going give 10 cr rupees second,1,Step-by-Step Instruction
00:00:19.880000,00:00:21.710000,going to give you 10 CR rupees second option is today I'll give you one rupee,going give 10 cr rupees second option today ill give one rupee,4,Recap
00:00:21.710000,00:00:21.720000,option is today I'll give you one rupee,option today ill give one rupee,4,Recap
00:00:21.720000,00:00:23.830000,option is today I'll give you one rupee only but that one R rupee would be,option today ill give one rupee one r rupee would,4,Recap
00:00:23.830000,00:00:23.840000,only but that one R rupee would be,one r rupee would,5,Practical Application
00:00:23.840000,00:00:25.029000,only but that one R rupee would be doubled every,one r rupee would doubled every,5,Practical Application
00:00:25.029000,00:00:25.039000,doubled every,doubled every,1,Step-by-Step Instruction
00:00:25.039000,00:00:27.550000,doubled every day whenever you wake up it would be,doubled every day whenever wake would,5,Practical Application
00:00:27.550000,00:00:27.560000,day whenever you wake up it would be,day whenever wake would,5,Practical Application
00:00:27.560000,00:00:30.589000,day whenever you wake up it would be doubled so which option you will choose,day whenever wake would doubled option choose,5,Practical Application
00:00:30.589000,00:00:30.599000,doubled so which option you will choose,doubled option choose,1,Step-by-Step Instruction
00:00:30.599000,00:00:32.870000,doubled so which option you will choose let me know in comment section So based,doubled option choose let know comment section based,1,Step-by-Step Instruction
00:00:32.870000,00:00:32.880000,let me know in comment section So based,let know comment section based,1,Step-by-Step Instruction
00:00:32.880000,00:00:34.869000,let me know in comment section So based on this I mean see let's see one coding,let know comment section based mean see lets see one coding,4,Recap
00:00:34.869000,00:00:34.879000,on this I mean see let's see one coding,mean see lets see one coding,4,Recap
00:00:34.879000,00:00:37.470000,on this I mean see let's see one coding exercise the exercise is you have to,mean see lets see one coding exercise exercise,4,Recap
00:00:37.470000,00:00:37.480000,exercise the exercise is you have to,exercise exercise,4,Recap
00:00:37.480000,00:00:39.470000,exercise the exercise is you have to calculate the total amount of money that,exercise exercise calculate total amount money,1,Step-by-Step Instruction
00:00:39.470000,00:00:39.480000,calculate the total amount of money that,calculate total amount money,1,Step-by-Step Instruction
00:00:39.480000,00:00:43.670000,calculate the total amount of money that would be accumulated if you start with 1,calculate total amount money would accumulated start 1,1,Step-by-Step Instruction
00:00:43.670000,00:00:43.680000,would be accumulated if you start with 1,would accumulated start 1,1,Step-by-Step Instruction
00:00:43.680000,00:00:47.229000,would be accumulated if you start with 1 rupe and double it every day for n,would accumulated start 1 rupe double every day n,5,Practical Application
00:00:47.229000,00:00:47.239000,rupe and double it every day for n,rupe double every day n,5,Practical Application
00:00:47.239000,00:00:49.630000,rupe and double it every day for n number of days this n number of days,rupe double every day n number days n number days,2,Context Setting
00:00:49.630000,00:00:49.640000,number of days this n number of days,number days n number days,2,Context Setting
00:00:49.640000,00:00:51.510000,number of days this n number of days user will enter how many number of days,number days n number days user enter many number days,2,Context Setting
00:00:51.510000,00:00:51.520000,user will enter how many number of days,user enter many number days,2,Context Setting
00:00:51.520000,00:00:52.990000,user will enter how many number of days at first day you have one rupe and that,user enter many number days first day one rupe,2,Context Setting
00:00:52.990000,00:00:53,at first day you have one rupe and that,first day one rupe,5,Practical Application
00:00:53,00:00:54.990000,at first day you have one rupe and that would be doubled for n number of days so,first day one rupe would doubled n number days,5,Practical Application
00:00:54.990000,00:00:55,would be doubled for n number of days so,would doubled n number days,2,Context Setting
00:00:55,00:00:56.670000,would be doubled for n number of days so after n number of days how much money,would doubled n number days n number days much money,2,Context Setting
00:00:56.670000,00:00:56.680000,after n number of days how much money,n number days much money,2,Context Setting
00:00:56.680000,00:00:57.509000,after n number of days how much money you will,n number days much money,2,Context Setting
00:00:57.509000,00:00:57.519000,you will,,1,Step-by-Step Instruction
00:00:57.519000,00:01:00.189000,you will have this is the thing you need to you,thing need,1,Step-by-Step Instruction
00:01:00.189000,00:01:00.199000,have this is the thing you need to you,thing need,1,Step-by-Step Instruction
00:01:00.199000,00:01:01.709000,have this is the thing you need to you know calculate with recursion using,thing need know calculate recursion using,1,Step-by-Step Instruction
00:01:01.709000,00:01:01.719000,know calculate with recursion using,know calculate recursion using,1,Step-by-Step Instruction
00:01:01.719000,00:01:02.990000,know calculate with recursion using recursion you have to solve this,know calculate recursion using recursion solve,1,Step-by-Step Instruction
00:01:02.990000,00:01:03,recursion you have to solve this,recursion solve,1,Step-by-Step Instruction
00:01:03,00:01:07.910000,recursion you have to solve this exercise right like at day one I have 1,recursion solve exercise right like day one 1,5,Practical Application
00:01:07.910000,00:01:07.920000,exercise right like at day one I have 1,exercise right like day one 1,5,Practical Application
00:01:07.920000,00:01:12.109000,exercise right like at day one I have 1 rupee right then day,exercise right like day one 1 rupee right day,5,Practical Application
00:01:12.109000,00:01:12.119000,rupee right then day,rupee right day,5,Practical Application
00:01:12.119000,00:01:15.390000,rupee right then day one then at day two it would be two then,rupee right day one day two would two,5,Practical Application
00:01:15.390000,00:01:15.400000,one then at day two it would be two then,one day two would two,5,Practical Application
00:01:15.400000,00:01:17.469000,one then at day two it would be two then at day three it would be doubled that is,one day two would two day three would doubled,5,Practical Application
00:01:17.469000,00:01:17.479000,at day three it would be doubled that is,day three would doubled,5,Practical Application
00:01:17.479000,00:01:21.270000,at day three it would be doubled that is four at day four we have number of,day three would doubled four day four number,5,Practical Application
00:01:21.270000,00:01:21.280000,four at day four we have number of,four day four number,5,Practical Application
00:01:21.280000,00:01:23.270000,four at day four we have number of rupees I mean the amount is eight then,four day four number rupees mean amount eight,1,Step-by-Step Instruction
00:01:23.270000,00:01:23.280000,rupees I mean the amount is eight then,rupees mean amount eight,1,Step-by-Step Instruction
00:01:23.280000,00:01:26.429000,rupees I mean the amount is eight then fifth amount is 16 something like this,rupees mean amount eight fifth amount 16 something like,1,Step-by-Step Instruction
00:01:26.429000,00:01:26.439000,fifth amount is 16 something like this,fifth amount 16 something like,1,Step-by-Step Instruction
00:01:26.439000,00:01:29.390000,fifth amount is 16 something like this and if number of days are suppose 10 so,fifth amount 16 something like number days suppose 10,2,Context Setting
00:01:29.390000,00:01:29.400000,and if number of days are suppose 10 so,number days suppose 10,2,Context Setting
00:01:29.400000,00:01:31.390000,and if number of days are suppose 10 so after 10 10 days how much money you will,number days suppose 10 10 10 days much money,2,Context Setting
00:01:31.390000,00:01:31.400000,after 10 10 days how much money you will,10 10 days much money,2,Context Setting
00:01:31.400000,00:01:32.830000,after 10 10 days how much money you will have or after 30 days how much money you,10 10 days much money 30 days much money,2,Context Setting
00:01:32.830000,00:01:32.840000,have or after 30 days how much money you,30 days much money,2,Context Setting
00:01:32.840000,00:01:35.830000,have or after 30 days how much money you will have this you need to calculate,30 days much money need calculate,2,Context Setting
00:01:35.830000,00:01:35.840000,will have this you need to calculate,need calculate,1,Step-by-Step Instruction
00:01:35.840000,00:01:37.190000,will have this you need to calculate right using recursion so pause this,need calculate right using recursion pause,3,Transitions
00:01:37.190000,00:01:37.200000,right using recursion so pause this,right using recursion pause,3,Transitions
00:01:37.200000,00:01:38.510000,right using recursion so pause this video if you got the problem and try,right using recursion pause video got problem try,3,Transitions
00:01:38.510000,00:01:38.520000,video if you got the problem and try,video got problem try,3,Transitions
00:01:38.520000,00:01:40.990000,video if you got the problem and try this out and if you didn't get this let,video got problem try didnt get let,3,Transitions
00:01:40.990000,00:01:41,this out and if you didn't get this let,didnt get let,1,Step-by-Step Instruction
00:01:41,00:01:43.950000,this out and if you didn't get this let me just give you one simple hint those,didnt get let give one simple hint,4,Recap
00:01:43.950000,00:01:43.960000,me just give you one simple hint those,give one simple hint,4,Recap
00:01:43.960000,00:01:47.830000,me just give you one simple hint those who didn't get it so suppose after 10,give one simple hint didnt get suppose 10,4,Recap
00:01:47.830000,00:01:47.840000,who didn't get it so suppose after 10,didnt get suppose 10,1,Step-by-Step Instruction
00:01:47.840000,00:01:50.230000,who didn't get it so suppose after 10 days after 10,didnt get suppose 10 days 10,2,Context Setting
00:01:50.230000,00:01:50.240000,days after 10,days 10,2,Context Setting
00:01:50.240000,00:01:54.550000,days after 10 days you want to find out so if you have,days 10 days want find,2,Context Setting
00:01:54.550000,00:01:54.560000,days you want to find out so if you have,days want find,2,Context Setting
00:01:54.560000,00:01:55.870000,days you want to find out so if you have the,days want find,2,Context Setting
00:01:55.870000,00:01:55.880000,the,,1,Step-by-Step Instruction
00:01:55.880000,00:01:57.590000,the money which,money,6,Conclusion
00:01:57.590000,00:01:57.600000,money which,money,6,Conclusion
00:01:57.600000,00:02:00.830000,money which is on day nine,money day nine,6,Conclusion
00:02:00.830000,00:02:00.840000,is on day nine,day nine,5,Practical Application
00:02:00.840000,00:02:02.950000,is on day nine if you have that money you can,day nine money,6,Conclusion
00:02:02.950000,00:02:02.960000,if you have that money you can,money,6,Conclusion
00:02:02.960000,00:02:06.950000,if you have that money you can simply multiply this by two right to,money simply multiply two right,5,Practical Application
00:02:06.950000,00:02:06.960000,simply multiply this by two right to,simply multiply two right,5,Practical Application
00:02:06.960000,00:02:09.350000,simply multiply this by two right to find out what money you will have at day,simply multiply two right find money day,5,Practical Application
00:02:09.350000,00:02:09.360000,find out what money you will have at day,find money day,6,Conclusion
00:02:09.360000,00:02:12.190000,find out what money you will have at day nine if you have if you know the,find money day nine know,6,Conclusion
00:02:12.190000,00:02:12.200000,nine if you have if you know the,nine know,1,Step-by-Step Instruction
00:02:12.200000,00:02:14.550000,nine if you have if you know the money that you will have on Eighth Day,nine know money eighth day,6,Conclusion
00:02:14.550000,00:02:14.560000,money that you will have on Eighth Day,money eighth day,6,Conclusion
00:02:14.560000,00:02:16.630000,money that you will have on Eighth Day after Eighth Day if you have that thing,money eighth day eighth day thing,5,Practical Application
00:02:16.630000,00:02:16.640000,after Eighth Day if you have that thing,eighth day thing,5,Practical Application
00:02:16.640000,00:02:18.509000,after Eighth Day if you have that thing you can simply double it and you will,eighth day thing simply double,5,Practical Application
00:02:18.509000,00:02:18.519000,you can simply double it and you will,simply double,1,Step-by-Step Instruction
00:02:18.519000,00:02:21.910000,you can simply double it and you will get whatever the money at Day N right so,simply double get whatever money day n right,6,Conclusion
00:02:21.910000,00:02:21.920000,get whatever the money at Day N right so,get whatever money day n right,6,Conclusion
00:02:21.920000,00:02:25.309000,get whatever the money at Day N right so try to think something like this so see,get whatever money day n right try think something like see,3,Transitions
00:02:25.309000,00:02:25.319000,try to think something like this so see,try think something like see,3,Transitions
00:02:25.319000,00:02:28.030000,try to think something like this so see this is obviously what reent here is one,try think something like see obviously reent one,3,Transitions
00:02:28.030000,00:02:28.040000,this is obviously what reent here is one,obviously reent one,4,Recap
00:02:28.040000,00:02:30.150000,this is obviously what reent here is one function again same function function,obviously reent one function function function,6,Conclusion
00:02:30.150000,00:02:30.160000,function again same function function,function function function,6,Conclusion
00:02:30.160000,00:02:32.630000,function again same function function I'm calling and into two see the,function function function im calling two see,0,Introduction
00:02:32.630000,00:02:32.640000,I'm calling and into two see the,im calling two see,0,Introduction
00:02:32.640000,00:02:35.070000,I'm calling and into two see the function Day N the same function I'm,im calling two see function day n function im,0,Introduction
00:02:35.070000,00:02:35.080000,function Day N the same function I'm,function day n function im,6,Conclusion
00:02:35.080000,00:02:37.470000,function Day N the same function I'm calling and into two so this is kind,function day n function im calling two kind,0,Introduction
00:02:37.470000,00:02:37.480000,calling and into two so this is kind,calling two kind,0,Introduction
00:02:37.480000,00:02:42.750000,calling and into two so this is kind ofion right and when to stop at day,calling two kind ofion right stop day,0,Introduction
00:02:42.750000,00:02:42.760000,ofion right and when to stop at day,ofion right stop day,5,Practical Application
00:02:42.760000,00:02:45.509000,ofion right and when to stop at day one at day one because I have only money,ofion right stop day one day one money,5,Practical Application
00:02:45.509000,00:02:45.519000,one at day one because I have only money,one day one money,5,Practical Application
00:02:45.519000,00:02:46.990000,one at day one because I have only money is what one,one day one money one,5,Practical Application
00:02:46.990000,00:02:47,is what one,one,4,Recap
00:02:47,00:02:49.790000,is what one rupee so if,one rupee,4,Recap
00:02:49.790000,00:02:49.800000,rupee so if,rupee,1,Step-by-Step Instruction
00:02:49.800000,00:02:52.910000,rupee so if if n is equal to is equal to 1 I mean n,rupee n equal equal 1 mean n,1,Step-by-Step Instruction
00:02:52.910000,00:02:52.920000,if n is equal to is equal to 1 I mean n,n equal equal 1 mean n,1,Step-by-Step Instruction
00:02:52.920000,00:02:54.710000,if n is equal to is equal to 1 I mean n is here indicate number of days so,n equal equal 1 mean n indicate number days,2,Context Setting
00:02:54.710000,00:02:54.720000,is here indicate number of days so,indicate number days,2,Context Setting
00:02:54.720000,00:02:56.390000,is here indicate number of days so number of days is one so n is equal toal,indicate number days number days one n equal toal,2,Context Setting
00:02:56.390000,00:02:56.400000,number of days is one so n is equal toal,number days one n equal toal,2,Context Setting
00:02:56.400000,00:02:58.270000,number of days is one so n is equal toal to one simply,number days one n equal toal one simply,2,Context Setting
00:02:58.270000,00:02:58.280000,to one simply,one simply,4,Recap
00:02:58.280000,00:03:01.070000,to one simply return one this is the base condition,one simply return one base condition,4,Recap
00:03:01.070000,00:03:01.080000,return one this is the base condition,return one base condition,4,Recap
00:03:01.080000,00:03:02.750000,return one this is the base condition otherwise this this is the base case,return one base condition otherwise base case,4,Recap
00:03:02.750000,00:03:02.760000,otherwise this this is the base case,otherwise base case,1,Step-by-Step Instruction
00:03:02.760000,00:03:05.550000,otherwise this this is the base case this is the recursive case try this out,otherwise base case recursive case try,3,Transitions
00:03:05.550000,00:03:05.560000,this is the recursive case try this out,recursive case try,3,Transitions
00:03:05.560000,00:03:07.589000,this is the recursive case try this out now pause the video and try this out so,recursive case try pause video try,3,Transitions
00:03:07.589000,00:03:07.599000,now pause the video and try this out so,pause video try,3,Transitions
00:03:07.599000,00:03:11.550000,now pause the video and try this out so I hope you have done this right int Main,pause video try hope done right int main,3,Transitions
00:03:11.550000,00:03:11.560000,I hope you have done this right int Main,hope done right int main,3,Transitions
00:03:11.560000,00:03:16.390000,I hope you have done this right int Main and U I'm just calling like,hope done right int main u im calling like,0,Introduction
00:03:16.390000,00:03:16.400000,and U I'm just calling like,u im calling like,0,Introduction
00:03:16.400000,00:03:18.670000,and U I'm just calling like or so let's take a variable in total,u im calling like lets take variable total,0,Introduction
00:03:18.670000,00:03:18.680000,or so let's take a variable in total,lets take variable total,1,Step-by-Step Instruction
00:03:18.680000,00:03:20.470000,or so let's take a variable in total money and we are calling a function,lets take variable total money calling function,6,Conclusion
00:03:20.470000,00:03:20.480000,money and we are calling a function,money calling function,6,Conclusion
00:03:20.480000,00:03:22.630000,money and we are calling a function suppose we have a function name let's,money calling function suppose function name lets,6,Conclusion
00:03:22.630000,00:03:22.640000,suppose we have a function name let's,suppose function name lets,6,Conclusion
00:03:22.640000,00:03:25.309000,suppose we have a function name let's take money double or double money,suppose function name lets take money double double money,6,Conclusion
00:03:25.309000,00:03:25.319000,take money double or double money,take money double double money,6,Conclusion
00:03:25.319000,00:03:26.350000,take money double or double money something like this any function name,take money double double money something like function name,6,Conclusion
00:03:26.350000,00:03:26.360000,something like this any function name,something like function name,6,Conclusion
00:03:26.360000,00:03:27.630000,something like this any function name you can take and here we are passing,something like function name take passing,6,Conclusion
00:03:27.630000,00:03:27.640000,you can take and here we are passing,take passing,1,Step-by-Step Instruction
00:03:27.640000,00:03:29.990000,you can take and here we are passing what number of days obviously we pass,take passing number days obviously pass,2,Context Setting
00:03:29.990000,00:03:30,what number of days obviously we pass,number days obviously pass,2,Context Setting
00:03:30,00:03:32.750000,what number of days obviously we pass number of days because the money because,number days obviously pass number days money,2,Context Setting
00:03:32.750000,00:03:32.760000,number of days because the money because,number days money,2,Context Setting
00:03:32.760000,00:03:34.910000,number of days because the money because here is at starting we have only one,number days money starting one,2,Context Setting
00:03:34.910000,00:03:34.920000,here is at starting we have only one,starting one,4,Recap
00:03:34.920000,00:03:36.710000,here is at starting we have only one rupe that is why no need to pass the,starting one rupe need pass,4,Recap
00:03:36.710000,00:03:36.720000,rupe that is why no need to pass the,rupe need pass,1,Step-by-Step Instruction
00:03:36.720000,00:03:39.470000,rupe that is why no need to pass the money if suppose I say at uh day one you,rupe need pass money suppose say uh day one,5,Practical Application
00:03:39.470000,00:03:39.480000,money if suppose I say at uh day one you,money suppose say uh day one,5,Practical Application
00:03:39.480000,00:03:41.789000,money if suppose I say at uh day one you have 10 Rupees and for 15 days you have,money suppose say uh day one 10 rupees 15 days,2,Context Setting
00:03:41.789000,00:03:41.799000,have 10 Rupees and for 15 days you have,10 rupees 15 days,2,Context Setting
00:03:41.799000,00:03:43.350000,have 10 Rupees and for 15 days you have to double like 10 Rupees at day two it,10 rupees 15 days double like 10 rupees day two,5,Practical Application
00:03:43.350000,00:03:43.360000,to double like 10 Rupees at day two it,double like 10 rupees day two,5,Practical Application
00:03:43.360000,00:03:45.309000,to double like 10 Rupees at day two it will become 20 right in that case you,double like 10 rupees day two become 20 right case,5,Practical Application
00:03:45.309000,00:03:45.319000,will become 20 right in that case you,become 20 right case,3,Transitions
00:03:45.319000,00:03:47.270000,will become 20 right in that case you have to pass in this function the money,become 20 right case pass function money,6,Conclusion
00:03:47.270000,00:03:47.280000,have to pass in this function the money,pass function money,6,Conclusion
00:03:47.280000,00:03:50.309000,have to pass in this function the money you have at one day I mean first day but,pass function money one day mean first day,5,Practical Application
00:03:50.309000,00:03:50.319000,you have at one day I mean first day but,one day mean first day,5,Practical Application
00:03:50.319000,00:03:52.030000,you have at one day I mean first day but here we have only one rupee so no need,one day mean first day one rupee need,5,Practical Application
00:03:52.030000,00:03:52.040000,here we have only one rupee so no need,one rupee need,4,Recap
00:03:52.040000,00:03:53.990000,here we have only one rupee so no need to pass that thing so money double here,one rupee need pass thing money double,6,Conclusion
00:03:53.990000,00:03:54,to pass that thing so money double here,pass thing money double,6,Conclusion
00:03:54,00:03:56.789000,to pass that thing so money double here simply we are passing int n int N means,pass thing money double simply passing int n int n means,1,Step-by-Step Instruction
00:03:56.789000,00:03:56.799000,simply we are passing int n int N means,simply passing int n int n means,1,Step-by-Step Instruction
00:03:56.799000,00:04:00.110000,simply we are passing int n int N means number of days right so let's please uh,simply passing int n int n means number days right lets please uh,1,Step-by-Step Instruction
00:04:00.110000,00:04:00.120000,number of days right so let's please uh,number days right lets please uh,2,Context Setting
00:04:00.120000,00:04:01.550000,number of days right so let's please uh you know ask from the user to enter,number days right lets please uh know ask user enter,2,Context Setting
00:04:01.550000,00:04:01.560000,you know ask from the user to enter,know ask user enter,1,Step-by-Step Instruction
00:04:01.560000,00:04:10.350000,you know ask from the user to enter number of,know ask user enter number,1,Step-by-Step Instruction
00:04:12.589000,00:04:12.599000,days number of days and simply pass,days number days simply pass,2,Context Setting
00:04:12.599000,00:04:16.629000,days number of days and simply pass number of days here in money double in,days number days simply pass number days money double,2,Context Setting
00:04:19.229000,00:04:19.239000,this return zero and whatever it will,return zero whatever,1,Step-by-Step Instruction
00:04:19.239000,00:04:22.150000,this return zero and whatever it will return obviously we will store that in a,return zero whatever return obviously store,1,Step-by-Step Instruction
00:04:22.150000,00:04:22.160000,return obviously we will store that in a,return obviously store,1,Step-by-Step Instruction
00:04:22.160000,00:04:24.670000,return obviously we will store that in a variable total money and we will simply,return obviously store variable total money simply,1,Step-by-Step Instruction
00:04:24.670000,00:04:24.680000,variable total money and we will simply,variable total money simply,6,Conclusion
00:04:24.680000,00:04:29.870000,variable total money and we will simply print that total money and the name is,variable total money simply print total money name,6,Conclusion
00:04:29.870000,00:04:29.880000,print that total money and the name is,print total money name,6,Conclusion
00:04:29.880000,00:04:31.909000,print that total money and the name is money,print total money name money,6,Conclusion
00:04:31.909000,00:04:31.919000,money,money,6,Conclusion
00:04:31.919000,00:04:34.710000,money double and we will simply print whatever,money double simply print whatever,6,Conclusion
00:04:34.710000,00:04:34.720000,double and we will simply print whatever,double simply print whatever,6,Conclusion
00:04:34.720000,00:04:38.510000,double and we will simply print whatever the total money,double simply print whatever total money,6,Conclusion
00:04:40.909000,00:04:40.919000,is that's it but obviously you have to,thats obviously,1,Step-by-Step Instruction
00:04:40.919000,00:04:45.150000,is that's it but obviously you have to Define that function first,thats obviously define function first,1,Step-by-Step Instruction
00:04:49.230000,00:04:49.240000,right so what you are going to return in,right going return,3,Transitions
00:04:49.240000,00:04:50.469000,right so what you are going to return in this,right going return,3,Transitions
00:04:50.469000,00:04:50.479000,this,,1,Step-by-Step Instruction
00:04:50.479000,00:04:55.670000,this function return just two into whatever,function return two whatever,6,Conclusion
00:04:55.670000,00:04:55.680000,function return just two into whatever,function return two whatever,6,Conclusion
00:04:55.680000,00:04:58.110000,function return just two into whatever the money you will have on the previous,function return two whatever money previous,6,Conclusion
00:04:58.110000,00:04:58.120000,the money you will have on the previous,money previous,6,Conclusion
00:04:58.120000,00:05:01.350000,the money you will have on the previous day so number of days are X so on X - 1,money previous day number days x x 1,2,Context Setting
00:05:01.350000,00:05:01.360000,day so number of days are X so on X - 1,day number days x x 1,2,Context Setting
00:05:01.360000,00:05:03.909000,day so number of days are X so on X - 1 day so let's call this function money,day number days x x 1 day lets call function money,6,Conclusion
00:05:03.909000,00:05:03.919000,day so let's call this function money,day lets call function money,6,Conclusion
00:05:03.919000,00:05:08.230000,day so let's call this function money double for X - 1 that's,day lets call function money double x 1 thats,6,Conclusion
00:05:08.230000,00:05:08.240000,double for X - 1 that's,double x 1 thats,1,Step-by-Step Instruction
00:05:08.240000,00:05:10.629000,double for X - 1 that's it I hope you got this but obviously,double x 1 thats hope got obviously,1,Step-by-Step Instruction
00:05:10.629000,00:05:10.639000,it I hope you got this but obviously,hope got obviously,1,Step-by-Step Instruction
00:05:10.639000,00:05:14.950000,it I hope you got this but obviously base case that is crucial if this uh xal,hope got obviously base case crucial uh xal,1,Step-by-Step Instruction
00:05:14.950000,00:05:14.960000,base case that is crucial if this uh xal,base case crucial uh xal,1,Step-by-Step Instruction
00:05:14.960000,00:05:17.430000,base case that is crucial if this uh xal to equal to,base case crucial uh xal equal,1,Step-by-Step Instruction
00:05:17.430000,00:05:17.440000,to equal to,equal,1,Step-by-Step Instruction
00:05:17.440000,00:05:21.510000,to equal to one simply return one because one I mean,equal one simply return one one mean,4,Recap
00:05:21.510000,00:05:21.520000,one simply return one because one I mean,one simply return one one mean,4,Recap
00:05:21.520000,00:05:24.150000,one simply return one because one I mean Day first we have only one rupe right so,one simply return one one mean day first one rupe right,5,Practical Application
00:05:24.150000,00:05:24.160000,Day first we have only one rupe right so,day first one rupe right,5,Practical Application
00:05:24.160000,00:05:27.990000,Day first we have only one rupe right so it on one,day first one rupe right one,5,Practical Application
00:05:30.710000,00:05:30.720000,only okay there is an error you have to,okay error,1,Step-by-Step Instruction
00:05:30.720000,00:05:32.189000,only okay there is an error you have to First,okay error first,1,Step-by-Step Instruction
00:05:32.189000,00:05:32.199000,First,first,1,Step-by-Step Instruction
00:05:32.199000,00:05:35.590000,First Take This variable as well now int n,first take variable well int n,1,Step-by-Step Instruction
00:05:35.590000,00:05:35.600000,Take This variable as well now int n,take variable well int n,1,Step-by-Step Instruction
00:05:35.600000,00:05:39.990000,Take This variable as well now int n before using it okay here see theor,take variable well int n using okay see theor,1,Step-by-Step Instruction
00:05:39.990000,00:05:40,before using it okay here see theor,using okay see theor,3,Transitions
00:05:40,00:05:42.150000,before using it okay here see theor what's silly mistake I'm doing now while,using okay see theor whats silly mistake im,3,Transitions
00:05:42.150000,00:05:42.160000,what's silly mistake I'm doing now while,whats silly mistake im,1,Step-by-Step Instruction
00:05:42.160000,00:05:44.469000,what's silly mistake I'm doing now while calling obviously you will not write,whats silly mistake im calling obviously write,0,Introduction
00:05:44.469000,00:05:44.479000,calling obviously you will not write,calling obviously write,0,Introduction
00:05:44.479000,00:05:47.469000,calling obviously you will not write down that data type of uh the argument,calling obviously write data type uh argument,0,Introduction
00:05:47.469000,00:05:47.479000,down that data type of uh the argument,data type uh argument,1,Step-by-Step Instruction
00:05:47.479000,00:05:48.790000,down that data type of uh the argument you're are passing simply the argument,data type uh argument youre passing simply argument,1,Step-by-Step Instruction
00:05:48.790000,00:05:48.800000,you're are passing simply the argument,youre passing simply argument,1,Step-by-Step Instruction
00:05:48.800000,00:05:50.430000,you're are passing simply the argument will pass,youre passing simply argument pass,1,Step-by-Step Instruction
00:05:50.430000,00:05:50.440000,will pass,pass,1,Step-by-Step Instruction
00:05:50.440000,00:05:55.790000,will pass right so silly mistakes let's run this,pass right silly mistakes lets run,3,Transitions
00:05:55.790000,00:05:55.800000,right so silly mistakes let's run this,right silly mistakes lets run,3,Transitions
00:05:55.800000,00:05:57.950000,right so silly mistakes let's run this and see enter number of days suppose I'm,right silly mistakes lets run see enter number days suppose im,2,Context Setting
00:05:57.950000,00:05:57.960000,and see enter number of days suppose I'm,see enter number days suppose im,2,Context Setting
00:05:57.960000,00:06:00.270000,and see enter number of days suppose I'm entering number of days five,see enter number days suppose im entering number days five,2,Context Setting
00:06:00.270000,00:06:00.280000,entering number of days five,entering number days five,2,Context Setting
00:06:00.280000,00:06:03.070000,entering number of days five so after five uh after fifth day I'll,entering number days five five uh fifth day ill,2,Context Setting
00:06:03.070000,00:06:03.080000,so after five uh after fifth day I'll,five uh fifth day ill,1,Step-by-Step Instruction
00:06:03.080000,00:06:06.629000,so after five uh after fifth day I'll have 16 rupees and that's correct if I,five uh fifth day ill 16 rupees thats correct,1,Step-by-Step Instruction
00:06:06.629000,00:06:06.639000,have 16 rupees and that's correct if I,16 rupees thats correct,1,Step-by-Step Instruction
00:06:06.639000,00:06:10.350000,have 16 rupees and that's correct if I run this again suppose if I run this now,16 rupees thats correct run suppose run,1,Step-by-Step Instruction
00:06:10.350000,00:06:10.360000,run this again suppose if I run this now,run suppose run,3,Transitions
00:06:10.360000,00:06:14.350000,run this again suppose if I run this now see you see here after 15 days you will,run suppose run see see 15 days,3,Transitions
00:06:14.350000,00:06:14.360000,see you see here after 15 days you will,see see 15 days,2,Context Setting
00:06:14.360000,00:06:15.950000,see you see here after 15 days you will have this much,see see 15 days much,2,Context Setting
00:06:15.950000,00:06:15.960000,have this much,much,1,Step-by-Step Instruction
00:06:15.960000,00:06:19.230000,have this much money after 30 days see after 15 days,much money 30 days see 15 days,2,Context Setting
00:06:19.230000,00:06:19.240000,money after 30 days see after 15 days,money 30 days see 15 days,2,Context Setting
00:06:19.240000,00:06:22.070000,"money after 30 days see after 15 days you have only 16,000 rupees only let's",money 30 days see 15 days 16000 rupees lets,2,Context Setting
00:06:22.070000,00:06:22.080000,"you have only 16,000 rupees only let's",16000 rupees lets,1,Step-by-Step Instruction
00:06:22.080000,00:06:25.270000,"you have only 16,000 rupees only let's see after 30 days what you think how",16000 rupees lets see 30 days think,2,Context Setting
00:06:25.270000,00:06:25.280000,see after 30 days what you think how,see 30 days think,2,Context Setting
00:06:25.280000,00:06:28.070000,see after 30 days what you think how much money you will have see this is,see 30 days think much money see,2,Context Setting
00:06:28.070000,00:06:28.080000,much money you will have see this is,much money see,2,Context Setting
00:06:28.080000,00:06:32.749000,much money you will have see this is around 5 cor I guess no it's actually 53,much money see around 5 cor guess actually 53,1,Step-by-Step Instruction
00:06:32.749000,00:06:32.759000,around 5 cor I guess no it's actually 53,around 5 cor guess actually 53,1,Step-by-Step Instruction
00:06:32.759000,00:06:34.629000,around 5 cor I guess no it's actually 53 CR now which option you will choose,around 5 cor guess actually 53 cr option choose,1,Step-by-Step Instruction
00:06:34.629000,00:06:34.639000,CR now which option you will choose,cr option choose,1,Step-by-Step Instruction
00:06:34.639000,00:06:37.110000,CR now which option you will choose first or second so I this is you know,cr option choose first second know,1,Step-by-Step Instruction
00:06:37.110000,00:06:37.120000,first or second so I this is you know,first second know,1,Step-by-Step Instruction
00:06:37.120000,00:06:38.990000,first or second so I this is you know power of,first second know power,1,Step-by-Step Instruction
00:06:38.990000,00:06:39,power of,power,1,Step-by-Step Instruction
00:06:39,00:06:40.870000,power of compounding those who are in stock,power compounding stock,1,Step-by-Step Instruction
00:06:40.870000,00:06:40.880000,compounding those who are in stock,compounding stock,1,Step-by-Step Instruction
00:06:40.880000,00:06:43.469000,compounding those who are in stock market I mean uh those who knows this,compounding stock market mean uh knows,1,Step-by-Step Instruction
00:06:43.469000,00:06:43.479000,market I mean uh those who knows this,market mean uh knows,1,Step-by-Step Instruction
00:06:43.479000,00:06:45.110000,market I mean uh those who knows this what is compounding and,market mean uh knows compounding,1,Step-by-Step Instruction
00:06:45.110000,00:06:45.120000,what is compounding and,compounding,1,Step-by-Step Instruction
00:06:45.120000,00:06:48.589000,what is compounding and all so I I hope you got this logic right,compounding hope got logic right,3,Transitions
00:06:48.589000,00:06:48.599000,all so I I hope you got this logic right,hope got logic right,3,Transitions
00:06:48.599000,00:06:51.110000,all so I I hope you got this logic right you can dry run this just write down,hope got logic right dry run write,3,Transitions
00:06:51.110000,00:06:51.120000,you can dry run this just write down,dry run write,3,Transitions
00:06:51.120000,00:06:52.550000,you can dry run this just write down this on a piece of paper and dry run,dry run write piece paper dry run,3,Transitions
00:06:52.550000,00:06:52.560000,this on a piece of paper and dry run,piece paper dry run,3,Transitions
00:06:52.560000,00:06:55.869000,this on a piece of paper and dry run this program right see try to dry don't,piece paper dry run program right see try dry dont,3,Transitions
00:06:55.869000,00:06:55.879000,this program right see try to dry don't,program right see try dry dont,3,Transitions
00:06:55.879000,00:06:57.869000,this program right see try to dry don't just underestimate the power of dry in,program right see try dry dont underestimate power dry,3,Transitions
00:06:57.869000,00:06:57.879000,just underestimate the power of dry in,underestimate power dry,3,Transitions
00:06:57.879000,00:06:59.670000,just underestimate the power of dry in the program if you are beginner in the,underestimate power dry program beginner,3,Transitions
00:06:59.670000,00:06:59.680000,the program if you are beginner in the,program beginner,3,Transitions
00:06:59.680000,00:07:02.550000,the program if you are beginner in the this case because this would really help,program beginner case would really help,3,Transitions
00:07:02.550000,00:07:02.560000,this case because this would really help,case would really help,1,Step-by-Step Instruction
00:07:02.560000,00:07:05.430000,this case because this would really help you to you know build the logic to help,case would really help know build logic help,1,Step-by-Step Instruction
00:07:05.430000,00:07:05.440000,you to you know build the logic to help,know build logic help,1,Step-by-Step Instruction
00:07:05.440000,00:07:06.909000,you to you know build the logic to help you understand what is actually,know build logic help understand actually,1,Step-by-Step Instruction
00:07:06.909000,00:07:06.919000,you understand what is actually,understand actually,1,Step-by-Step Instruction
00:07:06.919000,00:07:09.390000,you understand what is actually happening how this program is working,understand actually happening program working,3,Transitions
00:07:09.390000,00:07:09.400000,happening how this program is working,happening program working,3,Transitions
00:07:09.400000,00:07:11.029000,happening how this program is working not just you get the output and that's,happening program working get output thats,3,Transitions
00:07:11.029000,00:07:11.039000,not just you get the output and that's,get output thats,1,Step-by-Step Instruction
00:07:11.039000,00:07:14.230000,not just you get the output and that's it no dry in every program if you are a,get output thats dry every program,3,Transitions
00:07:14.230000,00:07:14.240000,it no dry in every program if you are a,dry every program,3,Transitions
00:07:14.240000,00:07:17.110000,it no dry in every program if you are a beginner especially right so I guess,dry every program beginner especially right guess,3,Transitions
00:07:17.110000,00:07:17.120000,beginner especially right so I guess,beginner especially right guess,3,Transitions
00:07:17.120000,00:07:19.309000,beginner especially right so I guess that's it for this video if you have any,beginner especially right guess thats video,3,Transitions
00:07:19.309000,00:07:19.319000,that's it for this video if you have any,thats video,4,Recap
00:07:19.319000,00:07:20.990000,that's it for this video if you have any more doubt you can ask me in comment,thats video doubt ask comment,4,Recap
00:07:20.990000,00:07:21,more doubt you can ask me in comment,doubt ask comment,1,Step-by-Step Instruction
00:07:21,00:07:22.830000,more doubt you can ask me in comment section or if you want to upload more,doubt ask comment section want upload,1,Step-by-Step Instruction
00:07:22.830000,00:07:22.840000,section or if you want to upload more,section want upload,1,Step-by-Step Instruction
00:07:22.840000,00:07:24.430000,section or if you want to upload more such kind of videos like on recurs and,section want upload kind videos like recurs,0,Introduction
00:07:24.430000,00:07:24.440000,such kind of videos like on recurs and,kind videos like recurs,0,Introduction
00:07:24.440000,00:07:26.510000,such kind of videos like on recurs and more coding exercises you can just let,kind videos like recurs coding exercises let,0,Introduction
00:07:26.510000,00:07:26.520000,more coding exercises you can just let,coding exercises let,1,Step-by-Step Instruction
00:07:26.520000,00:07:28.230000,more coding exercises you can just let me know in comment section otherwise,coding exercises let know comment section otherwise,1,Step-by-Step Instruction
00:07:28.230000,00:07:28.240000,me know in comment section otherwise,know comment section otherwise,1,Step-by-Step Instruction
00:07:28.240000,00:07:29.230000,me know in comment section otherwise from the next video we are going to,know comment section otherwise next video going,4,Recap
00:07:29.230000,00:07:29.240000,from the next video we are going to,next video going,4,Recap
00:07:29.240000,00:07:31.230000,from the next video we are going to start pointers and reference and after,next video going start pointers reference,4,Recap
00:07:31.230000,00:07:31.240000,start pointers and reference and after,start pointers reference,1,Step-by-Step Instruction
00:07:31.240000,00:07:33.029000,start pointers and reference and after that we will be starting oops Concept in,start pointers reference starting oops concept,1,Step-by-Step Instruction
00:07:33.029000,00:07:33.039000,that we will be starting oops Concept in,starting oops concept,1,Step-by-Step Instruction
00:07:33.039000,00:07:36.070000,that we will be starting oops Concept in C++ right so that's it for this video,starting oops concept c right thats video,4,Recap
00:07:36.070000,00:07:36.080000,C++ right so that's it for this video,c right thats video,4,Recap
00:07:36.080000,00:07:37.629000,C++ right so that's it for this video now I'll see you in the next video bye,c right thats video ill see next video bye,4,Recap
00:07:37.629000,00:07:37.639000,now I'll see you in the next video bye,ill see next video bye,4,Recap
00:07:37.639000,00:07:40.879000,now I'll see you in the next video bye take care,ill see next video bye take care,4,Recap
