Start Time,End Time,Text,Cleaned Text,Cluster,Workflow Step
00:00:02.270000,00:00:02.280000,hey everyone I hope you are safe and,hey everyone hope safe,2,Context Setting
00:00:02.280000,00:00:04.230000,hey everyone I hope you are safe and doing good so in the series of learning,hey everyone hope safe good series learning,2,Context Setting
00:00:04.230000,00:00:04.240000,doing good so in the series of learning,good series learning,2,Context Setting
00:00:04.240000,00:00:06.230000,doing good so in the series of learning C++ programming language uh we have,good series learning c programming language uh,2,Context Setting
00:00:06.230000,00:00:06.240000,C++ programming language uh we have,c programming language uh,2,Context Setting
00:00:06.240000,00:00:08.589000,C++ programming language uh we have discussed functions in C++ right so from,c programming language uh discussed functions c right,0,Introduction
00:00:08.589000,00:00:08.599000,discussed functions in C++ right so from,discussed functions c right,0,Introduction
00:00:08.599000,00:00:10.470000,discussed functions in C++ right so from today only we are going to start oops,discussed functions c right today going start oops,0,Introduction
00:00:10.470000,00:00:10.480000,today only we are going to start oops,today going start oops,2,Context Setting
00:00:10.480000,00:00:13.150000,today only we are going to start oops Concept in C++ class as object,today going start oops concept c class object,4,Recap
00:00:13.150000,00:00:13.160000,Concept in C++ class as object,concept c class object,4,Recap
00:00:13.160000,00:00:14.990000,Concept in C++ class as object encapsulation abstraction polymorphism,concept c class object encapsulation abstraction polymorphism,4,Recap
00:00:14.990000,00:00:15,encapsulation abstraction polymorphism,encapsulation abstraction polymorphism,2,Context Setting
00:00:15,00:00:17.429000,encapsulation abstraction polymorphism inheritance and many more right now,encapsulation abstraction polymorphism inheritance many right,2,Context Setting
00:00:17.429000,00:00:17.439000,inheritance and many more right now,inheritance many right,2,Context Setting
00:00:17.439000,00:00:20.029000,inheritance and many more right now before you know uh discussing those,inheritance many right know uh discussing,2,Context Setting
00:00:20.029000,00:00:20.039000,before you know uh discussing those,know uh discussing,2,Context Setting
00:00:20.039000,00:00:22.750000,before you know uh discussing those Concepts in deep let me just help you to,know uh discussing concepts deep let help,2,Context Setting
00:00:22.750000,00:00:22.760000,Concepts in deep let me just help you to,concepts deep let help,2,Context Setting
00:00:22.760000,00:00:24.589000,Concepts in deep let me just help you to understand first what is object ored,concepts deep let help understand first object ored,2,Context Setting
00:00:24.589000,00:00:24.599000,understand first what is object ored,understand first object ored,2,Context Setting
00:00:24.599000,00:00:27.429000,understand first what is object ored programming what is oop and how this is,understand first object ored programming oop,2,Context Setting
00:00:27.429000,00:00:27.439000,programming what is oop and how this is,programming oop,2,Context Setting
00:00:27.439000,00:00:29.230000,programming what is oop and how this is different from the other approaches like,programming oop different approaches like,2,Context Setting
00:00:29.230000,00:00:29.240000,different from the other approaches like,different approaches like,2,Context Setting
00:00:29.240000,00:00:32.549000,different from the other approaches like Po procedure oriented programming right,different approaches like po procedure oriented programming right,2,Context Setting
00:00:32.549000,00:00:32.559000,Po procedure oriented programming right,po procedure oriented programming right,2,Context Setting
00:00:32.559000,00:00:34.630000,Po procedure oriented programming right so this thing we will see in this video,po procedure oriented programming right thing see video,2,Context Setting
00:00:34.630000,00:00:34.640000,so this thing we will see in this video,thing see video,2,Context Setting
00:00:34.640000,00:00:37.270000,so this thing we will see in this video what is poop what is op advantages and,thing see video poop op advantages,2,Context Setting
00:00:37.270000,00:00:37.280000,what is poop what is op advantages and,poop op advantages,2,Context Setting
00:00:37.280000,00:00:38.630000,what is poop what is op advantages and drawbacks of these two approaches,poop op advantages drawbacks two approaches,2,Context Setting
00:00:38.630000,00:00:38.640000,drawbacks of these two approaches,drawbacks two approaches,2,Context Setting
00:00:38.640000,00:00:40.229000,drawbacks of these two approaches although I have discussed these things,drawbacks two approaches although discussed things,2,Context Setting
00:00:40.229000,00:00:40.239000,although I have discussed these things,although discussed things,2,Context Setting
00:00:40.239000,00:00:42.750000,although I have discussed these things in a previous lecture also that also,although discussed things previous lecture also also,2,Context Setting
00:00:42.750000,00:00:42.760000,in a previous lecture also that also,previous lecture also also,2,Context Setting
00:00:42.760000,00:00:44.029000,in a previous lecture also that also I'll link in the side button you can,previous lecture also also ill link side button,2,Context Setting
00:00:44.029000,00:00:44.039000,I'll link in the side button you can,ill link side button,2,Context Setting
00:00:44.039000,00:00:46.670000,I'll link in the side button you can check out that video also right in this,ill link side button check video also right,2,Context Setting
00:00:46.670000,00:00:46.680000,check out that video also right in this,check video also right,2,Context Setting
00:00:46.680000,00:00:48.830000,check out that video also right in this video I'll just give you a brief about,check video also right video ill give brief,2,Context Setting
00:00:48.830000,00:00:48.840000,video I'll just give you a brief about,video ill give brief,2,Context Setting
00:00:48.840000,00:00:54.270000,video I'll just give you a brief about know what is O right so now till now we,video ill give brief know right till,2,Context Setting
00:00:54.270000,00:00:54.280000,know what is O right so now till now we,know right till,2,Context Setting
00:00:54.280000,00:00:55.510000,know what is O right so now till now we uh you know we have written so many,know right till uh know written many,2,Context Setting
00:00:55.510000,00:00:55.520000,uh you know we have written so many,uh know written many,2,Context Setting
00:00:55.520000,00:00:58.590000,uh you know we have written so many programs without functions as well as,uh know written many programs without functions well,0,Introduction
00:00:58.590000,00:00:58.600000,programs without functions as well as,programs without functions well,0,Introduction
00:00:58.600000,00:01:01.709000,programs without functions as well as with functions after you know introduced,programs without functions well functions know introduced,0,Introduction
00:01:01.709000,00:01:01.719000,with functions after you know introduced,functions know introduced,0,Introduction
00:01:01.719000,00:01:03.709000,with functions after you know introduced after you know uh knowing about those,functions know introduced know uh knowing,0,Introduction
00:01:03.709000,00:01:03.719000,after you know uh knowing about those,know uh knowing,2,Context Setting
00:01:03.719000,00:01:05.870000,after you know uh knowing about those functions we have uh written some,know uh knowing functions uh written,0,Introduction
00:01:05.870000,00:01:05.880000,functions we have uh written some,functions uh written,0,Introduction
00:01:05.880000,00:01:09.550000,functions we have uh written some programs using functions as well right,functions uh written programs using functions well right,0,Introduction
00:01:09.550000,00:01:09.560000,programs using functions as well right,programs using functions well right,0,Introduction
00:01:09.560000,00:01:12.190000,programs using functions as well right so till now I guess you know I can say,programs using functions well right till guess know say,0,Introduction
00:01:12.190000,00:01:12.200000,so till now I guess you know I can say,till guess know say,2,Context Setting
00:01:12.200000,00:01:13.990000,so till now I guess you know I can say that we were following that procedure,till guess know say following procedure,2,Context Setting
00:01:13.990000,00:01:14,that we were following that procedure,following procedure,2,Context Setting
00:01:14,00:01:15.590000,that we were following that procedure oriented programming,following procedure oriented programming,2,Context Setting
00:01:15.590000,00:01:15.600000,oriented programming,oriented programming,2,Context Setting
00:01:15.600000,00:01:17.469000,oriented programming approach right there are different,oriented programming approach right different,2,Context Setting
00:01:17.469000,00:01:17.479000,approach right there are different,approach right different,2,Context Setting
00:01:17.479000,00:01:18.830000,approach right there are different different paradigms to solve the,approach right different different paradigms solve,2,Context Setting
00:01:18.830000,00:01:18.840000,different paradigms to solve the,different paradigms solve,2,Context Setting
00:01:18.840000,00:01:20.429000,different paradigms to solve the problems,different paradigms solve problems,6,Conclusion
00:01:20.429000,00:01:20.439000,problems,problems,6,Conclusion
00:01:20.439000,00:01:23.670000,problems structure programming or poop or oop,problems structure programming poop oop,2,Context Setting
00:01:23.670000,00:01:23.680000,structure programming or poop or oop,structure programming poop oop,2,Context Setting
00:01:23.680000,00:01:25.710000,structure programming or poop or oop many things so main are Po and op so,structure programming poop oop many things main po op,2,Context Setting
00:01:25.710000,00:01:25.720000,many things so main are Po and op so,many things main po op,2,Context Setting
00:01:25.720000,00:01:28.190000,many things so main are Po and op so these two things we'll discuss right so,many things main po op two things well discuss right,2,Context Setting
00:01:28.190000,00:01:28.200000,these two things we'll discuss right so,two things well discuss right,2,Context Setting
00:01:28.200000,00:01:30.429000,these two things we'll discuss right so C is procedure oriented programming,two things well discuss right c procedure oriented programming,2,Context Setting
00:01:30.429000,00:01:30.439000,C is procedure oriented programming,c procedure oriented programming,2,Context Setting
00:01:30.439000,00:01:32.310000,C is procedure oriented programming language,c procedure oriented programming language,2,Context Setting
00:01:32.310000,00:01:32.320000,language,language,2,Context Setting
00:01:32.320000,00:01:34.990000,language po now first let's understand what is,language po first lets understand,2,Context Setting
00:01:34.990000,00:01:35,po now first let's understand what is,po first lets understand,2,Context Setting
00:01:35,00:01:38.350000,po now first let's understand what is this PO procedure oriented programming,po first lets understand po procedure oriented programming,2,Context Setting
00:01:38.350000,00:01:38.360000,this PO procedure oriented programming,po procedure oriented programming,2,Context Setting
00:01:38.360000,00:01:40.350000,this PO procedure oriented programming procedure,po procedure oriented programming procedure,2,Context Setting
00:01:40.350000,00:01:40.360000,procedure,procedure,2,Context Setting
00:01:40.360000,00:01:43.190000,procedure means in this basically you know we,procedure means basically know,2,Context Setting
00:01:43.190000,00:01:43.200000,means in this basically you know we,means basically know,2,Context Setting
00:01:43.200000,00:01:46.630000,means in this basically you know we focus on how to do the things how to do,means basically know focus things,2,Context Setting
00:01:46.630000,00:01:46.640000,focus on how to do the things how to do,focus things,2,Context Setting
00:01:46.640000,00:01:50.389000,focus on how to do the things how to do the things mainly focus on how procedure,focus things things mainly focus procedure,2,Context Setting
00:01:50.389000,00:01:50.399000,the things mainly focus on how procedure,things mainly focus procedure,2,Context Setting
00:01:50.399000,00:01:51.350000,the things mainly focus on how procedure means,things mainly focus procedure means,2,Context Setting
00:01:51.350000,00:01:51.360000,means,means,2,Context Setting
00:01:51.360000,00:01:54.550000,means how right so in this approach that,means right approach,2,Context Setting
00:01:54.550000,00:01:54.560000,how right so in this approach that,right approach,2,Context Setting
00:01:54.560000,00:01:57.350000,how right so in this approach that programs is basically we can say it's a,right approach programs basically say,2,Context Setting
00:01:57.350000,00:01:57.360000,programs is basically we can say it's a,programs basically say,2,Context Setting
00:01:57.360000,00:01:59.950000,programs is basically we can say it's a collections of functions we write so,programs basically say collections functions write,0,Introduction
00:01:59.950000,00:01:59.960000,collections of functions we write so,collections functions write,0,Introduction
00:01:59.960000,00:02:02.389000,collections of functions we write so many functions and functions we call one,collections functions write many functions functions call one,0,Introduction
00:02:02.389000,00:02:02.399000,many functions and functions we call one,many functions functions call one,0,Introduction
00:02:02.399000,00:02:04.149000,many functions and functions we call one function from another function and like,many functions functions call one function another function like,5,Practical Application
00:02:04.149000,00:02:04.159000,function from another function and like,function another function like,5,Practical Application
00:02:04.159000,00:02:06.149000,function from another function and like this these functions are interrelated,function another function like functions interrelated,5,Practical Application
00:02:06.149000,00:02:06.159000,this these functions are interrelated,functions interrelated,0,Introduction
00:02:06.159000,00:02:07.950000,this these functions are interrelated and interdependent with each other and,functions interrelated interdependent,0,Introduction
00:02:07.950000,00:02:07.960000,and interdependent with each other and,interdependent,2,Context Setting
00:02:07.960000,00:02:10.949000,and interdependent with each other and all right so this kind of approach of,interdependent right kind approach,2,Context Setting
00:02:10.949000,00:02:10.959000,all right so this kind of approach of,right kind approach,2,Context Setting
00:02:10.959000,00:02:12.830000,all right so this kind of approach of solving a problem or writing a program,right kind approach solving problem writing program,2,Context Setting
00:02:12.830000,00:02:12.840000,solving a problem or writing a program,solving problem writing program,2,Context Setting
00:02:12.840000,00:02:14.509000,solving a problem or writing a program is known as poop approach procedure,solving problem writing program known poop approach procedure,2,Context Setting
00:02:14.509000,00:02:14.519000,is known as poop approach procedure,known poop approach procedure,2,Context Setting
00:02:14.519000,00:02:16.750000,is known as poop approach procedure oriented programming in this we uh focus,known poop approach procedure oriented programming uh focus,2,Context Setting
00:02:16.750000,00:02:16.760000,oriented programming in this we uh focus,oriented programming uh focus,2,Context Setting
00:02:16.760000,00:02:19.190000,oriented programming in this we uh focus on how to do we focus on the actions or,oriented programming uh focus focus actions,2,Context Setting
00:02:19.190000,00:02:19.200000,on how to do we focus on the actions or,focus actions,2,Context Setting
00:02:19.200000,00:02:20.910000,on how to do we focus on the actions or we focus on the procedures or we can say,focus actions focus procedures say,2,Context Setting
00:02:20.910000,00:02:20.920000,we focus on the procedures or we can say,focus procedures say,2,Context Setting
00:02:20.920000,00:02:22.949000,we focus on the procedures or we can say we focus on the functions basically a,focus procedures say focus functions basically,0,Introduction
00:02:22.949000,00:02:22.959000,we focus on the functions basically a,focus functions basically,0,Introduction
00:02:22.959000,00:02:26.270000,we focus on the functions basically a program is having many functions right,focus functions basically program many functions right,0,Introduction
00:02:26.270000,00:02:26.280000,program is having many functions right,program many functions right,0,Introduction
00:02:26.280000,00:02:29.949000,program is having many functions right and we have some like now the data data,program many functions right like data data,1,Step-by-Step Instruction
00:02:29.949000,00:02:29.959000,and we have some like now the data data,like data data,1,Step-by-Step Instruction
00:02:29.959000,00:02:33.229000,and we have some like now the data data is declared separately we have some,like data data declared separately,1,Step-by-Step Instruction
00:02:33.229000,00:02:33.239000,is declared separately we have some,declared separately,2,Context Setting
00:02:33.239000,00:02:34.790000,is declared separately we have some global data as well as we have some,declared separately global data well,1,Step-by-Step Instruction
00:02:34.790000,00:02:34.800000,global data as well as we have some,global data well,1,Step-by-Step Instruction
00:02:34.800000,00:02:37.110000,global data as well as we have some local data which is local to function,global data well local data local function,1,Step-by-Step Instruction
00:02:37.110000,00:02:37.120000,local data which is local to function,local data local function,5,Practical Application
00:02:37.120000,00:02:40.550000,local data which is local to function right and how these functions are going,local data local function right functions going,5,Practical Application
00:02:40.550000,00:02:40.560000,right and how these functions are going,right functions going,0,Introduction
00:02:40.560000,00:02:45.350000,right and how these functions are going to uh you know uh call or to be called,right functions going uh know uh call called,0,Introduction
00:02:45.350000,00:02:45.360000,to uh you know uh call or to be called,uh know uh call called,2,Context Setting
00:02:45.360000,00:02:48.470000,to uh you know uh call or to be called by passing arguments or I mean the data,uh know uh call called passing arguments mean data,1,Step-by-Step Instruction
00:02:48.470000,00:02:48.480000,by passing arguments or I mean the data,passing arguments mean data,1,Step-by-Step Instruction
00:02:48.480000,00:02:52.350000,by passing arguments or I mean the data is to be passed uh using,passing arguments mean data passed uh using,1,Step-by-Step Instruction
00:02:52.350000,00:02:52.360000,is to be passed uh using,passed uh using,2,Context Setting
00:02:52.360000,00:02:55.830000,is to be passed uh using arguments sorry so if like if you,passed uh using arguments sorry like,2,Context Setting
00:02:55.830000,00:02:55.840000,arguments sorry so if like if you,arguments sorry like,2,Context Setting
00:02:55.840000,00:02:57.509000,arguments sorry so if like if you visualize this thing something like this,arguments sorry like visualize thing something like,2,Context Setting
00:02:57.509000,00:02:57.519000,visualize this thing something like this,visualize thing something like,2,Context Setting
00:02:57.519000,00:03:02.030000,visualize this thing something like this we have global data G is global data and,visualize thing something like global data g global data,1,Step-by-Step Instruction
00:03:02.030000,00:03:02.040000,we have global data G is global data and,global data g global data,1,Step-by-Step Instruction
00:03:02.040000,00:03:03.949000,we have global data G is global data and I having suppose three,global data g global data suppose three,1,Step-by-Step Instruction
00:03:03.949000,00:03:03.959000,I having suppose three,suppose three,2,Context Setting
00:03:03.959000,00:03:06.910000,I having suppose three functions this is function one and this,suppose three functions function one,5,Practical Application
00:03:06.910000,00:03:06.920000,functions this is function one and this,functions function one,5,Practical Application
00:03:06.920000,00:03:09.190000,functions this is function one and this function is having its own LD means,functions function one function ld means,5,Practical Application
00:03:09.190000,00:03:09.200000,function is having its own LD means,function ld means,5,Practical Application
00:03:09.200000,00:03:11.910000,function is having its own LD means local data so like this we are having,function ld means local data like,5,Practical Application
00:03:11.910000,00:03:11.920000,local data so like this we are having,local data like,1,Step-by-Step Instruction
00:03:11.920000,00:03:21.869000,local data so like this we are having three,local data like three,1,Step-by-Step Instruction
00:03:24.070000,00:03:24.080000,functions and every function is having,functions every function,5,Practical Application
00:03:24.080000,00:03:25.750000,functions and every function is having its local data and some global data is,functions every function local data global data,1,Step-by-Step Instruction
00:03:25.750000,00:03:25.760000,its local data and some global data is,local data global data,1,Step-by-Step Instruction
00:03:25.760000,00:03:27.670000,its local data and some global data is there in our program right so how data,local data global data program right data,1,Step-by-Step Instruction
00:03:27.670000,00:03:27.680000,there in our program right so how data,program right data,1,Step-by-Step Instruction
00:03:27.680000,00:03:30.350000,there in our program right so how data is to be passed here data is pass in,program right data passed data pass,1,Step-by-Step Instruction
00:03:30.350000,00:03:30.360000,is to be passed here data is pass in,passed data pass,1,Step-by-Step Instruction
00:03:30.360000,00:03:33.390000,is to be passed here data is pass in arguments right so it's like this is,passed data pass arguments right like,1,Step-by-Step Instruction
00:03:33.390000,00:03:33.400000,arguments right so it's like this is,arguments right like,2,Context Setting
00:03:33.400000,00:03:35.390000,arguments right so it's like this is global data and this is accessible by,arguments right like global data accessible,1,Step-by-Step Instruction
00:03:35.390000,00:03:35.400000,global data and this is accessible by,global data accessible,1,Step-by-Step Instruction
00:03:35.400000,00:03:37.229000,global data and this is accessible by all the functions so here we can say,global data accessible functions say,1,Step-by-Step Instruction
00:03:37.229000,00:03:37.239000,all the functions so here we can say,functions say,0,Introduction
00:03:37.239000,00:03:40.350000,all the functions so here we can say that in this approach there is less data,functions say approach less data,0,Introduction
00:03:40.350000,00:03:40.360000,that in this approach there is less data,approach less data,1,Step-by-Step Instruction
00:03:40.360000,00:03:44.550000,that in this approach there is less data security why I'm saying this because if,approach less data security im saying,1,Step-by-Step Instruction
00:03:44.550000,00:03:44.560000,security why I'm saying this because if,security im saying,2,Context Setting
00:03:44.560000,00:03:46.830000,security why I'm saying this because if one function is accessing this data so,security im saying one function accessing data,5,Practical Application
00:03:46.830000,00:03:46.840000,one function is accessing this data so,one function accessing data,5,Practical Application
00:03:46.840000,00:03:49.110000,one function is accessing this data so this function can modify this data this,one function accessing data function modify data,5,Practical Application
00:03:49.110000,00:03:49.120000,this function can modify this data this,function modify data,5,Practical Application
00:03:49.120000,00:03:50.789000,this function can modify this data this function can also modify this data this,function modify data function also modify data,5,Practical Application
00:03:50.789000,00:03:50.799000,function can also modify this data this,function also modify data,5,Practical Application
00:03:50.799000,00:03:52.750000,function can also modify this data this function can also modify this data so,function also modify data function also modify data,5,Practical Application
00:03:52.750000,00:03:52.760000,function can also modify this data so,function also modify data,5,Practical Application
00:03:52.760000,00:03:55.830000,function can also modify this data so how this data is secure data is moving,function also modify data data secure data moving,1,Step-by-Step Instruction
00:03:55.830000,00:03:55.840000,how this data is secure data is moving,data secure data moving,1,Step-by-Step Instruction
00:03:55.840000,00:03:58.869000,how this data is secure data is moving freely in the program so there is less,data secure data moving freely program less,1,Step-by-Step Instruction
00:03:58.869000,00:03:58.879000,freely in the program so there is less,freely program less,2,Context Setting
00:03:58.879000,00:04:00.309000,freely in the program so there is less data security,freely program less data security,1,Step-by-Step Instruction
00:04:00.309000,00:04:00.319000,data security,data security,1,Step-by-Step Instruction
00:04:00.319000,00:04:03.190000,data security right that is why when we were solving,data security right solving,1,Step-by-Step Instruction
00:04:03.190000,00:04:03.200000,right that is why when we were solving,right solving,2,Context Setting
00:04:03.200000,00:04:06.630000,right that is why when we were solving you know when we working on in that in,right solving know working,2,Context Setting
00:04:06.630000,00:04:06.640000,you know when we working on in that in,know working,2,Context Setting
00:04:06.640000,00:04:09.030000,you know when we working on in that in you know on an organization level right,know working know organization level right,2,Context Setting
00:04:09.030000,00:04:09.040000,you know on an organization level right,know organization level right,2,Context Setting
00:04:09.040000,00:04:10.990000,you know on an organization level right on a large project or when we are,know organization level right large project,2,Context Setting
00:04:10.990000,00:04:11,on a large project or when we are,large project,2,Context Setting
00:04:11,00:04:12.789000,on a large project or when we are writing you know some designing some,large project writing know designing,2,Context Setting
00:04:12.789000,00:04:12.799000,writing you know some designing some,writing know designing,2,Context Setting
00:04:12.799000,00:04:15.390000,writing you know some designing some software then we follow op approach,writing know designing software follow op approach,2,Context Setting
00:04:15.390000,00:04:15.400000,software then we follow op approach,software follow op approach,2,Context Setting
00:04:15.400000,00:04:17.390000,software then we follow op approach rather than this approach for simple,software follow op approach rather approach simple,2,Context Setting
00:04:17.390000,00:04:17.400000,rather than this approach for simple,rather approach simple,2,Context Setting
00:04:17.400000,00:04:18.990000,rather than this approach for simple program it's okay but it's not like that,rather approach simple program okay like,2,Context Setting
00:04:18.990000,00:04:19,program it's okay but it's not like that,program okay like,2,Context Setting
00:04:19,00:04:20.189000,program it's okay but it's not like that we are just writing these simple,program okay like writing simple,2,Context Setting
00:04:20.189000,00:04:20.199000,we are just writing these simple,writing simple,2,Context Setting
00:04:20.199000,00:04:22.189000,we are just writing these simple programs addition of two numbers,writing simple programs addition two numbers,2,Context Setting
00:04:22.189000,00:04:22.199000,programs addition of two numbers,programs addition two numbers,2,Context Setting
00:04:22.199000,00:04:25.550000,programs addition of two numbers factorial F series and all no obviously,programs addition two numbers factorial f series obviously,2,Context Setting
00:04:25.550000,00:04:25.560000,factorial F series and all no obviously,factorial f series obviously,2,Context Setting
00:04:25.560000,00:04:28.230000,factorial F series and all no obviously the these programs are just to you know,factorial f series obviously programs know,2,Context Setting
00:04:28.230000,00:04:28.240000,the these programs are just to you know,programs know,2,Context Setting
00:04:28.240000,00:04:30.870000,the these programs are just to you know uh just to make you understand the,programs know uh make understand,6,Conclusion
00:04:30.870000,00:04:30.880000,uh just to make you understand the,uh make understand,6,Conclusion
00:04:30.880000,00:04:32.310000,uh just to make you understand the simple logic or the basics of,uh make understand simple logic basics,6,Conclusion
00:04:32.310000,00:04:32.320000,simple logic or the basics of,simple logic basics,2,Context Setting
00:04:32.320000,00:04:34.270000,simple logic or the basics of programming obviously after that you,simple logic basics programming obviously,2,Context Setting
00:04:34.270000,00:04:34.280000,programming obviously after that you,programming obviously,2,Context Setting
00:04:34.280000,00:04:36.070000,programming obviously after that you have to work on large projects you have,programming obviously work large projects,2,Context Setting
00:04:36.070000,00:04:36.080000,have to work on large projects you have,work large projects,2,Context Setting
00:04:36.080000,00:04:38.950000,have to work on large projects you have to solve real world problems you have to,work large projects solve real world problems,6,Conclusion
00:04:38.950000,00:04:38.960000,to solve real world problems you have to,solve real world problems,6,Conclusion
00:04:38.960000,00:04:42.830000,to solve real world problems you have to make softwares so there we will be using,solve real world problems make softwares using,6,Conclusion
00:04:42.830000,00:04:42.840000,make softwares so there we will be using,make softwares using,6,Conclusion
00:04:42.840000,00:04:45.469000,make softwares so there we will be using op approach right because in this less,make softwares using op approach right less,6,Conclusion
00:04:45.469000,00:04:45.479000,op approach right because in this less,op approach right less,2,Context Setting
00:04:45.479000,00:04:48.469000,op approach right because in this less data security is there and there are so,op approach right less data security,1,Step-by-Step Instruction
00:04:48.469000,00:04:48.479000,data security is there and there are so,data security,1,Step-by-Step Instruction
00:04:48.479000,00:04:50.790000,data security is there and there are so many functions and all the functions are,data security many functions functions,0,Introduction
00:04:50.790000,00:04:50.800000,many functions and all the functions are,many functions functions,0,Introduction
00:04:50.800000,00:04:54.510000,many functions and all the functions are like interrelated like,many functions functions like interrelated like,0,Introduction
00:04:57.070000,00:04:57.080000,this and all these functions are,functions,0,Introduction
00:04:57.080000,00:04:58.710000,this and all these functions are interrelated with each other this,functions interrelated,0,Introduction
00:04:58.710000,00:04:58.720000,interrelated with each other this,interrelated,2,Context Setting
00:04:58.720000,00:05:00.029000,interrelated with each other this function is calling this fun function,interrelated function calling fun function,5,Practical Application
00:05:00.029000,00:05:00.039000,function is calling this fun function,function calling fun function,5,Practical Application
00:05:00.039000,00:05:01.510000,function is calling this fun function this function is calling calling this,function calling fun function function calling calling,5,Practical Application
00:05:01.510000,00:05:01.520000,this function is calling calling this,function calling calling,5,Practical Application
00:05:01.520000,00:05:04.390000,this function is calling calling this function something like this right so,function calling calling function something like right,5,Practical Application
00:05:04.390000,00:05:04.400000,function something like this right so,function something like right,5,Practical Application
00:05:04.400000,00:05:06.790000,function something like this right so there is so many interdependency in,function something like right many interdependency,5,Practical Application
00:05:06.790000,00:05:06.800000,there is so many interdependency in,many interdependency,2,Context Setting
00:05:06.800000,00:05:09.469000,there is so many interdependency in these functions so if you want to change,many interdependency functions want change,0,Introduction
00:05:09.469000,00:05:09.479000,these functions so if you want to change,functions want change,0,Introduction
00:05:09.479000,00:05:12.310000,these functions so if you want to change in one function then you have maybe you,functions want change one function maybe,5,Practical Application
00:05:12.310000,00:05:12.320000,in one function then you have maybe you,one function maybe,5,Practical Application
00:05:12.320000,00:05:13.590000,in one function then you have maybe you will have to change in some other,one function maybe change,5,Practical Application
00:05:13.590000,00:05:13.600000,will have to change in some other,change,2,Context Setting
00:05:13.600000,00:05:15.469000,will have to change in some other functions also or it will definitely,change functions also definitely,0,Introduction
00:05:15.469000,00:05:15.479000,functions also or it will definitely,functions also definitely,0,Introduction
00:05:15.479000,00:05:17.670000,functions also or it will definitely affect the other functions as well or if,functions also definitely affect functions well,0,Introduction
00:05:17.670000,00:05:17.680000,affect the other functions as well or if,affect functions well,0,Introduction
00:05:17.680000,00:05:19.909000,affect the other functions as well or if you want to add some more function that,affect functions well want add function,5,Practical Application
00:05:19.909000,00:05:19.919000,you want to add some more function that,want add function,5,Practical Application
00:05:19.919000,00:05:23.670000,you want to add some more function that also will be difficult right so for,want add function also difficult right,5,Practical Application
00:05:23.670000,00:05:23.680000,also will be difficult right so for,also difficult right,2,Context Setting
00:05:23.680000,00:05:25.590000,also will be difficult right so for solving a large problem obviously this,also difficult right solving large problem obviously,2,Context Setting
00:05:25.590000,00:05:25.600000,solving a large problem obviously this,solving large problem obviously,2,Context Setting
00:05:25.600000,00:05:27.230000,solving a large problem obviously this is not a correct approach there are so,solving large problem obviously correct approach,2,Context Setting
00:05:27.230000,00:05:27.240000,is not a correct approach there are so,correct approach,2,Context Setting
00:05:27.240000,00:05:30.390000,is not a correct approach there are so many drawbacks in this PO approach right,correct approach many drawbacks po approach right,2,Context Setting
00:05:30.390000,00:05:30.400000,many drawbacks in this PO approach right,many drawbacks po approach right,2,Context Setting
00:05:30.400000,00:05:32.189000,many drawbacks in this PO approach right but one thing I can say like it's easy,many drawbacks po approach right one thing say like easy,4,Recap
00:05:32.189000,00:05:32.199000,but one thing I can say like it's easy,one thing say like easy,4,Recap
00:05:32.199000,00:05:35.070000,but one thing I can say like it's easy to learn definitely but here one more,one thing say like easy learn definitely one,4,Recap
00:05:35.070000,00:05:35.080000,to learn definitely but here one more,learn definitely one,4,Recap
00:05:35.080000,00:05:38.870000,to learn definitely but here one more problem is what when to pass the data in,learn definitely one problem pass data,4,Recap
00:05:38.870000,00:05:38.880000,problem is what when to pass the data in,problem pass data,1,Step-by-Step Instruction
00:05:38.880000,00:05:41.110000,problem is what when to pass the data in these functions then these functions,problem pass data functions functions,0,Introduction
00:05:41.110000,00:05:41.120000,these functions then these functions,functions functions,0,Introduction
00:05:41.120000,00:05:43.350000,these functions then these functions needs to know the structure of the data,functions functions needs know structure data,0,Introduction
00:05:43.350000,00:05:43.360000,needs to know the structure of the data,needs know structure data,1,Step-by-Step Instruction
00:05:43.360000,00:05:45.950000,needs to know the structure of the data what kind of data is to be passed here,needs know structure data kind data passed,1,Step-by-Step Instruction
00:05:45.950000,00:05:45.960000,what kind of data is to be passed here,kind data passed,1,Step-by-Step Instruction
00:05:45.960000,00:05:47.390000,what kind of data is to be passed here right and if you change in that,kind data passed right change,1,Step-by-Step Instruction
00:05:47.390000,00:05:47.400000,right and if you change in that,right change,2,Context Setting
00:05:47.400000,00:05:50.469000,right and if you change in that structure of the data then you need to,right change structure data need,1,Step-by-Step Instruction
00:05:50.469000,00:05:50.479000,structure of the data then you need to,structure data need,1,Step-by-Step Instruction
00:05:50.479000,00:05:53.350000,structure of the data then you need to change maybe in many functions,structure data need change maybe many functions,0,Introduction
00:05:53.350000,00:05:53.360000,change maybe in many functions,change maybe many functions,0,Introduction
00:05:53.360000,00:05:56.029000,change maybe in many functions also right so this is also one drawback,change maybe many functions also right also one drawback,4,Recap
00:05:56.029000,00:05:56.039000,also right so this is also one drawback,also right also one drawback,4,Recap
00:05:56.039000,00:05:58.790000,also right so this is also one drawback of this PO approach and because of this,also right also one drawback po approach,4,Recap
00:05:58.790000,00:05:58.800000,of this PO approach and because of this,po approach,2,Context Setting
00:05:58.800000,00:06:01.309000,of this PO approach and because of this interdependence see in these functions,po approach interdependence see functions,0,Introduction
00:06:01.309000,00:06:01.319000,interdependence see in these functions,interdependence see functions,0,Introduction
00:06:01.319000,00:06:03.270000,interdependence see in these functions it's difficult to understand the program,interdependence see functions difficult understand program,0,Introduction
00:06:03.270000,00:06:03.280000,it's difficult to understand the program,difficult understand program,2,Context Setting
00:06:03.280000,00:06:05.110000,it's difficult to understand the program difficult to maintain difficult to debug,difficult understand program difficult maintain difficult debug,2,Context Setting
00:06:05.110000,00:06:05.120000,difficult to maintain difficult to debug,difficult maintain difficult debug,2,Context Setting
00:06:05.120000,00:06:08.950000,difficult to maintain difficult to debug sometime right and for more scalable you,difficult maintain difficult debug sometime right scalable,2,Context Setting
00:06:08.950000,00:06:08.960000,sometime right and for more scalable you,sometime right scalable,2,Context Setting
00:06:08.960000,00:06:10.990000,sometime right and for more scalable you know projects we can't use this approach,sometime right scalable know projects cant use approach,2,Context Setting
00:06:10.990000,00:06:11,know projects we can't use this approach,know projects cant use approach,2,Context Setting
00:06:11,00:06:13.309000,know projects we can't use this approach because of these limitations so the next,know projects cant use approach limitations next,2,Context Setting
00:06:13.309000,00:06:13.319000,because of these limitations so the next,limitations next,2,Context Setting
00:06:13.319000,00:06:17.550000,because of these limitations so the next thing is we now comes to op approach,limitations next thing comes op approach,2,Context Setting
00:06:17.550000,00:06:17.560000,thing is we now comes to op approach,thing comes op approach,2,Context Setting
00:06:17.560000,00:06:20.110000,thing is we now comes to op approach object oriented programming approach now,thing comes op approach object oriented programming approach,2,Context Setting
00:06:20.110000,00:06:20.120000,object oriented programming approach now,object oriented programming approach,2,Context Setting
00:06:20.120000,00:06:23.029000,object oriented programming approach now what is this approach this approach,object oriented programming approach approach approach,2,Context Setting
00:06:23.029000,00:06:23.039000,what is this approach this approach,approach approach,2,Context Setting
00:06:23.039000,00:06:26.230000,what is this approach this approach basically focus on what to do not how to,approach approach basically focus,2,Context Setting
00:06:26.230000,00:06:26.240000,basically focus on what to do not how to,basically focus,2,Context Setting
00:06:26.240000,00:06:31.990000,basically focus on what to do not how to do what to do right now object oriented,basically focus right object oriented,2,Context Setting
00:06:31.990000,00:06:32,do what to do right now object oriented,right object oriented,2,Context Setting
00:06:32,00:06:35.749000,do what to do right now object oriented means the more you know focus is on,right object oriented means know focus,2,Context Setting
00:06:35.749000,00:06:35.759000,means the more you know focus is on,means know focus,2,Context Setting
00:06:35.759000,00:06:38.909000,means the more you know focus is on objects this programming approach is,means know focus objects programming approach,2,Context Setting
00:06:38.909000,00:06:38.919000,objects this programming approach is,objects programming approach,3,Transitions
00:06:38.919000,00:06:41.950000,objects this programming approach is revolved or oriented basically around,objects programming approach revolved oriented basically around,2,Context Setting
00:06:41.950000,00:06:41.960000,revolved or oriented basically around,revolved oriented basically around,2,Context Setting
00:06:41.960000,00:06:44.029000,revolved or oriented basically around object now what is this object in real,revolved oriented basically around object object real,6,Conclusion
00:06:44.029000,00:06:44.039000,object now what is this object in real,object object real,6,Conclusion
00:06:44.039000,00:06:46.469000,object now what is this object in real world if I say like this uh pen it's an,object object real world say like uh pen,6,Conclusion
00:06:46.469000,00:06:46.479000,world if I say like this uh pen it's an,world say like uh pen,6,Conclusion
00:06:46.479000,00:06:49.950000,world if I say like this uh pen it's an object my laptop my camera cycle or my,world say like uh pen object laptop camera cycle,6,Conclusion
00:06:49.950000,00:06:49.960000,object my laptop my camera cycle or my,object laptop camera cycle,2,Context Setting
00:06:49.960000,00:06:52.150000,object my laptop my camera cycle or my you know table chair these are like real,object laptop camera cycle know table chair like real,6,Conclusion
00:06:52.150000,00:06:52.160000,you know table chair these are like real,know table chair like real,6,Conclusion
00:06:52.160000,00:06:54.189000,you know table chair these are like real world objects or entities we can see so,know table chair like real world objects entities see,6,Conclusion
00:06:54.189000,00:06:54.199000,world objects or entities we can see so,world objects entities see,6,Conclusion
00:06:54.199000,00:06:55.950000,world objects or entities we can see so objects are nothing but real world,world objects entities see objects nothing real world,6,Conclusion
00:06:55.950000,00:06:55.960000,objects are nothing but real world,objects nothing real world,6,Conclusion
00:06:55.960000,00:07:00.309000,objects are nothing but real world entities right and these real entities,objects nothing real world entities right real entities,6,Conclusion
00:07:00.309000,00:07:00.319000,entities right and these real entities,entities right real entities,6,Conclusion
00:07:00.319000,00:07:02.430000,entities right and these real entities we can represent in programming with the,entities right real entities represent programming,6,Conclusion
00:07:02.430000,00:07:02.440000,we can represent in programming with the,represent programming,2,Context Setting
00:07:02.440000,00:07:07.150000,we can represent in programming with the help of this oop approach same we can,represent programming help oop approach,2,Context Setting
00:07:07.150000,00:07:07.160000,help of this oop approach same we can,help oop approach,2,Context Setting
00:07:07.160000,00:07:08.749000,help of this oop approach same we can model this real world entities in,help oop approach model real world entities,6,Conclusion
00:07:08.749000,00:07:08.759000,model this real world entities in,model real world entities,6,Conclusion
00:07:08.759000,00:07:11.869000,model this real world entities in programming as an object as well right,model real world entities programming object well right,6,Conclusion
00:07:11.869000,00:07:11.879000,programming as an object as well right,programming object well right,2,Context Setting
00:07:11.879000,00:07:14.670000,programming as an object as well right so we have concept of object classes and,programming object well right concept object classes,4,Recap
00:07:14.670000,00:07:14.680000,so we have concept of object classes and,concept object classes,4,Recap
00:07:14.680000,00:07:17.110000,so we have concept of object classes and many you know Ops concepts are there,concept object classes many know ops concepts,4,Recap
00:07:17.110000,00:07:17.120000,many you know Ops concepts are there,many know ops concepts,2,Context Setting
00:07:17.120000,00:07:20.189000,many you know Ops concepts are there right so basically this approach op,many know ops concepts right basically approach op,2,Context Setting
00:07:20.189000,00:07:20.199000,right so basically this approach op,right basically approach op,2,Context Setting
00:07:20.199000,00:07:22.110000,right so basically this approach op approach is to model real world,right basically approach op approach model real world,6,Conclusion
00:07:22.110000,00:07:22.120000,approach is to model real world,approach model real world,6,Conclusion
00:07:22.120000,00:07:24.469000,approach is to model real world scenarios in,approach model real world scenarios,6,Conclusion
00:07:24.469000,00:07:24.479000,scenarios in,scenarios,2,Context Setting
00:07:24.479000,00:07:27.029000,scenarios in programming but how this line is very,scenarios programming line,2,Context Setting
00:07:27.029000,00:07:27.039000,programming but how this line is very,programming line,2,Context Setting
00:07:27.039000,00:07:30.390000,programming but how this line is very important if you go to this line oops,programming line important go line oops,2,Context Setting
00:07:30.390000,00:07:30.400000,important if you go to this line oops,important go line oops,2,Context Setting
00:07:30.400000,00:07:34.029000,important if you go to this line oops concepts are sorted but after you know,important go line oops concepts sorted know,2,Context Setting
00:07:34.029000,00:07:34.039000,concepts are sorted but after you know,concepts sorted know,2,Context Setting
00:07:34.039000,00:07:36.990000,concepts are sorted but after you know uh discussing all these oops concept the,concepts sorted know uh discussing oops concept,4,Recap
00:07:36.990000,00:07:37,uh discussing all these oops concept the,uh discussing oops concept,4,Recap
00:07:37,00:07:38.749000,uh discussing all these oops concept the four pillars of oops writing so many,uh discussing oops concept four pillars oops writing many,4,Recap
00:07:38.749000,00:07:38.759000,four pillars of oops writing so many,four pillars oops writing many,2,Context Setting
00:07:38.759000,00:07:40.990000,four pillars of oops writing so many programs then you will get the meaning,four pillars oops writing many programs get meaning,2,Context Setting
00:07:40.990000,00:07:41,programs then you will get the meaning,programs get meaning,2,Context Setting
00:07:41,00:07:44.869000,programs then you will get the meaning of this line and what is that line op,programs get meaning line line op,2,Context Setting
00:07:44.869000,00:07:44.879000,of this line and what is that line op,line line op,2,Context Setting
00:07:44.879000,00:07:47.350000,of this line and what is that line op concept these are you know used to model,line line op concept know used model,2,Context Setting
00:07:47.350000,00:07:47.360000,concept these are you know used to model,concept know used model,4,Recap
00:07:47.360000,00:07:50.629000,concept these are you know used to model real world scenarios in programming,concept know used model real world scenarios programming,6,Conclusion
00:07:50.629000,00:07:50.639000,real world scenarios in programming,real world scenarios programming,6,Conclusion
00:07:50.639000,00:07:52.230000,real world scenarios in programming right so if you're not getting the,real world scenarios programming right youre getting,6,Conclusion
00:07:52.230000,00:07:52.240000,right so if you're not getting the,right youre getting,2,Context Setting
00:07:52.240000,00:07:55.270000,right so if you're not getting the meaning of this line right now it's okay,right youre getting meaning line right okay,2,Context Setting
00:07:55.270000,00:07:55.280000,meaning of this line right now it's okay,meaning line right okay,2,Context Setting
00:07:55.280000,00:07:57.270000,meaning of this line right now it's okay after you know writing so many programs,meaning line right okay know writing many programs,2,Context Setting
00:07:57.270000,00:07:57.280000,after you know writing so many programs,know writing many programs,2,Context Setting
00:07:57.280000,00:07:59.070000,after you know writing so many programs and discussing all the concepts of UOP,know writing many programs discussing concepts uop,2,Context Setting
00:07:59.070000,00:07:59.080000,and discussing all the concepts of UOP,discussing concepts uop,2,Context Setting
00:07:59.080000,00:08:02.510000,and discussing all the concepts of UOP you will get L right like what are real,discussing concepts uop get l right like real,6,Conclusion
00:08:02.510000,00:08:02.520000,you will get L right like what are real,get l right like real,6,Conclusion
00:08:02.520000,00:08:04.830000,you will get L right like what are real world problems like maybe you are,get l right like real world problems like maybe,6,Conclusion
00:08:04.830000,00:08:04.840000,world problems like maybe you are,world problems like maybe,6,Conclusion
00:08:04.840000,00:08:07.589000,world problems like maybe you are um uh developing any software regarding,world problems like maybe um uh developing software regarding,6,Conclusion
00:08:07.589000,00:08:07.599000,um uh developing any software regarding,um uh developing software regarding,2,Context Setting
00:08:07.599000,00:08:09.830000,um uh developing any software regarding like Library management system or,um uh developing software regarding like library management system,2,Context Setting
00:08:09.830000,00:08:09.840000,like Library management system or,like library management system,2,Context Setting
00:08:09.840000,00:08:12.149000,like Library management system or regarding student management system or,like library management system regarding student management system,2,Context Setting
00:08:12.149000,00:08:12.159000,regarding student management system or,regarding student management system,2,Context Setting
00:08:12.159000,00:08:13.710000,regarding student management system or Hospital management system or these kind,regarding student management system hospital management system kind,2,Context Setting
00:08:13.710000,00:08:13.720000,Hospital management system or these kind,hospital management system kind,2,Context Setting
00:08:13.720000,00:08:14.790000,Hospital management system or these kind of,hospital management system kind,2,Context Setting
00:08:14.790000,00:08:14.800000,of,,2,Context Setting
00:08:14.800000,00:08:18.270000,of softwares right like any uh e-commerce,softwares right like uh ecommerce,6,Conclusion
00:08:18.270000,00:08:18.280000,softwares right like any uh e-commerce,softwares right like uh ecommerce,6,Conclusion
00:08:18.280000,00:08:21.350000,softwares right like any uh e-commerce websites we have so these are these,softwares right like uh ecommerce websites,6,Conclusion
00:08:21.350000,00:08:21.360000,websites we have so these are these,websites,2,Context Setting
00:08:21.360000,00:08:23.189000,websites we have so these are these software has to be made to solve some,websites software made solve,6,Conclusion
00:08:23.189000,00:08:23.199000,software has to be made to solve some,software made solve,6,Conclusion
00:08:23.199000,00:08:24.790000,software has to be made to solve some real world,software made solve real world,6,Conclusion
00:08:24.790000,00:08:24.800000,real world,real world,6,Conclusion
00:08:24.800000,00:08:27.830000,real world problems right so behind the scene there,real world problems right behind scene,6,Conclusion
00:08:27.830000,00:08:27.840000,problems right so behind the scene there,problems right behind scene,6,Conclusion
00:08:27.840000,00:08:29.550000,problems right so behind the scene there are so many you know there is so much,problems right behind scene many know much,2,Context Setting
00:08:29.550000,00:08:29.560000,are so many you know there is so much,many know much,2,Context Setting
00:08:29.560000,00:08:32.909000,are so many you know there is so much code so we can't in that case we can't,many know much code cant case cant,2,Context Setting
00:08:32.909000,00:08:32.919000,code so we can't in that case we can't,code cant case cant,2,Context Setting
00:08:32.919000,00:08:34.949000,code so we can't in that case we can't you know follow that poop approach,code cant case cant know follow poop approach,2,Context Setting
00:08:34.949000,00:08:34.959000,you know follow that poop approach,know follow poop approach,2,Context Setting
00:08:34.959000,00:08:36.550000,you know follow that poop approach because there would be lots of functions,know follow poop approach would lots functions,0,Introduction
00:08:36.550000,00:08:36.560000,because there would be lots of functions,would lots functions,0,Introduction
00:08:36.560000,00:08:38.110000,because there would be lots of functions every function is interrelated and,would lots functions every function interrelated,5,Practical Application
00:08:38.110000,00:08:38.120000,every function is interrelated and,every function interrelated,5,Practical Application
00:08:38.120000,00:08:39.750000,every function is interrelated and interdependency and all so that would be,every function interrelated interdependency would,5,Practical Application
00:08:39.750000,00:08:39.760000,interdependency and all so that would be,interdependency would,2,Context Setting
00:08:39.760000,00:08:42.829000,interdependency and all so that would be very difficult to code right in that,interdependency would difficult code right,2,Context Setting
00:08:42.829000,00:08:42.839000,very difficult to code right in that,difficult code right,2,Context Setting
00:08:42.839000,00:08:45.110000,very difficult to code right in that approach but in,difficult code right approach,2,Context Setting
00:08:45.110000,00:08:45.120000,approach but in,approach,2,Context Setting
00:08:45.120000,00:08:47.790000,approach but in op we can model easily this thing in,approach op model easily thing,2,Context Setting
00:08:47.790000,00:08:47.800000,op we can model easily this thing in,op model easily thing,2,Context Setting
00:08:47.800000,00:08:49.590000,op we can model easily this thing in programming with the help of classes and,op model easily thing programming help classes,2,Context Setting
00:08:49.590000,00:08:49.600000,programming with the help of classes and,programming help classes,2,Context Setting
00:08:49.600000,00:08:52.190000,programming with the help of classes and objects and other RS Concepts right so,programming help classes objects rs concepts right,3,Transitions
00:08:52.190000,00:08:52.200000,objects and other RS Concepts right so,objects rs concepts right,3,Transitions
00:08:52.200000,00:08:55.350000,objects and other RS Concepts right so the main thing here is those functions,objects rs concepts right main thing functions,3,Transitions
00:08:55.350000,00:08:55.360000,the main thing here is those functions,main thing functions,0,Introduction
00:08:55.360000,00:08:58.230000,the main thing here is those functions and the related data I mean the data and,main thing functions related data mean data,1,Step-by-Step Instruction
00:08:58.230000,00:08:58.240000,and the related data I mean the data and,related data mean data,1,Step-by-Step Instruction
00:08:58.240000,00:09:01.190000,and the related data I mean the data and the functions which will be performing,related data mean data functions performing,1,Step-by-Step Instruction
00:09:01.190000,00:09:01.200000,the functions which will be performing,functions performing,0,Introduction
00:09:01.200000,00:09:03.150000,the functions which will be performing some operations on that data would be,functions performing operations data would,0,Introduction
00:09:03.150000,00:09:03.160000,some operations on that data would be,operations data would,1,Step-by-Step Instruction
00:09:03.160000,00:09:05.990000,some operations on that data would be bound in a single unit and that is like,operations data would bound single unit like,1,Step-by-Step Instruction
00:09:05.990000,00:09:06,bound in a single unit and that is like,bound single unit like,2,Context Setting
00:09:06,00:09:08.190000,bound in a single unit and that is like basically object so here what I want to,bound single unit like basically object want,2,Context Setting
00:09:08.190000,00:09:08.200000,basically object so here what I want to,basically object want,2,Context Setting
00:09:08.200000,00:09:11.269000,basically object so here what I want to say is here we have a function and the,basically object want say function,5,Practical Application
00:09:11.269000,00:09:11.279000,say is here we have a function and the,say function,5,Practical Application
00:09:11.279000,00:09:13.910000,say is here we have a function and the data this would be wrapped within a,say function data would wrapped within,5,Practical Application
00:09:13.910000,00:09:13.920000,data this would be wrapped within a,data would wrapped within,1,Step-by-Step Instruction
00:09:13.920000,00:09:17.910000,data this would be wrapped within a single unit right some functions we have,data would wrapped within single unit right functions,0,Introduction
00:09:17.910000,00:09:17.920000,single unit right some functions we have,single unit right functions,0,Introduction
00:09:17.920000,00:09:20.750000,single unit right some functions we have and the data the related data I mean,single unit right functions data related data mean,1,Step-by-Step Instruction
00:09:20.750000,00:09:20.760000,and the data the related data I mean,data related data mean,1,Step-by-Step Instruction
00:09:20.760000,00:09:22.590000,and the data the related data I mean these functions would be performed,data related data mean functions would performed,1,Step-by-Step Instruction
00:09:22.590000,00:09:22.600000,these functions would be performed,functions would performed,0,Introduction
00:09:22.600000,00:09:24.509000,these functions would be performed operations on this data so that would be,functions would performed operations data would,0,Introduction
00:09:24.509000,00:09:24.519000,operations on this data so that would be,operations data would,1,Step-by-Step Instruction
00:09:24.519000,00:09:26.870000,operations on this data so that would be wrapped in a single unit so this is,operations data would wrapped single unit,1,Step-by-Step Instruction
00:09:26.870000,00:09:26.880000,wrapped in a single unit so this is,wrapped single unit,2,Context Setting
00:09:26.880000,00:09:29.150000,wrapped in a single unit so this is basically this one this complete is,wrapped single unit basically one complete,4,Recap
00:09:29.150000,00:09:29.160000,basically this one this complete is,basically one complete,4,Recap
00:09:29.160000,00:09:32.069000,basically this one this complete is known as object this is known as,basically one complete known object known,4,Recap
00:09:32.069000,00:09:32.079000,known as object this is known as,known object known,2,Context Setting
00:09:32.079000,00:09:34.470000,known as object this is known as object and they can also interact with,known object known object also interact,2,Context Setting
00:09:34.470000,00:09:34.480000,object and they can also interact with,object also interact,2,Context Setting
00:09:34.480000,00:09:36.590000,object and they can also interact with with each other using message passing,object also interact using message passing,2,Context Setting
00:09:36.590000,00:09:36.600000,with each other using message passing,using message passing,2,Context Setting
00:09:36.600000,00:09:38.230000,with each other using message passing right those also and that thing also,using message passing right also thing also,2,Context Setting
00:09:38.230000,00:09:38.240000,right those also and that thing also,right also thing also,2,Context Setting
00:09:38.240000,00:09:41.870000,right those also and that thing also we'll see fine now now the rafting of,right also thing also well see fine rafting,2,Context Setting
00:09:41.870000,00:09:41.880000,we'll see fine now now the rafting of,well see fine rafting,2,Context Setting
00:09:41.880000,00:09:43.829000,we'll see fine now now the rafting of the functions and data within a single,well see fine rafting functions data within single,0,Introduction
00:09:43.829000,00:09:43.839000,the functions and data within a single,functions data within single,0,Introduction
00:09:43.839000,00:09:45.350000,the functions and data within a single unit is basically known as in,functions data within single unit basically known,0,Introduction
00:09:45.350000,00:09:45.360000,unit is basically known as in,unit basically known,2,Context Setting
00:09:45.360000,00:09:48.470000,unit is basically known as in capsulation right and objects are,unit basically known capsulation right objects,3,Transitions
00:09:48.470000,00:09:48.480000,capsulation right and objects are,capsulation right objects,3,Transitions
00:09:48.480000,00:09:51.030000,capsulation right and objects are nothing but real world entities right,capsulation right objects nothing real world entities right,6,Conclusion
00:09:51.030000,00:09:51.040000,nothing but real world entities right,nothing real world entities right,6,Conclusion
00:09:51.040000,00:09:53.150000,nothing but real world entities right and classes now classes are simply,nothing real world entities right classes classes simply,6,Conclusion
00:09:53.150000,00:09:53.160000,and classes now classes are simply,classes classes simply,2,Context Setting
00:09:53.160000,00:09:55.509000,and classes now classes are simply blueprint for these objects right now,classes classes simply blueprint objects right,3,Transitions
00:09:55.509000,00:09:55.519000,blueprint for these objects right now,blueprint objects right,3,Transitions
00:09:55.519000,00:09:57.430000,blueprint for these objects right now let's suppose,blueprint objects right lets suppose,3,Transitions
00:09:57.430000,00:09:57.440000,let's suppose,lets suppose,2,Context Setting
00:09:57.440000,00:10:00.389000,let's suppose uh I have one object like this Spen I,lets suppose uh one object like spen,4,Recap
00:10:00.389000,00:10:00.399000,uh I have one object like this Spen I,uh one object like spen,4,Recap
00:10:00.399000,00:10:03.030000,uh I have one object like this Spen I have this Spen right so this object is,uh one object like spen spen right object,4,Recap
00:10:03.030000,00:10:03.040000,have this Spen right so this object is,spen right object,2,Context Setting
00:10:03.040000,00:10:04.110000,have this Spen right so this object is having some,spen right object,2,Context Setting
00:10:04.110000,00:10:04.120000,having some,,2,Context Setting
00:10:04.120000,00:10:07.190000,having some property right like or maybe some,property right like maybe,2,Context Setting
00:10:07.190000,00:10:07.200000,property right like or maybe some,property right like maybe,2,Context Setting
00:10:07.200000,00:10:09.269000,property right like or maybe some attributes also like it is black in,property right like maybe attributes also like black,2,Context Setting
00:10:09.269000,00:10:09.279000,attributes also like it is black in,attributes also like black,2,Context Setting
00:10:09.279000,00:10:12.590000,attributes also like it is black in color properties are it can write right,attributes also like black color properties write right,2,Context Setting
00:10:12.590000,00:10:12.600000,color properties are it can write right,color properties write right,2,Context Setting
00:10:12.600000,00:10:14.670000,color properties are it can write right so something like this and suppose like,color properties write right something like suppose like,2,Context Setting
00:10:14.670000,00:10:14.680000,so something like this and suppose like,something like suppose like,2,Context Setting
00:10:14.680000,00:10:16.470000,so something like this and suppose like me I'm an,something like suppose like im,2,Context Setting
00:10:16.470000,00:10:16.480000,me I'm an,im,2,Context Setting
00:10:16.480000,00:10:20.430000,me I'm an object right so every like everyone in,im object right every like everyone,2,Context Setting
00:10:20.430000,00:10:20.440000,object right so every like everyone in,object right every like everyone,2,Context Setting
00:10:20.440000,00:10:22.670000,object right so every like everyone in my class there are 60 students these are,object right every like everyone class 60 students,3,Transitions
00:10:22.670000,00:10:22.680000,my class there are 60 students these are,class 60 students,3,Transitions
00:10:22.680000,00:10:24.670000,my class there are 60 students these are objects each are having their own,class 60 students objects,3,Transitions
00:10:24.670000,00:10:24.680000,objects each are having their own,objects,3,Transitions
00:10:24.680000,00:10:26.230000,objects each are having their own attributes and,objects attributes,3,Transitions
00:10:26.230000,00:10:26.240000,attributes and,attributes,2,Context Setting
00:10:26.240000,00:10:28.430000,attributes and properties attributes like you know,attributes properties attributes like know,2,Context Setting
00:10:28.430000,00:10:28.440000,properties attributes like you know,properties attributes like know,2,Context Setting
00:10:28.440000,00:10:30.350000,properties attributes like you know they're like maybe number of eyes one,properties attributes like know theyre like maybe number eyes one,4,Recap
00:10:30.350000,00:10:30.360000,they're like maybe number of eyes one,theyre like maybe number eyes one,4,Recap
00:10:30.360000,00:10:32.670000,they're like maybe number of eyes one nose hair hair color and all these are,theyre like maybe number eyes one nose hair hair color,4,Recap
00:10:32.670000,00:10:32.680000,nose hair hair color and all these are,nose hair hair color,2,Context Setting
00:10:32.680000,00:10:34.310000,nose hair hair color and all these are attributes and properties are what they,nose hair hair color attributes properties,2,Context Setting
00:10:34.310000,00:10:34.320000,attributes and properties are what they,attributes properties,2,Context Setting
00:10:34.320000,00:10:37.110000,attributes and properties are what they can do I mean like I can code I can sing,attributes properties mean like code sing,2,Context Setting
00:10:37.110000,00:10:37.120000,can do I mean like I can code I can sing,mean like code sing,2,Context Setting
00:10:37.120000,00:10:39.870000,can do I mean like I can code I can sing or I can do something like I can cook so,mean like code sing something like cook,2,Context Setting
00:10:39.870000,00:10:39.880000,or I can do something like I can cook so,something like cook,2,Context Setting
00:10:39.880000,00:10:41.990000,or I can do something like I can cook so these are the functions or these are the,something like cook functions,0,Introduction
00:10:41.990000,00:10:42,these are the functions or these are the,functions,0,Introduction
00:10:42,00:10:44.430000,these are the functions or these are the you know uh properties that I can do,functions know uh properties,0,Introduction
00:10:44.430000,00:10:44.440000,you know uh properties that I can do,know uh properties,2,Context Setting
00:10:44.440000,00:10:45.829000,you know uh properties that I can do these are some tasks I can do so these,know uh properties tasks,2,Context Setting
00:10:45.829000,00:10:45.839000,these are some tasks I can do so these,tasks,2,Context Setting
00:10:45.839000,00:10:49.030000,these are some tasks I can do so these are like functions right and class is,tasks like functions right class,0,Introduction
00:10:49.030000,00:10:49.040000,are like functions right and class is,like functions right class,0,Introduction
00:10:49.040000,00:10:51.069000,are like functions right and class is like a blueprint so class is like we can,like functions right class like blueprint class like,3,Transitions
00:10:51.069000,00:10:51.079000,like a blueprint so class is like we can,like blueprint class like,3,Transitions
00:10:51.079000,00:10:54.389000,like a blueprint so class is like we can say like human human is a,like blueprint class like say like human human,3,Transitions
00:10:54.389000,00:10:54.399000,say like human human is a,say like human human,2,Context Setting
00:10:54.399000,00:10:57.949000,say like human human is a class so from this blueprint we can,say like human human class blueprint,3,Transitions
00:10:57.949000,00:10:57.959000,class so from this blueprint we can,class blueprint,3,Transitions
00:10:57.959000,00:11:00.750000,class so from this blueprint we can drive many objects,class blueprint drive many objects,3,Transitions
00:11:00.750000,00:11:00.760000,drive many objects,drive many objects,3,Transitions
00:11:00.760000,00:11:03.430000,drive many objects like Jenny or many other objects as well,drive many objects like jenny many objects well,3,Transitions
00:11:03.430000,00:11:03.440000,like Jenny or many other objects as well,like jenny many objects well,3,Transitions
00:11:03.440000,00:11:05.949000,like Jenny or many other objects as well these are objects right like a blueprint,like jenny many objects well objects right like blueprint,3,Transitions
00:11:05.949000,00:11:05.959000,these are objects right like a blueprint,objects right like blueprint,3,Transitions
00:11:05.959000,00:11:09.910000,these are objects right like a blueprint means um in a construction the map when,objects right like blueprint means um construction map,3,Transitions
00:11:09.910000,00:11:09.920000,means um in a construction the map when,means um construction map,2,Context Setting
00:11:09.920000,00:11:12.710000,means um in a construction the map when you go to go to that architect then you,means um construction map go go architect,2,Context Setting
00:11:12.710000,00:11:12.720000,you go to go to that architect then you,go go architect,2,Context Setting
00:11:12.720000,00:11:14.590000,you go to go to that architect then you know there would be one map and that has,go go architect know would one map,4,Recap
00:11:14.590000,00:11:14.600000,know there would be one map and that has,know would one map,4,Recap
00:11:14.600000,00:11:16.629000,know there would be one map and that has to finalize after that construction,know would one map finalize construction,4,Recap
00:11:16.629000,00:11:16.639000,to finalize after that construction,finalize construction,2,Context Setting
00:11:16.639000,00:11:19.550000,to finalize after that construction would be started so one map you have,finalize construction would started one map,4,Recap
00:11:19.550000,00:11:19.560000,would be started so one map you have,would started one map,4,Recap
00:11:19.560000,00:11:21.710000,would be started so one map you have that is blueprint and the actual,would started one map blueprint actual,4,Recap
00:11:21.710000,00:11:21.720000,that is blueprint and the actual,blueprint actual,3,Transitions
00:11:21.720000,00:11:24.710000,that is blueprint and the actual building that would be object now you,blueprint actual building would object,3,Transitions
00:11:24.710000,00:11:24.720000,building that would be object now you,building would object,2,Context Setting
00:11:24.720000,00:11:27.190000,building that would be object now you got classes and objects in detail you'll,building would object got classes objects detail youll,3,Transitions
00:11:27.190000,00:11:27.200000,got classes and objects in detail you'll,got classes objects detail youll,3,Transitions
00:11:27.200000,00:11:30.269000,got classes and objects in detail you'll see in uh next video right so I hope now,got classes objects detail youll see uh next video right hope,3,Transitions
00:11:30.269000,00:11:30.279000,see in uh next video right so I hope now,see uh next video right hope,2,Context Setting
00:11:30.279000,00:11:32.350000,see in uh next video right so I hope now the basic idea you got now what are the,see uh next video right hope basic idea got,2,Context Setting
00:11:32.350000,00:11:32.360000,the basic idea you got now what are the,basic idea got,2,Context Setting
00:11:32.360000,00:11:35.069000,the basic idea you got now what are the advantages of this object programming,basic idea got advantages object programming,2,Context Setting
00:11:35.069000,00:11:35.079000,advantages of this object programming,advantages object programming,2,Context Setting
00:11:35.079000,00:11:37.389000,advantages of this object programming now here this this the data and the,advantages object programming data,1,Step-by-Step Instruction
00:11:37.389000,00:11:37.399000,now here this this the data and the,data,1,Step-by-Step Instruction
00:11:37.399000,00:11:39.150000,now here this this the data and the functions are binded with each other,data functions binded,0,Introduction
00:11:39.150000,00:11:39.160000,functions are binded with each other,functions binded,0,Introduction
00:11:39.160000,00:11:43.030000,functions are binded with each other closely right so data will not move,functions binded closely right data move,0,Introduction
00:11:43.030000,00:11:43.040000,closely right so data will not move,closely right data move,1,Step-by-Step Instruction
00:11:43.040000,00:11:45.750000,closely right so data will not move freely here in the program so more data,closely right data move freely program data,1,Step-by-Step Instruction
00:11:45.750000,00:11:45.760000,freely here in the program so more data,freely program data,1,Step-by-Step Instruction
00:11:45.760000,00:11:48.790000,freely here in the program so more data security is there and to secure the data,freely program data security secure data,1,Step-by-Step Instruction
00:11:48.790000,00:11:48.800000,security is there and to secure the data,security secure data,1,Step-by-Step Instruction
00:11:48.800000,00:11:52.150000,security is there and to secure the data here we have specifi public private,security secure data specifi public private,1,Step-by-Step Instruction
00:11:52.150000,00:11:52.160000,here we have specifi public private,specifi public private,2,Context Setting
00:11:52.160000,00:11:55.550000,here we have specifi public private protected right if you want to make your,specifi public private protected right want make,6,Conclusion
00:11:55.550000,00:11:55.560000,protected right if you want to make your,protected right want make,6,Conclusion
00:11:55.560000,00:11:57.670000,protected right if you want to make your data public means available to everyone,protected right want make data public means available everyone,6,Conclusion
00:11:57.670000,00:11:57.680000,data public means available to everyone,data public means available everyone,1,Step-by-Step Instruction
00:11:57.680000,00:11:59.069000,data public means available to everyone you can make that public if you want to,data public means available everyone make public want,6,Conclusion
00:11:59.069000,00:11:59.079000,you can make that public if you want to,make public want,6,Conclusion
00:11:59.079000,00:12:00.670000,you can make that public if you want to make make your data private you can make,make public want make make data private make,6,Conclusion
00:12:00.670000,00:12:00.680000,make make your data private you can make,make make data private make,6,Conclusion
00:12:00.680000,00:12:02.550000,make make your data private you can make that private using exess,make make data private make private using exess,6,Conclusion
00:12:02.550000,00:12:02.560000,that private using exess,private using exess,2,Context Setting
00:12:02.560000,00:12:04.790000,that private using exess specifier right you can Implement,private using exess specifier right implement,2,Context Setting
00:12:04.790000,00:12:04.800000,specifier right you can Implement,specifier right implement,2,Context Setting
00:12:04.800000,00:12:07.110000,specifier right you can Implement obstruction here right obstruction means,specifier right implement obstruction right obstruction means,2,Context Setting
00:12:07.110000,00:12:07.120000,obstruction here right obstruction means,obstruction right obstruction means,2,Context Setting
00:12:07.120000,00:12:10.110000,obstruction here right obstruction means in real life uh we have like,obstruction right obstruction means real life uh like,6,Conclusion
00:12:10.110000,00:12:10.120000,in real life uh we have like,real life uh like,6,Conclusion
00:12:10.120000,00:12:12.870000,in real life uh we have like um there is a switch board so once once,real life uh like um switch board,6,Conclusion
00:12:12.870000,00:12:12.880000,um there is a switch board so once once,um switch board,2,Context Setting
00:12:12.880000,00:12:15.990000,um there is a switch board so once once you uh you know once you switch on that,um switch board uh know switch,2,Context Setting
00:12:15.990000,00:12:16,you uh you know once you switch on that,uh know switch,2,Context Setting
00:12:16,00:12:18.509000,you uh you know once you switch on that press the button press the switch to own,uh know switch press button press switch,2,Context Setting
00:12:18.509000,00:12:18.519000,press the button press the switch to own,press button press switch,2,Context Setting
00:12:18.519000,00:12:22.590000,press the button press the switch to own that fan that's it fan would be own and,press button press switch fan thats fan would,2,Context Setting
00:12:22.590000,00:12:22.600000,that fan that's it fan would be own and,fan thats fan would,2,Context Setting
00:12:22.600000,00:12:24.110000,that fan that's it fan would be own and it's like you don't know what is,fan thats fan would like dont know,2,Context Setting
00:12:24.110000,00:12:24.120000,it's like you don't know what is,like dont know,2,Context Setting
00:12:24.120000,00:12:26.310000,it's like you don't know what is happening behind the scene there are so,like dont know happening behind scene,2,Context Setting
00:12:26.310000,00:12:26.320000,happening behind the scene there are so,happening behind scene,2,Context Setting
00:12:26.320000,00:12:28.310000,happening behind the scene there are so many wires how the electricity is to be,happening behind scene many wires electricity,2,Context Setting
00:12:28.310000,00:12:28.320000,many wires how the electricity is to be,many wires electricity,2,Context Setting
00:12:28.320000,00:12:29.829000,many wires how the electricity is to be passed and all,many wires electricity passed,2,Context Setting
00:12:29.829000,00:12:29.839000,passed and all,passed,2,Context Setting
00:12:29.839000,00:12:32.269000,passed and all so that is kind of abstraction you have,passed kind abstraction,2,Context Setting
00:12:32.269000,00:12:32.279000,so that is kind of abstraction you have,kind abstraction,2,Context Setting
00:12:32.279000,00:12:34.790000,so that is kind of abstraction you have the remote of AC you just switch on the,kind abstraction remote ac switch,2,Context Setting
00:12:34.790000,00:12:34.800000,the remote of AC you just switch on the,remote ac switch,2,Context Setting
00:12:34.800000,00:12:37.550000,the remote of AC you just switch on the AC and that's it you don't know what is,remote ac switch ac thats dont know,2,Context Setting
00:12:37.550000,00:12:37.560000,AC and that's it you don't know what is,ac thats dont know,2,Context Setting
00:12:37.560000,00:12:38.790000,AC and that's it you don't know what is happening behind the,ac thats dont know happening behind,2,Context Setting
00:12:38.790000,00:12:38.800000,happening behind the,happening behind,2,Context Setting
00:12:38.800000,00:12:41.710000,happening behind the scene right behind that you know under,happening behind scene right behind know,2,Context Setting
00:12:41.710000,00:12:41.720000,scene right behind that you know under,scene right behind know,2,Context Setting
00:12:41.720000,00:12:45.030000,scene right behind that you know under that remote what you have you just see,scene right behind know remote see,2,Context Setting
00:12:45.030000,00:12:45.040000,that remote what you have you just see,remote see,2,Context Setting
00:12:45.040000,00:12:47.189000,that remote what you have you just see the interface those buttons only you,remote see interface buttons,2,Context Setting
00:12:47.189000,00:12:47.199000,the interface those buttons only you,interface buttons,2,Context Setting
00:12:47.199000,00:12:48.750000,the interface those buttons only you just press the button and the,interface buttons press button,2,Context Setting
00:12:48.750000,00:12:48.760000,just press the button and the,press button,2,Context Setting
00:12:48.760000,00:12:50.230000,just press the button and the functionality would be done according to,press button functionality would done according,2,Context Setting
00:12:50.230000,00:12:50.240000,functionality would be done according to,functionality would done according,2,Context Setting
00:12:50.240000,00:12:52.750000,functionality would be done according to you right so this is kind of abstraction,functionality would done according right kind abstraction,2,Context Setting
00:12:52.750000,00:12:52.760000,you right so this is kind of abstraction,right kind abstraction,2,Context Setting
00:12:52.760000,00:12:54.550000,you right so this is kind of abstraction you don't know the implementation you,right kind abstraction dont know implementation,2,Context Setting
00:12:54.550000,00:12:54.560000,you don't know the implementation you,dont know implementation,2,Context Setting
00:12:54.560000,00:12:57.389000,you don't know the implementation you only know what you need to know the,dont know implementation know need know,2,Context Setting
00:12:57.389000,00:12:57.399000,only know what you need to know the,know need know,2,Context Setting
00:12:57.399000,00:12:59.430000,only know what you need to know the simple things right not the,know need know simple things right,2,Context Setting
00:12:59.430000,00:12:59.440000,simple things right not the,simple things right,2,Context Setting
00:12:59.440000,00:13:01.310000,simple things right not the implementation or the other details so,simple things right implementation details,2,Context Setting
00:13:01.310000,00:13:01.320000,implementation or the other details so,implementation details,2,Context Setting
00:13:01.320000,00:13:02.870000,implementation or the other details so that is kind of obstruction that we can,implementation details kind obstruction,2,Context Setting
00:13:02.870000,00:13:02.880000,that is kind of obstruction that we can,kind obstruction,2,Context Setting
00:13:02.880000,00:13:08.509000,that is kind of obstruction that we can achieve here with OP,kind obstruction achieve op,2,Context Setting
00:13:12.750000,00:13:12.760000,approach and reusability is more here,approach reusability,2,Context Setting
00:13:12.760000,00:13:14.550000,approach and reusability is more here reusability of the code because of we,approach reusability reusability code,2,Context Setting
00:13:14.550000,00:13:14.560000,reusability of the code because of we,reusability code,2,Context Setting
00:13:14.560000,00:13:18.230000,reusability of the code because of we have inheritance one concept right so,reusability code inheritance one concept right,4,Recap
00:13:18.230000,00:13:18.240000,have inheritance one concept right so,inheritance one concept right,4,Recap
00:13:18.240000,00:13:21.350000,have inheritance one concept right so you can create a like new class uh from,inheritance one concept right create like new class uh,4,Recap
00:13:21.350000,00:13:21.360000,you can create a like new class uh from,create like new class uh,3,Transitions
00:13:21.360000,00:13:23.670000,you can create a like new class uh from that existing class right and you can,create like new class uh existing class right,3,Transitions
00:13:23.670000,00:13:23.680000,that existing class right and you can,existing class right,3,Transitions
00:13:23.680000,00:13:25.430000,that existing class right and you can inherit the features I mean the,existing class right inherit features mean,3,Transitions
00:13:25.430000,00:13:25.440000,inherit the features I mean the,inherit features mean,2,Context Setting
00:13:25.440000,00:13:27.430000,inherit the features I mean the functions and all from that already,inherit features mean functions already,0,Introduction
00:13:27.430000,00:13:27.440000,functions and all from that already,functions already,0,Introduction
00:13:27.440000,00:13:30.550000,functions and all from that already existed class right so Reus is more here,functions already existed class right reus,0,Introduction
00:13:30.550000,00:13:30.560000,existed class right so Reus is more here,existed class right reus,3,Transitions
00:13:30.560000,00:13:33.110000,existed class right so Reus is more here one more thing is so it's like we can,existed class right reus one thing like,4,Recap
00:13:33.110000,00:13:33.120000,one more thing is so it's like we can,one thing like,4,Recap
00:13:33.120000,00:13:35.350000,one more thing is so it's like we can use those already built in classes and,one thing like use already built classes,4,Recap
00:13:35.350000,00:13:35.360000,use those already built in classes and,use already built classes,2,Context Setting
00:13:35.360000,00:13:37.389000,use those already built in classes and some other applications right but we,use already built classes applications right,2,Context Setting
00:13:37.389000,00:13:37.399000,some other applications right but we,applications right,2,Context Setting
00:13:37.399000,00:13:39.310000,some other applications right but we cannot apply this oops concept we cannot,applications right apply oops concept,4,Recap
00:13:39.310000,00:13:39.320000,cannot apply this oops concept we cannot,apply oops concept,4,Recap
00:13:39.320000,00:13:41.870000,cannot apply this oops concept we cannot apply this oops approach to solve every,apply oops concept apply oops approach solve every,4,Recap
00:13:41.870000,00:13:41.880000,apply this oops approach to solve every,apply oops approach solve every,2,Context Setting
00:13:41.880000,00:13:45.150000,apply this oops approach to solve every problem it's not Universal thing you,apply oops approach solve every problem universal thing,2,Context Setting
00:13:45.150000,00:13:45.160000,problem it's not Universal thing you,problem universal thing,2,Context Setting
00:13:45.160000,00:13:47.150000,problem it's not Universal thing you can't apply this everywhere there are,problem universal thing cant apply everywhere,2,Context Setting
00:13:47.150000,00:13:47.160000,can't apply this everywhere there are,cant apply everywhere,2,Context Setting
00:13:47.160000,00:13:49.389000,can't apply this everywhere there are some problems to solve them you have to,cant apply everywhere problems solve,6,Conclusion
00:13:49.389000,00:13:49.399000,some problems to solve them you have to,problems solve,6,Conclusion
00:13:49.399000,00:13:52.230000,some problems to solve them you have to use po approach only right and it's a,problems solve use po approach right,6,Conclusion
00:13:52.230000,00:13:52.240000,use po approach only right and it's a,use po approach right,2,Context Setting
00:13:52.240000,00:13:55.870000,use po approach only right and it's a little bit tricky to learn these concept,use po approach right little bit tricky learn concept,4,Recap
00:13:55.870000,00:13:55.880000,little bit tricky to learn these concept,little bit tricky learn concept,4,Recap
00:13:55.880000,00:13:58.550000,little bit tricky to learn these concept right and sometimes uh the program would,little bit tricky learn concept right sometimes uh program would,4,Recap
00:13:58.550000,00:13:58.560000,right and sometimes uh the program would,right sometimes uh program would,2,Context Setting
00:13:58.560000,00:14:00.110000,right and sometimes uh the program would be a little bit lengthy if you follow,right sometimes uh program would little bit lengthy follow,2,Context Setting
00:14:00.110000,00:14:00.120000,be a little bit lengthy if you follow,little bit lengthy follow,2,Context Setting
00:14:00.120000,00:14:02.110000,be a little bit lengthy if you follow this approach so it would be you know,little bit lengthy follow approach would know,2,Context Setting
00:14:02.110000,00:14:02.120000,this approach so it would be you know,approach would know,2,Context Setting
00:14:02.120000,00:14:04.069000,this approach so it would be you know the performance would be uh performance,approach would know performance would uh performance,2,Context Setting
00:14:04.069000,00:14:04.079000,the performance would be uh performance,performance would uh performance,2,Context Setting
00:14:04.079000,00:14:06.870000,the performance would be uh performance would be affected a little bit and it,performance would uh performance would affected little bit,2,Context Setting
00:14:06.870000,00:14:06.880000,would be affected a little bit and it,would affected little bit,2,Context Setting
00:14:06.880000,00:14:09.110000,would be affected a little bit and it can consume more memory and more CPU,would affected little bit consume memory cpu,2,Context Setting
00:14:09.110000,00:14:09.120000,can consume more memory and more CPU,consume memory cpu,2,Context Setting
00:14:09.120000,00:14:12.189000,can consume more memory and more CPU resources than po sometimes because see,consume memory cpu resources po sometimes see,2,Context Setting
00:14:12.189000,00:14:12.199000,resources than po sometimes because see,resources po sometimes see,2,Context Setting
00:14:12.199000,00:14:14.710000,resources than po sometimes because see these objects contains both functions,resources po sometimes see objects contains functions,0,Introduction
00:14:14.710000,00:14:14.720000,these objects contains both functions,objects contains functions,0,Introduction
00:14:14.720000,00:14:17.710000,these objects contains both functions and data together so sometimes it it,objects contains functions data together sometimes,0,Introduction
00:14:17.710000,00:14:17.720000,and data together so sometimes it it,data together sometimes,1,Step-by-Step Instruction
00:14:17.720000,00:14:20.230000,and data together so sometimes it it requires more time or more space to,data together sometimes requires time space,1,Step-by-Step Instruction
00:14:20.230000,00:14:20.240000,requires more time or more space to,requires time space,2,Context Setting
00:14:20.240000,00:14:22.870000,requires more time or more space to create such objects right so there are,requires time space create objects right,3,Transitions
00:14:22.870000,00:14:22.880000,create such objects right so there are,create objects right,3,Transitions
00:14:22.880000,00:14:24.749000,create such objects right so there are some limitations as well of this op,create objects right limitations well op,3,Transitions
00:14:24.749000,00:14:24.759000,some limitations as well of this op,limitations well op,2,Context Setting
00:14:24.759000,00:14:26.350000,some limitations as well of this op approach as well as some advantages over,limitations well op approach well advantages,2,Context Setting
00:14:26.350000,00:14:26.360000,approach as well as some advantages over,approach well advantages,2,Context Setting
00:14:26.360000,00:14:28.790000,approach as well as some advantages over po approach but definitely when you are,approach well advantages po approach definitely,2,Context Setting
00:14:28.790000,00:14:28.800000,po approach but definitely when you are,po approach definitely,2,Context Setting
00:14:28.800000,00:14:30.350000,po approach but definitely when you are working working on that organizational,po approach definitely working working organizational,2,Context Setting
00:14:30.350000,00:14:30.360000,working working on that organizational,working working organizational,2,Context Setting
00:14:30.360000,00:14:32.230000,working working on that organizational level working on large project you are,working working organizational level working large project,2,Context Setting
00:14:32.230000,00:14:32.240000,level working on large project you are,level working large project,2,Context Setting
00:14:32.240000,00:14:34.670000,level working on large project you are creating softwares then definitely you,level working large project creating softwares definitely,2,Context Setting
00:14:34.670000,00:14:34.680000,creating softwares then definitely you,creating softwares definitely,2,Context Setting
00:14:34.680000,00:14:37.189000,creating softwares then definitely you follow this approach like op approach,creating softwares definitely follow approach like op approach,2,Context Setting
00:14:37.189000,00:14:37.199000,follow this approach like op approach,follow approach like op approach,2,Context Setting
00:14:37.199000,00:14:40.189000,follow this approach like op approach because of the advantages you have right,follow approach like op approach advantages right,2,Context Setting
00:14:40.189000,00:14:40.199000,because of the advantages you have right,advantages right,2,Context Setting
00:14:40.199000,00:14:41.829000,because of the advantages you have right and one by one each concept now we will,advantages right one one concept,4,Recap
00:14:41.829000,00:14:41.839000,and one by one each concept now we will,one one concept,4,Recap
00:14:41.839000,00:14:43.710000,and one by one each concept now we will be discussing later the next video would,one one concept discussing later next video would,4,Recap
00:14:43.710000,00:14:43.720000,be discussing later the next video would,discussing later next video would,2,Context Setting
00:14:43.720000,00:14:45.949000,be discussing later the next video would be about classes and objects right,discussing later next video would classes objects right,3,Transitions
00:14:45.949000,00:14:45.959000,be about classes and objects right,classes objects right,3,Transitions
00:14:45.959000,00:14:48.990000,be about classes and objects right proper program I'll show you fine so now,classes objects right proper program ill show fine,3,Transitions
00:14:48.990000,00:14:49,proper program I'll show you fine so now,proper program ill show fine,2,Context Setting
00:14:49,00:14:51.069000,proper program I'll show you fine so now I guess you got the basic idea what is,proper program ill show fine guess got basic idea,2,Context Setting
00:14:51.069000,00:14:51.079000,I guess you got the basic idea what is,guess got basic idea,2,Context Setting
00:14:51.079000,00:14:52.870000,I guess you got the basic idea what is op and what is Po and what is the,guess got basic idea op po,2,Context Setting
00:14:52.870000,00:14:52.880000,op and what is Po and what is the,op po,2,Context Setting
00:14:52.880000,00:14:54.790000,op and what is Po and what is the difference and all if you have any,op po difference,2,Context Setting
00:14:54.790000,00:14:54.800000,difference and all if you have any,difference,2,Context Setting
00:14:54.800000,00:14:55.870000,difference and all if you have any question you can just let me know in,difference question let know,2,Context Setting
00:14:55.870000,00:14:55.880000,question you can just let me know in,question let know,2,Context Setting
00:14:55.880000,00:14:58.150000,question you can just let me know in comment section right now that's it for,question let know comment section right thats,2,Context Setting
00:14:58.150000,00:14:58.160000,comment section right now that's it for,comment section right thats,2,Context Setting
00:14:58.160000,00:14:59.310000,comment section right now that's it for this video now I'll see on the the next,comment section right thats video ill see next,2,Context Setting
00:14:59.310000,00:14:59.320000,this video now I'll see on the the next,video ill see next,2,Context Setting
00:14:59.320000,00:15:03.639000,this video now I'll see on the the next video till then bye-bye take care,video ill see next video till byebye take care,2,Context Setting
