Start Time,End Time,Text,Cleaned Text,Cluster,Workflow Step
00:00:02.510000,00:00:02.520000,hey everyone I hope you are safe and,hey everyone hope safe,3,Transitions
00:00:02.520000,00:00:04.430000,hey everyone I hope you are safe and doing good so in the series of learning,hey everyone hope safe good series learning,3,Transitions
00:00:04.430000,00:00:04.440000,doing good so in the series of learning,good series learning,3,Transitions
00:00:04.440000,00:00:05.950000,doing good so in the series of learning C++ programming language we are,good series learning c programming language,3,Transitions
00:00:05.950000,00:00:05.960000,C++ programming language we are,c programming language,3,Transitions
00:00:05.960000,00:00:08.350000,C++ programming language we are discussing uh oops Concept in C++ right,c programming language discussing uh oops concept c right,6,Conclusion
00:00:08.350000,00:00:08.360000,discussing uh oops Concept in C++ right,discussing uh oops concept c right,6,Conclusion
00:00:08.360000,00:00:10.270000,discussing uh oops Concept in C++ right in the previous video we have seen how,discussing uh oops concept c right previous video seen,6,Conclusion
00:00:10.270000,00:00:10.280000,in the previous video we have seen how,previous video seen,3,Transitions
00:00:10.280000,00:00:13.870000,in the previous video we have seen how to access class members using objects,previous video seen access class members using objects,1,Step-by-Step Instruction
00:00:13.870000,00:00:13.880000,to access class members using objects,access class members using objects,1,Step-by-Step Instruction
00:00:13.880000,00:00:15.430000,to access class members using objects right and in that video also I have,access class members using objects right video also,1,Step-by-Step Instruction
00:00:15.430000,00:00:15.440000,right and in that video also I have,right video also,2,Context Setting
00:00:15.440000,00:00:18.390000,right and in that video also I have shown you know the the debugging process,right video also shown know debugging process,2,Context Setting
00:00:18.390000,00:00:18.400000,shown you know the the debugging process,shown know debugging process,3,Transitions
00:00:18.400000,00:00:20.349000,shown you know the the debugging process how to debug the program step by step I,shown know debugging process debug program step step,3,Transitions
00:00:20.349000,00:00:20.359000,how to debug the program step by step I,debug program step step,3,Transitions
00:00:20.359000,00:00:24.070000,how to debug the program step by step I have shown you everything right now,debug program step step shown everything right,3,Transitions
00:00:24.070000,00:00:24.080000,have shown you everything right now,shown everything right,2,Context Setting
00:00:24.080000,00:00:25.670000,have shown you everything right now we'll be discussing one coding exercise,shown everything right well discussing one coding exercise,2,Context Setting
00:00:25.670000,00:00:25.680000,we'll be discussing one coding exercise,well discussing one coding exercise,2,Context Setting
00:00:25.680000,00:00:27.630000,we'll be discussing one coding exercise in this video right I hope you are clear,well discussing one coding exercise video right hope clear,2,Context Setting
00:00:27.630000,00:00:27.640000,in this video right I hope you are clear,video right hope clear,2,Context Setting
00:00:27.640000,00:00:29.349000,in this video right I hope you are clear with what is a class what is object what,video right hope clear class object,1,Step-by-Step Instruction
00:00:29.349000,00:00:29.359000,with what is a class what is object what,class object,1,Step-by-Step Instruction
00:00:29.359000,00:00:31.349000,with what is a class what is object what are class CL members how to define a,class object class cl members define,1,Step-by-Step Instruction
00:00:31.349000,00:00:31.359000,are class CL members how to define a,class cl members define,1,Step-by-Step Instruction
00:00:31.359000,00:00:33.910000,are class CL members how to define a class how to you know Define an object,class cl members define class know define object,1,Step-by-Step Instruction
00:00:33.910000,00:00:33.920000,class how to you know Define an object,class know define object,1,Step-by-Step Instruction
00:00:33.920000,00:00:35.869000,class how to you know Define an object how to create an object how to access,class know define object create object access,1,Step-by-Step Instruction
00:00:35.869000,00:00:35.879000,how to create an object how to access,create object access,1,Step-by-Step Instruction
00:00:35.879000,00:00:38.389000,how to create an object how to access those class members using objects no,create object access class members using objects,1,Step-by-Step Instruction
00:00:38.389000,00:00:38.399000,those class members using objects no,class members using objects,1,Step-by-Step Instruction
00:00:38.399000,00:00:42.430000,those class members using objects no right so the question for you is first,class members using objects right question first,1,Step-by-Step Instruction
00:00:42.430000,00:00:42.440000,right so the question for you is first,right question first,2,Context Setting
00:00:42.440000,00:00:46.229000,right so the question for you is first we you have to create one uh file,right question first create one uh file,2,Context Setting
00:00:46.229000,00:00:46.239000,we you have to create one uh file,create one uh file,5,Practical Application
00:00:46.239000,00:00:49.910000,we you have to create one uh file suppose module,create one uh file suppose module,2,Context Setting
00:00:53.709000,00:00:53.719000,do extension would be do name can be,extension would name,3,Transitions
00:00:53.719000,00:00:56.029000,do extension would be do name can be anything I'm saying module it can be,extension would name anything im saying module,3,Transitions
00:00:56.029000,00:00:56.039000,anything I'm saying module it can be,anything im saying module,3,Transitions
00:00:56.039000,00:00:59.270000,anything I'm saying module it can be anything module do and here in this,anything im saying module anything module,3,Transitions
00:00:59.270000,00:00:59.280000,anything module do and here in this,anything module,3,Transitions
00:00:59.280000,00:01:01.910000,anything module do and here in this you'll be defining a,anything module youll defining,3,Transitions
00:01:01.910000,00:01:01.920000,you'll be defining a,youll defining,3,Transitions
00:01:01.920000,00:01:08.910000,you'll be defining a class any class suppose,youll defining class class suppose,1,Step-by-Step Instruction
00:01:12.310000,00:01:12.320000,instructor and in this class it will,instructor class,1,Step-by-Step Instruction
00:01:12.320000,00:01:15.310000,instructor and in this class it will have some attributes and one or two,instructor class attributes one two,2,Context Setting
00:01:15.310000,00:01:15.320000,have some attributes and one or two,attributes one two,2,Context Setting
00:01:15.320000,00:01:19.390000,have some attributes and one or two functions that's it just there is no you,attributes one two functions thats,2,Context Setting
00:01:19.390000,00:01:19.400000,functions that's it just there is no you,functions thats,3,Transitions
00:01:19.400000,00:01:22.429000,functions that's it just there is no you know other thing here in this module do,functions thats know thing module,3,Transitions
00:01:22.429000,00:01:22.439000,know other thing here in this module do,know thing module,3,Transitions
00:01:22.439000,00:01:24.469000,know other thing here in this module do just the class you can say that,know thing module class say,3,Transitions
00:01:24.469000,00:01:24.479000,just the class you can say that,class say,1,Step-by-Step Instruction
00:01:24.479000,00:01:26.870000,just the class you can say that Declaration of the class having this,class say declaration class,1,Step-by-Step Instruction
00:01:26.870000,00:01:26.880000,Declaration of the class having this,declaration class,1,Step-by-Step Instruction
00:01:26.880000,00:01:29.749000,Declaration of the class having this class is having some attributes here and,declaration class class attributes,1,Step-by-Step Instruction
00:01:29.749000,00:01:29.759000,class is having some attributes here and,class attributes,1,Step-by-Step Instruction
00:01:29.759000,00:01:32.270000,class is having some attributes here and some some functions right suppose one,class attributes functions right suppose one,2,Context Setting
00:01:32.270000,00:01:32.280000,some some functions right suppose one,functions right suppose one,2,Context Setting
00:01:32.280000,00:01:33.190000,some some functions right suppose one function,functions right suppose one function,2,Context Setting
00:01:33.190000,00:01:33.200000,function,function,3,Transitions
00:01:33.200000,00:01:37.270000,function only fine and one,function fine one,2,Context Setting
00:01:37.270000,00:01:37.280000,only fine and one,fine one,2,Context Setting
00:01:37.280000,00:01:40.469000,only fine and one more file another file would be like,fine one file another file would like,5,Practical Application
00:01:40.469000,00:01:40.479000,more file another file would be like,file another file would like,5,Practical Application
00:01:40.479000,00:01:45.550000,more file another file would be like main. CPP main do,file another file would like main cpp main,5,Practical Application
00:01:50.350000,00:01:50.360000,CPP right in this main do CPP we are,cpp right main cpp,5,Practical Application
00:01:50.360000,00:01:53.709000,CPP right in this main do CPP we are going to create object of this class and,cpp right main cpp going create object class,5,Practical Application
00:01:53.709000,00:01:53.719000,going to create object of this class and,going create object class,1,Step-by-Step Instruction
00:01:53.719000,00:01:57.230000,going to create object of this class and we are going to access these attributes,going create object class going access attributes,1,Step-by-Step Instruction
00:01:57.230000,00:01:57.240000,we are going to access these attributes,going access attributes,5,Practical Application
00:01:57.240000,00:02:01.389000,we are going to access these attributes and functions from this file so there,going access attributes functions file,5,Practical Application
00:02:01.389000,00:02:01.399000,and functions from this file so there,functions file,5,Practical Application
00:02:01.399000,00:02:04.190000,and functions from this file so there are basically two files everything is,functions file basically two files everything,5,Practical Application
00:02:04.190000,00:02:04.200000,are basically two files everything is,basically two files everything,3,Transitions
00:02:04.200000,00:02:06.870000,are basically two files everything is not within one file right there are two,basically two files everything within one file right two,2,Context Setting
00:02:06.870000,00:02:06.880000,not within one file right there are two,within one file right two,2,Context Setting
00:02:06.880000,00:02:10.470000,not within one file right there are two files first file with do H,within one file right two files first file h,5,Practical Application
00:02:10.470000,00:02:10.480000,files first file with do H,files first file h,5,Practical Application
00:02:10.480000,00:02:13.190000,files first file with do H extension which is having only the,files first file h extension,5,Practical Application
00:02:13.190000,00:02:13.200000,extension which is having only the,extension,3,Transitions
00:02:13.200000,00:02:14.790000,extension which is having only the class,extension class,1,Step-by-Step Instruction
00:02:14.790000,00:02:14.800000,class,class,1,Step-by-Step Instruction
00:02:14.800000,00:02:16.589000,class declaration,class declaration,1,Step-by-Step Instruction
00:02:16.589000,00:02:16.599000,declaration,declaration,3,Transitions
00:02:16.599000,00:02:20.550000,declaration right another file is in another file,declaration right another file another file,5,Practical Application
00:02:20.550000,00:02:20.560000,right another file is in another file,right another file another file,5,Practical Application
00:02:20.560000,00:02:22.430000,right another file is in another file with do CPP extension we are going to,right another file another file cpp extension going,5,Practical Application
00:02:22.430000,00:02:22.440000,with do CPP extension we are going to,cpp extension going,5,Practical Application
00:02:22.440000,00:02:23.990000,with do CPP extension we are going to create the object of this class and we,cpp extension going create object class,1,Step-by-Step Instruction
00:02:23.990000,00:02:24,create the object of this class and we,create object class,1,Step-by-Step Instruction
00:02:24,00:02:25.830000,create the object of this class and we are going to access these attributes and,create object class going access attributes,1,Step-by-Step Instruction
00:02:25.830000,00:02:25.840000,are going to access these attributes and,going access attributes,5,Practical Application
00:02:25.840000,00:02:26.910000,are going to access these attributes and member,going access attributes member,5,Practical Application
00:02:26.910000,00:02:26.920000,member,member,3,Transitions
00:02:26.920000,00:02:29.910000,member functions any attribute like string name,member functions attribute like string name,0,Introduction
00:02:29.910000,00:02:29.920000,functions any attribute like string name,functions attribute like string name,0,Introduction
00:02:29.920000,00:02:32.630000,functions any attribute like string name name int age or any function maybe like,functions attribute like string name name int age function maybe like,0,Introduction
00:02:32.630000,00:02:32.640000,name int age or any function maybe like,name int age function maybe like,0,Introduction
00:02:32.640000,00:02:34.350000,name int age or any function maybe like void display and just display the name,name int age function maybe like void display display name,0,Introduction
00:02:34.350000,00:02:34.360000,void display and just display the name,void display display name,3,Transitions
00:02:34.360000,00:02:37.630000,void display and just display the name of this instructor in that class and,void display display name instructor class,3,Transitions
00:02:37.630000,00:02:37.640000,of this instructor in that class and,instructor class,1,Step-by-Step Instruction
00:02:37.640000,00:02:39.110000,of this instructor in that class and although we haven't discussed till now,instructor class although havent discussed till,3,Transitions
00:02:39.110000,00:02:39.120000,although we haven't discussed till now,although havent discussed till,3,Transitions
00:02:39.120000,00:02:41.830000,although we haven't discussed till now the ex specifier concept so make this,although havent discussed till ex specifier concept make,6,Conclusion
00:02:41.830000,00:02:41.840000,the ex specifier concept so make this,ex specifier concept make,6,Conclusion
00:02:41.840000,00:02:43.350000,the ex specifier concept so make this everything here,ex specifier concept make everything,6,Conclusion
00:02:43.350000,00:02:43.360000,everything here,everything,3,Transitions
00:02:43.360000,00:02:46.550000,everything here public only then we can access I mean,everything public access mean,3,Transitions
00:02:46.550000,00:02:46.560000,public only then we can access I mean,public access mean,3,Transitions
00:02:46.560000,00:02:49.350000,public only then we can access I mean the class member right using the,public access mean class member right using,1,Step-by-Step Instruction
00:02:49.350000,00:02:49.360000,the class member right using the,class member right using,1,Step-by-Step Instruction
00:02:49.360000,00:02:53.550000,the class member right using the object right now I hope you got the what,class member right using object right hope got,1,Step-by-Step Instruction
00:02:53.550000,00:02:53.560000,object right now I hope you got the what,object right hope got,3,Transitions
00:02:53.560000,00:02:55.390000,object right now I hope you got the what in is the problem,object right hope got problem,3,Transitions
00:02:55.390000,00:02:55.400000,in is the problem,problem,3,Transitions
00:02:55.400000,00:02:58.990000,in is the problem statement see in basically when we use,problem statement see basically use,6,Conclusion
00:02:58.990000,00:02:59,statement see in basically when we use,statement see basically use,6,Conclusion
00:02:59,00:03:02.430000,statement see in basically when we use this op concept then generally uh we,statement see basically use op concept generally uh,6,Conclusion
00:03:02.430000,00:03:02.440000,this op concept then generally uh we,op concept generally uh,6,Conclusion
00:03:02.440000,00:03:04.470000,this op concept then generally uh we don't include everything in one single,op concept generally uh dont include everything one single,6,Conclusion
00:03:04.470000,00:03:04.480000,don't include everything in one single,dont include everything one single,4,Recap
00:03:04.480000,00:03:07.390000,don't include everything in one single file we generally uh divide this,dont include everything one single file generally uh divide,4,Recap
00:03:07.390000,00:03:07.400000,file we generally uh divide this,file generally uh divide,6,Conclusion
00:03:07.400000,00:03:09.390000,file we generally uh divide this software development into two files one,file generally uh divide software development two files one,2,Context Setting
00:03:09.390000,00:03:09.400000,software development into two files one,software development two files one,2,Context Setting
00:03:09.400000,00:03:13.149000,software development into two files one is extension and another is CPP,software development two files one extension another cpp,2,Context Setting
00:03:13.149000,00:03:13.159000,is extension and another is CPP,extension another cpp,5,Practical Application
00:03:13.159000,00:03:15.550000,is extension and another is CPP extension extension file this file is,extension another cpp extension extension file file,5,Practical Application
00:03:15.550000,00:03:15.560000,extension extension file this file is,extension extension file file,5,Practical Application
00:03:15.560000,00:03:18.149000,extension extension file this file is having only the Declaration of classes,extension extension file file declaration classes,5,Practical Application
00:03:18.149000,00:03:18.159000,having only the Declaration of classes,declaration classes,3,Transitions
00:03:18.159000,00:03:20.470000,having only the Declaration of classes functions some Global variables some,declaration classes functions global variables,0,Introduction
00:03:20.470000,00:03:20.480000,functions some Global variables some,functions global variables,0,Introduction
00:03:20.480000,00:03:23.670000,functions some Global variables some macro definitions and all right that's,functions global variables macro definitions right thats,2,Context Setting
00:03:23.670000,00:03:23.680000,macro definitions and all right that's,macro definitions right thats,2,Context Setting
00:03:23.680000,00:03:26.830000,macro definitions and all right that's it and the cpv will have definition of,macro definitions right thats cpv definition,2,Context Setting
00:03:26.830000,00:03:26.840000,it and the cpv will have definition of,cpv definition,3,Transitions
00:03:26.840000,00:03:28.990000,it and the cpv will have definition of all these things like the functions or,cpv definition things like functions,0,Introduction
00:03:28.990000,00:03:29,all these things like the functions or,things like functions,0,Introduction
00:03:29,00:03:30.750000,all these things like the functions or you know class definition function,things like functions know class definition function,0,Introduction
00:03:30.750000,00:03:30.760000,you know class definition function,know class definition function,1,Step-by-Step Instruction
00:03:30.760000,00:03:33.589000,you know class definition function definition method definition or any,know class definition function definition method definition,3,Transitions
00:03:33.589000,00:03:33.599000,definition method definition or any,definition method definition,3,Transitions
00:03:33.599000,00:03:35.949000,definition method definition or any other like Global variables or any other,definition method definition like global variables,0,Introduction
00:03:35.949000,00:03:35.959000,other like Global variables or any other,like global variables,0,Introduction
00:03:35.959000,00:03:38.710000,other like Global variables or any other thing so this do will have only the,like global variables thing,0,Introduction
00:03:38.710000,00:03:38.720000,thing so this do will have only the,thing,3,Transitions
00:03:38.720000,00:03:40.229000,thing so this do will have only the Declaration of all the things and this,thing declaration things,0,Introduction
00:03:40.229000,00:03:40.239000,Declaration of all the things and this,declaration things,0,Introduction
00:03:40.239000,00:03:41.910000,Declaration of all the things and this is having the definition or the actual,declaration things definition actual,0,Introduction
00:03:41.910000,00:03:41.920000,is having the definition or the actual,definition actual,3,Transitions
00:03:41.920000,00:03:45.110000,is having the definition or the actual implementation this is code file and,definition actual implementation code file,5,Practical Application
00:03:45.110000,00:03:45.120000,implementation this is code file and,implementation code file,5,Practical Application
00:03:45.120000,00:03:48.110000,implementation this is code file and this is just the Declaration,implementation code file declaration,5,Practical Application
00:03:48.110000,00:03:48.120000,this is just the Declaration,declaration,3,Transitions
00:03:48.120000,00:03:50.750000,this is just the Declaration file right so when you will be working,declaration file right working,5,Practical Application
00:03:50.750000,00:03:50.760000,file right so when you will be working,file right working,5,Practical Application
00:03:50.760000,00:03:52.789000,file right so when you will be working on you know large projects or large,file right working know large projects large,3,Transitions
00:03:52.789000,00:03:52.799000,on you know large projects or large,know large projects large,3,Transitions
00:03:52.799000,00:03:55.069000,on you know large projects or large programs in later videos then you will,know large projects large programs later videos,3,Transitions
00:03:55.069000,00:03:55.079000,programs in later videos then you will,programs later videos,3,Transitions
00:03:55.079000,00:03:58.470000,programs in later videos then you will get it better how I mean why and how we,programs later videos get better mean,3,Transitions
00:03:58.470000,00:03:58.480000,get it better how I mean why and how we,get better mean,3,Transitions
00:03:58.480000,00:04:01.149000,get it better how I mean why and how we divide you know the code or the thing,get better mean divide know code thing,3,Transitions
00:04:01.149000,00:04:01.159000,divide you know the code or the thing,divide know code thing,3,Transitions
00:04:01.159000,00:04:03.910000,divide you know the code or the thing into two files or more than two files we,divide know code thing two files two files,3,Transitions
00:04:03.910000,00:04:03.920000,into two files or more than two files we,two files two files,3,Transitions
00:04:03.920000,00:04:06.309000,into two files or more than two files we can also have more than two files within,two files two files also two files within,3,Transitions
00:04:06.309000,00:04:06.319000,can also have more than two files within,also two files within,3,Transitions
00:04:06.319000,00:04:08.190000,can also have more than two files within single project we can have four five six,also two files within single project four five six,3,Transitions
00:04:08.190000,00:04:08.200000,single project we can have four five six,single project four five six,3,Transitions
00:04:08.200000,00:04:11.470000,single project we can have four five six files as many file as we want right but,single project four five six files many file want right,5,Practical Application
00:04:11.470000,00:04:11.480000,files as many file as we want right but,files many file want right,5,Practical Application
00:04:11.480000,00:04:13.270000,files as many file as we want right but basically we are going we are going to,files many file want right basically going going,5,Practical Application
00:04:13.270000,00:04:13.280000,basically we are going we are going to,basically going going,5,Practical Application
00:04:13.280000,00:04:14.990000,basically we are going we are going to start with now just two files one is,basically going going start two files one,5,Practical Application
00:04:14.990000,00:04:15,start with now just two files one is,start two files one,2,Context Setting
00:04:15,00:04:17.870000,start with now just two files one is with do extension one is with do CVP,start two files one extension one cvp,2,Context Setting
00:04:17.870000,00:04:17.880000,with do extension one is with do CVP,extension one cvp,2,Context Setting
00:04:17.880000,00:04:19.909000,with do extension one is with do CVP extension right so now pause the video,extension one cvp extension right pause video,2,Context Setting
00:04:19.909000,00:04:19.919000,extension right so now pause the video,extension right pause video,2,Context Setting
00:04:19.919000,00:04:22.150000,extension right so now pause the video and try this out so I hope you have done,extension right pause video try hope done,2,Context Setting
00:04:22.150000,00:04:22.160000,and try this out so I hope you have done,try hope done,3,Transitions
00:04:22.160000,00:04:25.189000,and try this out so I hope you have done this let's create a new,try hope done lets create new,3,Transitions
00:04:25.189000,00:04:25.199000,this let's create a new,lets create new,3,Transitions
00:04:25.199000,00:04:30.270000,this let's create a new file module. H it's already exist so,lets create new file module h already exist,3,Transitions
00:04:30.270000,00:04:30.280000,file module. H it's already exist so,file module h already exist,3,Transitions
00:04:30.280000,00:04:33.110000,file module. H it's already exist so like module 1.,file module h already exist like module 1,3,Transitions
00:04:33.110000,00:04:33.120000,like module 1.,like module 1,0,Introduction
00:04:33.120000,00:04:38.310000,like module 1. H right and here we'll just have one,like module 1 h right well one,2,Context Setting
00:04:38.310000,00:04:38.320000,H right and here we'll just have one,h right well one,2,Context Setting
00:04:38.320000,00:04:40.909000,H right and here we'll just have one class like,h right well one class like,2,Context Setting
00:04:40.909000,00:04:40.919000,class like,class like,0,Introduction
00:04:40.919000,00:04:42.749000,class like class,class like class,1,Step-by-Step Instruction
00:04:42.749000,00:04:42.759000,class,class,1,Step-by-Step Instruction
00:04:42.759000,00:04:45.270000,class instructor there are some include guards,class instructor include guards,4,Recap
00:04:45.270000,00:04:45.280000,instructor there are some include guards,instructor include guards,4,Recap
00:04:45.280000,00:04:48.270000,instructor there are some include guards as well like hash if and if hash Define,instructor include guards well like hash hash define,4,Recap
00:04:48.270000,00:04:48.280000,as well like hash if and if hash Define,well like hash hash define,0,Introduction
00:04:48.280000,00:04:50.790000,as well like hash if and if hash Define it all those thing also we'll see but,well like hash hash define thing also well see,0,Introduction
00:04:50.790000,00:04:50.800000,it all those thing also we'll see but,thing also well see,6,Conclusion
00:04:50.800000,00:04:52.310000,it all those thing also we'll see but right now just simple thing I'm just,thing also well see right simple thing im,6,Conclusion
00:04:52.310000,00:04:52.320000,right now just simple thing I'm just,right simple thing im,2,Context Setting
00:04:52.320000,00:04:55.150000,right now just simple thing I'm just taking one class here right and by,right simple thing im taking one class right,2,Context Setting
00:04:55.150000,00:04:55.160000,taking one class here right and by,taking one class right,2,Context Setting
00:04:55.160000,00:04:56.790000,taking one class here right and by default everything in class is private,taking one class right default everything class private,1,Step-by-Step Instruction
00:04:56.790000,00:04:56.800000,default everything in class is private,default everything class private,1,Step-by-Step Instruction
00:04:56.800000,00:04:59.230000,default everything in class is private so make it public first and then take,default everything class private make public first take,3,Transitions
00:04:59.230000,00:04:59.240000,so make it public first and then take,make public first take,3,Transitions
00:04:59.240000,00:05:01.909000,so make it public first and then take like,make public first take like,0,Introduction
00:05:04.310000,00:05:04.320000,some attributes string and if you're,attributes string youre,3,Transitions
00:05:04.320000,00:05:07.590000,some attributes string and if you're taking here like string so,attributes string youre taking like string,0,Introduction
00:05:07.590000,00:05:07.600000,taking here like string so,taking like string,0,Introduction
00:05:07.600000,00:05:11.230000,taking here like string so obviously better to include,taking like string obviously better include,4,Recap
00:05:11.230000,00:05:11.240000,obviously better to include,obviously better include,4,Recap
00:05:11.240000,00:05:14.469000,obviously better to include what string header okay sorry this would,obviously better include string header okay sorry would,4,Recap
00:05:14.469000,00:05:14.479000,what string header okay sorry this would,string header okay sorry would,3,Transitions
00:05:14.479000,00:05:17.230000,what string header okay sorry this would be scope resolution operator right and,string header okay sorry would scope resolution operator right,3,Transitions
00:05:17.230000,00:05:17.240000,be scope resolution operator right and,scope resolution operator right,2,Context Setting
00:05:17.240000,00:05:22.909000,be scope resolution operator right and one thing I have like in and,scope resolution operator right one thing like,2,Context Setting
00:05:26.189000,00:05:26.199000,uh experience of that,uh experience,6,Conclusion
00:05:26.199000,00:05:28.749000,uh experience of that instructor and only one function I'm,uh experience instructor one function im,2,Context Setting
00:05:28.749000,00:05:28.759000,instructor and only one function I'm,instructor one function im,2,Context Setting
00:05:28.759000,00:05:32.990000,instructor and only one function I'm taking like void,instructor one function im taking like void,0,Introduction
00:05:35.430000,00:05:35.440000,display and just Define the here only,display define,3,Transitions
00:05:35.440000,00:05:38.270000,display and just Define the here only and I'm just writing here like hi myself,display define im writing like hi,0,Introduction
00:05:38.270000,00:05:38.280000,and I'm just writing here like hi myself,im writing like hi,0,Introduction
00:05:38.280000,00:05:40.710000,and I'm just writing here like hi myself and whatever the name we will take and,im writing like hi whatever name take,0,Introduction
00:05:40.710000,00:05:40.720000,and whatever the name we will take and,whatever name take,3,Transitions
00:05:40.720000,00:05:45.430000,and whatever the name we will take and like having,whatever name take like,0,Introduction
00:05:49.350000,00:05:49.360000,experience whatever the EXP we,experience whatever exp,3,Transitions
00:05:49.360000,00:05:52.590000,experience whatever the EXP we take and we are not using here the using,experience whatever exp take using using,3,Transitions
00:05:52.590000,00:05:52.600000,take and we are not using here the using,take using using,3,Transitions
00:05:52.600000,00:05:54.830000,take and we are not using here the using name space STD so better to write down,take using using name space std better write,3,Transitions
00:05:54.830000,00:05:54.840000,name space STD so better to write down,name space std better write,3,Transitions
00:05:54.840000,00:06:00.070000,name space STD so better to write down like obviously that name space STD,name space std better write like obviously name space std,3,Transitions
00:06:04.830000,00:06:04.840000,right so now here we have just only this,right,2,Context Setting
00:06:04.840000,00:06:07.150000,right so now here we have just only this class although I have defined this,right class although defined,1,Step-by-Step Instruction
00:06:07.150000,00:06:07.160000,class although I have defined this,class although defined,1,Step-by-Step Instruction
00:06:07.160000,00:06:09.189000,class although I have defined this method here we'll also see method,class although defined method well also see method,6,Conclusion
00:06:09.189000,00:06:09.199000,method here we'll also see method,method well also see method,6,Conclusion
00:06:09.199000,00:06:11.430000,method here we'll also see method implementation uh different ways to,method well also see method implementation uh different ways,6,Conclusion
00:06:11.430000,00:06:11.440000,implementation uh different ways to,implementation uh different ways,6,Conclusion
00:06:11.440000,00:06:13.150000,implementation uh different ways to implement these method inside class,implementation uh different ways implement method inside class,6,Conclusion
00:06:13.150000,00:06:13.160000,implement these method inside class,implement method inside class,1,Step-by-Step Instruction
00:06:13.160000,00:06:15.309000,implement these method inside class outside class different class and all,implement method inside class outside class different class,1,Step-by-Step Instruction
00:06:15.309000,00:06:15.319000,outside class different class and all,outside class different class,1,Step-by-Step Instruction
00:06:15.319000,00:06:18.510000,outside class different class and all but for now sorry but for now I'm just,outside class different class sorry im,1,Step-by-Step Instruction
00:06:18.510000,00:06:18.520000,but for now sorry but for now I'm just,sorry im,3,Transitions
00:06:18.520000,00:06:20.070000,but for now sorry but for now I'm just defining this method here only inside,sorry im defining method inside,3,Transitions
00:06:20.070000,00:06:20.080000,defining this method here only inside,defining method inside,3,Transitions
00:06:20.080000,00:06:23.230000,defining this method here only inside this class only,defining method inside class,1,Step-by-Step Instruction
00:06:23.230000,00:06:23.240000,this class only,class,1,Step-by-Step Instruction
00:06:23.240000,00:06:27.110000,this class only right but yeah you are using this C out,class right yeah using c,1,Step-by-Step Instruction
00:06:27.110000,00:06:27.120000,right but yeah you are using this C out,right yeah using c,2,Context Setting
00:06:27.120000,00:06:32.469000,right but yeah you are using this C out so you have to include here,right yeah using c include,4,Recap
00:06:50.589000,00:06:50.599000,only let's create one more file and I'm,lets create one file im,5,Practical Application
00:06:50.599000,00:06:54.110000,only let's create one more file and I'm going to uh make that name of the,lets create one file im going uh make name,5,Practical Application
00:06:54.110000,00:06:54.120000,going to uh make that name of the,going uh make name,6,Conclusion
00:06:54.120000,00:06:57.909000,going to uh make that name of the file instructor.,going uh make name file instructor,5,Practical Application
00:06:57.909000,00:06:57.919000,file instructor.,file instructor,5,Practical Application
00:06:57.919000,00:07:00.189000,file instructor. CPP right,file instructor cpp right,5,Practical Application
00:07:00.189000,00:07:00.199000,CPP right,cpp right,2,Context Setting
00:07:00.199000,00:07:03.270000,CPP right and here in this file this is main file,cpp right file main file,5,Practical Application
00:07:03.270000,00:07:03.280000,and here in this file this is main file,file main file,5,Practical Application
00:07:03.280000,00:07:05.270000,and here in this file this is main file or you can take any name here I'm going,file main file take name im going,5,Practical Application
00:07:05.270000,00:07:05.280000,or you can take any name here I'm going,take name im going,3,Transitions
00:07:05.280000,00:07:07.790000,or you can take any name here I'm going to create object of that class that we,take name im going create object class,1,Step-by-Step Instruction
00:07:07.790000,00:07:07.800000,to create object of that class that we,create object class,1,Step-by-Step Instruction
00:07:07.800000,00:07:10.029000,to create object of that class that we have in this module 1.,create object class module 1,1,Step-by-Step Instruction
00:07:10.029000,00:07:10.039000,have in this module 1.,module 1,3,Transitions
00:07:10.039000,00:07:16.270000,have in this module 1. H so to access this class from this this,module 1 h access class,1,Step-by-Step Instruction
00:07:16.270000,00:07:16.280000,H so to access this class from this this,h access class,1,Step-by-Step Instruction
00:07:16.280000,00:07:18.710000,H so to access this class from this this file CP CB file first you have to,h access class file cp cb file first,5,Practical Application
00:07:18.710000,00:07:18.720000,file CP CB file first you have to,file cp cb file first,5,Practical Application
00:07:18.720000,00:07:23.070000,file CP CB file first you have to include this module 1. within this file,file cp cb file first include module 1 within file,5,Practical Application
00:07:23.070000,00:07:23.080000,include this module 1. within this file,include module 1 within file,4,Recap
00:07:23.080000,00:07:25.990000,include this module 1. within this file right so we have to include something,include module 1 within file right include something,4,Recap
00:07:25.990000,00:07:26,right so we have to include something,right include something,4,Recap
00:07:26,00:07:29.710000,right so we have to include something like this hash include and,right include something like hash include,4,Recap
00:07:29.710000,00:07:29.720000,like this hash include and,like hash include,4,Recap
00:07:29.720000,00:07:32.710000,like this hash include and module 1. H here I'm not using these,like hash include module 1 h im using,4,Recap
00:07:32.710000,00:07:32.720000,module 1. H here I'm not using these,module 1 h im using,3,Transitions
00:07:32.720000,00:07:34.550000,module 1. H here I'm not using these brackets angular brackets because these,module 1 h im using brackets angular brackets,3,Transitions
00:07:34.550000,00:07:34.560000,brackets angular brackets because these,brackets angular brackets,3,Transitions
00:07:34.560000,00:07:36.150000,brackets angular brackets because these brackets are used when you want to,brackets angular brackets brackets used want,3,Transitions
00:07:36.150000,00:07:36.160000,brackets are used when you want to,brackets used want,3,Transitions
00:07:36.160000,00:07:38.790000,brackets are used when you want to include those standard system defined,brackets used want include standard system defined,4,Recap
00:07:38.790000,00:07:38.800000,include those standard system defined,include standard system defined,4,Recap
00:07:38.800000,00:07:40.749000,include those standard system defined libraries iio stream string Vector,include standard system defined libraries iio stream string vector,4,Recap
00:07:40.749000,00:07:40.759000,libraries iio stream string Vector,libraries iio stream string vector,3,Transitions
00:07:40.759000,00:07:42.830000,libraries iio stream string Vector already defined but if you want to,libraries iio stream string vector already defined want,3,Transitions
00:07:42.830000,00:07:42.840000,already defined but if you want to,already defined want,3,Transitions
00:07:42.840000,00:07:45.270000,already defined but if you want to include the file which you have defined,already defined want include file defined,4,Recap
00:07:45.270000,00:07:45.280000,include the file which you have defined,include file defined,4,Recap
00:07:45.280000,00:07:46.149000,include the file which you have defined like,include file defined like,4,Recap
00:07:46.149000,00:07:46.159000,like,like,0,Introduction
00:07:46.159000,00:07:52.629000,like module module 1 do then we use this uh,like module module 1 use uh,3,Transitions
00:07:52.629000,00:07:52.639000,module module 1 do then we use this uh,module module 1 use uh,3,Transitions
00:07:52.639000,00:07:54.990000,module module 1 do then we use this uh uh double quotes right not those angular,module module 1 use uh uh double quotes right angular,6,Conclusion
00:07:54.990000,00:07:55,uh double quotes right not those angular,uh double quotes right angular,6,Conclusion
00:07:55,00:07:57.670000,uh double quotes right not those angular brackets so these are some convention to,uh double quotes right angular brackets convention,6,Conclusion
00:07:57.670000,00:07:57.680000,brackets so these are some convention to,brackets convention,3,Transitions
00:07:57.680000,00:08:00.149000,brackets so these are some convention to include these files,brackets convention include files,4,Recap
00:08:00.149000,00:08:00.159000,include these files,include files,4,Recap
00:08:00.159000,00:08:03.189000,include these files okay,include files okay,4,Recap
00:08:07.189000,00:08:07.199000,now let's include iio stream as well and,lets include iio stream well,4,Recap
00:08:07.199000,00:08:10.869000,now let's include iio stream as well and uh now obviously here we will have Main,lets include iio stream well uh obviously main,4,Recap
00:08:10.869000,00:08:10.879000,uh now obviously here we will have Main,uh obviously main,6,Conclusion
00:08:10.879000,00:08:12.469000,uh now obviously here we will have Main and within main we are going to create,uh obviously main within main going create,5,Practical Application
00:08:12.469000,00:08:12.479000,and within main we are going to create,within main going create,5,Practical Application
00:08:12.479000,00:08:17.270000,and within main we are going to create object of see instructor I can easily,within main going create object see instructor easily,6,Conclusion
00:08:17.270000,00:08:17.280000,object of see instructor I can easily,object see instructor easily,6,Conclusion
00:08:17.280000,00:08:19.029000,object of see instructor I can easily access this right because I have include,object see instructor easily access right include,4,Recap
00:08:19.029000,00:08:19.039000,access this right because I have include,access right include,4,Recap
00:08:19.039000,00:08:20.749000,access this right because I have include this module 1. and if you haven't,access right include module 1 havent,4,Recap
00:08:20.749000,00:08:20.759000,this module 1. and if you haven't,module 1 havent,3,Transitions
00:08:20.759000,00:08:23.309000,this module 1. and if you haven't include this let's just comment out this,module 1 havent include lets comment,4,Recap
00:08:23.309000,00:08:23.319000,include this let's just comment out this,include lets comment,4,Recap
00:08:23.319000,00:08:24.149000,include this let's just comment out this and,include lets comment,4,Recap
00:08:24.149000,00:08:24.159000,and,,3,Transitions
00:08:24.159000,00:08:28.270000,and now see it's not showing those you know,see showing know,6,Conclusion
00:08:28.270000,00:08:28.280000,now see it's not showing those you know,see showing know,6,Conclusion
00:08:28.280000,00:08:32.430000,now see it's not showing those you know options so to access whatever is there,see showing know options access whatever,6,Conclusion
00:08:32.430000,00:08:32.440000,options so to access whatever is there,options access whatever,3,Transitions
00:08:32.440000,00:08:34.389000,options so to access whatever is there in to to access this class you have to,options access whatever access class,1,Step-by-Step Instruction
00:08:34.389000,00:08:34.399000,in to to access this class you have to,access class,1,Step-by-Step Instruction
00:08:34.399000,00:08:35.909000,in to to access this class you have to include,access class include,4,Recap
00:08:35.909000,00:08:35.919000,include,include,4,Recap
00:08:35.919000,00:08:39.310000,include this module one so instructor and,include module one instructor,4,Recap
00:08:39.310000,00:08:39.320000,this module one so instructor and,module one instructor,2,Context Setting
00:08:39.320000,00:08:41.909000,this module one so instructor and suppose,module one instructor suppose,2,Context Setting
00:08:41.909000,00:08:41.919000,suppose,suppose,2,Context Setting
00:08:41.919000,00:08:46.070000,suppose J or,suppose j,2,Context Setting
00:08:48.750000,00:08:48.760000,uh instructor,uh instructor,6,Conclusion
00:08:48.760000,00:08:54.750000,uh instructor 1 that's it and instructor 1 dot name,uh instructor 1 thats instructor 1 dot name,3,Transitions
00:08:54.750000,00:08:54.760000,1 that's it and instructor 1 dot name,1 thats instructor 1 dot name,3,Transitions
00:08:54.760000,00:08:59.590000,1 that's it and instructor 1 dot name equal to Jenny,1 thats instructor 1 dot name equal jenny,3,Transitions
00:09:03.509000,00:09:03.519000,and instructor 1 do age sorry not age,instructor 1 age sorry age,3,Transitions
00:09:03.519000,00:09:07.829000,and instructor 1 do age sorry not age that was experience is equal to how many,instructor 1 age sorry age experience equal many,3,Transitions
00:09:07.829000,00:09:07.839000,that was experience is equal to how many,experience equal many,3,Transitions
00:09:07.839000,00:09:13.230000,that was experience is equal to how many years suppose 7 years and,experience equal many years suppose 7 years,3,Transitions
00:09:19.230000,00:09:19.240000,then instructor 1 do display that's,instructor 1 display thats,3,Transitions
00:09:19.240000,00:09:22.990000,then instructor 1 do display that's it return,instructor 1 display thats return,3,Transitions
00:09:26.190000,00:09:26.200000,zero fine now let's run this and see,zero fine lets run see,6,Conclusion
00:09:26.200000,00:09:29.069000,zero fine now let's run this and see what output you are getting here see hi,zero fine lets run see output getting see hi,6,Conclusion
00:09:29.069000,00:09:29.079000,what output you are getting here see hi,output getting see hi,6,Conclusion
00:09:29.079000,00:09:31.310000,what output you are getting here see hi myself joury having experience of 7,output getting see hi joury experience 7,6,Conclusion
00:09:31.310000,00:09:31.320000,myself joury having experience of 7,joury experience 7,3,Transitions
00:09:31.320000,00:09:33.550000,myself joury having experience of 7 years you got,joury experience 7 years got,3,Transitions
00:09:33.550000,00:09:33.560000,years you got,years got,3,Transitions
00:09:33.560000,00:09:37.829000,years you got it right so see we have two files now,years got right see two files,6,Conclusion
00:09:37.829000,00:09:37.839000,it right so see we have two files now,right see two files,6,Conclusion
00:09:37.839000,00:09:40.430000,it right so see we have two files now for only like one it's like small,right see two files like one like small,0,Introduction
00:09:40.430000,00:09:40.440000,for only like one it's like small,like one like small,0,Introduction
00:09:40.440000,00:09:43.790000,for only like one it's like small project here we have only just the class,like one like small project class,0,Introduction
00:09:43.790000,00:09:43.800000,project here we have only just the class,project class,1,Step-by-Step Instruction
00:09:43.800000,00:09:46.829000,project here we have only just the class class declaration and from here we are,project class class declaration,1,Step-by-Step Instruction
00:09:46.829000,00:09:46.839000,class declaration and from here we are,class declaration,1,Step-by-Step Instruction
00:09:46.839000,00:09:48.829000,class declaration and from here we are accessing using the object we are,class declaration accessing using object,1,Step-by-Step Instruction
00:09:48.829000,00:09:48.839000,accessing using the object we are,accessing using object,1,Step-by-Step Instruction
00:09:48.839000,00:09:50.230000,accessing using the object we are accessing whatever is there in the class,accessing using object accessing whatever class,1,Step-by-Step Instruction
00:09:50.230000,00:09:50.240000,accessing whatever is there in the class,accessing whatever class,1,Step-by-Step Instruction
00:09:50.240000,00:09:51.790000,accessing whatever is there in the class the class members right so this also we,accessing whatever class class members right also,1,Step-by-Step Instruction
00:09:51.790000,00:09:51.800000,the class members right so this also we,class members right also,1,Step-by-Step Instruction
00:09:51.800000,00:09:54.990000,the class members right so this also we can do just you have to include that do,class members right also include,4,Recap
00:09:54.990000,00:09:55,can do just you have to include that do,include,4,Recap
00:09:55,00:09:57.710000,can do just you have to include that do file right so in the next video we'll,include file right next video well,4,Recap
00:09:57.710000,00:09:57.720000,file right so in the next video we'll,file right next video well,2,Context Setting
00:09:57.720000,00:09:59.870000,file right so in the next video we'll see what are excess specifiers you know,file right next video well see excess specifiers know,6,Conclusion
00:09:59.870000,00:09:59.880000,see what are excess specifiers you know,see excess specifiers know,6,Conclusion
00:09:59.880000,00:10:01.550000,see what are excess specifiers you know public private and protected so now we,see excess specifiers know public private protected,6,Conclusion
00:10:01.550000,00:10:01.560000,public private and protected so now we,public private protected,3,Transitions
00:10:01.560000,00:10:03.389000,public private and protected so now we see in the next video then bye- bye take,public private protected see next video bye bye take,6,Conclusion
00:10:03.389000,00:10:03.399000,see in the next video then bye- bye take,see next video bye bye take,6,Conclusion
00:10:03.399000,00:10:06.399000,see in the next video then bye- bye take care,see next video bye bye take care,6,Conclusion
