Start Time,End Time,Text
00:00:02.550000,00:00:02.560000,hello everyone i hope you all are safe
00:00:02.560000,00:00:05.110000,hello everyone i hope you all are safe and doing good so now let me just tell
00:00:05.110000,00:00:05.120000,and doing good so now let me just tell
00:00:05.120000,00:00:06.470000,and doing good so now let me just tell you one thing the which subject i'm
00:00:06.470000,00:00:06.480000,you one thing the which subject i'm
00:00:06.480000,00:00:08.790000,you one thing the which subject i'm going to start now c plus plus we have
00:00:08.790000,00:00:08.800000,going to start now c plus plus we have
00:00:08.800000,00:00:11.509000,going to start now c plus plus we have completed c so now i'm going to start
00:00:11.509000,00:00:11.519000,completed c so now i'm going to start
00:00:11.519000,00:00:13.509000,completed c so now i'm going to start c plus plus right
00:00:13.509000,00:00:13.519000,c plus plus right
00:00:13.519000,00:00:15.270000,c plus plus right because see yeah i have asked from you
00:00:15.270000,00:00:15.280000,because see yeah i have asked from you
00:00:15.280000,00:00:16.790000,because see yeah i have asked from you guys also through a poll with subjective
00:00:16.790000,00:00:16.800000,guys also through a poll with subjective
00:00:16.800000,00:00:18.710000,guys also through a poll with subjective start and to be honest first preface was
00:00:18.710000,00:00:18.720000,start and to be honest first preface was
00:00:18.720000,00:00:20.710000,start and to be honest first preface was java then python then c plus plus third
00:00:20.710000,00:00:20.720000,java then python then c plus plus third
00:00:20.720000,00:00:22.390000,java then python then c plus plus third number was c plus plus
00:00:22.390000,00:00:22.400000,number was c plus plus
00:00:22.400000,00:00:24.470000,number was c plus plus yeah i know java is one of the top or
00:00:24.470000,00:00:24.480000,yeah i know java is one of the top or
00:00:24.480000,00:00:25.750000,yeah i know java is one of the top or maybe you can say the topmost
00:00:25.750000,00:00:25.760000,maybe you can say the topmost
00:00:25.760000,00:00:27.189000,maybe you can say the topmost programming language
00:00:27.189000,00:00:27.199000,programming language
00:00:27.199000,00:00:29.429000,programming language which is in demand in industries i know
00:00:29.429000,00:00:29.439000,which is in demand in industries i know
00:00:29.439000,00:00:30.550000,which is in demand in industries i know very well
00:00:30.550000,00:00:30.560000,very well
00:00:30.560000,00:00:32.709000,very well but see i thought that i have completed
00:00:32.709000,00:00:32.719000,but see i thought that i have completed
00:00:32.719000,00:00:35.190000,but see i thought that i have completed c recently so it would be easy for you
00:00:35.190000,00:00:35.200000,c recently so it would be easy for you
00:00:35.200000,00:00:37.990000,c recently so it would be easy for you guys to grab c plus plus concept easily
00:00:37.990000,00:00:38,guys to grab c plus plus concept easily
00:00:38,00:00:39.190000,guys to grab c plus plus concept easily right
00:00:39.190000,00:00:39.200000,right
00:00:39.200000,00:00:41.270000,right so i think i should start and in our
00:00:41.270000,00:00:41.280000,so i think i should start and in our
00:00:41.280000,00:00:43.510000,so i think i should start and in our curriculum also in colleges like for c
00:00:43.510000,00:00:43.520000,curriculum also in colleges like for c
00:00:43.520000,00:00:45.430000,curriculum also in colleges like for c then c plus plus then java comes so
00:00:45.430000,00:00:45.440000,then c plus plus then java comes so
00:00:45.440000,00:00:46.470000,then c plus plus then java comes so maybe
00:00:46.470000,00:00:46.480000,maybe
00:00:46.480000,00:00:49.270000,maybe i would follow this order c then c plus
00:00:49.270000,00:00:49.280000,i would follow this order c then c plus
00:00:49.280000,00:00:50.790000,i would follow this order c then c plus plus then java
00:00:50.790000,00:00:50.800000,plus then java
00:00:50.800000,00:00:52.790000,plus then java and it would be easy for me also to
00:00:52.790000,00:00:52.800000,and it would be easy for me also to
00:00:52.800000,00:00:55.029000,and it would be easy for me also to complete it c plus plus you know as fast
00:00:55.029000,00:00:55.039000,complete it c plus plus you know as fast
00:00:55.039000,00:00:56.549000,complete it c plus plus you know as fast as possible
00:00:56.549000,00:00:56.559000,as possible
00:00:56.559000,00:00:58.950000,as possible so i you know i apologize to those who
00:00:58.950000,00:00:58.960000,so i you know i apologize to those who
00:00:58.960000,00:01:00.549000,so i you know i apologize to those who was waiting for java course but the good
00:01:00.549000,00:01:00.559000,was waiting for java course but the good
00:01:00.559000,00:01:01.990000,was waiting for java course but the good news is i am
00:01:01.990000,00:01:02,news is i am
00:01:02,00:01:04.310000,news is i am apparently i'm preparing java classes
00:01:04.310000,00:01:04.320000,apparently i'm preparing java classes
00:01:04.320000,00:01:05.670000,apparently i'm preparing java classes right
00:01:05.670000,00:01:05.680000,right
00:01:05.680000,00:01:07.429000,right after you know you will get familiar
00:01:07.429000,00:01:07.439000,after you know you will get familiar
00:01:07.439000,00:01:09.429000,after you know you will get familiar with c plus once you have completed like
00:01:09.429000,00:01:09.439000,with c plus once you have completed like
00:01:09.439000,00:01:11.429000,with c plus once you have completed like basics of c plus plus and you are able
00:01:11.429000,00:01:11.439000,basics of c plus plus and you are able
00:01:11.439000,00:01:13.350000,basics of c plus plus and you are able to written some programs in c plus plus
00:01:13.350000,00:01:13.360000,to written some programs in c plus plus
00:01:13.360000,00:01:15.910000,to written some programs in c plus plus then parallely we can start java also
00:01:15.910000,00:01:15.920000,then parallely we can start java also
00:01:15.920000,00:01:18.070000,then parallely we can start java also i'm preparing those because the thing is
00:01:18.070000,00:01:18.080000,i'm preparing those because the thing is
00:01:18.080000,00:01:20.149000,i'm preparing those because the thing is i want to complete these courses you
00:01:20.149000,00:01:20.159000,i want to complete these courses you
00:01:20.159000,00:01:22.390000,i want to complete these courses you know like i have completed c
00:01:22.390000,00:01:22.400000,know like i have completed c
00:01:22.400000,00:01:24.710000,know like i have completed c uh programming course in detail
00:01:24.710000,00:01:24.720000,uh programming course in detail
00:01:24.720000,00:01:27.109000,uh programming course in detail from basic i want to
00:01:27.109000,00:01:27.119000,from basic i want to
00:01:27.119000,00:01:27.990000,from basic i want to you know
00:01:27.990000,00:01:28,you know
00:01:28,00:01:29.190000,you know complete this
00:01:29.190000,00:01:29.200000,complete this
00:01:29.200000,00:01:31.350000,complete this course maybe any course c plus plus or
00:01:31.350000,00:01:31.360000,course maybe any course c plus plus or
00:01:31.360000,00:01:32.789000,course maybe any course c plus plus or java
00:01:32.789000,00:01:32.799000,java
00:01:32.799000,00:01:34.390000,java in a way that even if you don't know
00:01:34.390000,00:01:34.400000,in a way that even if you don't know
00:01:34.400000,00:01:35.990000,in a way that even if you don't know abcd of programming
00:01:35.990000,00:01:36,abcd of programming
00:01:36,00:01:37.830000,abcd of programming you can easily grab the concept you can
00:01:37.830000,00:01:37.840000,you can easily grab the concept you can
00:01:37.840000,00:01:41.429000,you can easily grab the concept you can easily understand what i'm teaching here
00:01:41.429000,00:01:41.439000,easily understand what i'm teaching here
00:01:41.439000,00:01:43.190000,easily understand what i'm teaching here right it's not like that uber rupert
00:01:43.190000,00:01:43.200000,right it's not like that uber rupert
00:01:43.200000,00:01:43.990000,right it's not like that uber rupert says
00:01:43.990000,00:01:44,says
00:01:44,00:01:45.749000,says so i want to you know
00:01:45.749000,00:01:45.759000,so i want to you know
00:01:45.759000,00:01:46.550000,so i want to you know go
00:01:46.550000,00:01:46.560000,go
00:01:46.560000,00:01:47.590000,go in deep
00:01:47.590000,00:01:47.600000,in deep
00:01:47.600000,00:01:50.469000,in deep like i have completed c uh course from
00:01:50.469000,00:01:50.479000,like i have completed c uh course from
00:01:50.479000,00:01:53.190000,like i have completed c uh course from basic from scratch each and every point
00:01:53.190000,00:01:53.200000,basic from scratch each and every point
00:01:53.200000,00:01:55.030000,basic from scratch each and every point i have tried my best to complete in that
00:01:55.030000,00:01:55.040000,i have tried my best to complete in that
00:01:55.040000,00:01:57.190000,i have tried my best to complete in that course that thing i want
00:01:57.190000,00:01:57.200000,course that thing i want
00:01:57.200000,00:02:00.149000,course that thing i want so for this thing you know for java to
00:02:00.149000,00:02:00.159000,so for this thing you know for java to
00:02:00.159000,00:02:01.109000,so for this thing you know for java to complete
00:02:01.109000,00:02:01.119000,complete
00:02:01.119000,00:02:03.670000,complete this kind of lectures for java uh
00:02:03.670000,00:02:03.680000,this kind of lectures for java uh
00:02:03.680000,00:02:05.910000,this kind of lectures for java uh programming language i need some time
00:02:05.910000,00:02:05.920000,programming language i need some time
00:02:05.920000,00:02:07.510000,programming language i need some time right that is why i'm preparing
00:02:07.510000,00:02:07.520000,right that is why i'm preparing
00:02:07.520000,00:02:09.510000,right that is why i'm preparing parallelly java classes maybe after some
00:02:09.510000,00:02:09.520000,parallelly java classes maybe after some
00:02:09.520000,00:02:11.190000,parallelly java classes maybe after some time we can start parallely c plus plus
00:02:11.190000,00:02:11.200000,time we can start parallely c plus plus
00:02:11.200000,00:02:12.710000,time we can start parallely c plus plus and java but right now i'm going to
00:02:12.710000,00:02:12.720000,and java but right now i'm going to
00:02:12.720000,00:02:14.390000,and java but right now i'm going to start c plus plus
00:02:14.390000,00:02:14.400000,start c plus plus
00:02:14.400000,00:02:15.589000,start c plus plus and
00:02:15.589000,00:02:15.599000,and
00:02:15.599000,00:02:18.070000,and i will try my best to complete it
00:02:18.070000,00:02:18.080000,i will try my best to complete it
00:02:18.080000,00:02:20.710000,i will try my best to complete it in detail i'll keep it as a beginner
00:02:20.710000,00:02:20.720000,in detail i'll keep it as a beginner
00:02:20.720000,00:02:22.470000,in detail i'll keep it as a beginner friendly course like if you don't know
00:02:22.470000,00:02:22.480000,friendly course like if you don't know
00:02:22.480000,00:02:25.350000,friendly course like if you don't know anything abcd of coding then you can
00:02:25.350000,00:02:25.360000,anything abcd of coding then you can
00:02:25.360000,00:02:28.550000,anything abcd of coding then you can easily grab the concept right
00:02:28.550000,00:02:28.560000,easily grab the concept right
00:02:28.560000,00:02:31.350000,easily grab the concept right so now what i'm going to cover in this
00:02:31.350000,00:02:31.360000,so now what i'm going to cover in this
00:02:31.360000,00:02:33.509000,so now what i'm going to cover in this i'll just give you an overview not in
00:02:33.509000,00:02:33.519000,i'll just give you an overview not in
00:02:33.519000,00:02:35.030000,i'll just give you an overview not in detail i'm going to tell you or just
00:02:35.030000,00:02:35.040000,detail i'm going to tell you or just
00:02:35.040000,00:02:36.309000,detail i'm going to tell you or just give you the overview what we are going
00:02:36.309000,00:02:36.319000,give you the overview what we are going
00:02:36.319000,00:02:39.350000,give you the overview what we are going to cover in this course right let's see
00:02:39.350000,00:02:39.360000,to cover in this course right let's see
00:02:39.360000,00:02:40.390000,to cover in this course right let's see so
00:02:40.390000,00:02:40.400000,so
00:02:40.400000,00:02:43.110000,so this is what we are going to cover the
00:02:43.110000,00:02:43.120000,this is what we are going to cover the
00:02:43.120000,00:02:45.670000,this is what we are going to cover the main main topics i have written over
00:02:45.670000,00:02:45.680000,main main topics i have written over
00:02:45.680000,00:02:48.229000,main main topics i have written over there firstly we will see the basics
00:02:48.229000,00:02:48.239000,there firstly we will see the basics
00:02:48.239000,00:02:50.390000,there firstly we will see the basics right like see as you know c plus plus
00:02:50.390000,00:02:50.400000,right like see as you know c plus plus
00:02:50.400000,00:02:52.309000,right like see as you know c plus plus is object oriented programming language
00:02:52.309000,00:02:52.319000,is object oriented programming language
00:02:52.319000,00:02:54.550000,is object oriented programming language not purely but yeah it is
00:02:54.550000,00:02:54.560000,not purely but yeah it is
00:02:54.560000,00:02:56.790000,not purely but yeah it is why so because it follows the object
00:02:56.790000,00:02:56.800000,why so because it follows the object
00:02:56.800000,00:02:59.270000,why so because it follows the object oriented programming those uh concept
00:02:59.270000,00:02:59.280000,oriented programming those uh concept
00:02:59.280000,00:03:02.470000,oriented programming those uh concept abstraction polymorphism encapsulation
00:03:02.470000,00:03:02.480000,abstraction polymorphism encapsulation
00:03:02.480000,00:03:04.309000,abstraction polymorphism encapsulation classes and objects these concepts so
00:03:04.309000,00:03:04.319000,classes and objects these concepts so
00:03:04.319000,00:03:06.149000,classes and objects these concepts so what is this op object oriented
00:03:06.149000,00:03:06.159000,what is this op object oriented
00:03:06.159000,00:03:08.790000,what is this op object oriented programming and how it is different from
00:03:08.790000,00:03:08.800000,programming and how it is different from
00:03:08.800000,00:03:11.030000,programming and how it is different from like procedural oriented programming or
00:03:11.030000,00:03:11.040000,like procedural oriented programming or
00:03:11.040000,00:03:13.110000,like procedural oriented programming or functional programming that basic will
00:03:13.110000,00:03:13.120000,functional programming that basic will
00:03:13.120000,00:03:15.110000,functional programming that basic will see and how it is different from c
00:03:15.110000,00:03:15.120000,see and how it is different from c
00:03:15.120000,00:03:17.990000,see and how it is different from c language right then we'll see the one c
00:03:17.990000,00:03:18,language right then we'll see the one c
00:03:18,00:03:19.509000,language right then we'll see the one c plus plus program we will write simple
00:03:19.509000,00:03:19.519000,plus plus program we will write simple
00:03:19.519000,00:03:21.910000,plus plus program we will write simple program just to print out maybe in every
00:03:21.910000,00:03:21.920000,program just to print out maybe in every
00:03:21.920000,00:03:23.270000,program just to print out maybe in every language first program we generally
00:03:23.270000,00:03:23.280000,language first program we generally
00:03:23.280000,00:03:24.550000,language first program we generally write is hello world to print hello
00:03:24.550000,00:03:24.560000,write is hello world to print hello
00:03:24.560000,00:03:26.630000,write is hello world to print hello world so maybe that program will print
00:03:26.630000,00:03:26.640000,world so maybe that program will print
00:03:26.640000,00:03:28.710000,world so maybe that program will print or any simple program you can
00:03:28.710000,00:03:28.720000,or any simple program you can
00:03:28.720000,00:03:30.630000,or any simple program you can uh take so you'll see the structure of
00:03:30.630000,00:03:30.640000,uh take so you'll see the structure of
00:03:30.640000,00:03:32.390000,uh take so you'll see the structure of that c plus plus program
00:03:32.390000,00:03:32.400000,that c plus plus program
00:03:32.400000,00:03:33.190000,that c plus plus program right
00:03:33.190000,00:03:33.200000,right
00:03:33.200000,00:03:34.550000,right then
00:03:34.550000,00:03:34.560000,then
00:03:34.560000,00:03:36.949000,then the basic things like what is data type
00:03:36.949000,00:03:36.959000,the basic things like what is data type
00:03:36.959000,00:03:39.350000,the basic things like what is data type variables keywords identifiers as we
00:03:39.350000,00:03:39.360000,variables keywords identifiers as we
00:03:39.360000,00:03:41.509000,variables keywords identifiers as we have discussed in c language also every
00:03:41.509000,00:03:41.519000,have discussed in c language also every
00:03:41.519000,00:03:43.830000,have discussed in c language also every language obviously is having its own
00:03:43.830000,00:03:43.840000,language obviously is having its own
00:03:43.840000,00:03:45.910000,language obviously is having its own keywords and these things so we'll be
00:03:45.910000,00:03:45.920000,keywords and these things so we'll be
00:03:45.920000,00:03:48.390000,keywords and these things so we'll be seeing that thing then operators
00:03:48.390000,00:03:48.400000,seeing that thing then operators
00:03:48.400000,00:03:50.390000,seeing that thing then operators then we will see control structure like
00:03:50.390000,00:03:50.400000,then we will see control structure like
00:03:50.400000,00:03:52.550000,then we will see control structure like fl's and loops
00:03:52.550000,00:03:52.560000,fl's and loops
00:03:52.560000,00:03:55.030000,fl's and loops with the help of program
00:03:55.030000,00:03:55.040000,with the help of program
00:03:55.040000,00:03:56.470000,with the help of program each and every concept will see the help
00:03:56.470000,00:03:56.480000,each and every concept will see the help
00:03:56.480000,00:03:58.309000,each and every concept will see the help of programs then functions especially
00:03:58.309000,00:03:58.319000,of programs then functions especially
00:03:58.319000,00:04:00.470000,of programs then functions especially what is in line function right and
00:04:00.470000,00:04:00.480000,what is in line function right and
00:04:00.480000,00:04:03.589000,what is in line function right and overloading yes the new concept and say
00:04:03.589000,00:04:03.599000,overloading yes the new concept and say
00:04:03.599000,00:04:04.869000,overloading yes the new concept and say like what is function overloading what
00:04:04.869000,00:04:04.879000,like what is function overloading what
00:04:04.879000,00:04:06.710000,like what is function overloading what is inline function that will see after
00:04:06.710000,00:04:06.720000,is inline function that will see after
00:04:06.720000,00:04:07.589000,is inline function that will see after that
00:04:07.589000,00:04:07.599000,that
00:04:07.599000,00:04:09.990000,that comes to the oops concept classes and
00:04:09.990000,00:04:10,comes to the oops concept classes and
00:04:10,00:04:11.509000,comes to the oops concept classes and objects
00:04:11.509000,00:04:11.519000,objects
00:04:11.519000,00:04:12.789000,objects maybe you will see
00:04:12.789000,00:04:12.799000,maybe you will see
00:04:12.799000,00:04:13.750000,maybe you will see you know
00:04:13.750000,00:04:13.760000,you know
00:04:13.760000,00:04:15.509000,you know overview of these concept classes and
00:04:15.509000,00:04:15.519000,overview of these concept classes and
00:04:15.519000,00:04:17.909000,overview of these concept classes and objects inheritance encapsulation
00:04:17.909000,00:04:17.919000,objects inheritance encapsulation
00:04:17.919000,00:04:19.909000,objects inheritance encapsulation abstraction polymorphism in first class
00:04:19.909000,00:04:19.919000,abstraction polymorphism in first class
00:04:19.919000,00:04:21.590000,abstraction polymorphism in first class then we will see in detail like in
00:04:21.590000,00:04:21.600000,then we will see in detail like in
00:04:21.600000,00:04:23.189000,then we will see in detail like in classes and objects also in detail with
00:04:23.189000,00:04:23.199000,classes and objects also in detail with
00:04:23.199000,00:04:24.790000,classes and objects also in detail with the help of programs what are access
00:04:24.790000,00:04:24.800000,the help of programs what are access
00:04:24.800000,00:04:26.870000,the help of programs what are access specifier and all we will see
00:04:26.870000,00:04:26.880000,specifier and all we will see
00:04:26.880000,00:04:28.230000,specifier and all we will see how to create a class how to create
00:04:28.230000,00:04:28.240000,how to create a class how to create
00:04:28.240000,00:04:30.790000,how to create a class how to create objects how to access the members or the
00:04:30.790000,00:04:30.800000,objects how to access the members or the
00:04:30.800000,00:04:31.749000,objects how to access the members or the you know
00:04:31.749000,00:04:31.759000,you know
00:04:31.759000,00:04:33.990000,you know class club members of these classes with
00:04:33.990000,00:04:34,class club members of these classes with
00:04:34,00:04:36.390000,class club members of these classes with the help of object everything we'll see
00:04:36.390000,00:04:36.400000,the help of object everything we'll see
00:04:36.400000,00:04:37.990000,the help of object everything we'll see and i'll try to relate these things with
00:04:37.990000,00:04:38,and i'll try to relate these things with
00:04:38,00:04:40.310000,and i'll try to relate these things with them with real life examples i'll try my
00:04:40.310000,00:04:40.320000,them with real life examples i'll try my
00:04:40.320000,00:04:41.110000,them with real life examples i'll try my best
00:04:41.110000,00:04:41.120000,best
00:04:41.120000,00:04:42.950000,best then constructor destructor types of
00:04:42.950000,00:04:42.960000,then constructor destructor types of
00:04:42.960000,00:04:44.310000,then constructor destructor types of constructor default constructor
00:04:44.310000,00:04:44.320000,constructor default constructor
00:04:44.320000,00:04:45.909000,constructor default constructor parameterized constructor how to write a
00:04:45.909000,00:04:45.919000,parameterized constructor how to write a
00:04:45.919000,00:04:47.430000,parameterized constructor how to write a constructor what is copy constructor
00:04:47.430000,00:04:47.440000,constructor what is copy constructor
00:04:47.440000,00:04:49.189000,constructor what is copy constructor will see all these things and as well as
00:04:49.189000,00:04:49.199000,will see all these things and as well as
00:04:49.199000,00:04:50.870000,will see all these things and as well as constructor overloading
00:04:50.870000,00:04:50.880000,constructor overloading
00:04:50.880000,00:04:52.390000,constructor overloading what is use of constructors then
00:04:52.390000,00:04:52.400000,what is use of constructors then
00:04:52.400000,00:04:54.150000,what is use of constructors then inheritance types of inheritance with
00:04:54.150000,00:04:54.160000,inheritance types of inheritance with
00:04:54.160000,00:04:56.150000,inheritance types of inheritance with their programs and polymorphism friend
00:04:56.150000,00:04:56.160000,their programs and polymorphism friend
00:04:56.160000,00:04:57.189000,their programs and polymorphism friend function
00:04:57.189000,00:04:57.199000,function
00:04:57.199000,00:04:58.550000,function friend class
00:04:58.550000,00:04:58.560000,friend class
00:04:58.560000,00:05:00.870000,friend class pointers virtual function virtual class
00:05:00.870000,00:05:00.880000,pointers virtual function virtual class
00:05:00.880000,00:05:03.029000,pointers virtual function virtual class we'll see then concept comes of file
00:05:03.029000,00:05:03.039000,we'll see then concept comes of file
00:05:03.039000,00:05:04.390000,we'll see then concept comes of file management
00:05:04.390000,00:05:04.400000,management
00:05:04.400000,00:05:05.350000,management then
00:05:05.350000,00:05:05.360000,then
00:05:05.360000,00:05:06.950000,then you know exception handling which is not
00:05:06.950000,00:05:06.960000,you know exception handling which is not
00:05:06.960000,00:05:07.909000,you know exception handling which is not in c
00:05:07.909000,00:05:07.919000,in c
00:05:07.919000,00:05:11.029000,in c after that templates what is stl
00:05:11.029000,00:05:11.039000,after that templates what is stl
00:05:11.039000,00:05:12.950000,after that templates what is stl standard template library because of
00:05:12.950000,00:05:12.960000,standard template library because of
00:05:12.960000,00:05:15.110000,standard template library because of this let's see we know that c plus plus
00:05:15.110000,00:05:15.120000,this let's see we know that c plus plus
00:05:15.120000,00:05:15.830000,this let's see we know that c plus plus is
00:05:15.830000,00:05:15.840000,is
00:05:15.840000,00:05:18.230000,is fast way faster than
00:05:18.230000,00:05:18.240000,fast way faster than
00:05:18.240000,00:05:19.670000,fast way faster than python and
00:05:19.670000,00:05:19.680000,python and
00:05:19.680000,00:05:21.029000,python and then java also
00:05:21.029000,00:05:21.039000,then java also
00:05:21.039000,00:05:22.710000,then java also because of templates we can use
00:05:22.710000,00:05:22.720000,because of templates we can use
00:05:22.720000,00:05:24.550000,because of templates we can use templates to write down code so that
00:05:24.550000,00:05:24.560000,templates to write down code so that
00:05:24.560000,00:05:26.469000,templates to write down code so that would be one reason why c plus plus is
00:05:26.469000,00:05:26.479000,would be one reason why c plus plus is
00:05:26.479000,00:05:29.430000,would be one reason why c plus plus is fast i'll i'll discuss all the reason
00:05:29.430000,00:05:29.440000,fast i'll i'll discuss all the reason
00:05:29.440000,00:05:31.510000,fast i'll i'll discuss all the reason why c plus plus is fast we'll see
00:05:31.510000,00:05:31.520000,why c plus plus is fast we'll see
00:05:31.520000,00:05:33.350000,why c plus plus is fast we'll see properties of c plus plus also when
00:05:33.350000,00:05:33.360000,properties of c plus plus also when
00:05:33.360000,00:05:35.350000,properties of c plus plus also when we'll discuss the basics of uh you know
00:05:35.350000,00:05:35.360000,we'll discuss the basics of uh you know
00:05:35.360000,00:05:36.390000,we'll discuss the basics of uh you know this
00:05:36.390000,00:05:36.400000,this
00:05:36.400000,00:05:38.629000,this thing right then still standard template
00:05:38.629000,00:05:38.639000,thing right then still standard template
00:05:38.639000,00:05:41.350000,thing right then still standard template library this is i think
00:05:41.350000,00:05:41.360000,library this is i think
00:05:41.360000,00:05:43.430000,library this is i think one of the best feature in c plus plus
00:05:43.430000,00:05:43.440000,one of the best feature in c plus plus
00:05:43.440000,00:05:46.469000,one of the best feature in c plus plus tender template library
00:05:46.469000,00:05:46.479000,tender template library
00:05:46.479000,00:05:47.749000,tender template library uh because
00:05:47.749000,00:05:47.759000,uh because
00:05:47.759000,00:05:49.749000,uh because those who you know do competitive
00:05:49.749000,00:05:49.759000,those who you know do competitive
00:05:49.759000,00:05:51.350000,those who you know do competitive programming they know
00:05:51.350000,00:05:51.360000,programming they know
00:05:51.360000,00:05:53.270000,programming they know how to use this and what is the use of
00:05:53.270000,00:05:53.280000,how to use this and what is the use of
00:05:53.280000,00:05:55.029000,how to use this and what is the use of standard template library so we'll see
00:05:55.029000,00:05:55.039000,standard template library so we'll see
00:05:55.039000,00:05:57.430000,standard template library so we'll see about this this is what standard
00:05:57.430000,00:05:57.440000,about this this is what standard
00:05:57.440000,00:05:59.189000,about this this is what standard template library and
00:05:59.189000,00:05:59.199000,template library and
00:05:59.199000,00:06:00.629000,template library and see as we know that
00:06:00.629000,00:06:00.639000,see as we know that
00:06:00.639000,00:06:03.189000,see as we know that versions of c plus plus programming
00:06:03.189000,00:06:03.199000,versions of c plus plus programming
00:06:03.199000,00:06:07.510000,versions of c plus plus programming right i think recent is c plus 20
00:06:07.510000,00:06:07.520000,right i think recent is c plus 20
00:06:07.520000,00:06:10.550000,right i think recent is c plus 20 and 23 will be coming in 23 stable
00:06:10.550000,00:06:10.560000,and 23 will be coming in 23 stable
00:06:10.560000,00:06:12.550000,and 23 will be coming in 23 stable releases c plus plus 20
00:06:12.550000,00:06:12.560000,releases c plus plus 20
00:06:12.560000,00:06:15.909000,releases c plus plus 20 c plus plus 11 was one
00:06:15.909000,00:06:15.919000,c plus plus 11 was one
00:06:15.919000,00:06:18.390000,c plus plus 11 was one in this version lambda expression they
00:06:18.390000,00:06:18.400000,in this version lambda expression they
00:06:18.400000,00:06:20.790000,in this version lambda expression they have added so we'll see those thing also
00:06:20.790000,00:06:20.800000,have added so we'll see those thing also
00:06:20.800000,00:06:22.390000,have added so we'll see those thing also that updated thing
00:06:22.390000,00:06:22.400000,that updated thing
00:06:22.400000,00:06:24.309000,that updated thing that modified thing or the newly added
00:06:24.309000,00:06:24.319000,that modified thing or the newly added
00:06:24.319000,00:06:25.990000,that modified thing or the newly added thing which have been added in the newer
00:06:25.990000,00:06:26,thing which have been added in the newer
00:06:26,00:06:28.550000,thing which have been added in the newer versions right but the basics in every
00:06:28.550000,00:06:28.560000,versions right but the basics in every
00:06:28.560000,00:06:30.390000,versions right but the basics in every version is same obviously
00:06:30.390000,00:06:30.400000,version is same obviously
00:06:30.400000,00:06:32.390000,version is same obviously so what new features they have added we
00:06:32.390000,00:06:32.400000,so what new features they have added we
00:06:32.400000,00:06:33.909000,so what new features they have added we will also see that thing like lambda
00:06:33.909000,00:06:33.919000,will also see that thing like lambda
00:06:33.919000,00:06:35.990000,will also see that thing like lambda expression anonymous function we know
00:06:35.990000,00:06:36,expression anonymous function we know
00:06:36,00:06:38.150000,expression anonymous function we know that now function without name
00:06:38.150000,00:06:38.160000,that now function without name
00:06:38.160000,00:06:40.710000,that now function without name that our lambda expression and c plus
00:06:40.710000,00:06:40.720000,that our lambda expression and c plus
00:06:40.720000,00:06:42.950000,that our lambda expression and c plus plus 14 what what functions
00:06:42.950000,00:06:42.960000,plus 14 what what functions
00:06:42.960000,00:06:44.790000,plus 14 what what functions what i know new things they have added
00:06:44.790000,00:06:44.800000,what i know new things they have added
00:06:44.800000,00:06:48.550000,what i know new things they have added there c plus plus and 17 then 20 so in
00:06:48.550000,00:06:48.560000,there c plus plus and 17 then 20 so in
00:06:48.560000,00:06:50.469000,there c plus plus and 17 then 20 so in every version we will discuss the
00:06:50.469000,00:06:50.479000,every version we will discuss the
00:06:50.479000,00:06:53.029000,every version we will discuss the history also i'll you know discuss the c
00:06:53.029000,00:06:53.039000,history also i'll you know discuss the c
00:06:53.039000,00:06:54.629000,history also i'll you know discuss the c plus history
00:06:54.629000,00:06:54.639000,plus history
00:06:54.639000,00:06:57.350000,plus history so i'll try to complete i'll try to keep
00:06:57.350000,00:06:57.360000,so i'll try to complete i'll try to keep
00:06:57.360000,00:06:59.029000,so i'll try to complete i'll try to keep it beginner friendly
00:06:59.029000,00:06:59.039000,it beginner friendly
00:06:59.039000,00:07:01.670000,it beginner friendly right as simple as possible
00:07:01.670000,00:07:01.680000,right as simple as possible
00:07:01.680000,00:07:03.589000,right as simple as possible with real life example i'll explain with
00:07:03.589000,00:07:03.599000,with real life example i'll explain with
00:07:03.599000,00:07:06.230000,with real life example i'll explain with programs practical also we'll see
00:07:06.230000,00:07:06.240000,programs practical also we'll see
00:07:06.240000,00:07:08.469000,programs practical also we'll see now which id i'm going to use that is vs
00:07:08.469000,00:07:08.479000,now which id i'm going to use that is vs
00:07:08.479000,00:07:09.830000,now which id i'm going to use that is vs code
00:07:09.830000,00:07:09.840000,code
00:07:09.840000,00:07:11.510000,code there are many ids you can use it's not
00:07:11.510000,00:07:11.520000,there are many ids you can use it's not
00:07:11.520000,00:07:13.110000,there are many ids you can use it's not like that vs code you have to use code
00:07:13.110000,00:07:13.120000,like that vs code you have to use code
00:07:13.120000,00:07:15.430000,like that vs code you have to use code blocks is there and dave c plus plus is
00:07:15.430000,00:07:15.440000,blocks is there and dave c plus plus is
00:07:15.440000,00:07:17.670000,blocks is there and dave c plus plus is there netbeans eclipse you can write cps
00:07:17.670000,00:07:17.680000,there netbeans eclipse you can write cps
00:07:17.680000,00:07:20.150000,there netbeans eclipse you can write cps program in eclipse also vs code is also
00:07:20.150000,00:07:20.160000,program in eclipse also vs code is also
00:07:20.160000,00:07:22.550000,program in eclipse also vs code is also there many ids are there but i will i
00:07:22.550000,00:07:22.560000,there many ids are there but i will i
00:07:22.560000,00:07:25.430000,there many ids are there but i will i know uh use this id
00:07:25.430000,00:07:25.440000,know uh use this id
00:07:25.440000,00:07:28.070000,know uh use this id and how to install this how to
00:07:28.070000,00:07:28.080000,and how to install this how to
00:07:28.080000,00:07:29.749000,and how to install this how to set up the compiler how to install the
00:07:29.749000,00:07:29.759000,set up the compiler how to install the
00:07:29.759000,00:07:31.909000,set up the compiler how to install the compiler because this is just an id to
00:07:31.909000,00:07:31.919000,compiler because this is just an id to
00:07:31.919000,00:07:33.830000,compiler because this is just an id to write down the programs we need a
00:07:33.830000,00:07:33.840000,write down the programs we need a
00:07:33.840000,00:07:35.430000,write down the programs we need a compiler to compile those programs and
00:07:35.430000,00:07:35.440000,compiler to compile those programs and
00:07:35.440000,00:07:37.430000,compiler to compile those programs and run so separately we
00:07:37.430000,00:07:37.440000,run so separately we
00:07:37.440000,00:07:39.510000,run so separately we need to install that compiler we need to
00:07:39.510000,00:07:39.520000,need to install that compiler we need to
00:07:39.520000,00:07:42.390000,need to install that compiler we need to set up something right so that also we
00:07:42.390000,00:07:42.400000,set up something right so that also we
00:07:42.400000,00:07:45.510000,set up something right so that also we can see in next video so and if you know
00:07:45.510000,00:07:45.520000,can see in next video so and if you know
00:07:45.520000,00:07:47.029000,can see in next video so and if you know like how to install this or maybe you
00:07:47.029000,00:07:47.039000,like how to install this or maybe you
00:07:47.039000,00:07:47.909000,like how to install this or maybe you can
00:07:47.909000,00:07:47.919000,can
00:07:47.919000,00:07:49.350000,can be ready with
00:07:49.350000,00:07:49.360000,be ready with
00:07:49.360000,00:07:51.189000,be ready with install everything like vs code and
00:07:51.189000,00:07:51.199000,install everything like vs code and
00:07:51.199000,00:07:53.350000,install everything like vs code and compiler and set up the path variable
00:07:53.350000,00:07:53.360000,compiler and set up the path variable
00:07:53.360000,00:07:55.670000,compiler and set up the path variable environment variable and all right or
00:07:55.670000,00:07:55.680000,environment variable and all right or
00:07:55.680000,00:07:57.430000,environment variable and all right or maybe we can discuss this thing in next
00:07:57.430000,00:07:57.440000,maybe we can discuss this thing in next
00:07:57.440000,00:07:59.110000,maybe we can discuss this thing in next video right
00:07:59.110000,00:07:59.120000,video right
00:07:59.120000,00:08:00.710000,video right so with the theory it's very important
00:08:00.710000,00:08:00.720000,so with the theory it's very important
00:08:00.720000,00:08:02.869000,so with the theory it's very important like you have to do practice also
00:08:02.869000,00:08:02.879000,like you have to do practice also
00:08:02.879000,00:08:04.309000,like you have to do practice also i'll try to give
00:08:04.309000,00:08:04.319000,i'll try to give
00:08:04.319000,00:08:06.869000,i'll try to give a practice problem in every
00:08:06.869000,00:08:06.879000,a practice problem in every
00:08:06.879000,00:08:08.629000,a practice problem in every lecture after every lecture and we'll
00:08:08.629000,00:08:08.639000,lecture after every lecture and we'll
00:08:08.639000,00:08:10.309000,lecture after every lecture and we'll see the solution also in next lecture
00:08:10.309000,00:08:10.319000,see the solution also in next lecture
00:08:10.319000,00:08:11.589000,see the solution also in next lecture i'll try my best to do this thing to
00:08:11.589000,00:08:11.599000,i'll try my best to do this thing to
00:08:11.599000,00:08:13.270000,i'll try my best to do this thing to implement this thing in this course
00:08:13.270000,00:08:13.280000,implement this thing in this course
00:08:13.280000,00:08:15.430000,implement this thing in this course right some quizzes
00:08:15.430000,00:08:15.440000,right some quizzes
00:08:15.440000,00:08:17.270000,right some quizzes i'll give some questions also we'll
00:08:17.270000,00:08:17.280000,i'll give some questions also we'll
00:08:17.280000,00:08:19.189000,i'll give some questions also we'll discuss
00:08:19.189000,00:08:19.199000,discuss
00:08:19.199000,00:08:20.710000,discuss right
00:08:20.710000,00:08:20.720000,right
00:08:20.720000,00:08:23.749000,right for every concept some complex question
00:08:23.749000,00:08:23.759000,for every concept some complex question
00:08:23.759000,00:08:25.749000,for every concept some complex question basics question moderate questions on
00:08:25.749000,00:08:25.759000,basics question moderate questions on
00:08:25.759000,00:08:27.110000,basics question moderate questions on every concept we are going to discuss
00:08:27.110000,00:08:27.120000,every concept we are going to discuss
00:08:27.120000,00:08:28.390000,every concept we are going to discuss with solution
00:08:28.390000,00:08:28.400000,with solution
00:08:28.400000,00:08:30.309000,with solution some programs also
00:08:30.309000,00:08:30.319000,some programs also
00:08:30.319000,00:08:32.310000,some programs also so i'll try my best
00:08:32.310000,00:08:32.320000,so i'll try my best
00:08:32.320000,00:08:34.310000,so i'll try my best to keep this course
00:08:34.310000,00:08:34.320000,to keep this course
00:08:34.320000,00:08:37.029000,to keep this course simple also i'll try my best to cover
00:08:37.029000,00:08:37.039000,simple also i'll try my best to cover
00:08:37.039000,00:08:40.550000,simple also i'll try my best to cover basics to advanced level concept right
00:08:40.550000,00:08:40.560000,basics to advanced level concept right
00:08:40.560000,00:08:43.670000,basics to advanced level concept right from scratch in simple language i'll try
00:08:43.670000,00:08:43.680000,from scratch in simple language i'll try
00:08:43.680000,00:08:45.030000,from scratch in simple language i'll try this thing
00:08:45.030000,00:08:45.040000,this thing
00:08:45.040000,00:08:46.150000,this thing right
00:08:46.150000,00:08:46.160000,right
00:08:46.160000,00:08:48.230000,right so get ready with all your weapons for
00:08:48.230000,00:08:48.240000,so get ready with all your weapons for
00:08:48.240000,00:08:50.710000,so get ready with all your weapons for this battle right so that's it for this
00:08:50.710000,00:08:50.720000,this battle right so that's it for this
00:08:50.720000,00:08:51.910000,this battle right so that's it for this video now and i'll see the next video
00:08:51.910000,00:08:51.920000,video now and i'll see the next video
00:08:51.920000,00:08:55.360000,video now and i'll see the next video till then bye take care
