Start Time,End Time,Text
00:00:01.829000,00:00:01.839000,so in the series of learning object
00:00:01.839000,00:00:03.669000,so in the series of learning object oriented programming in c plus plus from
00:00:03.669000,00:00:03.679000,oriented programming in c plus plus from
00:00:03.679000,00:00:05.590000,oriented programming in c plus plus from this video i'm going to start c plus
00:00:05.590000,00:00:05.600000,this video i'm going to start c plus
00:00:05.600000,00:00:07.110000,this video i'm going to start c plus plus programming language this video
00:00:07.110000,00:00:07.120000,plus programming language this video
00:00:07.120000,00:00:09.030000,plus programming language this video will be about introduction to c plus
00:00:09.030000,00:00:09.040000,will be about introduction to c plus
00:00:09.040000,00:00:09.910000,will be about introduction to c plus plus
00:00:09.910000,00:00:09.920000,plus
00:00:09.920000,00:00:11.350000,plus in the previous videos till now we have
00:00:11.350000,00:00:11.360000,in the previous videos till now we have
00:00:11.360000,00:00:12.870000,in the previous videos till now we have discussed what is object oriented
00:00:12.870000,00:00:12.880000,discussed what is object oriented
00:00:12.880000,00:00:14.789000,discussed what is object oriented programming how it is different from pop
00:00:14.789000,00:00:14.799000,programming how it is different from pop
00:00:14.799000,00:00:17.269000,programming how it is different from pop processor oriented programming and
00:00:17.269000,00:00:17.279000,processor oriented programming and
00:00:17.279000,00:00:19.990000,processor oriented programming and basic oops concept six concepts classes
00:00:19.990000,00:00:20,basic oops concept six concepts classes
00:00:20,00:00:22.230000,basic oops concept six concepts classes objects abstraction encapsulation
00:00:22.230000,00:00:22.240000,objects abstraction encapsulation
00:00:22.240000,00:00:24.230000,objects abstraction encapsulation inheritance polymorphism in brief we
00:00:24.230000,00:00:24.240000,inheritance polymorphism in brief we
00:00:24.240000,00:00:26.470000,inheritance polymorphism in brief we have discussed these concepts right just
00:00:26.470000,00:00:26.480000,have discussed these concepts right just
00:00:26.480000,00:00:28.070000,have discussed these concepts right just to get you an overview about these oops
00:00:28.070000,00:00:28.080000,to get you an overview about these oops
00:00:28.080000,00:00:29.589000,to get you an overview about these oops concepts not in detail in detail we'll
00:00:29.589000,00:00:29.599000,concepts not in detail in detail we'll
00:00:29.599000,00:00:31.750000,concepts not in detail in detail we'll discuss one by one in later videos right
00:00:31.750000,00:00:31.760000,discuss one by one in later videos right
00:00:31.760000,00:00:33.590000,discuss one by one in later videos right so this in this video we'll be
00:00:33.590000,00:00:33.600000,so this in this video we'll be
00:00:33.600000,00:00:34.870000,so this in this video we'll be discussing
00:00:34.870000,00:00:34.880000,discussing
00:00:34.880000,00:00:36.709000,discussing some basic points so you can say
00:00:36.709000,00:00:36.719000,some basic points so you can say
00:00:36.719000,00:00:38.630000,some basic points so you can say introduction to c plus plus programming
00:00:38.630000,00:00:38.640000,introduction to c plus plus programming
00:00:38.640000,00:00:39.670000,introduction to c plus plus programming language
00:00:39.670000,00:00:39.680000,language
00:00:39.680000,00:00:41.270000,language first of all why we need a programming
00:00:41.270000,00:00:41.280000,first of all why we need a programming
00:00:41.280000,00:00:43.830000,first of all why we need a programming language see if you want to communicate
00:00:43.830000,00:00:43.840000,language see if you want to communicate
00:00:43.840000,00:00:45.510000,language see if you want to communicate with your friend if you want to give
00:00:45.510000,00:00:45.520000,with your friend if you want to give
00:00:45.520000,00:00:47.029000,with your friend if you want to give some instruction to your friend like
00:00:47.029000,00:00:47.039000,some instruction to your friend like
00:00:47.039000,00:00:49.190000,some instruction to your friend like bring me a glass of water then you will
00:00:49.190000,00:00:49.200000,bring me a glass of water then you will
00:00:49.200000,00:00:51.430000,bring me a glass of water then you will say how do you communicate with your
00:00:51.430000,00:00:51.440000,say how do you communicate with your
00:00:51.440000,00:00:52.470000,say how do you communicate with your friend
00:00:52.470000,00:00:52.480000,friend
00:00:52.480000,00:00:53.990000,friend maybe you will say a language that could
00:00:53.990000,00:00:54,maybe you will say a language that could
00:00:54,00:00:56.310000,maybe you will say a language that could be understood by your friend in hindi or
00:00:56.310000,00:00:56.320000,be understood by your friend in hindi or
00:00:56.320000,00:00:58.069000,be understood by your friend in hindi or english like panic a glass law or being
00:00:58.069000,00:00:58.079000,english like panic a glass law or being
00:00:58.079000,00:01:00.549000,english like panic a glass law or being a glass of water right a language you
00:01:00.549000,00:01:00.559000,a glass of water right a language you
00:01:00.559000,00:01:01.750000,a glass of water right a language you need to communicate with your friend
00:01:01.750000,00:01:01.760000,need to communicate with your friend
00:01:01.760000,00:01:03.910000,need to communicate with your friend right so same we cannot say like hey
00:01:03.910000,00:01:03.920000,right so same we cannot say like hey
00:01:03.920000,00:01:05.350000,right so same we cannot say like hey laptop please add two numbers the
00:01:05.350000,00:01:05.360000,laptop please add two numbers the
00:01:05.360000,00:01:07.750000,laptop please add two numbers the numbers are five and four
00:01:07.750000,00:01:07.760000,numbers are five and four
00:01:07.760000,00:01:09.270000,numbers are five and four please find out the number is even old
00:01:09.270000,00:01:09.280000,please find out the number is even old
00:01:09.280000,00:01:10.789000,please find out the number is even old no computer is not able to understand
00:01:10.789000,00:01:10.799000,no computer is not able to understand
00:01:10.799000,00:01:14.390000,no computer is not able to understand these things the language of computer is
00:01:14.390000,00:01:14.400000,these things the language of computer is
00:01:14.400000,00:01:17.429000,these things the language of computer is binary language only zeros and ones
00:01:17.429000,00:01:17.439000,binary language only zeros and ones
00:01:17.439000,00:01:19.830000,binary language only zeros and ones so we have to say that thing in zeros
00:01:19.830000,00:01:19.840000,so we have to say that thing in zeros
00:01:19.840000,00:01:21.670000,so we have to say that thing in zeros and ones in binary language that
00:01:21.670000,00:01:21.680000,and ones in binary language that
00:01:21.680000,00:01:23.429000,and ones in binary language that computer can understand but we don't
00:01:23.429000,00:01:23.439000,computer can understand but we don't
00:01:23.439000,00:01:27.350000,computer can understand but we don't know how to say it in zero and one right
00:01:27.350000,00:01:27.360000,know how to say it in zero and one right
00:01:27.360000,00:01:29.670000,know how to say it in zero and one right but yeah if there is someone between
00:01:29.670000,00:01:29.680000,but yeah if there is someone between
00:01:29.680000,00:01:33.030000,but yeah if there is someone between us and like our laptop who can convert
00:01:33.030000,00:01:33.040000,us and like our laptop who can convert
00:01:33.040000,00:01:34.870000,us and like our laptop who can convert we are saying add two numbers the
00:01:34.870000,00:01:34.880000,we are saying add two numbers the
00:01:34.880000,00:01:37.190000,we are saying add two numbers the numbers are five and four and that that
00:01:37.190000,00:01:37.200000,numbers are five and four and that that
00:01:37.200000,00:01:39.350000,numbers are five and four and that that thing or that person the intermediate
00:01:39.350000,00:01:39.360000,thing or that person the intermediate
00:01:39.360000,00:01:41.190000,thing or that person the intermediate can convert that thing into machine code
00:01:41.190000,00:01:41.200000,can convert that thing into machine code
00:01:41.200000,00:01:43.910000,can convert that thing into machine code like zeros and ones and then give it to
00:01:43.910000,00:01:43.920000,like zeros and ones and then give it to
00:01:43.920000,00:01:46.230000,like zeros and ones and then give it to you can say your computer then it would
00:01:46.230000,00:01:46.240000,you can say your computer then it would
00:01:46.240000,00:01:48.389000,you can say your computer then it would be easy like a translator we have
00:01:48.389000,00:01:48.399000,be easy like a translator we have
00:01:48.399000,00:01:50.950000,be easy like a translator we have generally not we have but whenever some
00:01:50.950000,00:01:50.960000,generally not we have but whenever some
00:01:50.960000,00:01:52.630000,generally not we have but whenever some delegates come from like
00:01:52.630000,00:01:52.640000,delegates come from like
00:01:52.640000,00:01:54.550000,delegates come from like any other country then they come with
00:01:54.550000,00:01:54.560000,any other country then they come with
00:01:54.560000,00:01:56.630000,any other country then they come with their translators
00:01:56.630000,00:01:56.640000,their translators
00:01:56.640000,00:01:58.230000,their translators like if we speak in hindi they can
00:01:58.230000,00:01:58.240000,like if we speak in hindi they can
00:01:58.240000,00:01:59.830000,like if we speak in hindi they can translate it in according to their
00:01:59.830000,00:01:59.840000,translate it in according to their
00:01:59.840000,00:02:01.030000,translate it in according to their language and
00:02:01.030000,00:02:01.040000,language and
00:02:01.040000,00:02:02.789000,language and if russian comes then according to their
00:02:02.789000,00:02:02.799000,if russian comes then according to their
00:02:02.799000,00:02:04.550000,if russian comes then according to their language and something like that this
00:02:04.550000,00:02:04.560000,language and something like that this
00:02:04.560000,00:02:05.830000,language and something like that this like
00:02:05.830000,00:02:05.840000,like
00:02:05.840000,00:02:08.790000,like so to communicate with our computers to
00:02:08.790000,00:02:08.800000,so to communicate with our computers to
00:02:08.800000,00:02:11.029000,so to communicate with our computers to give instruction to your system your
00:02:11.029000,00:02:11.039000,give instruction to your system your
00:02:11.039000,00:02:13.350000,give instruction to your system your laptop we need a language programming
00:02:13.350000,00:02:13.360000,laptop we need a language programming
00:02:13.360000,00:02:15.670000,laptop we need a language programming language right and there are multiple
00:02:15.670000,00:02:15.680000,language right and there are multiple
00:02:15.680000,00:02:18.070000,language right and there are multiple programming languages
00:02:18.070000,00:02:18.080000,programming languages
00:02:18.080000,00:02:20.470000,programming languages fine before c and c plus plus java c
00:02:20.470000,00:02:20.480000,fine before c and c plus plus java c
00:02:20.480000,00:02:22.150000,fine before c and c plus plus java c there are multiple programming languages
00:02:22.150000,00:02:22.160000,there are multiple programming languages
00:02:22.160000,00:02:23.510000,there are multiple programming languages also
00:02:23.510000,00:02:23.520000,also
00:02:23.520000,00:02:27.350000,also right fortran pascal leda and bcpl basic
00:02:27.350000,00:02:27.360000,right fortran pascal leda and bcpl basic
00:02:27.360000,00:02:29.750000,right fortran pascal leda and bcpl basic many languages were there right so now
00:02:29.750000,00:02:29.760000,many languages were there right so now
00:02:29.760000,00:02:31.430000,many languages were there right so now in this video we'll be discussing about
00:02:31.430000,00:02:31.440000,in this video we'll be discussing about
00:02:31.440000,00:02:33.110000,in this video we'll be discussing about c plus plus
00:02:33.110000,00:02:33.120000,c plus plus
00:02:33.120000,00:02:35.030000,c plus plus programming language so i hope this is
00:02:35.030000,00:02:35.040000,programming language so i hope this is
00:02:35.040000,00:02:37.509000,programming language so i hope this is clear to you why we need a programming
00:02:37.509000,00:02:37.519000,clear to you why we need a programming
00:02:37.519000,00:02:39.110000,clear to you why we need a programming language
00:02:39.110000,00:02:39.120000,language
00:02:39.120000,00:02:41.270000,language right and see obviously some tasks human
00:02:41.270000,00:02:41.280000,right and see obviously some tasks human
00:02:41.280000,00:02:43.110000,right and see obviously some tasks human being cannot do better your system and
00:02:43.110000,00:02:43.120000,being cannot do better your system and
00:02:43.120000,00:02:44.550000,being cannot do better your system and your machine can do it better
00:02:44.550000,00:02:44.560000,your machine can do it better
00:02:44.560000,00:02:45.750000,your machine can do it better efficiently
00:02:45.750000,00:02:45.760000,efficiently
00:02:45.760000,00:02:47.509000,efficiently right so obviously we need and why we
00:02:47.509000,00:02:47.519000,right so obviously we need and why we
00:02:47.519000,00:02:48.229000,right so obviously we need and why we need
00:02:48.229000,00:02:48.239000,need
00:02:48.239000,00:02:51.030000,need system or computers in our life that i
00:02:51.030000,00:02:51.040000,system or computers in our life that i
00:02:51.040000,00:02:53.670000,system or computers in our life that i hope you are aware about that thing
00:02:53.670000,00:02:53.680000,hope you are aware about that thing
00:02:53.680000,00:02:54.790000,hope you are aware about that thing fine
00:02:54.790000,00:02:54.800000,fine
00:02:54.800000,00:02:58.550000,fine these are making our life easy
00:02:58.550000,00:02:58.560000,these are making our life easy
00:02:58.560000,00:02:59.589000,these are making our life easy so
00:02:59.589000,00:02:59.599000,so
00:02:59.599000,00:03:01.750000,so some basics about first of all
00:03:01.750000,00:03:01.760000,some basics about first of all
00:03:01.760000,00:03:04.710000,some basics about first of all who invent we invented this c plus plus
00:03:04.710000,00:03:04.720000,who invent we invented this c plus plus
00:03:04.720000,00:03:08.790000,who invent we invented this c plus plus who developed c plus plus it was bjorn
00:03:08.790000,00:03:08.800000,who developed c plus plus it was bjorn
00:03:08.800000,00:03:11.910000,who developed c plus plus it was bjorn and he was a danish computer scientist
00:03:11.910000,00:03:11.920000,and he was a danish computer scientist
00:03:11.920000,00:03:15.350000,and he was a danish computer scientist since 1979 he was working on this
00:03:15.350000,00:03:15.360000,since 1979 he was working on this
00:03:15.360000,00:03:16.390000,since 1979 he was working on this language
00:03:16.390000,00:03:16.400000,language
00:03:16.400000,00:03:18.309000,language implementation of this language since
00:03:18.309000,00:03:18.319000,implementation of this language since
00:03:18.319000,00:03:20.390000,implementation of this language since 1979
00:03:20.390000,00:03:20.400000,1979
00:03:20.400000,00:03:22.790000,1979 so first of all it was known as c with
00:03:22.790000,00:03:22.800000,so first of all it was known as c with
00:03:22.800000,00:03:24.869000,so first of all it was known as c with classes he was working
00:03:24.869000,00:03:24.879000,classes he was working
00:03:24.879000,00:03:27.750000,classes he was working on his phd you know thesis
00:03:27.750000,00:03:27.760000,on his phd you know thesis
00:03:27.760000,00:03:28.869000,on his phd you know thesis and
00:03:28.869000,00:03:28.879000,and
00:03:28.879000,00:03:31.030000,and he wants a language which also have
00:03:31.030000,00:03:31.040000,he wants a language which also have
00:03:31.040000,00:03:32.470000,he wants a language which also have features of c as well as some
00:03:32.470000,00:03:32.480000,features of c as well as some
00:03:32.480000,00:03:34.869000,features of c as well as some object-oriented programming concepts now
00:03:34.869000,00:03:34.879000,object-oriented programming concepts now
00:03:34.879000,00:03:36.390000,object-oriented programming concepts now how he was aware about these oops
00:03:36.390000,00:03:36.400000,how he was aware about these oops
00:03:36.400000,00:03:37.750000,how he was aware about these oops concept inheritance obstruction
00:03:37.750000,00:03:37.760000,concept inheritance obstruction
00:03:37.760000,00:03:39.509000,concept inheritance obstruction polymorphism because there was one
00:03:39.509000,00:03:39.519000,polymorphism because there was one
00:03:39.519000,00:03:41.750000,polymorphism because there was one language similar 67
00:03:41.750000,00:03:41.760000,language similar 67
00:03:41.760000,00:03:44.309000,language similar 67 similar 67 is known as the first
00:03:44.309000,00:03:44.319000,similar 67 is known as the first
00:03:44.319000,00:03:47.910000,similar 67 is known as the first object-oriented programming language
00:03:48.789000,00:03:48.799000,but
00:03:48.799000,00:03:50.149000,but that was
00:03:50.149000,00:03:50.159000,that was
00:03:50.159000,00:03:51.030000,that was very
00:03:51.030000,00:03:51.040000,very
00:03:51.040000,00:03:53.990000,very you know slow for practical use that
00:03:53.990000,00:03:54,you know slow for practical use that
00:03:54,00:03:56.789000,you know slow for practical use that language and c was first fast language
00:03:56.789000,00:03:56.799000,language and c was first fast language
00:03:56.799000,00:04:00.470000,language and c was first fast language so he wants to combine c features plus
00:04:00.470000,00:04:00.480000,so he wants to combine c features plus
00:04:00.480000,00:04:01.350000,so he wants to combine c features plus the
00:04:01.350000,00:04:01.360000,the
00:04:01.360000,00:04:04.229000,the only the oops features of similar 67
00:04:04.229000,00:04:04.239000,only the oops features of similar 67
00:04:04.239000,00:04:05.589000,only the oops features of similar 67 combined
00:04:05.589000,00:04:05.599000,combined
00:04:05.599000,00:04:07.990000,combined and that language was firstly known as
00:04:07.990000,00:04:08,and that language was firstly known as
00:04:08,00:04:10.630000,and that language was firstly known as named as c with classes
00:04:10.630000,00:04:10.640000,named as c with classes
00:04:10.640000,00:04:15.190000,named as c with classes now when it was renamed c plus in 1983
00:04:15.190000,00:04:15.200000,now when it was renamed c plus in 1983
00:04:15.200000,00:04:16.069000,now when it was renamed c plus in 1983 right
00:04:16.069000,00:04:16.079000,right
00:04:16.079000,00:04:17.990000,right let me just write down some points here
00:04:17.990000,00:04:18,let me just write down some points here
00:04:18,00:04:20.870000,let me just write down some points here so where at a t and t bell laboratories
00:04:20.870000,00:04:20.880000,so where at a t and t bell laboratories
00:04:20.880000,00:04:23.909000,so where at a t and t bell laboratories where c was developed in new jersey
00:04:23.909000,00:04:23.919000,where c was developed in new jersey
00:04:23.919000,00:04:26.150000,where c was developed in new jersey usa and the name given was c with
00:04:26.150000,00:04:26.160000,usa and the name given was c with
00:04:26.160000,00:04:29.270000,usa and the name given was c with classes and it was just an extension of
00:04:29.270000,00:04:29.280000,classes and it was just an extension of
00:04:29.280000,00:04:31.510000,classes and it was just an extension of c language or you can say it's a super
00:04:31.510000,00:04:31.520000,c language or you can say it's a super
00:04:31.520000,00:04:34.790000,c language or you can say it's a super set of c language right
00:04:34.790000,00:04:34.800000,set of c language right
00:04:34.800000,00:04:36.710000,set of c language right means it contains all the features of c
00:04:36.710000,00:04:36.720000,means it contains all the features of c
00:04:36.720000,00:04:38.390000,means it contains all the features of c as well as some additional features like
00:04:38.390000,00:04:38.400000,as well as some additional features like
00:04:38.400000,00:04:40.070000,as well as some additional features like oops concept
00:04:40.070000,00:04:40.080000,oops concept
00:04:40.080000,00:04:42.870000,oops concept right but it is not purely
00:04:42.870000,00:04:42.880000,right but it is not purely
00:04:42.880000,00:04:45.189000,right but it is not purely object-oriented programming language
00:04:45.189000,00:04:45.199000,object-oriented programming language
00:04:45.199000,00:04:46.790000,object-oriented programming language because some features like friend and
00:04:46.790000,00:04:46.800000,because some features like friend and
00:04:46.800000,00:04:49.590000,because some features like friend and virtual classes i guess they violate
00:04:49.590000,00:04:49.600000,virtual classes i guess they violate
00:04:49.600000,00:04:52.390000,virtual classes i guess they violate those oops features right how
00:04:52.390000,00:04:52.400000,those oops features right how
00:04:52.400000,00:04:53.830000,those oops features right how that will be discussing later sessions
00:04:53.830000,00:04:53.840000,that will be discussing later sessions
00:04:53.840000,00:04:55.670000,that will be discussing later sessions when we will discuss friend and about
00:04:55.670000,00:04:55.680000,when we will discuss friend and about
00:04:55.680000,00:04:58.150000,when we will discuss friend and about friend and virtual classes right
00:04:58.150000,00:04:58.160000,friend and virtual classes right
00:04:58.160000,00:04:59.749000,friend and virtual classes right so it is not purely objective
00:04:59.749000,00:04:59.759000,so it is not purely objective
00:04:59.759000,00:05:01.909000,so it is not purely objective object-oriented programming language so
00:05:01.909000,00:05:01.919000,object-oriented programming language so
00:05:01.919000,00:05:03.189000,object-oriented programming language so it supports
00:05:03.189000,00:05:03.199000,it supports
00:05:03.199000,00:05:05.670000,it supports like it is just extension of c superset
00:05:05.670000,00:05:05.680000,like it is just extension of c superset
00:05:05.680000,00:05:08.230000,like it is just extension of c superset of c so c is what you can say comes
00:05:08.230000,00:05:08.240000,of c so c is what you can say comes
00:05:08.240000,00:05:09.590000,of c so c is what you can say comes under pop
00:05:09.590000,00:05:09.600000,under pop
00:05:09.600000,00:05:13.189000,under pop so it supports multiple paradigms
00:05:13.189000,00:05:13.199000,so it supports multiple paradigms
00:05:13.199000,00:05:15.189000,so it supports multiple paradigms processor oriented programming also and
00:05:15.189000,00:05:15.199000,processor oriented programming also and
00:05:15.199000,00:05:17.670000,processor oriented programming also and object oriented programming as well as
00:05:17.670000,00:05:17.680000,object oriented programming as well as
00:05:17.680000,00:05:19.110000,object oriented programming as well as right
00:05:19.110000,00:05:19.120000,right
00:05:19.120000,00:05:20.790000,right like in c we have structure in c plus
00:05:20.790000,00:05:20.800000,like in c we have structure in c plus
00:05:20.800000,00:05:23.350000,like in c we have structure in c plus plus also we have structure and classes
00:05:23.350000,00:05:23.360000,plus also we have structure and classes
00:05:23.360000,00:05:25.189000,plus also we have structure and classes as well but in c we don't have classes
00:05:25.189000,00:05:25.199000,as well but in c we don't have classes
00:05:25.199000,00:05:27.909000,as well but in c we don't have classes so it is a general purpose programming
00:05:27.909000,00:05:27.919000,so it is a general purpose programming
00:05:27.919000,00:05:30.870000,so it is a general purpose programming language
00:05:32.469000,00:05:32.479000,now what is this general purpose
00:05:32.479000,00:05:35.029000,now what is this general purpose programming language see general
00:05:35.029000,00:05:35.039000,programming language see general
00:05:35.039000,00:05:37.029000,programming language see general we can say general store when you go to
00:05:37.029000,00:05:37.039000,we can say general store when you go to
00:05:37.039000,00:05:38.710000,we can say general store when you go to a general store you will find everything
00:05:38.710000,00:05:38.720000,a general store you will find everything
00:05:38.720000,00:05:39.749000,a general store you will find everything there
00:05:39.749000,00:05:39.759000,there
00:05:39.759000,00:05:41.749000,there so general purpose programming language
00:05:41.749000,00:05:41.759000,so general purpose programming language
00:05:41.759000,00:05:42.710000,so general purpose programming language means
00:05:42.710000,00:05:42.720000,means
00:05:42.720000,00:05:44.390000,means you can write software here you can
00:05:44.390000,00:05:44.400000,you can write software here you can
00:05:44.400000,00:05:47.270000,you can write software here you can build software or applications
00:05:47.270000,00:05:47.280000,build software or applications
00:05:47.280000,00:05:49.430000,build software or applications for any domain
00:05:49.430000,00:05:49.440000,for any domain
00:05:49.440000,00:05:50.469000,for any domain like
00:05:50.469000,00:05:50.479000,like
00:05:50.479000,00:05:51.270000,like like
00:05:51.270000,00:05:51.280000,like
00:05:51.280000,00:05:53.670000,like in c plus you can write you can use it
00:05:53.670000,00:05:53.680000,in c plus you can write you can use it
00:05:53.680000,00:05:55.670000,in c plus you can write you can use it for system programming as well as system
00:05:55.670000,00:05:55.680000,for system programming as well as system
00:05:55.680000,00:05:57.110000,for system programming as well as system programming as well as high level
00:05:57.110000,00:05:57.120000,programming as well as high level
00:05:57.120000,00:05:59.590000,programming as well as high level programming like you can uh implement
00:05:59.590000,00:05:59.600000,programming like you can uh implement
00:05:59.600000,00:06:00.469000,programming like you can uh implement here
00:06:00.469000,00:06:00.479000,here
00:06:00.479000,00:06:03.270000,here uh or os operating system low level
00:06:03.270000,00:06:03.280000,uh or os operating system low level
00:06:03.280000,00:06:04.950000,uh or os operating system low level programming you can also do kernels
00:06:04.950000,00:06:04.960000,programming you can also do kernels
00:06:04.960000,00:06:08.150000,programming you can also do kernels drivers you can also write down editors
00:06:08.150000,00:06:08.160000,drivers you can also write down editors
00:06:08.160000,00:06:11.990000,drivers you can also write down editors in c plus and see as well as it is used
00:06:11.990000,00:06:12,in c plus and see as well as it is used
00:06:12,00:06:15.029000,in c plus and see as well as it is used to build translators your compilers
00:06:15.029000,00:06:15.039000,to build translators your compilers
00:06:15.039000,00:06:17.189000,to build translators your compilers interpreter these things as well as some
00:06:17.189000,00:06:17.199000,interpreter these things as well as some
00:06:17.199000,00:06:20.629000,interpreter these things as well as some games the ui desktop applications
00:06:20.629000,00:06:20.639000,games the ui desktop applications
00:06:20.639000,00:06:21.590000,games the ui desktop applications right
00:06:21.590000,00:06:21.600000,right
00:06:21.600000,00:06:24.070000,right for every domain there is something in
00:06:24.070000,00:06:24.080000,for every domain there is something in
00:06:24.080000,00:06:25.830000,for every domain there is something in this language for every domain you can
00:06:25.830000,00:06:25.840000,this language for every domain you can
00:06:25.840000,00:06:27.830000,this language for every domain you can create a software with the help of this
00:06:27.830000,00:06:27.840000,create a software with the help of this
00:06:27.840000,00:06:29.590000,create a software with the help of this language that is why it is known as
00:06:29.590000,00:06:29.600000,language that is why it is known as
00:06:29.600000,00:06:32.469000,language that is why it is known as general purpose programming language
00:06:32.469000,00:06:32.479000,general purpose programming language
00:06:32.479000,00:06:34.790000,general purpose programming language right and it supports multiple paradigms
00:06:34.790000,00:06:34.800000,right and it supports multiple paradigms
00:06:34.800000,00:06:37.189000,right and it supports multiple paradigms as well as it is you can say a
00:06:37.189000,00:06:37.199000,as well as it is you can say a
00:06:37.199000,00:06:39.110000,as well as it is you can say a middle level language
00:06:39.110000,00:06:39.120000,middle level language
00:06:39.120000,00:06:41.350000,middle level language or you can say intermediate language it
00:06:41.350000,00:06:41.360000,or you can say intermediate language it
00:06:41.360000,00:06:43.029000,or you can say intermediate language it supports both the features of low level
00:06:43.029000,00:06:43.039000,supports both the features of low level
00:06:43.039000,00:06:44.469000,supports both the features of low level language as well as high level language
00:06:44.469000,00:06:44.479000,language as well as high level language
00:06:44.479000,00:06:45.830000,language as well as high level language you can do also
00:06:45.830000,00:06:45.840000,you can do also
00:06:45.840000,00:06:47.510000,you can do also system programming with the help of c
00:06:47.510000,00:06:47.520000,system programming with the help of c
00:06:47.520000,00:06:48.950000,system programming with the help of c plus plus you can
00:06:48.950000,00:06:48.960000,plus plus you can
00:06:48.960000,00:06:50.230000,plus plus you can write down you can create operating
00:06:50.230000,00:06:50.240000,write down you can create operating
00:06:50.240000,00:06:52.629000,write down you can create operating system and for do system programming you
00:06:52.629000,00:06:52.639000,system and for do system programming you
00:06:52.639000,00:06:55.270000,system and for do system programming you need an extensive you know very high
00:06:55.270000,00:06:55.280000,need an extensive you know very high
00:06:55.280000,00:06:56.629000,need an extensive you know very high level of
00:06:56.629000,00:06:56.639000,level of
00:06:56.639000,00:06:59.110000,level of knowledge of your hardware
00:06:59.110000,00:06:59.120000,knowledge of your hardware
00:06:59.120000,00:07:00.230000,knowledge of your hardware right because you are if you are
00:07:00.230000,00:07:00.240000,right because you are if you are
00:07:00.240000,00:07:01.670000,right because you are if you are creating an operating system obviously
00:07:01.670000,00:07:01.680000,creating an operating system obviously
00:07:01.680000,00:07:02.710000,creating an operating system obviously you need
00:07:02.710000,00:07:02.720000,you need
00:07:02.720000,00:07:04.150000,you need you need to be very close to the
00:07:04.150000,00:07:04.160000,you need to be very close to the
00:07:04.160000,00:07:05.270000,you need to be very close to the hardware
00:07:05.270000,00:07:05.280000,hardware
00:07:05.280000,00:07:08.150000,hardware you need knowledge of hardware in deep
00:07:08.150000,00:07:08.160000,you need knowledge of hardware in deep
00:07:08.160000,00:07:08.950000,you need knowledge of hardware in deep right
00:07:08.950000,00:07:08.960000,right
00:07:08.960000,00:07:10.950000,right so it is close to
00:07:10.950000,00:07:10.960000,so it is close to
00:07:10.960000,00:07:13.670000,so it is close to a lower level programming as well
00:07:13.670000,00:07:13.680000,a lower level programming as well
00:07:13.680000,00:07:15.110000,a lower level programming as well right
00:07:15.110000,00:07:15.120000,right
00:07:15.120000,00:07:16.390000,right so it is
00:07:16.390000,00:07:16.400000,so it is
00:07:16.400000,00:07:17.909000,so it is middle level language as well as high
00:07:17.909000,00:07:17.919000,middle level language as well as high
00:07:17.919000,00:07:19.670000,middle level language as well as high level language application we can create
00:07:19.670000,00:07:19.680000,level language application we can create
00:07:19.680000,00:07:21.589000,level language application we can create like gui games desktop based
00:07:21.589000,00:07:21.599000,like gui games desktop based
00:07:21.599000,00:07:23.589000,like gui games desktop based applications right those things we can
00:07:23.589000,00:07:23.599000,applications right those things we can
00:07:23.599000,00:07:25.430000,applications right those things we can also do with the help of c plus
00:07:25.430000,00:07:25.440000,also do with the help of c plus
00:07:25.440000,00:07:27.990000,also do with the help of c plus they don't need uh like knowledge of
00:07:27.990000,00:07:28,they don't need uh like knowledge of
00:07:28,00:07:29.430000,they don't need uh like knowledge of hardware
00:07:29.430000,00:07:29.440000,hardware
00:07:29.440000,00:07:31.430000,hardware fine if you are creating
00:07:31.430000,00:07:31.440000,fine if you are creating
00:07:31.440000,00:07:32.550000,fine if you are creating operating system you are writing
00:07:32.550000,00:07:32.560000,operating system you are writing
00:07:32.560000,00:07:34.550000,operating system you are writing programs for drivers for networking you
00:07:34.550000,00:07:34.560000,programs for drivers for networking you
00:07:34.560000,00:07:36.629000,programs for drivers for networking you need that level of knowledge but for
00:07:36.629000,00:07:36.639000,need that level of knowledge but for
00:07:36.639000,00:07:38.070000,need that level of knowledge but for creating these type of applications you
00:07:38.070000,00:07:38.080000,creating these type of applications you
00:07:38.080000,00:07:39.350000,creating these type of applications you don't need that kind of hardware
00:07:39.350000,00:07:39.360000,don't need that kind of hardware
00:07:39.360000,00:07:41.830000,don't need that kind of hardware knowledge so that is why it is used for
00:07:41.830000,00:07:41.840000,knowledge so that is why it is used for
00:07:41.840000,00:07:43.589000,knowledge so that is why it is used for both low level
00:07:43.589000,00:07:43.599000,both low level
00:07:43.599000,00:07:45.350000,both low level you know creating low level application
00:07:45.350000,00:07:45.360000,you know creating low level application
00:07:45.360000,00:07:46.950000,you know creating low level application as well as high level application so it
00:07:46.950000,00:07:46.960000,as well as high level application so it
00:07:46.960000,00:07:47.749000,as well as high level application so it is
00:07:47.749000,00:07:47.759000,is
00:07:47.759000,00:07:49.990000,is middle level language fine
00:07:49.990000,00:07:50,middle level language fine
00:07:50,00:07:52.390000,middle level language fine now next point about c plus plus is
00:07:52.390000,00:07:52.400000,now next point about c plus plus is
00:07:52.400000,00:07:55.029000,now next point about c plus plus is and as i have told you named as
00:07:55.029000,00:07:55.039000,and as i have told you named as
00:07:55.039000,00:07:56.710000,and as i have told you named as c plus plus
00:07:56.710000,00:07:56.720000,c plus plus
00:07:56.720000,00:07:59.189000,c plus plus in 1983
00:07:59.189000,00:07:59.199000,in 1983
00:07:59.199000,00:08:02.070000,in 1983 right now why this c plus plus as you
00:08:02.070000,00:08:02.080000,right now why this c plus plus as you
00:08:02.080000,00:08:04.469000,right now why this c plus plus as you know plus plus is an increment operator
00:08:04.469000,00:08:04.479000,know plus plus is an increment operator
00:08:04.479000,00:08:07.430000,know plus plus is an increment operator which means we are adding one value
00:08:07.430000,00:08:07.440000,which means we are adding one value
00:08:07.440000,00:08:08.950000,which means we are adding one value suppose i am writing
00:08:08.950000,00:08:08.960000,suppose i am writing
00:08:08.960000,00:08:11.110000,suppose i am writing int a is equal to five and i am doing a
00:08:11.110000,00:08:11.120000,int a is equal to five and i am doing a
00:08:11.120000,00:08:13.990000,int a is equal to five and i am doing a plus plus it means it becomes 6 means
00:08:13.990000,00:08:14,plus plus it means it becomes 6 means
00:08:14,00:08:15.830000,plus plus it means it becomes 6 means adding something we are increasing the
00:08:15.830000,00:08:15.840000,adding something we are increasing the
00:08:15.840000,00:08:17.670000,adding something we are increasing the value that's why
00:08:17.670000,00:08:17.680000,value that's why
00:08:17.680000,00:08:20.390000,value that's why we are adding some extra features in c
00:08:20.390000,00:08:20.400000,we are adding some extra features in c
00:08:20.400000,00:08:22.550000,we are adding some extra features in c that is why it is known as c plus plus
00:08:22.550000,00:08:22.560000,that is why it is known as c plus plus
00:08:22.560000,00:08:24.710000,that is why it is known as c plus plus the idea comes from this
00:08:24.710000,00:08:24.720000,the idea comes from this
00:08:24.720000,00:08:26.550000,the idea comes from this this operator increment operator which
00:08:26.550000,00:08:26.560000,this operator increment operator which
00:08:26.560000,00:08:28.869000,this operator increment operator which we are having in c right and it is
00:08:28.869000,00:08:28.879000,we are having in c right and it is
00:08:28.879000,00:08:32.149000,we are having in c right and it is compiled language
00:08:35.110000,00:08:35.120000,means we need a compiler to convert the
00:08:35.120000,00:08:37.110000,means we need a compiler to convert the whatever we write in this c plus plus
00:08:37.110000,00:08:37.120000,whatever we write in this c plus plus
00:08:37.120000,00:08:38.949000,whatever we write in this c plus plus into machine code we need a compiler
00:08:38.949000,00:08:38.959000,into machine code we need a compiler
00:08:38.959000,00:08:40.709000,into machine code we need a compiler right not an interpreter
00:08:40.709000,00:08:40.719000,right not an interpreter
00:08:40.719000,00:08:42.870000,right not an interpreter compiler means the complete code at once
00:08:42.870000,00:08:42.880000,compiler means the complete code at once
00:08:42.880000,00:08:45.509000,compiler means the complete code at once will be compiled and converted into the
00:08:45.509000,00:08:45.519000,will be compiled and converted into the
00:08:45.519000,00:08:47.829000,will be compiled and converted into the machine code so it is a compiled
00:08:47.829000,00:08:47.839000,machine code so it is a compiled
00:08:47.839000,00:08:50.389000,machine code so it is a compiled language and it is object oriented
00:08:50.389000,00:08:50.399000,language and it is object oriented
00:08:50.399000,00:08:52.630000,language and it is object oriented programming language why so
00:08:52.630000,00:08:52.640000,programming language why so
00:08:52.640000,00:08:55.910000,programming language why so because it follows the oops concept and
00:08:55.910000,00:08:55.920000,because it follows the oops concept and
00:08:55.920000,00:08:58.070000,because it follows the oops concept and what are oops concept we have discussed
00:08:58.070000,00:08:58.080000,what are oops concept we have discussed
00:08:58.080000,00:09:00.550000,what are oops concept we have discussed in previous video right
00:09:00.550000,00:09:00.560000,in previous video right
00:09:00.560000,00:09:03.269000,in previous video right classes objects abstraction polymorphism
00:09:03.269000,00:09:03.279000,classes objects abstraction polymorphism
00:09:03.279000,00:09:05.430000,classes objects abstraction polymorphism inheritance encapsulation
00:09:05.430000,00:09:05.440000,inheritance encapsulation
00:09:05.440000,00:09:07.190000,inheritance encapsulation and the latest version of c plus pluses
00:09:07.190000,00:09:07.200000,and the latest version of c plus pluses
00:09:07.200000,00:09:09.430000,and the latest version of c plus pluses c plus plus 20
00:09:09.430000,00:09:09.440000,c plus plus 20
00:09:09.440000,00:09:11.590000,c plus plus 20 which came in here 20
00:09:11.590000,00:09:11.600000,which came in here 20
00:09:11.600000,00:09:15.190000,which came in here 20 20. four major release was there c plus
00:09:15.190000,00:09:15.200000,20. four major release was there c plus
00:09:15.200000,00:09:17.430000,20. four major release was there c plus plus
00:09:17.430000,00:09:17.440000,plus
00:09:17.440000,00:09:21.110000,plus 11 c plus plus 14 c plus plus 17 and c
00:09:21.110000,00:09:21.120000,11 c plus plus 14 c plus plus 17 and c
00:09:21.120000,00:09:22.630000,11 c plus plus 14 c plus plus 17 and c plus plus
00:09:22.630000,00:09:22.640000,plus plus
00:09:22.640000,00:09:28.150000,plus plus 20 in 2011 2014 2017 and 2020 now next
00:09:28.150000,00:09:28.160000,20 in 2011 2014 2017 and 2020 now next
00:09:28.160000,00:09:30.949000,20 in 2011 2014 2017 and 2020 now next come will be coming in c plus plus 23 in
00:09:30.949000,00:09:30.959000,come will be coming in c plus plus 23 in
00:09:30.959000,00:09:32.230000,come will be coming in c plus plus 23 in 20
00:09:32.230000,00:09:32.240000,20
00:09:32.240000,00:09:33.670000,20 23
00:09:33.670000,00:09:33.680000,23
00:09:33.680000,00:09:36.070000,23 so the history will be discussing in a
00:09:36.070000,00:09:36.080000,so the history will be discussing in a
00:09:36.080000,00:09:38.310000,so the history will be discussing in a separate video so this is all about
00:09:38.310000,00:09:38.320000,separate video so this is all about
00:09:38.320000,00:09:40.790000,separate video so this is all about introduction to c plus plus language and
00:09:40.790000,00:09:40.800000,introduction to c plus plus language and
00:09:40.800000,00:09:42.630000,introduction to c plus plus language and the next video will be c
00:09:42.630000,00:09:42.640000,the next video will be c
00:09:42.640000,00:09:44.790000,the next video will be c will be you know discussing history of c
00:09:44.790000,00:09:44.800000,will be you know discussing history of c
00:09:44.800000,00:09:46.310000,will be you know discussing history of c plus plus as well as we'll see some
00:09:46.310000,00:09:46.320000,plus plus as well as we'll see some
00:09:46.320000,00:09:49.030000,plus plus as well as we'll see some features of c plus plus language right
00:09:49.030000,00:09:49.040000,features of c plus plus language right
00:09:49.040000,00:09:50.870000,features of c plus plus language right you can see how this is different from c
00:09:50.870000,00:09:50.880000,you can see how this is different from c
00:09:50.880000,00:09:52.150000,you can see how this is different from c language
00:09:52.150000,00:09:52.160000,language
00:09:52.160000,00:09:53.670000,language what differentiate it from the c
00:09:53.670000,00:09:53.680000,what differentiate it from the c
00:09:53.680000,00:09:54.949000,what differentiate it from the c language so now i'll see in the next
00:09:54.949000,00:09:54.959000,language so now i'll see in the next
00:09:54.959000,00:09:58.440000,language so now i'll see in the next video till then bye
