Start Time,End Time,Text
00:00:02.310000,00:00:02.320000,so in the series of learning c plus plus
00:00:02.320000,00:00:03.510000,so in the series of learning c plus plus programming language in the previous
00:00:03.510000,00:00:03.520000,programming language in the previous
00:00:03.520000,00:00:05.349000,programming language in the previous video we have discussed basic structure
00:00:05.349000,00:00:05.359000,video we have discussed basic structure
00:00:05.359000,00:00:07.190000,video we have discussed basic structure of a c plus plus program
00:00:07.190000,00:00:07.200000,of a c plus plus program
00:00:07.200000,00:00:08.070000,of a c plus plus program right
00:00:08.070000,00:00:08.080000,right
00:00:08.080000,00:00:11.110000,right now why we write programs like simple
00:00:11.110000,00:00:11.120000,now why we write programs like simple
00:00:11.120000,00:00:13.110000,now why we write programs like simple programs you will write it starting at
00:00:13.110000,00:00:13.120000,programs you will write it starting at
00:00:13.120000,00:00:15.190000,programs you will write it starting at two numbers and these kind of things
00:00:15.190000,00:00:15.200000,two numbers and these kind of things
00:00:15.200000,00:00:17.750000,two numbers and these kind of things ultimately we learn programming to build
00:00:17.750000,00:00:17.760000,ultimately we learn programming to build
00:00:17.760000,00:00:19.990000,ultimately we learn programming to build some software you can say right and what
00:00:19.990000,00:00:20,some software you can say right and what
00:00:20,00:00:22.070000,some software you can say right and what software generally do they manage the
00:00:22.070000,00:00:22.080000,software generally do they manage the
00:00:22.080000,00:00:23.349000,software generally do they manage the information
00:00:23.349000,00:00:23.359000,information
00:00:23.359000,00:00:25.750000,information the information can be in any form like
00:00:25.750000,00:00:25.760000,the information can be in any form like
00:00:25.760000,00:00:26.790000,the information can be in any form like the data
00:00:26.790000,00:00:26.800000,the data
00:00:26.800000,00:00:29.589000,the data in integer data it can be in text form
00:00:29.589000,00:00:29.599000,in integer data it can be in text form
00:00:29.599000,00:00:33.030000,in integer data it can be in text form it can be images videos sounds
00:00:33.030000,00:00:33.040000,it can be images videos sounds
00:00:33.040000,00:00:35.990000,it can be images videos sounds you know the numbers names anything but
00:00:35.990000,00:00:36,you know the numbers names anything but
00:00:36,00:00:37.910000,you know the numbers names anything but ultimately software is used to manage
00:00:37.910000,00:00:37.920000,ultimately software is used to manage
00:00:37.920000,00:00:39.830000,ultimately software is used to manage that information
00:00:39.830000,00:00:39.840000,that information
00:00:39.840000,00:00:40.869000,that information right
00:00:40.869000,00:00:40.879000,right
00:00:40.879000,00:00:42.709000,right now to store that information in the
00:00:42.709000,00:00:42.719000,now to store that information in the
00:00:42.719000,00:00:44.950000,now to store that information in the program what you will use
00:00:44.950000,00:00:44.960000,program what you will use
00:00:44.960000,00:00:46.950000,program what you will use sometimes different different you know
00:00:46.950000,00:00:46.960000,sometimes different different you know
00:00:46.960000,00:00:49.670000,sometimes different different you know types of variables and constants we use
00:00:49.670000,00:00:49.680000,types of variables and constants we use
00:00:49.680000,00:00:51.990000,types of variables and constants we use these kind of things we use many things
00:00:51.990000,00:00:52,these kind of things we use many things
00:00:52,00:00:53.590000,these kind of things we use many things we use we will discuss these things one
00:00:53.590000,00:00:53.600000,we use we will discuss these things one
00:00:53.600000,00:00:55.029000,we use we will discuss these things one by one in detail so in this video we'll
00:00:55.029000,00:00:55.039000,by one in detail so in this video we'll
00:00:55.039000,00:00:56.470000,by one in detail so in this video we'll talk about
00:00:56.470000,00:00:56.480000,talk about
00:00:56.480000,00:00:58.709000,talk about constants and variables
00:00:58.709000,00:00:58.719000,constants and variables
00:00:58.719000,00:01:01.029000,constants and variables in c plus plus that we we you know
00:01:01.029000,00:01:01.039000,in c plus plus that we we you know
00:01:01.039000,00:01:03.670000,in c plus plus that we we you know generally use while we write programs so
00:01:03.670000,00:01:03.680000,generally use while we write programs so
00:01:03.680000,00:01:05.030000,generally use while we write programs so what are constants and what are
00:01:05.030000,00:01:05.040000,what are constants and what are
00:01:05.040000,00:01:06.950000,what are constants and what are variables with the help of example with
00:01:06.950000,00:01:06.960000,variables with the help of example with
00:01:06.960000,00:01:09.590000,variables with the help of example with the help of program practical also will
00:01:09.590000,00:01:09.600000,the help of program practical also will
00:01:09.600000,00:01:11.670000,the help of program practical also will see on my laptop right
00:01:11.670000,00:01:11.680000,see on my laptop right
00:01:11.680000,00:01:13.270000,see on my laptop right so first is
00:01:13.270000,00:01:13.280000,so first is
00:01:13.280000,00:01:15.670000,so first is as the name suggests what is constant
00:01:15.670000,00:01:15.680000,as the name suggests what is constant
00:01:15.680000,00:01:18.870000,as the name suggests what is constant these are you can say fixed values
00:01:18.870000,00:01:18.880000,these are you can say fixed values
00:01:18.880000,00:01:20.870000,these are you can say fixed values right
00:01:20.870000,00:01:20.880000,right
00:01:20.880000,00:01:23.590000,right or you can see the values that
00:01:23.590000,00:01:23.600000,or you can see the values that
00:01:23.600000,00:01:26.310000,or you can see the values that cannot be changed during the execution
00:01:26.310000,00:01:26.320000,cannot be changed during the execution
00:01:26.320000,00:01:27.510000,cannot be changed during the execution of a program
00:01:27.510000,00:01:27.520000,of a program
00:01:27.520000,00:01:29.670000,of a program once you have defined a constant you
00:01:29.670000,00:01:29.680000,once you have defined a constant you
00:01:29.680000,00:01:31.109000,once you have defined a constant you cannot change
00:01:31.109000,00:01:31.119000,cannot change
00:01:31.119000,00:01:32.789000,cannot change that constant you cannot change the
00:01:32.789000,00:01:32.799000,that constant you cannot change the
00:01:32.799000,00:01:34.630000,that constant you cannot change the value of that constant during the
00:01:34.630000,00:01:34.640000,value of that constant during the
00:01:34.640000,00:01:36.390000,value of that constant during the execution of the program you cannot
00:01:36.390000,00:01:36.400000,execution of the program you cannot
00:01:36.400000,00:01:39.670000,execution of the program you cannot modify that thing these are fixed values
00:01:39.670000,00:01:39.680000,modify that thing these are fixed values
00:01:39.680000,00:01:41.030000,modify that thing these are fixed values right
00:01:41.030000,00:01:41.040000,right
00:01:41.040000,00:01:43.109000,right and constant can be
00:01:43.109000,00:01:43.119000,and constant can be
00:01:43.119000,00:01:46.789000,and constant can be integer constant
00:01:48.710000,00:01:48.720000,real constant or you can say floating
00:01:48.720000,00:01:52.630000,real constant or you can say floating constant floating point
00:01:56.870000,00:01:56.880000,character constant and strings
00:01:56.880000,00:01:57.910000,character constant and strings right
00:01:57.910000,00:01:57.920000,right
00:01:57.920000,00:01:59.910000,right these you can say numeric constant these
00:01:59.910000,00:01:59.920000,these you can say numeric constant these
00:01:59.920000,00:02:01.749000,these you can say numeric constant these are character constant
00:02:01.749000,00:02:01.759000,are character constant
00:02:01.759000,00:02:02.709000,are character constant so
00:02:02.709000,00:02:02.719000,so
00:02:02.719000,00:02:05.830000,so integer constant simple numbers like 1 1
00:02:05.830000,00:02:05.840000,integer constant simple numbers like 1 1
00:02:05.840000,00:02:10.309000,integer constant simple numbers like 1 1 1 -1 0 these are integer constant right
00:02:10.309000,00:02:10.319000,1 -1 0 these are integer constant right
00:02:10.319000,00:02:11.750000,1 -1 0 these are integer constant right 1 2 3
00:02:11.750000,00:02:11.760000,1 2 3
00:02:11.760000,00:02:14.790000,1 2 3 these kind of thing 34 54
00:02:14.790000,00:02:14.800000,these kind of thing 34 54
00:02:14.800000,00:02:16.150000,these kind of thing 34 54 right
00:02:16.150000,00:02:16.160000,right
00:02:16.160000,00:02:17.350000,right but
00:02:17.350000,00:02:17.360000,but
00:02:17.360000,00:02:19.510000,but it is not an integer con these are valid
00:02:19.510000,00:02:19.520000,it is not an integer con these are valid
00:02:19.520000,00:02:22.390000,it is not an integer con these are valid but if you write something like this
00:02:22.390000,00:02:22.400000,but if you write something like this
00:02:22.400000,00:02:25.830000,but if you write something like this dollar 1 2 3 this is not valid
00:02:25.830000,00:02:25.840000,dollar 1 2 3 this is not valid
00:02:25.840000,00:02:27.350000,dollar 1 2 3 this is not valid special symbol is not allowed if you
00:02:27.350000,00:02:27.360000,special symbol is not allowed if you
00:02:27.360000,00:02:29.110000,special symbol is not allowed if you write like something like this
00:02:29.110000,00:02:29.120000,write like something like this
00:02:29.120000,00:02:31.750000,write like something like this 1 1 comma 1 1 2
00:02:31.750000,00:02:31.760000,1 1 comma 1 1 2
00:02:31.760000,00:02:33.509000,1 1 comma 1 1 2 this number this is also not a constant
00:02:33.509000,00:02:33.519000,this number this is also not a constant
00:02:33.519000,00:02:35.910000,this number this is also not a constant valid integer constant if you write like
00:02:35.910000,00:02:35.920000,valid integer constant if you write like
00:02:35.920000,00:02:38.550000,valid integer constant if you write like something 1 2 space 1 2 3
00:02:38.550000,00:02:38.560000,something 1 2 space 1 2 3
00:02:38.560000,00:02:39.910000,something 1 2 space 1 2 3 this is not
00:02:39.910000,00:02:39.920000,this is not
00:02:39.920000,00:02:42.790000,this is not a valid constant right
00:02:42.790000,00:02:42.800000,a valid constant right
00:02:42.800000,00:02:43.509000,a valid constant right and
00:02:43.509000,00:02:43.519000,and
00:02:43.519000,00:02:45.830000,and real or floating point constant are what
00:02:45.830000,00:02:45.840000,real or floating point constant are what
00:02:45.840000,00:02:48.070000,real or floating point constant are what they have that decimal point like if i
00:02:48.070000,00:02:48.080000,they have that decimal point like if i
00:02:48.080000,00:02:50.390000,they have that decimal point like if i write 11.11
00:02:50.390000,00:02:50.400000,write 11.11
00:02:50.400000,00:02:52.390000,write 11.11 so this is integer part this is what
00:02:52.390000,00:02:52.400000,so this is integer part this is what
00:02:52.400000,00:02:54.710000,so this is integer part this is what fractional part and this is decimal if
00:02:54.710000,00:02:54.720000,fractional part and this is decimal if
00:02:54.720000,00:02:57.030000,fractional part and this is decimal if you write something like one one
00:02:57.030000,00:02:57.040000,you write something like one one
00:02:57.040000,00:02:58.229000,you write something like one one point zero
00:02:58.229000,00:02:58.239000,point zero
00:02:58.239000,00:02:59.990000,point zero this also comes under floating point
00:02:59.990000,00:03:00,this also comes under floating point
00:03:00,00:03:01.830000,this also comes under floating point constant right
00:03:01.830000,00:03:01.840000,constant right
00:03:01.840000,00:03:05.750000,constant right you can also write minus 0.1 this is
00:03:05.750000,00:03:05.760000,you can also write minus 0.1 this is
00:03:05.760000,00:03:07.110000,you can also write minus 0.1 this is also valid
00:03:07.110000,00:03:07.120000,also valid
00:03:07.120000,00:03:09.030000,also valid or if you write point
00:03:09.030000,00:03:09.040000,or if you write point
00:03:09.040000,00:03:10.229000,or if you write point 3 4
00:03:10.229000,00:03:10.239000,3 4
00:03:10.239000,00:03:12.710000,3 4 this is also valid
00:03:12.710000,00:03:12.720000,this is also valid
00:03:12.720000,00:03:13.910000,this is also valid right
00:03:13.910000,00:03:13.920000,right
00:03:13.920000,00:03:15.910000,right so these are floating point constant now
00:03:15.910000,00:03:15.920000,so these are floating point constant now
00:03:15.920000,00:03:18.790000,so these are floating point constant now character constant simple anything you
00:03:18.790000,00:03:18.800000,character constant simple anything you
00:03:18.800000,00:03:20.710000,character constant simple anything you write a single character you write in
00:03:20.710000,00:03:20.720000,write a single character you write in
00:03:20.720000,00:03:22.309000,write a single character you write in single quote that is
00:03:22.309000,00:03:22.319000,single quote that is
00:03:22.319000,00:03:24.470000,single quote that is named as character constant like if i
00:03:24.470000,00:03:24.480000,named as character constant like if i
00:03:24.480000,00:03:27.670000,named as character constant like if i write this thing a
00:03:27.670000,00:03:27.680000,write this thing a
00:03:27.680000,00:03:29.110000,write this thing a in single quote that is character
00:03:29.110000,00:03:29.120000,in single quote that is character
00:03:29.120000,00:03:32.710000,in single quote that is character constant if i write 3
00:03:32.710000,00:03:32.720000,constant if i write 3
00:03:32.720000,00:03:33.830000,constant if i write 3 in
00:03:33.830000,00:03:33.840000,in
00:03:33.840000,00:03:35.350000,in single quote that is also character
00:03:35.350000,00:03:35.360000,single quote that is also character
00:03:35.360000,00:03:37.509000,single quote that is also character constant see this
00:03:37.509000,00:03:37.519000,constant see this
00:03:37.519000,00:03:40.229000,constant see this 3 is different from this 3 this is
00:03:40.229000,00:03:40.239000,3 is different from this 3 this is
00:03:40.239000,00:03:42.630000,3 is different from this 3 this is integer constant decimal 1 decimal
00:03:42.630000,00:03:42.640000,integer constant decimal 1 decimal
00:03:42.640000,00:03:45.030000,integer constant decimal 1 decimal constant right integer constant and this
00:03:45.030000,00:03:45.040000,constant right integer constant and this
00:03:45.040000,00:03:46.949000,constant right integer constant and this is character constant so character
00:03:46.949000,00:03:46.959000,is character constant so character
00:03:46.959000,00:03:48.470000,is character constant so character constant
00:03:48.470000,00:03:48.480000,constant
00:03:48.480000,00:03:50.869000,constant we store generally we stored in the
00:03:50.869000,00:03:50.879000,we store generally we stored in the
00:03:50.879000,00:03:53.190000,we store generally we stored in the computer memory by the
00:03:53.190000,00:03:53.200000,computer memory by the
00:03:53.200000,00:03:55.830000,computer memory by the in which form sky call
00:03:55.830000,00:03:55.840000,in which form sky call
00:03:55.840000,00:03:57.670000,in which form sky call american standard code for information
00:03:57.670000,00:03:57.680000,american standard code for information
00:03:57.680000,00:04:00.789000,american standard code for information interchange right so in sky value of
00:04:00.789000,00:04:00.799000,interchange right so in sky value of
00:04:00.799000,00:04:03.670000,interchange right so in sky value of this small a is 97
00:04:03.670000,00:04:03.680000,this small a is 97
00:04:03.680000,00:04:04.470000,this small a is 97 right
00:04:04.470000,00:04:04.480000,right
00:04:04.480000,00:04:05.350000,right and
00:04:05.350000,00:04:05.360000,and
00:04:05.360000,00:04:10.869000,and this 3 is sky value of 0 is 1 is 49 2 is
00:04:10.869000,00:04:10.879000,this 3 is sky value of 0 is 1 is 49 2 is
00:04:10.879000,00:04:13.670000,this 3 is sky value of 0 is 1 is 49 2 is 50 and 3 is 51 so sky value of this 3 is
00:04:13.670000,00:04:13.680000,50 and 3 is 51 so sky value of this 3 is
00:04:13.680000,00:04:17.189000,50 and 3 is 51 so sky value of this 3 is 51 and this 3 is single integer simple
00:04:17.189000,00:04:17.199000,51 and this 3 is single integer simple
00:04:17.199000,00:04:19.270000,51 and this 3 is single integer simple integer constant so this this and this
00:04:19.270000,00:04:19.280000,integer constant so this this and this
00:04:19.280000,00:04:21.189000,integer constant so this this and this are different thing right but this is
00:04:21.189000,00:04:21.199000,are different thing right but this is
00:04:21.199000,00:04:22.950000,are different thing right but this is not a character constant if you write
00:04:22.950000,00:04:22.960000,not a character constant if you write
00:04:22.960000,00:04:24.629000,not a character constant if you write something like a b
00:04:24.629000,00:04:24.639000,something like a b
00:04:24.639000,00:04:25.350000,something like a b no
00:04:25.350000,00:04:25.360000,no
00:04:25.360000,00:04:28.390000,no here you have two characters
00:04:28.390000,00:04:28.400000,here you have two characters
00:04:28.400000,00:04:31.030000,here you have two characters it this under single quote there can be
00:04:31.030000,00:04:31.040000,it this under single quote there can be
00:04:31.040000,00:04:32.790000,it this under single quote there can be only single character or a symbol like
00:04:32.790000,00:04:32.800000,only single character or a symbol like
00:04:32.800000,00:04:33.670000,only single character or a symbol like symbol
00:04:33.670000,00:04:33.680000,symbol
00:04:33.680000,00:04:36.550000,symbol dollar this is also character constant
00:04:36.550000,00:04:36.560000,dollar this is also character constant
00:04:36.560000,00:04:38.230000,dollar this is also character constant we have space this is also character
00:04:38.230000,00:04:38.240000,we have space this is also character
00:04:38.240000,00:04:40.310000,we have space this is also character constant we have comma this is also
00:04:40.310000,00:04:40.320000,constant we have comma this is also
00:04:40.320000,00:04:42.710000,constant we have comma this is also character constant in single code
00:04:42.710000,00:04:42.720000,character constant in single code
00:04:42.720000,00:04:44.950000,character constant in single code we have hash in single code this is also
00:04:44.950000,00:04:44.960000,we have hash in single code this is also
00:04:44.960000,00:04:47.510000,we have hash in single code this is also considered as character constant right
00:04:47.510000,00:04:47.520000,considered as character constant right
00:04:47.520000,00:04:50.230000,considered as character constant right and these things abc
00:04:50.230000,00:04:50.240000,and these things abc
00:04:50.240000,00:04:52.070000,and these things abc capital a b c the special symbols
00:04:52.070000,00:04:52.080000,capital a b c the special symbols
00:04:52.080000,00:04:54.469000,capital a b c the special symbols numbers they all have their
00:04:54.469000,00:04:54.479000,numbers they all have their
00:04:54.479000,00:04:56.790000,numbers they all have their no corresponding sky value
00:04:56.790000,00:04:56.800000,no corresponding sky value
00:04:56.800000,00:04:59.749000,no corresponding sky value so in sky value they are stored right so
00:04:59.749000,00:04:59.759000,so in sky value they are stored right so
00:04:59.759000,00:05:02.070000,so in sky value they are stored right so this is character constant now string
00:05:02.070000,00:05:02.080000,this is character constant now string
00:05:02.080000,00:05:03.110000,this is character constant now string string
00:05:03.110000,00:05:03.120000,string
00:05:03.120000,00:05:04.790000,string as we know it's like sequence of
00:05:04.790000,00:05:04.800000,as we know it's like sequence of
00:05:04.800000,00:05:06.710000,as we know it's like sequence of characters so
00:05:06.710000,00:05:06.720000,characters so
00:05:06.720000,00:05:09.590000,characters so in double quotes we write like a b c
00:05:09.590000,00:05:09.600000,in double quotes we write like a b c
00:05:09.600000,00:05:11.510000,in double quotes we write like a b c or in double quotes if in double quote
00:05:11.510000,00:05:11.520000,or in double quotes if in double quote
00:05:11.520000,00:05:12.950000,or in double quotes if in double quote you will write a
00:05:12.950000,00:05:12.960000,you will write a
00:05:12.960000,00:05:14.469000,you will write a this is a single character but you write
00:05:14.469000,00:05:14.479000,this is a single character but you write
00:05:14.479000,00:05:17.350000,this is a single character but you write in double quotes so this would be string
00:05:17.350000,00:05:17.360000,in double quotes so this would be string
00:05:17.360000,00:05:18.950000,in double quotes so this would be string constant string literally it is not
00:05:18.950000,00:05:18.960000,constant string literally it is not
00:05:18.960000,00:05:20.310000,constant string literally it is not character constant
00:05:20.310000,00:05:20.320000,character constant
00:05:20.320000,00:05:21.909000,character constant this is different from this this is
00:05:21.909000,00:05:21.919000,this is different from this this is
00:05:21.919000,00:05:25.909000,this is different from this this is character this is considered as string
00:05:25.909000,00:05:25.919000,character this is considered as string
00:05:25.919000,00:05:28.629000,character this is considered as string by default compiler will add a null
00:05:28.629000,00:05:28.639000,by default compiler will add a null
00:05:28.639000,00:05:30.469000,by default compiler will add a null you know that
00:05:30.469000,00:05:30.479000,you know that
00:05:30.479000,00:05:32.230000,you know that null character
00:05:32.230000,00:05:32.240000,null character
00:05:32.240000,00:05:33.510000,null character this
00:05:33.510000,00:05:33.520000,this
00:05:33.520000,00:05:35.270000,this just to show the termination of the
00:05:35.270000,00:05:35.280000,just to show the termination of the
00:05:35.280000,00:05:37.430000,just to show the termination of the string so the string would be stored in
00:05:37.430000,00:05:37.440000,string so the string would be stored in
00:05:37.440000,00:05:39.510000,string so the string would be stored in memory like a and null and this would be
00:05:39.510000,00:05:39.520000,memory like a and null and this would be
00:05:39.520000,00:05:41.270000,memory like a and null and this would be stored simply by a
00:05:41.270000,00:05:41.280000,stored simply by a
00:05:41.280000,00:05:42.629000,stored simply by a no null character because this is a
00:05:42.629000,00:05:42.639000,no null character because this is a
00:05:42.639000,00:05:45.110000,no null character because this is a single character character constant
00:05:45.110000,00:05:45.120000,single character character constant
00:05:45.120000,00:05:47.110000,single character character constant right
00:05:47.110000,00:05:47.120000,right
00:05:47.120000,00:05:49.270000,right so i guess these constant are clear to
00:05:49.270000,00:05:49.280000,so i guess these constant are clear to
00:05:49.280000,00:05:51.110000,so i guess these constant are clear to you see these are same as we have
00:05:51.110000,00:05:51.120000,you see these are same as we have
00:05:51.120000,00:05:53.670000,you see these are same as we have discussed in c language so if you want a
00:05:53.670000,00:05:53.680000,discussed in c language so if you want a
00:05:53.680000,00:05:55.189000,discussed in c language so if you want a detailed video in this detailed
00:05:55.189000,00:05:55.199000,detailed video in this detailed
00:05:55.199000,00:05:57.350000,detailed video in this detailed explanation you can go to that video the
00:05:57.350000,00:05:57.360000,explanation you can go to that video the
00:05:57.360000,00:05:58.950000,explanation you can go to that video the link of that video i'll put in this ipad
00:05:58.950000,00:05:58.960000,link of that video i'll put in this ipad
00:05:58.960000,00:06:00.469000,link of that video i'll put in this ipad you can check out that i think the
00:06:00.469000,00:06:00.479000,you can check out that i think the
00:06:00.479000,00:06:01.990000,you can check out that i think the basics like what is constant that is
00:06:01.990000,00:06:02,basics like what is constant that is
00:06:02,00:06:04.469000,basics like what is constant that is clear to you now how to declare constant
00:06:04.469000,00:06:04.479000,clear to you now how to declare constant
00:06:04.479000,00:06:06.469000,clear to you now how to declare constant and why we declare constant let's see
00:06:06.469000,00:06:06.479000,and why we declare constant let's see
00:06:06.479000,00:06:07.590000,and why we declare constant let's see that thing
00:06:07.590000,00:06:07.600000,that thing
00:06:07.600000,00:06:08.550000,that thing and see
00:06:08.550000,00:06:08.560000,and see
00:06:08.560000,00:06:10.870000,and see this is also a string one two three four
00:06:10.870000,00:06:10.880000,this is also a string one two three four
00:06:10.880000,00:06:12.710000,this is also a string one two three four double quotes this would also be
00:06:12.710000,00:06:12.720000,double quotes this would also be
00:06:12.720000,00:06:13.990000,double quotes this would also be considered as a string it's not like
00:06:13.990000,00:06:14,considered as a string it's not like
00:06:14,00:06:15.670000,considered as a string it's not like that only characters
00:06:15.670000,00:06:15.680000,that only characters
00:06:15.680000,00:06:17.430000,that only characters sequence of characteristic character can
00:06:17.430000,00:06:17.440000,sequence of characteristic character can
00:06:17.440000,00:06:20.790000,sequence of characteristic character can be like any alphabet also special symbol
00:06:20.790000,00:06:20.800000,be like any alphabet also special symbol
00:06:20.800000,00:06:23.270000,be like any alphabet also special symbol like
00:06:25.350000,00:06:25.360000,this would also be a string
00:06:25.360000,00:06:26.309000,this would also be a string right
00:06:26.309000,00:06:26.319000,right
00:06:26.319000,00:06:28.629000,right so i hope now string is clear to you now
00:06:28.629000,00:06:28.639000,so i hope now string is clear to you now
00:06:28.639000,00:06:30.870000,so i hope now string is clear to you now let's see how to declare
00:06:30.870000,00:06:30.880000,let's see how to declare
00:06:30.880000,00:06:33.590000,let's see how to declare constants two methods are there you can
00:06:33.590000,00:06:33.600000,constants two methods are there you can
00:06:33.600000,00:06:35.430000,constants two methods are there you can use a const keyword
00:06:35.430000,00:06:35.440000,use a const keyword
00:06:35.440000,00:06:37.110000,use a const keyword something like this in a program i can
00:06:37.110000,00:06:37.120000,something like this in a program i can
00:06:37.120000,00:06:39.909000,something like this in a program i can write
00:06:42.070000,00:06:42.080000,const keyword
00:06:42.080000,00:06:44.950000,const keyword data type
00:06:46.790000,00:06:46.800000,primitive data although we'll discuss
00:06:46.800000,00:06:48.469000,primitive data although we'll discuss data type in this series later but i
00:06:48.469000,00:06:48.479000,data type in this series later but i
00:06:48.479000,00:06:50.230000,data type in this series later but i hope they type simple data is clear to
00:06:50.230000,00:06:50.240000,hope they type simple data is clear to
00:06:50.240000,00:06:51.589000,hope they type simple data is clear to you that we have discussed in uh you
00:06:51.589000,00:06:51.599000,you that we have discussed in uh you
00:06:51.599000,00:06:54.309000,you that we have discussed in uh you know c programming language int the name
00:06:54.309000,00:06:54.319000,know c programming language int the name
00:06:54.319000,00:06:58.629000,know c programming language int the name of the variable a and just the value 10.
00:06:58.629000,00:06:58.639000,of the variable a and just the value 10.
00:06:58.639000,00:07:00.870000,of the variable a and just the value 10. this is the correct
00:07:00.870000,00:07:00.880000,this is the correct
00:07:00.880000,00:07:03.270000,this is the correct definition you can say
00:07:03.270000,00:07:03.280000,definition you can say
00:07:03.280000,00:07:05.430000,definition you can say of constant how you can
00:07:05.430000,00:07:05.440000,of constant how you can
00:07:05.440000,00:07:07.189000,of constant how you can write a constant or you can define a
00:07:07.189000,00:07:07.199000,write a constant or you can define a
00:07:07.199000,00:07:08.710000,write a constant or you can define a constant right
00:07:08.710000,00:07:08.720000,constant right
00:07:08.720000,00:07:10.629000,constant right if you write something like this
00:07:10.629000,00:07:10.639000,if you write something like this
00:07:10.639000,00:07:14.550000,if you write something like this const int a and then a is equal to 10
00:07:14.550000,00:07:14.560000,const int a and then a is equal to 10
00:07:14.560000,00:07:17.350000,const int a and then a is equal to 10 that is not valid this would be valid
00:07:17.350000,00:07:17.360000,that is not valid this would be valid
00:07:17.360000,00:07:18.230000,that is not valid this would be valid right
00:07:18.230000,00:07:18.240000,right
00:07:18.240000,00:07:19.350000,right now
00:07:19.350000,00:07:19.360000,now
00:07:19.360000,00:07:21.749000,now this a is having constant value now you
00:07:21.749000,00:07:21.759000,this a is having constant value now you
00:07:21.759000,00:07:23.589000,this a is having constant value now you cannot change this value in your program
00:07:23.589000,00:07:23.599000,cannot change this value in your program
00:07:23.599000,00:07:26.390000,cannot change this value in your program suppose i'll print c out
00:07:26.390000,00:07:26.400000,suppose i'll print c out
00:07:26.400000,00:07:27.189000,suppose i'll print c out a
00:07:27.189000,00:07:27.199000,a
00:07:27.199000,00:07:29.189000,a so this line will print 10
00:07:29.189000,00:07:29.199000,so this line will print 10
00:07:29.199000,00:07:30.550000,so this line will print 10 and after that i want to change the
00:07:30.550000,00:07:30.560000,and after that i want to change the
00:07:30.560000,00:07:32.870000,and after that i want to change the value a is equal to 15
00:07:32.870000,00:07:32.880000,value a is equal to 15
00:07:32.880000,00:07:35.990000,value a is equal to 15 and again i will print c out a so this
00:07:35.990000,00:07:36,and again i will print c out a so this
00:07:36,00:07:37.589000,and again i will print c out a so this line will give error
00:07:37.589000,00:07:37.599000,line will give error
00:07:37.599000,00:07:39.990000,line will give error because this is what read-only value you
00:07:39.990000,00:07:40,because this is what read-only value you
00:07:40,00:07:42.309000,because this is what read-only value you cannot modify it and you are you want to
00:07:42.309000,00:07:42.319000,cannot modify it and you are you want to
00:07:42.319000,00:07:44.629000,cannot modify it and you are you want to modify the only value so that would be
00:07:44.629000,00:07:44.639000,modify the only value so that would be
00:07:44.639000,00:07:48.390000,modify the only value so that would be an error because this is a constant a
00:07:48.390000,00:07:48.400000,an error because this is a constant a
00:07:48.400000,00:07:49.909000,an error because this is a constant a right
00:07:49.909000,00:07:49.919000,right
00:07:49.919000,00:07:50.710000,right so
00:07:50.710000,00:07:50.720000,so
00:07:50.720000,00:07:53.670000,so and see this a is what
00:07:53.670000,00:07:53.680000,and see this a is what
00:07:53.680000,00:07:56.469000,and see this a is what now how to store this value in memory
00:07:56.469000,00:07:56.479000,now how to store this value in memory
00:07:56.479000,00:07:57.670000,now how to store this value in memory like this
00:07:57.670000,00:07:57.680000,like this
00:07:57.680000,00:08:00.790000,like this whenever your program will run
00:08:00.790000,00:08:00.800000,whenever your program will run
00:08:00.800000,00:08:02.150000,whenever your program will run in your program we have some
00:08:02.150000,00:08:02.160000,in your program we have some
00:08:02.160000,00:08:04.550000,in your program we have some instructions we have some variables like
00:08:04.550000,00:08:04.560000,instructions we have some variables like
00:08:04.560000,00:08:07.110000,instructions we have some variables like we have data and instruction
00:08:07.110000,00:08:07.120000,we have data and instruction
00:08:07.120000,00:08:09.110000,we have data and instruction like add two numbers so data would be
00:08:09.110000,00:08:09.120000,like add two numbers so data would be
00:08:09.120000,00:08:11.670000,like add two numbers so data would be the numbers like 5 and 4
00:08:11.670000,00:08:11.680000,the numbers like 5 and 4
00:08:11.680000,00:08:13.990000,the numbers like 5 and 4 and the instruction would be
00:08:13.990000,00:08:14,and the instruction would be
00:08:14,00:08:15.749000,and the instruction would be add two numbers like
00:08:15.749000,00:08:15.759000,add two numbers like
00:08:15.759000,00:08:17.430000,add two numbers like we are supposed to add two numbers you
00:08:17.430000,00:08:17.440000,we are supposed to add two numbers you
00:08:17.440000,00:08:19.430000,we are supposed to add two numbers you write down the logic that thing
00:08:19.430000,00:08:19.440000,write down the logic that thing
00:08:19.440000,00:08:21.589000,write down the logic that thing so for that when your program will run
00:08:21.589000,00:08:21.599000,so for that when your program will run
00:08:21.599000,00:08:23.909000,so for that when your program will run some memory would be located in ram main
00:08:23.909000,00:08:23.919000,some memory would be located in ram main
00:08:23.919000,00:08:24.869000,some memory would be located in ram main memory
00:08:24.869000,00:08:24.879000,memory
00:08:24.879000,00:08:28.790000,memory right so some memory would be for your
00:08:28.790000,00:08:28.800000,right so some memory would be for your
00:08:28.800000,00:08:30.309000,right so some memory would be for your instruction
00:08:30.309000,00:08:30.319000,instruction
00:08:30.319000,00:08:32.310000,instruction the data some memory would be for your
00:08:32.310000,00:08:32.320000,the data some memory would be for your
00:08:32.320000,00:08:33.829000,the data some memory would be for your instructions and some memory would be
00:08:33.829000,00:08:33.839000,instructions and some memory would be
00:08:33.839000,00:08:36.389000,instructions and some memory would be for your data so how you will store this
00:08:36.389000,00:08:36.399000,for your data so how you will store this
00:08:36.399000,00:08:38.469000,for your data so how you will store this data like five
00:08:38.469000,00:08:38.479000,data like five
00:08:38.479000,00:08:40.389000,data like five and four in memory obviously you have to
00:08:40.389000,00:08:40.399000,and four in memory obviously you have to
00:08:40.399000,00:08:41.670000,and four in memory obviously you have to store
00:08:41.670000,00:08:41.680000,store
00:08:41.680000,00:08:43.670000,store in zeros and one one forms it would be
00:08:43.670000,00:08:43.680000,in zeros and one one forms it would be
00:08:43.680000,00:08:45.509000,in zeros and one one forms it would be stored not directly five and four
00:08:45.509000,00:08:45.519000,stored not directly five and four
00:08:45.519000,00:08:46.630000,stored not directly five and four it is just for your understanding
00:08:46.630000,00:08:46.640000,it is just for your understanding
00:08:46.640000,00:08:49.509000,it is just for your understanding purpose so we have to name this memory
00:08:49.509000,00:08:49.519000,purpose so we have to name this memory
00:08:49.519000,00:08:51.110000,purpose so we have to name this memory location
00:08:51.110000,00:08:51.120000,location
00:08:51.120000,00:08:52.550000,location because how you will store or how you
00:08:52.550000,00:08:52.560000,because how you will store or how you
00:08:52.560000,00:08:54.470000,because how you will store or how you will access that memory location
00:08:54.470000,00:08:54.480000,will access that memory location
00:08:54.480000,00:08:55.990000,will access that memory location if you don't have any name suppose i
00:08:55.990000,00:08:56,if you don't have any name suppose i
00:08:56,00:08:57.430000,if you don't have any name suppose i don't have any name then how you will
00:08:57.430000,00:08:57.440000,don't have any name then how you will
00:08:57.440000,00:08:59.430000,don't have any name then how you will call me
00:08:59.430000,00:08:59.440000,call me
00:08:59.440000,00:09:01.190000,call me right
00:09:01.190000,00:09:01.200000,right
00:09:01.200000,00:09:04.150000,right hey hi hey girl that is not a correct
00:09:04.150000,00:09:04.160000,hey hi hey girl that is not a correct
00:09:04.160000,00:09:05.829000,hey hi hey girl that is not a correct way
00:09:05.829000,00:09:05.839000,way
00:09:05.839000,00:09:08.949000,way name like jenny that is fine
00:09:08.949000,00:09:08.959000,name like jenny that is fine
00:09:08.959000,00:09:11.190000,name like jenny that is fine yes i have some space i occupy some
00:09:11.190000,00:09:11.200000,yes i have some space i occupy some
00:09:11.200000,00:09:13.190000,yes i have some space i occupy some space on this planet earth and i have a
00:09:13.190000,00:09:13.200000,space on this planet earth and i have a
00:09:13.200000,00:09:14.070000,space on this planet earth and i have a name
00:09:14.070000,00:09:14.080000,name
00:09:14.080000,00:09:17.269000,name right so same the data is there that is
00:09:17.269000,00:09:17.279000,right so same the data is there that is
00:09:17.279000,00:09:18.949000,right so same the data is there that is occupying some space in memory and that
00:09:18.949000,00:09:18.959000,occupying some space in memory and that
00:09:18.959000,00:09:20.470000,occupying some space in memory and that data is having some name under some
00:09:20.470000,00:09:20.480000,data is having some name under some
00:09:20.480000,00:09:22.630000,data is having some name under some memory named memory location the data is
00:09:22.630000,00:09:22.640000,memory named memory location the data is
00:09:22.640000,00:09:25.030000,memory named memory location the data is there so this suppose memory location
00:09:25.030000,00:09:25.040000,there so this suppose memory location
00:09:25.040000,00:09:27.030000,there so this suppose memory location name is a this is b
00:09:27.030000,00:09:27.040000,name is a this is b
00:09:27.040000,00:09:28.710000,name is a this is b so this a and b are
00:09:28.710000,00:09:28.720000,so this a and b are
00:09:28.720000,00:09:31.110000,so this a and b are just variables
00:09:31.110000,00:09:31.120000,just variables
00:09:31.120000,00:09:32.389000,just variables variables
00:09:32.389000,00:09:32.399000,variables
00:09:32.399000,00:09:34.230000,variables so variable is not like where we store
00:09:34.230000,00:09:34.240000,so variable is not like where we store
00:09:34.240000,00:09:36.630000,so variable is not like where we store data no we store data in memory but
00:09:36.630000,00:09:36.640000,data no we store data in memory but
00:09:36.640000,00:09:37.910000,data no we store data in memory but variable is
00:09:37.910000,00:09:37.920000,variable is
00:09:37.920000,00:09:40.470000,variable is the name of the memory location where we
00:09:40.470000,00:09:40.480000,the name of the memory location where we
00:09:40.480000,00:09:43.350000,the name of the memory location where we store the data so it's just a named
00:09:43.350000,00:09:43.360000,store the data so it's just a named
00:09:43.360000,00:09:45.030000,store the data so it's just a named memory location that's it it's a
00:09:45.030000,00:09:45.040000,memory location that's it it's a
00:09:45.040000,00:09:47.910000,memory location that's it it's a container for the data that's it
00:09:47.910000,00:09:47.920000,container for the data that's it
00:09:47.920000,00:09:49.990000,container for the data that's it name of the memory location right so
00:09:49.990000,00:09:50,name of the memory location right so
00:09:50,00:09:51.990000,name of the memory location right so these are variables and variables as the
00:09:51.990000,00:09:52,these are variables and variables as the
00:09:52,00:09:53.190000,these are variables and variables as the name suggests
00:09:53.190000,00:09:53.200000,name suggests
00:09:53.200000,00:09:54.949000,name suggests simple variables
00:09:54.949000,00:09:54.959000,simple variables
00:09:54.959000,00:09:56.870000,simple variables uh these well the value of the variable
00:09:56.870000,00:09:56.880000,uh these well the value of the variable
00:09:56.880000,00:09:58.470000,uh these well the value of the variable can be modified during the execution of
00:09:58.470000,00:09:58.480000,can be modified during the execution of
00:09:58.480000,00:09:59.990000,can be modified during the execution of a program the value of the constant
00:09:59.990000,00:10:00,a program the value of the constant
00:10:00,00:10:01.829000,a program the value of the constant cannot be modified
00:10:01.829000,00:10:01.839000,cannot be modified
00:10:01.839000,00:10:04.230000,cannot be modified right so i hope variable is clear to you
00:10:04.230000,00:10:04.240000,right so i hope variable is clear to you
00:10:04.240000,00:10:05.269000,right so i hope variable is clear to you right
00:10:05.269000,00:10:05.279000,right
00:10:05.279000,00:10:07.430000,right so now let's see the difference
00:10:07.430000,00:10:07.440000,so now let's see the difference
00:10:07.440000,00:10:09.509000,so now let's see the difference this value you cannot modify but if you
00:10:09.509000,00:10:09.519000,this value you cannot modify but if you
00:10:09.519000,00:10:11.269000,this value you cannot modify but if you don't write here const
00:10:11.269000,00:10:11.279000,don't write here const
00:10:11.279000,00:10:13.910000,don't write here const now in a this is now simple variable a
00:10:13.910000,00:10:13.920000,now in a this is now simple variable a
00:10:13.920000,00:10:15.670000,now in a this is now simple variable a is name of the variable integer type and
00:10:15.670000,00:10:15.680000,is name of the variable integer type and
00:10:15.680000,00:10:16.870000,is name of the variable integer type and this is the value
00:10:16.870000,00:10:16.880000,this is the value
00:10:16.880000,00:10:19.110000,this is the value now print
00:10:19.110000,00:10:19.120000,now print
00:10:19.120000,00:10:20.949000,now print you can print you can
00:10:20.949000,00:10:20.959000,you can print you can
00:10:20.959000,00:10:23.350000,you can print you can print the value using c out object and
00:10:23.350000,00:10:23.360000,print the value using c out object and
00:10:23.360000,00:10:25.350000,print the value using c out object and after that you can change it is equal to
00:10:25.350000,00:10:25.360000,after that you can change it is equal to
00:10:25.360000,00:10:28.230000,after that you can change it is equal to 15 and this line will print now 15. now
00:10:28.230000,00:10:28.240000,15 and this line will print now 15. now
00:10:28.240000,00:10:29.670000,15 and this line will print now 15. now this program will work fine i'll show
00:10:29.670000,00:10:29.680000,this program will work fine i'll show
00:10:29.680000,00:10:32.069000,this program will work fine i'll show you this on my laptop also because this
00:10:32.069000,00:10:32.079000,you this on my laptop also because this
00:10:32.079000,00:10:34.310000,you this on my laptop also because this is not constant this is variable
00:10:34.310000,00:10:34.320000,is not constant this is variable
00:10:34.320000,00:10:35.829000,is not constant this is variable right
00:10:35.829000,00:10:35.839000,right
00:10:35.839000,00:10:38.150000,right now yeah i think variable is clear to
00:10:38.150000,00:10:38.160000,now yeah i think variable is clear to
00:10:38.160000,00:10:39.190000,now yeah i think variable is clear to you
00:10:39.190000,00:10:39.200000,you
00:10:39.200000,00:10:41.350000,you uh just a named memory location of the
00:10:41.350000,00:10:41.360000,uh just a named memory location of the
00:10:41.360000,00:10:42.870000,uh just a named memory location of the name of the memory location where we
00:10:42.870000,00:10:42.880000,name of the memory location where we
00:10:42.880000,00:10:44.069000,name of the memory location where we store
00:10:44.069000,00:10:44.079000,store
00:10:44.079000,00:10:44.870000,store the
00:10:44.870000,00:10:44.880000,the
00:10:44.880000,00:10:47.670000,the data our data right so data can be
00:10:47.670000,00:10:47.680000,data our data right so data can be
00:10:47.680000,00:10:50.150000,data our data right so data can be integer floating type of data character
00:10:50.150000,00:10:50.160000,integer floating type of data character
00:10:50.160000,00:10:52.230000,integer floating type of data character or string type of data any data can be
00:10:52.230000,00:10:52.240000,or string type of data any data can be
00:10:52.240000,00:10:53.910000,or string type of data any data can be there right according to that we take
00:10:53.910000,00:10:53.920000,there right according to that we take
00:10:53.920000,00:10:55.750000,there right according to that we take the name of the variable there are some
00:10:55.750000,00:10:55.760000,the name of the variable there are some
00:10:55.760000,00:10:57.829000,the name of the variable there are some rules to define name of the variables
00:10:57.829000,00:10:57.839000,rules to define name of the variables
00:10:57.839000,00:11:00.949000,rules to define name of the variables right suppose that should be meaningful
00:11:00.949000,00:11:00.959000,right suppose that should be meaningful
00:11:00.959000,00:11:03.110000,right suppose that should be meaningful like if you want to calculate sum of two
00:11:03.110000,00:11:03.120000,like if you want to calculate sum of two
00:11:03.120000,00:11:04.150000,like if you want to calculate sum of two numbers
00:11:04.150000,00:11:04.160000,numbers
00:11:04.160000,00:11:05.269000,numbers so
00:11:05.269000,00:11:05.279000,so
00:11:05.279000,00:11:08.710000,so the variable you can take like sum
00:11:08.710000,00:11:08.720000,the variable you can take like sum
00:11:08.720000,00:11:10.550000,the variable you can take like sum in sum you will print if you want to
00:11:10.550000,00:11:10.560000,in sum you will print if you want to
00:11:10.560000,00:11:13.269000,in sum you will print if you want to calculate average so just take the name
00:11:13.269000,00:11:13.279000,calculate average so just take the name
00:11:13.279000,00:11:16.150000,calculate average so just take the name of the variable avg or average that
00:11:16.150000,00:11:16.160000,of the variable avg or average that
00:11:16.160000,00:11:18.389000,of the variable avg or average that should be meaningful it's not like that
00:11:18.389000,00:11:18.399000,should be meaningful it's not like that
00:11:18.399000,00:11:20.630000,should be meaningful it's not like that i'm taking x
00:11:20.630000,00:11:20.640000,i'm taking x
00:11:20.640000,00:11:23.269000,i'm taking x here i'll store some of two numbers yeah
00:11:23.269000,00:11:23.279000,here i'll store some of two numbers yeah
00:11:23.279000,00:11:25.269000,here i'll store some of two numbers yeah you can take this it's not compulsory to
00:11:25.269000,00:11:25.279000,you can take this it's not compulsory to
00:11:25.279000,00:11:26.710000,you can take this it's not compulsory to take sum
00:11:26.710000,00:11:26.720000,take sum
00:11:26.720000,00:11:29.430000,take sum in sum is equal to a plus b i'll store
00:11:29.430000,00:11:29.440000,in sum is equal to a plus b i'll store
00:11:29.440000,00:11:31.829000,in sum is equal to a plus b i'll store the sum it's not compulsory you can take
00:11:31.829000,00:11:31.839000,the sum it's not compulsory you can take
00:11:31.839000,00:11:33.590000,the sum it's not compulsory you can take x also x is equal to a plus b that is
00:11:33.590000,00:11:33.600000,x also x is equal to a plus b that is
00:11:33.600000,00:11:35.110000,x also x is equal to a plus b that is also fine
00:11:35.110000,00:11:35.120000,also fine
00:11:35.120000,00:11:37.670000,also fine but sum is more meaningful to you
00:11:37.670000,00:11:37.680000,but sum is more meaningful to you
00:11:37.680000,00:11:38.790000,but sum is more meaningful to you so it would
00:11:38.790000,00:11:38.800000,so it would
00:11:38.800000,00:11:40.949000,so it would increase the readability of your program
00:11:40.949000,00:11:40.959000,increase the readability of your program
00:11:40.959000,00:11:42.470000,increase the readability of your program right
00:11:42.470000,00:11:42.480000,right
00:11:42.480000,00:11:45.190000,right and see name of the variable always
00:11:45.190000,00:11:45.200000,and see name of the variable always
00:11:45.200000,00:11:46.949000,and see name of the variable always contains the letters
00:11:46.949000,00:11:46.959000,contains the letters
00:11:46.959000,00:11:50.949000,contains the letters a to z or a to z or the
00:11:50.949000,00:11:50.959000,a to z or a to z or the
00:11:50.959000,00:11:53.990000,a to z or a to z or the that android underscore
00:11:53.990000,00:11:54,that android underscore
00:11:54,00:11:56.790000,that android underscore and numbers zero to nine no special
00:11:56.790000,00:11:56.800000,and numbers zero to nine no special
00:11:56.800000,00:12:00.710000,and numbers zero to nine no special characters are allowed right like uh
00:12:00.710000,00:12:00.720000,characters are allowed right like uh
00:12:00.720000,00:12:02.710000,characters are allowed right like uh and the name of the variable always we
00:12:02.710000,00:12:02.720000,and the name of the variable always we
00:12:02.720000,00:12:03.829000,and the name of the variable always we started
00:12:03.829000,00:12:03.839000,started
00:12:03.839000,00:12:04.870000,started from a
00:12:04.870000,00:12:04.880000,from a
00:12:04.880000,00:12:05.829000,from a letter
00:12:05.829000,00:12:05.839000,letter
00:12:05.839000,00:12:09.030000,letter like s u m sum or underscore
00:12:09.030000,00:12:09.040000,like s u m sum or underscore
00:12:09.040000,00:12:10.389000,like s u m sum or underscore this is also fine
00:12:10.389000,00:12:10.399000,this is also fine
00:12:10.399000,00:12:14.069000,this is also fine but 1 s um this is not allowed
00:12:14.069000,00:12:14.079000,but 1 s um this is not allowed
00:12:14.079000,00:12:15.430000,but 1 s um this is not allowed but sum
00:12:15.430000,00:12:15.440000,but sum
00:12:15.440000,00:12:18.230000,but sum sum 1 this is allowed
00:12:18.230000,00:12:18.240000,sum 1 this is allowed
00:12:18.240000,00:12:20.870000,sum 1 this is allowed always started from either a letter
00:12:20.870000,00:12:20.880000,always started from either a letter
00:12:20.880000,00:12:24.550000,always started from either a letter capital or small or underscore that's it
00:12:24.550000,00:12:24.560000,capital or small or underscore that's it
00:12:24.560000,00:12:27.509000,capital or small or underscore that's it dollar s-u-m this is not allowed
00:12:27.509000,00:12:27.519000,dollar s-u-m this is not allowed
00:12:27.519000,00:12:29.030000,dollar s-u-m this is not allowed any special symbol in this is not
00:12:29.030000,00:12:29.040000,any special symbol in this is not
00:12:29.040000,00:12:32.550000,any special symbol in this is not allowed like or you can say avg dollar
00:12:32.550000,00:12:32.560000,allowed like or you can say avg dollar
00:12:32.560000,00:12:34.470000,allowed like or you can say avg dollar this is not allowed
00:12:34.470000,00:12:34.480000,this is not allowed
00:12:34.480000,00:12:35.990000,this is not allowed or you can say
00:12:35.990000,00:12:36,or you can say
00:12:36,00:12:38.389000,or you can say abe average
00:12:38.389000,00:12:38.399000,abe average
00:12:38.399000,00:12:39.590000,abe average underscore
00:12:39.590000,00:12:39.600000,underscore
00:12:39.600000,00:12:42.150000,underscore or sum this is allowed
00:12:42.150000,00:12:42.160000,or sum this is allowed
00:12:42.160000,00:12:44.790000,or sum this is allowed underscore is allowed
00:12:44.790000,00:12:44.800000,underscore is allowed
00:12:44.800000,00:12:48.310000,underscore is allowed i hope these rules are clear to you now
00:12:48.310000,00:12:48.320000,i hope these rules are clear to you now
00:12:48.320000,00:12:49.829000,i hope these rules are clear to you now now second method let's see the second
00:12:49.829000,00:12:49.839000,now second method let's see the second
00:12:49.839000,00:12:52.069000,now second method let's see the second method to define constant second method
00:12:52.069000,00:12:52.079000,method to define constant second method
00:12:52.079000,00:12:53.030000,method to define constant second method is
00:12:53.030000,00:12:53.040000,is
00:12:53.040000,00:12:55.990000,is use this line hash define
00:12:55.990000,00:12:56,use this line hash define
00:12:56,00:12:58.389000,use this line hash define macro
00:12:58.389000,00:12:58.399000,macro
00:12:58.399000,00:12:59.509000,macro before
00:12:59.509000,00:12:59.519000,before
00:12:59.519000,00:13:01.190000,before obviously see you can write down this
00:13:01.190000,00:13:01.200000,obviously see you can write down this
00:13:01.200000,00:13:02.790000,obviously see you can write down this line anywhere in your program generally
00:13:02.790000,00:13:02.800000,line anywhere in your program generally
00:13:02.800000,00:13:04.949000,line anywhere in your program generally we write
00:13:04.949000,00:13:04.959000,we write
00:13:04.959000,00:13:07.590000,we write just uh after the header files
00:13:07.590000,00:13:07.600000,just uh after the header files
00:13:07.600000,00:13:08.710000,just uh after the header files right
00:13:08.710000,00:13:08.720000,right
00:13:08.720000,00:13:10.550000,right this is the correct
00:13:10.550000,00:13:10.560000,this is the correct
00:13:10.560000,00:13:12.870000,this is the correct you can say location to use hash defined
00:13:12.870000,00:13:12.880000,you can say location to use hash defined
00:13:12.880000,00:13:14.790000,you can say location to use hash defined type of things otherwise you can use it
00:13:14.790000,00:13:14.800000,type of things otherwise you can use it
00:13:14.800000,00:13:17.110000,type of things otherwise you can use it in anywhere in the program that is it's
00:13:17.110000,00:13:17.120000,in anywhere in the program that is it's
00:13:17.120000,00:13:18.790000,in anywhere in the program that is it's not a rule it's not compulsory that you
00:13:18.790000,00:13:18.800000,not a rule it's not compulsory that you
00:13:18.800000,00:13:21.030000,not a rule it's not compulsory that you have to define you know after header
00:13:21.030000,00:13:21.040000,have to define you know after header
00:13:21.040000,00:13:23.190000,have to define you know after header file only has to find just name of the
00:13:23.190000,00:13:23.200000,file only has to find just name of the
00:13:23.200000,00:13:25.550000,file only has to find just name of the constant i am taking suppose by
00:13:25.550000,00:13:25.560000,constant i am taking suppose by
00:13:25.560000,00:13:27.190000,constant i am taking suppose by 3.14
00:13:27.190000,00:13:27.200000,3.14
00:13:27.200000,00:13:29.350000,3.14 that's it
00:13:29.350000,00:13:29.360000,that's it
00:13:29.360000,00:13:32.310000,that's it or hash define
00:13:32.310000,00:13:32.320000,or hash define
00:13:32.320000,00:13:35.350000,or hash define any name of the variable like n 50
00:13:35.350000,00:13:35.360000,any name of the variable like n 50
00:13:35.360000,00:13:38.710000,any name of the variable like n 50 or hash define
00:13:38.710000,00:13:38.720000,or hash define
00:13:38.720000,00:13:39.829000,or hash define max
00:13:39.829000,00:13:39.839000,max
00:13:39.839000,00:13:42.230000,max 100
00:13:42.230000,00:13:42.240000,100
00:13:42.240000,00:13:43.430000,100 right
00:13:43.430000,00:13:43.440000,right
00:13:43.440000,00:13:45.110000,right so
00:13:45.110000,00:13:45.120000,so
00:13:45.120000,00:13:49.829000,so this pi like why we define constant
00:13:49.829000,00:13:49.839000,this pi like why we define constant
00:13:49.839000,00:13:51.829000,this pi like why we define constant see constant is what the value cannot be
00:13:51.829000,00:13:51.839000,see constant is what the value cannot be
00:13:51.839000,00:13:54.470000,see constant is what the value cannot be changed in the program so generally
00:13:54.470000,00:13:54.480000,changed in the program so generally
00:13:54.480000,00:13:56.470000,changed in the program so generally if you want that this value should be
00:13:56.470000,00:13:56.480000,if you want that this value should be
00:13:56.480000,00:13:58.550000,if you want that this value should be fixed like pi value should be fixed
00:13:58.550000,00:13:58.560000,fixed like pi value should be fixed
00:13:58.560000,00:14:00.389000,fixed like pi value should be fixed 3.1415
00:14:00.389000,00:14:00.399000,3.1415
00:14:00.399000,00:14:01.189000,3.1415 right
00:14:01.189000,00:14:01.199000,right
00:14:01.199000,00:14:03.910000,right because yeah it is fixed
00:14:03.910000,00:14:03.920000,because yeah it is fixed
00:14:03.920000,00:14:06.550000,because yeah it is fixed so if you define it as a constant no one
00:14:06.550000,00:14:06.560000,so if you define it as a constant no one
00:14:06.560000,00:14:08.870000,so if you define it as a constant no one can change it in your program
00:14:08.870000,00:14:08.880000,can change it in your program
00:14:08.880000,00:14:12.150000,can change it in your program see accidentally if someone by mistake
00:14:12.150000,00:14:12.160000,see accidentally if someone by mistake
00:14:12.160000,00:14:13.910000,see accidentally if someone by mistake change want to change the value of any
00:14:13.910000,00:14:13.920000,change want to change the value of any
00:14:13.920000,00:14:16.069000,change want to change the value of any constant want to change the value of pi
00:14:16.069000,00:14:16.079000,constant want to change the value of pi
00:14:16.079000,00:14:17.590000,constant want to change the value of pi that will give error
00:14:17.590000,00:14:17.600000,that will give error
00:14:17.600000,00:14:19.590000,that will give error right if you don't define it as a
00:14:19.590000,00:14:19.600000,right if you don't define it as a
00:14:19.600000,00:14:20.790000,right if you don't define it as a constant
00:14:20.790000,00:14:20.800000,constant
00:14:20.800000,00:14:22.790000,constant simple variable if you take it then
00:14:22.790000,00:14:22.800000,simple variable if you take it then
00:14:22.800000,00:14:25.030000,simple variable if you take it then anyone can change that thing
00:14:25.030000,00:14:25.040000,anyone can change that thing
00:14:25.040000,00:14:26.150000,anyone can change that thing maybe not
00:14:26.150000,00:14:26.160000,maybe not
00:14:26.160000,00:14:27.430000,maybe not intentionally but
00:14:27.430000,00:14:27.440000,intentionally but
00:14:27.440000,00:14:29.990000,intentionally but accidentally by default and that would
00:14:29.990000,00:14:30,accidentally by default and that would
00:14:30,00:14:31.350000,accidentally by default and that would give you
00:14:31.350000,00:14:31.360000,give you
00:14:31.360000,00:14:33.910000,give you error in the program or maybe not error
00:14:33.910000,00:14:33.920000,error in the program or maybe not error
00:14:33.920000,00:14:36.150000,error in the program or maybe not error but you will not get correct output
00:14:36.150000,00:14:36.160000,but you will not get correct output
00:14:36.160000,00:14:37.189000,but you will not get correct output right
00:14:37.189000,00:14:37.199000,right
00:14:37.199000,00:14:39.990000,right and if your program is large and you
00:14:39.990000,00:14:40,and if your program is large and you
00:14:40,00:14:41.509000,and if your program is large and you will not you are not getting correct
00:14:41.509000,00:14:41.519000,will not you are not getting correct
00:14:41.519000,00:14:43.189000,will not you are not getting correct output and you are not getting any error
00:14:43.189000,00:14:43.199000,output and you are not getting any error
00:14:43.199000,00:14:45.750000,output and you are not getting any error even so it would be very difficult for
00:14:45.750000,00:14:45.760000,even so it would be very difficult for
00:14:45.760000,00:14:47.509000,even so it would be very difficult for you to find out these kind of things
00:14:47.509000,00:14:47.519000,you to find out these kind of things
00:14:47.519000,00:14:50.069000,you to find out these kind of things like where what is the thing what where
00:14:50.069000,00:14:50.079000,like where what is the thing what where
00:14:50.079000,00:14:52.870000,like where what is the thing what where we have uh you know going wrong
00:14:52.870000,00:14:52.880000,we have uh you know going wrong
00:14:52.880000,00:14:54.949000,we have uh you know going wrong so better if you want that this value
00:14:54.949000,00:14:54.959000,so better if you want that this value
00:14:54.959000,00:14:56.790000,so better if you want that this value should be fixed in your program better
00:14:56.790000,00:14:56.800000,should be fixed in your program better
00:14:56.800000,00:14:59.910000,should be fixed in your program better to define that value as a constant
00:14:59.910000,00:14:59.920000,to define that value as a constant
00:14:59.920000,00:15:01.829000,to define that value as a constant either by using hash defined method or
00:15:01.829000,00:15:01.839000,either by using hash defined method or
00:15:01.839000,00:15:03.670000,either by using hash defined method or by using const method
00:15:03.670000,00:15:03.680000,by using const method
00:15:03.680000,00:15:05.189000,by using const method so now this value cannot be changed in
00:15:05.189000,00:15:05.199000,so now this value cannot be changed in
00:15:05.199000,00:15:07.670000,so now this value cannot be changed in the program this n value is also fixed m
00:15:07.670000,00:15:07.680000,the program this n value is also fixed m
00:15:07.680000,00:15:09.990000,the program this n value is also fixed m max value is also fixed now see here i
00:15:09.990000,00:15:10,max value is also fixed now see here i
00:15:10,00:15:12.629000,max value is also fixed now see here i am taking capital letters
00:15:12.629000,00:15:12.639000,am taking capital letters
00:15:12.639000,00:15:15.030000,am taking capital letters this as you can say naming convention
00:15:15.030000,00:15:15.040000,this as you can say naming convention
00:15:15.040000,00:15:16.790000,this as you can say naming convention when you define a constant using hash
00:15:16.790000,00:15:16.800000,when you define a constant using hash
00:15:16.800000,00:15:18.629000,when you define a constant using hash define using this line
00:15:18.629000,00:15:18.639000,define using this line
00:15:18.639000,00:15:19.509000,define using this line then
00:15:19.509000,00:15:19.519000,then
00:15:19.519000,00:15:23.030000,then all capital letters we take generally
00:15:23.030000,00:15:23.040000,all capital letters we take generally
00:15:23.040000,00:15:25.750000,all capital letters we take generally because when we define variables in our
00:15:25.750000,00:15:25.760000,because when we define variables in our
00:15:25.760000,00:15:28.389000,because when we define variables in our program we generally take small letters
00:15:28.389000,00:15:28.399000,program we generally take small letters
00:15:28.399000,00:15:29.189000,program we generally take small letters so
00:15:29.189000,00:15:29.199000,so
00:15:29.199000,00:15:31.829000,so just to avoid the confusion like this is
00:15:31.829000,00:15:31.839000,just to avoid the confusion like this is
00:15:31.839000,00:15:34.069000,just to avoid the confusion like this is a simple variable in a program or this
00:15:34.069000,00:15:34.079000,a simple variable in a program or this
00:15:34.079000,00:15:35.990000,a simple variable in a program or this is a macro type of thing
00:15:35.990000,00:15:36,is a macro type of thing
00:15:36,00:15:38.230000,is a macro type of thing to differentiate these kind of things
00:15:38.230000,00:15:38.240000,to differentiate these kind of things
00:15:38.240000,00:15:40.949000,to differentiate these kind of things we take like these things the macro
00:15:40.949000,00:15:40.959000,we take like these things the macro
00:15:40.959000,00:15:42.069000,we take like these things the macro constant
00:15:42.069000,00:15:42.079000,constant
00:15:42.079000,00:15:44.550000,constant in capital letters but it is not a rule
00:15:44.550000,00:15:44.560000,in capital letters but it is not a rule
00:15:44.560000,00:15:46.710000,in capital letters but it is not a rule you can simply write small mix that is
00:15:46.710000,00:15:46.720000,you can simply write small mix that is
00:15:46.720000,00:15:48.230000,you can simply write small mix that is also fine
00:15:48.230000,00:15:48.240000,also fine
00:15:48.240000,00:15:50.230000,also fine right but it just
00:15:50.230000,00:15:50.240000,right but it just
00:15:50.240000,00:15:52.790000,right but it just for your convenience to differentiate
00:15:52.790000,00:15:52.800000,for your convenience to differentiate
00:15:52.800000,00:15:56.230000,for your convenience to differentiate these kind of things we take these uh as
00:15:56.230000,00:15:56.240000,these kind of things we take these uh as
00:15:56.240000,00:15:59.910000,these kind of things we take these uh as a in capital letters
00:16:01.990000,00:16:02,so now whenever you program you write
00:16:02,00:16:04.069000,so now whenever you program you write the max or n or pi that would be
00:16:04.069000,00:16:04.079000,the max or n or pi that would be
00:16:04.079000,00:16:06.870000,the max or n or pi that would be replaced by these values before the
00:16:06.870000,00:16:06.880000,replaced by these values before the
00:16:06.880000,00:16:08.389000,replaced by these values before the compilation start
00:16:08.389000,00:16:08.399000,compilation start
00:16:08.399000,00:16:10.389000,compilation start by the preprocessor right i hope the
00:16:10.389000,00:16:10.399000,by the preprocessor right i hope the
00:16:10.399000,00:16:11.990000,by the preprocessor right i hope the working of the pre-processes
00:16:11.990000,00:16:12,working of the pre-processes
00:16:12,00:16:13.590000,working of the pre-processes preprocessor is clear to you because we
00:16:13.590000,00:16:13.600000,preprocessor is clear to you because we
00:16:13.600000,00:16:15.350000,preprocessor is clear to you because we have already uploaded a video in this
00:16:15.350000,00:16:15.360000,have already uploaded a video in this
00:16:15.360000,00:16:16.310000,have already uploaded a video in this thing
00:16:16.310000,00:16:16.320000,thing
00:16:16.320000,00:16:18.230000,thing you can find out that video in c
00:16:18.230000,00:16:18.240000,you can find out that video in c
00:16:18.240000,00:16:20.310000,you can find out that video in c programming playlist right
00:16:20.310000,00:16:20.320000,programming playlist right
00:16:20.320000,00:16:22.150000,programming playlist right so i think the difference between
00:16:22.150000,00:16:22.160000,so i think the difference between
00:16:22.160000,00:16:23.509000,so i think the difference between constant and variable is clear to you
00:16:23.509000,00:16:23.519000,constant and variable is clear to you
00:16:23.519000,00:16:25.110000,constant and variable is clear to you let me just show you with the help of a
00:16:25.110000,00:16:25.120000,let me just show you with the help of a
00:16:25.120000,00:16:26.310000,let me just show you with the help of a program
00:16:26.310000,00:16:26.320000,program
00:16:26.320000,00:16:29.110000,program so let's create a new program here i'm
00:16:29.110000,00:16:29.120000,so let's create a new program here i'm
00:16:29.120000,00:16:32.230000,so let's create a new program here i'm just taking the variable
00:16:32.230000,00:16:32.240000,just taking the variable
00:16:32.240000,00:16:34.150000,just taking the variable const and
00:16:34.150000,00:16:34.160000,const and
00:16:34.160000,00:16:35.350000,const and where
00:16:35.350000,00:16:35.360000,where
00:16:35.360000,00:16:38.710000,where dot cpp extension would be dot cpp right
00:16:38.710000,00:16:38.720000,dot cpp extension would be dot cpp right
00:16:38.720000,00:16:40.790000,dot cpp extension would be dot cpp right so first thing
00:16:40.790000,00:16:40.800000,so first thing
00:16:40.800000,00:16:42.870000,so first thing you have to
00:16:42.870000,00:16:42.880000,you have to
00:16:42.880000,00:16:44.069000,you have to include
00:16:44.069000,00:16:44.079000,include
00:16:44.079000,00:16:45.829000,include iostream header
00:16:45.829000,00:16:45.839000,iostream header
00:16:45.839000,00:16:47.350000,iostream header right
00:16:47.350000,00:16:47.360000,right
00:16:47.360000,00:16:49.430000,right then we simply write
00:16:49.430000,00:16:49.440000,then we simply write
00:16:49.440000,00:16:52.310000,then we simply write in domain
00:16:53.590000,00:16:53.600000,and
00:16:53.600000,00:16:57.030000,and just taking a constant c o and s t const
00:16:57.030000,00:16:57.040000,just taking a constant c o and s t const
00:16:57.040000,00:16:57.990000,just taking a constant c o and s t const int
00:16:57.990000,00:16:58,int
00:16:58,00:17:01.030000,int a is equal to 89
00:17:01.030000,00:17:01.040000,a is equal to 89
00:17:01.040000,00:17:02.829000,a is equal to 89 and i'm just
00:17:02.829000,00:17:02.839000,and i'm just
00:17:02.839000,00:17:05.110000,and i'm just printing a
00:17:05.110000,00:17:05.120000,printing a
00:17:05.120000,00:17:06.470000,printing a semicolon
00:17:06.470000,00:17:06.480000,semicolon
00:17:06.480000,00:17:10.230000,semicolon right sorry let's take e and d l
00:17:10.230000,00:17:10.240000,right sorry let's take e and d l
00:17:10.240000,00:17:11.750000,right sorry let's take e and d l so i have told you
00:17:11.750000,00:17:11.760000,so i have told you
00:17:11.760000,00:17:13.909000,so i have told you name spaces these are under name spaces
00:17:13.909000,00:17:13.919000,name spaces these are under name spaces
00:17:13.919000,00:17:15.829000,name spaces these are under name spaces these objects here out
00:17:15.829000,00:17:15.839000,these objects here out
00:17:15.839000,00:17:17.750000,these objects here out the stream objects e and dl these are
00:17:17.750000,00:17:17.760000,the stream objects e and dl these are
00:17:17.760000,00:17:20.150000,the stream objects e and dl these are under a name space the header file is a
00:17:20.150000,00:17:20.160000,under a name space the header file is a
00:17:20.160000,00:17:22.470000,under a name space the header file is a header is i o stream under this header
00:17:22.470000,00:17:22.480000,header is i o stream under this header
00:17:22.480000,00:17:23.990000,header is i o stream under this header there is a name space
00:17:23.990000,00:17:24,there is a name space
00:17:24,00:17:26.789000,there is a name space within those namespaces these are
00:17:26.789000,00:17:26.799000,within those namespaces these are
00:17:26.799000,00:17:29.270000,within those namespaces these are declare these things are there defined
00:17:29.270000,00:17:29.280000,declare these things are there defined
00:17:29.280000,00:17:31.110000,declare these things are there defined so you have to use
00:17:31.110000,00:17:31.120000,so you have to use
00:17:31.120000,00:17:33.430000,so you have to use std
00:17:33.430000,00:17:33.440000,std
00:17:33.440000,00:17:36.310000,std this namespace name std
00:17:36.310000,00:17:36.320000,this namespace name std
00:17:36.320000,00:17:38.870000,this namespace name std colon column scope resolution operator
00:17:38.870000,00:17:38.880000,colon column scope resolution operator
00:17:38.880000,00:17:40.150000,colon column scope resolution operator right
00:17:40.150000,00:17:40.160000,right
00:17:40.160000,00:17:42.870000,right now this is fine or after header file
00:17:42.870000,00:17:42.880000,now this is fine or after header file
00:17:42.880000,00:17:44.150000,now this is fine or after header file also you can write down something like
00:17:44.150000,00:17:44.160000,also you can write down something like
00:17:44.160000,00:17:46.150000,also you can write down something like this using
00:17:46.150000,00:17:46.160000,this using
00:17:46.160000,00:17:47.990000,this using namespace
00:17:47.990000,00:17:48,namespace
00:17:48,00:17:49.669000,namespace std
00:17:49.669000,00:17:49.679000,std
00:17:49.679000,00:17:52.070000,std rather than writing stdstd here but it
00:17:52.070000,00:17:52.080000,rather than writing stdstd here but it
00:17:52.080000,00:17:53.430000,rather than writing stdstd here but it is not a good practice to write this
00:17:53.430000,00:17:53.440000,is not a good practice to write this
00:17:53.440000,00:17:56.549000,is not a good practice to write this thing because in std namespace we have
00:17:56.549000,00:17:56.559000,thing because in std namespace we have
00:17:56.559000,00:17:59.909000,thing because in std namespace we have many things that we don't want to use
00:17:59.909000,00:17:59.919000,many things that we don't want to use
00:17:59.919000,00:18:01.190000,many things that we don't want to use right
00:18:01.190000,00:18:01.200000,right
00:18:01.200000,00:18:02.549000,right so better
00:18:02.549000,00:18:02.559000,so better
00:18:02.559000,00:18:05.590000,so better to use with the you know the things the
00:18:05.590000,00:18:05.600000,to use with the you know the things the
00:18:05.600000,00:18:08.470000,to use with the you know the things the objects the classes or the functions
00:18:08.470000,00:18:08.480000,objects the classes or the functions
00:18:08.480000,00:18:10.630000,objects the classes or the functions where from where these are from a study
00:18:10.630000,00:18:10.640000,where from where these are from a study
00:18:10.640000,00:18:12.710000,where from where these are from a study name space you want to use
00:18:12.710000,00:18:12.720000,name space you want to use
00:18:12.720000,00:18:14.549000,name space you want to use that should be you know you can say
00:18:14.549000,00:18:14.559000,that should be you know you can say
00:18:14.559000,00:18:17.029000,that should be you know you can say prefixed with std name space
00:18:17.029000,00:18:17.039000,prefixed with std name space
00:18:17.039000,00:18:19.669000,prefixed with std name space that also you can write or maybe it is
00:18:19.669000,00:18:19.679000,that also you can write or maybe it is
00:18:19.679000,00:18:21.750000,that also you can write or maybe it is like cumbersome for you guys so you can
00:18:21.750000,00:18:21.760000,like cumbersome for you guys so you can
00:18:21.760000,00:18:23.669000,like cumbersome for you guys so you can write down this thing using namespace sd
00:18:23.669000,00:18:23.679000,write down this thing using namespace sd
00:18:23.679000,00:18:25.270000,write down this thing using namespace sd that is also fine
00:18:25.270000,00:18:25.280000,that is also fine
00:18:25.280000,00:18:28.950000,that is also fine right
00:18:30.549000,00:18:30.559000,or the next thing is you can use
00:18:30.559000,00:18:34.070000,or the next thing is you can use something like this using std
00:18:34.070000,00:18:34.080000,something like this using std
00:18:34.080000,00:18:37.909000,something like this using std c out
00:18:38.950000,00:18:38.960000,using
00:18:38.960000,00:18:42.070000,using std
00:18:44.150000,00:18:44.160000,endl
00:18:44.160000,00:18:46.230000,endl and generally we also use like this
00:18:46.230000,00:18:46.240000,and generally we also use like this
00:18:46.240000,00:18:48.310000,and generally we also use like this using s
00:18:48.310000,00:18:48.320000,using s
00:18:48.320000,00:18:49.750000,using s t d
00:18:49.750000,00:18:49.760000,t d
00:18:49.760000,00:18:52.390000,t d c and also generally we use in a program
00:18:52.390000,00:18:52.400000,c and also generally we use in a program
00:18:52.400000,00:18:53.990000,c and also generally we use in a program so three you can define something like
00:18:53.990000,00:18:54,so three you can define something like
00:18:54,00:18:55.669000,so three you can define something like this now you don't need no need to write
00:18:55.669000,00:18:55.679000,this now you don't need no need to write
00:18:55.679000,00:18:58.789000,this now you don't need no need to write down this std again and again
00:18:58.789000,00:18:58.799000,down this std again and again
00:18:58.799000,00:19:00.070000,down this std again and again now anytime
00:19:00.070000,00:19:00.080000,now anytime
00:19:00.080000,00:19:01.669000,now anytime you can write c out in your program and
00:19:01.669000,00:19:01.679000,you can write c out in your program and
00:19:01.679000,00:19:04.390000,you can write c out in your program and you need to write down study colon colon
00:19:04.390000,00:19:04.400000,you need to write down study colon colon
00:19:04.400000,00:19:05.510000,you need to write down study colon colon cl
00:19:05.510000,00:19:05.520000,cl
00:19:05.520000,00:19:08.230000,cl because you have used this using
00:19:08.230000,00:19:08.240000,because you have used this using
00:19:08.240000,00:19:09.750000,because you have used this using so now you can use this thing throughout
00:19:09.750000,00:19:09.760000,so now you can use this thing throughout
00:19:09.760000,00:19:11.830000,so now you can use this thing throughout your program okay now
00:19:11.830000,00:19:11.840000,your program okay now
00:19:11.840000,00:19:14.230000,your program okay now this is constant let me just first run
00:19:14.230000,00:19:14.240000,this is constant let me just first run
00:19:14.240000,00:19:16.310000,this is constant let me just first run this and see what output you are getting
00:19:16.310000,00:19:16.320000,this and see what output you are getting
00:19:16.320000,00:19:17.909000,this and see what output you are getting whether it's printing the value of a or
00:19:17.909000,00:19:17.919000,whether it's printing the value of a or
00:19:17.919000,00:19:24.710000,whether it's printing the value of a or not
00:19:27.510000,00:19:27.520000,see it is 89 right now i want to modify
00:19:27.520000,00:19:31.110000,see it is 89 right now i want to modify this a is equal to 78
00:19:31.110000,00:19:31.120000,this a is equal to 78
00:19:31.120000,00:19:33.430000,this a is equal to 78 and again i want to print c out
00:19:33.430000,00:19:33.440000,and again i want to print c out
00:19:33.440000,00:19:34.710000,and again i want to print c out a
00:19:34.710000,00:19:34.720000,a
00:19:34.720000,00:19:36.549000,a endl
00:19:36.549000,00:19:36.559000,endl
00:19:36.559000,00:19:40.470000,endl now see already there is a red mark
00:19:40.470000,00:19:40.480000,now see already there is a red mark
00:19:40.480000,00:19:42.070000,now see already there is a red mark under the say and you can the expression
00:19:42.070000,00:19:42.080000,under the say and you can the expression
00:19:42.080000,00:19:44.310000,under the say and you can the expression must be a modifiable l value
00:19:44.310000,00:19:44.320000,must be a modifiable l value
00:19:44.320000,00:19:47.909000,must be a modifiable l value because it is a constant so you can
00:19:47.909000,00:19:47.919000,because it is a constant so you can
00:19:47.919000,00:19:49.190000,because it is a constant so you can modify it
00:19:49.190000,00:19:49.200000,modify it
00:19:49.200000,00:19:51.270000,modify it error is there assignment of read-only
00:19:51.270000,00:19:51.280000,error is there assignment of read-only
00:19:51.280000,00:19:54.150000,error is there assignment of read-only variable a the variable is read only
00:19:54.150000,00:19:54.160000,variable a the variable is read only
00:19:54.160000,00:19:56.710000,variable a the variable is read only right if you take simple
00:19:56.710000,00:19:56.720000,right if you take simple
00:19:56.720000,00:19:58.870000,right if you take simple variable
00:19:58.870000,00:19:58.880000,variable
00:19:58.880000,00:20:00.470000,variable in a89
00:20:00.470000,00:20:00.480000,in a89
00:20:00.480000,00:20:01.750000,in a89 and this thing
00:20:01.750000,00:20:01.760000,and this thing
00:20:01.760000,00:20:03.750000,and this thing now that is fine now first time it is
00:20:03.750000,00:20:03.760000,now that is fine now first time it is
00:20:03.760000,00:20:07.110000,now that is fine now first time it is printing 89 next time it is printing 78
00:20:07.110000,00:20:07.120000,printing 89 next time it is printing 78
00:20:07.120000,00:20:07.990000,printing 89 next time it is printing 78 right
00:20:07.990000,00:20:08,right
00:20:08,00:20:10.470000,right so that is how you can define constants
00:20:10.470000,00:20:10.480000,so that is how you can define constants
00:20:10.480000,00:20:11.830000,so that is how you can define constants right
00:20:11.830000,00:20:11.840000,right
00:20:11.840000,00:20:14.630000,right so now
00:20:17.190000,00:20:17.200000,let me just write down here const
00:20:17.200000,00:20:19.190000,let me just write down here const here you can write down float
00:20:19.190000,00:20:19.200000,here you can write down float
00:20:19.200000,00:20:21.190000,here you can write down float any character constant you can take
00:20:21.190000,00:20:21.200000,any character constant you can take
00:20:21.200000,00:20:23.110000,any character constant you can take string constant you can take if you take
00:20:23.110000,00:20:23.120000,string constant you can take if you take
00:20:23.120000,00:20:25.750000,string constant you can take if you take string see if i take string constant
00:20:25.750000,00:20:25.760000,string see if i take string constant
00:20:25.760000,00:20:26.950000,string see if i take string constant here
00:20:26.950000,00:20:26.960000,here
00:20:26.960000,00:20:30.230000,here so how you will write const
00:20:30.230000,00:20:30.240000,so how you will write const
00:20:30.240000,00:20:32.950000,so how you will write const if i write like string
00:20:32.950000,00:20:32.960000,if i write like string
00:20:32.960000,00:20:36.070000,if i write like string name of the variable is str i'm taking
00:20:36.070000,00:20:36.080000,name of the variable is str i'm taking
00:20:36.080000,00:20:38.149000,name of the variable is str i'm taking equal to i'm assigning
00:20:38.149000,00:20:38.159000,equal to i'm assigning
00:20:38.159000,00:20:40.310000,equal to i'm assigning jenny
00:20:40.310000,00:20:40.320000,jenny
00:20:40.320000,00:20:41.909000,jenny khatri
00:20:41.909000,00:20:41.919000,khatri
00:20:41.919000,00:20:45.990000,khatri right
00:20:49.270000,00:20:49.280000,semicolon see now string identifier
00:20:49.280000,00:20:51.590000,semicolon see now string identifier string is undefined
00:20:51.590000,00:20:51.600000,string is undefined
00:20:51.600000,00:20:52.390000,string is undefined so
00:20:52.390000,00:20:52.400000,so
00:20:52.400000,00:20:54.710000,so string here is
00:20:54.710000,00:20:54.720000,string here is
00:20:54.720000,00:20:56.470000,string here is as a class
00:20:56.470000,00:20:56.480000,as a class
00:20:56.480000,00:20:58.310000,as a class you know in c plus plus
00:20:58.310000,00:20:58.320000,you know in c plus plus
00:20:58.320000,00:21:02.470000,you know in c plus plus so that is in a header known as string
00:21:02.470000,00:21:02.480000,so that is in a header known as string
00:21:02.480000,00:21:05.750000,so that is in a header known as string and in that header we also have multiple
00:21:05.750000,00:21:05.760000,and in that header we also have multiple
00:21:05.760000,00:21:07.510000,and in that header we also have multiple predefined functions
00:21:07.510000,00:21:07.520000,predefined functions
00:21:07.520000,00:21:09.830000,predefined functions which you can perform with string so to
00:21:09.830000,00:21:09.840000,which you can perform with string so to
00:21:09.840000,00:21:13.750000,which you can perform with string so to use this string you have to include
00:21:13.750000,00:21:13.760000,use this string you have to include
00:21:13.760000,00:21:18.070000,use this string you have to include str ing string this header
00:21:18.950000,00:21:18.960000,right
00:21:18.960000,00:21:21.270000,right and this still
00:21:21.270000,00:21:21.280000,and this still
00:21:21.280000,00:21:23.029000,and this still this string is what
00:21:23.029000,00:21:23.039000,this string is what
00:21:23.039000,00:21:26.070000,this string is what undefined because see header is fine but
00:21:26.070000,00:21:26.080000,undefined because see header is fine but
00:21:26.080000,00:21:28.710000,undefined because see header is fine but under which name space this string is
00:21:28.710000,00:21:28.720000,under which name space this string is
00:21:28.720000,00:21:31.510000,under which name space this string is under std so either you can write down
00:21:31.510000,00:21:31.520000,under std so either you can write down
00:21:31.520000,00:21:34.549000,under std so either you can write down here std colon colon
00:21:34.549000,00:21:34.559000,here std colon colon
00:21:34.559000,00:21:36.149000,here std colon colon now there will be no error
00:21:36.149000,00:21:36.159000,now there will be no error
00:21:36.159000,00:21:36.950000,now there will be no error right
00:21:36.950000,00:21:36.960000,right
00:21:36.960000,00:21:38.470000,right and c out
00:21:38.470000,00:21:38.480000,and c out
00:21:38.480000,00:21:40.870000,and c out just name of this variable
00:21:40.870000,00:21:40.880000,just name of this variable
00:21:40.880000,00:21:42.830000,just name of this variable string
00:21:42.830000,00:21:42.840000,string
00:21:42.840000,00:21:44.710000,string right
00:21:44.710000,00:21:44.720000,right
00:21:44.720000,00:21:46.070000,right or you can use
00:21:46.070000,00:21:46.080000,or you can use
00:21:46.080000,00:21:48.470000,or you can use here also using std colon colon string
00:21:48.470000,00:21:48.480000,here also using std colon colon string
00:21:48.480000,00:21:50.870000,here also using std colon colon string that is also fine right
00:21:50.870000,00:21:50.880000,that is also fine right
00:21:50.880000,00:21:52.470000,that is also fine right now let me just run this and show you
00:21:52.470000,00:21:52.480000,now let me just run this and show you
00:21:52.480000,00:21:54.230000,now let me just run this and show you what output you will get here
00:21:54.230000,00:21:54.240000,what output you will get here
00:21:54.240000,00:21:56.630000,what output you will get here okay see it is printing
00:21:56.630000,00:21:56.640000,okay see it is printing
00:21:56.640000,00:21:58.470000,okay see it is printing jenny
00:21:58.470000,00:21:58.480000,jenny
00:21:58.480000,00:22:01.590000,jenny now if you want to change this
00:22:01.590000,00:22:01.600000,now if you want to change this
00:22:01.600000,00:22:04.789000,now if you want to change this str equal to high
00:22:04.789000,00:22:04.799000,str equal to high
00:22:04.799000,00:22:06.710000,str equal to high it will give error
00:22:06.710000,00:22:06.720000,it will give error
00:22:06.720000,00:22:09.190000,it will give error you cannot change it see
00:22:09.190000,00:22:09.200000,you cannot change it see
00:22:09.200000,00:22:11.029000,you cannot change it see you cannot change let me just show you
00:22:11.029000,00:22:11.039000,you cannot change let me just show you
00:22:11.039000,00:22:12.870000,you cannot change let me just show you what you will get let me just run this
00:22:12.870000,00:22:12.880000,what you will get let me just run this
00:22:12.880000,00:22:14.070000,what you will get let me just run this and show you
00:22:14.070000,00:22:14.080000,and show you
00:22:14.080000,00:22:16.149000,and show you see it you will
00:22:16.149000,00:22:16.159000,see it you will
00:22:16.159000,00:22:19.669000,see it you will get an error right so you cannot change
00:22:19.669000,00:22:19.679000,get an error right so you cannot change
00:22:19.679000,00:22:20.950000,get an error right so you cannot change it
00:22:20.950000,00:22:20.960000,it
00:22:20.960000,00:22:24.149000,it now it will work fine and it will print
00:22:24.149000,00:22:24.159000,now it will work fine and it will print
00:22:24.159000,00:22:26.950000,now it will work fine and it will print simply what is the string janika three
00:22:26.950000,00:22:26.960000,simply what is the string janika three
00:22:26.960000,00:22:29.750000,simply what is the string janika three see it is printing janikatri here
00:22:29.750000,00:22:29.760000,see it is printing janikatri here
00:22:29.760000,00:22:30.870000,see it is printing janikatri here right
00:22:30.870000,00:22:30.880000,right
00:22:30.880000,00:22:34.549000,right so i think this is clear to you guys now
00:22:34.549000,00:22:34.559000,so i think this is clear to you guys now
00:22:34.559000,00:22:36.870000,so i think this is clear to you guys now see in string we have what just press
00:22:36.870000,00:22:36.880000,see in string we have what just press
00:22:36.880000,00:22:43.990000,see in string we have what just press ctrl and click to this string
00:22:45.750000,00:22:45.760000,it is components for manipulating
00:22:45.760000,00:22:50.070000,it is components for manipulating sequence of characters
00:22:52.710000,00:22:52.720000,so you can see this is standard c plus
00:22:52.720000,00:22:55.510000,so you can see this is standard c plus library header include string this is
00:22:55.510000,00:22:55.520000,library header include string this is
00:22:55.520000,00:22:57.430000,library header include string this is the header so that's why we include this
00:22:57.430000,00:22:57.440000,the header so that's why we include this
00:22:57.440000,00:22:58.950000,the header so that's why we include this hash include
00:22:58.950000,00:22:58.960000,hash include
00:22:58.960000,00:23:00.230000,hash include uh
00:23:00.230000,00:23:00.240000,uh
00:23:00.240000,00:23:03.990000,uh string right right
00:23:06.390000,00:23:06.400000,and they have defined these these system
00:23:06.400000,00:23:08.950000,and they have defined these these system headers here we have right
00:23:08.950000,00:23:08.960000,headers here we have right
00:23:08.960000,00:23:11.350000,headers here we have right in these system headers you can click on
00:23:11.350000,00:23:11.360000,in these system headers you can click on
00:23:11.360000,00:23:14.310000,in these system headers you can click on any header and there you will get many
00:23:14.310000,00:23:14.320000,any header and there you will get many
00:23:14.320000,00:23:17.669000,any header and there you will get many things defined in namespace std like
00:23:17.669000,00:23:17.679000,things defined in namespace std like
00:23:17.679000,00:23:20.710000,things defined in namespace std like just basic string if i
00:23:20.710000,00:23:20.720000,just basic string if i
00:23:20.720000,00:23:23.110000,just basic string if i click then
00:23:23.110000,00:23:23.120000,click then
00:23:23.120000,00:23:24.470000,click then you will find here
00:23:24.470000,00:23:24.480000,you will find here
00:23:24.480000,00:23:27.590000,you will find here see
00:23:31.110000,00:23:31.120000,see this is the namespace std
00:23:31.120000,00:23:33.909000,see this is the namespace std right so this namespace std is in many
00:23:33.909000,00:23:33.919000,right so this namespace std is in many
00:23:33.919000,00:23:37.190000,right so this namespace std is in many headers iostream also in string also in
00:23:37.190000,00:23:37.200000,headers iostream also in string also in
00:23:37.200000,00:23:39.350000,headers iostream also in string also in all other headers also this is named and
00:23:39.350000,00:23:39.360000,all other headers also this is named and
00:23:39.360000,00:23:41.909000,all other headers also this is named and standards all the standard things are
00:23:41.909000,00:23:41.919000,standards all the standard things are
00:23:41.919000,00:23:44.230000,standards all the standard things are within this namespace std right so
00:23:44.230000,00:23:44.240000,within this namespace std right so
00:23:44.240000,00:23:46.549000,within this namespace std right so that's why we have to include std so now
00:23:46.549000,00:23:46.559000,that's why we have to include std so now
00:23:46.559000,00:23:48.789000,that's why we have to include std so now you can try out the different method of
00:23:48.789000,00:23:48.799000,you can try out the different method of
00:23:48.799000,00:23:50.950000,you can try out the different method of defining constant like hash define you
00:23:50.950000,00:23:50.960000,defining constant like hash define you
00:23:50.960000,00:23:53.269000,defining constant like hash define you can take a constant name n or max and
00:23:53.269000,00:23:53.279000,can take a constant name n or max and
00:23:53.279000,00:23:55.269000,can take a constant name n or max and the value and you try to change that
00:23:55.269000,00:23:55.279000,the value and you try to change that
00:23:55.279000,00:23:57.029000,the value and you try to change that value in your program and see what
00:23:57.029000,00:23:57.039000,value in your program and see what
00:23:57.039000,00:23:59.190000,value in your program and see what output you are getting that is for your
00:23:59.190000,00:23:59.200000,output you are getting that is for your
00:23:59.200000,00:24:00.470000,output you are getting that is for your assignment
00:24:00.470000,00:24:00.480000,assignment
00:24:00.480000,00:24:02.310000,assignment right you have to try out this thing at
00:24:02.310000,00:24:02.320000,right you have to try out this thing at
00:24:02.320000,00:24:04.799000,right you have to try out this thing at your home
