Start Time,End Time,Text
00:00:01.910000,00:00:01.920000,so in the series of learning c plus plus
00:00:01.920000,00:00:03.270000,so in the series of learning c plus plus programming language we are discussing
00:00:03.270000,00:00:03.280000,programming language we are discussing
00:00:03.280000,00:00:04.550000,programming language we are discussing data types in c plus plus we have
00:00:04.550000,00:00:04.560000,data types in c plus plus we have
00:00:04.560000,00:00:06.630000,data types in c plus plus we have discussed intent flow data type now
00:00:06.630000,00:00:06.640000,discussed intent flow data type now
00:00:06.640000,00:00:08.870000,discussed intent flow data type now we'll see the next is character data
00:00:08.870000,00:00:08.880000,we'll see the next is character data
00:00:08.880000,00:00:10.310000,we'll see the next is character data type in c plus plus so in this video
00:00:10.310000,00:00:10.320000,type in c plus plus so in this video
00:00:10.320000,00:00:11.509000,type in c plus plus so in this video we'll talk about this thing all the
00:00:11.509000,00:00:11.519000,we'll talk about this thing all the
00:00:11.519000,00:00:13.030000,we'll talk about this thing all the points about character data type like
00:00:13.030000,00:00:13.040000,points about character data type like
00:00:13.040000,00:00:15.190000,points about character data type like how characters are stored the size of
00:00:15.190000,00:00:15.200000,how characters are stored the size of
00:00:15.200000,00:00:16.630000,how characters are stored the size of the character area type
00:00:16.630000,00:00:16.640000,the character area type
00:00:16.640000,00:00:18.070000,the character area type everything we will discuss with the help
00:00:18.070000,00:00:18.080000,everything we will discuss with the help
00:00:18.080000,00:00:19.750000,everything we will discuss with the help of a program i will show you practical
00:00:19.750000,00:00:19.760000,of a program i will show you practical
00:00:19.760000,00:00:22.470000,of a program i will show you practical also right now before that just want to
00:00:22.470000,00:00:22.480000,also right now before that just want to
00:00:22.480000,00:00:24.150000,also right now before that just want to ask you one thing if you guys are
00:00:24.150000,00:00:24.160000,ask you one thing if you guys are
00:00:24.160000,00:00:26.550000,ask you one thing if you guys are preparing for placements or if you guys
00:00:26.550000,00:00:26.560000,preparing for placements or if you guys
00:00:26.560000,00:00:28.390000,preparing for placements or if you guys will be preparing for placements then
00:00:28.390000,00:00:28.400000,will be preparing for placements then
00:00:28.400000,00:00:30.710000,will be preparing for placements then one subject which is really very
00:00:30.710000,00:00:30.720000,one subject which is really very
00:00:30.720000,00:00:33.270000,one subject which is really very important for interview point of view is
00:00:33.270000,00:00:33.280000,important for interview point of view is
00:00:33.280000,00:00:35.350000,important for interview point of view is data structure and algorithm
00:00:35.350000,00:00:35.360000,data structure and algorithm
00:00:35.360000,00:00:37.350000,data structure and algorithm in every interview technical round of
00:00:37.350000,00:00:37.360000,in every interview technical round of
00:00:37.360000,00:00:39.910000,in every interview technical round of you know in every company they ask this
00:00:39.910000,00:00:39.920000,you know in every company they ask this
00:00:39.920000,00:00:41.510000,you know in every company they ask this question from this subject data
00:00:41.510000,00:00:41.520000,question from this subject data
00:00:41.520000,00:00:43.110000,question from this subject data structure and algorithm
00:00:43.110000,00:00:43.120000,structure and algorithm
00:00:43.120000,00:00:45.590000,structure and algorithm so you need to practice questions on dsa
00:00:45.590000,00:00:45.600000,so you need to practice questions on dsa
00:00:45.600000,00:00:47.510000,so you need to practice questions on dsa and algorithms right you have to you
00:00:47.510000,00:00:47.520000,and algorithms right you have to you
00:00:47.520000,00:00:49.590000,and algorithms right you have to you know prepare a complete roadmap
00:00:49.590000,00:00:49.600000,know prepare a complete roadmap
00:00:49.600000,00:00:52.790000,know prepare a complete roadmap to prepare for dsa but the question is
00:00:52.790000,00:00:52.800000,to prepare for dsa but the question is
00:00:52.800000,00:00:54.310000,to prepare for dsa but the question is from where you can prepare from where
00:00:54.310000,00:00:54.320000,from where you can prepare from where
00:00:54.320000,00:00:56.150000,from where you can prepare from where you can practice the questions
00:00:56.150000,00:00:56.160000,you can practice the questions
00:00:56.160000,00:00:58.549000,you can practice the questions of data structure and algorithm
00:00:58.549000,00:00:58.559000,of data structure and algorithm
00:00:58.559000,00:00:59.430000,of data structure and algorithm so
00:00:59.430000,00:00:59.440000,so
00:00:59.440000,00:01:01.910000,so there is one platform geeks4geeks that
00:01:01.910000,00:01:01.920000,there is one platform geeks4geeks that
00:01:01.920000,00:01:05.189000,there is one platform geeks4geeks that you will get a lots of questions on each
00:01:05.189000,00:01:05.199000,you will get a lots of questions on each
00:01:05.199000,00:01:07.429000,you will get a lots of questions on each topic like in data structure you can say
00:01:07.429000,00:01:07.439000,topic like in data structure you can say
00:01:07.439000,00:01:10.070000,topic like in data structure you can say arrays stack link list or you can search
00:01:10.070000,00:01:10.080000,arrays stack link list or you can search
00:01:10.080000,00:01:11.510000,arrays stack link list or you can search more topics
00:01:11.510000,00:01:11.520000,more topics
00:01:11.520000,00:01:13.750000,more topics on each topic topic wise you will get
00:01:13.750000,00:01:13.760000,on each topic topic wise you will get
00:01:13.760000,00:01:15.670000,on each topic topic wise you will get list of questions so you can practice
00:01:15.670000,00:01:15.680000,list of questions so you can practice
00:01:15.680000,00:01:17.830000,list of questions so you can practice this thing from here for algorithm also
00:01:17.830000,00:01:17.840000,this thing from here for algorithm also
00:01:17.840000,00:01:19.510000,this thing from here for algorithm also searching algorithm sorting algorithm
00:01:19.510000,00:01:19.520000,searching algorithm sorting algorithm
00:01:19.520000,00:01:23.109000,searching algorithm sorting algorithm you will get many questions on this
00:01:23.109000,00:01:23.119000,you will get many questions on this
00:01:23.119000,00:01:23.990000,you will get many questions on this site
00:01:23.990000,00:01:24,site
00:01:24,00:01:26.630000,site but if you want to prepare specific
00:01:26.630000,00:01:26.640000,but if you want to prepare specific
00:01:26.640000,00:01:29.590000,but if you want to prepare specific company wise interview problems then
00:01:29.590000,00:01:29.600000,company wise interview problems then
00:01:29.600000,00:01:32.550000,company wise interview problems then also you will get here that thing
00:01:32.550000,00:01:32.560000,also you will get here that thing
00:01:32.560000,00:01:34.630000,also you will get here that thing you can select any company like amazon
00:01:34.630000,00:01:34.640000,you can select any company like amazon
00:01:34.640000,00:01:36.950000,you can select any company like amazon samsung or microsoft you can click on
00:01:36.950000,00:01:36.960000,samsung or microsoft you can click on
00:01:36.960000,00:01:38.870000,samsung or microsoft you can click on that and you will find out the list of
00:01:38.870000,00:01:38.880000,that and you will find out the list of
00:01:38.880000,00:01:40.870000,that and you will find out the list of questions that would be asked in the
00:01:40.870000,00:01:40.880000,questions that would be asked in the
00:01:40.880000,00:01:43.190000,questions that would be asked in the interview of those companies so company
00:01:43.190000,00:01:43.200000,interview of those companies so company
00:01:43.200000,00:01:45.030000,interview of those companies so company specific entry problems also you will
00:01:45.030000,00:01:45.040000,specific entry problems also you will
00:01:45.040000,00:01:47.190000,specific entry problems also you will get here you can practice those problems
00:01:47.190000,00:01:47.200000,get here you can practice those problems
00:01:47.200000,00:01:50.310000,get here you can practice those problems here and these you know problems are of
00:01:50.310000,00:01:50.320000,here and these you know problems are of
00:01:50.320000,00:01:52.789000,here and these you know problems are of good standard they have listed down all
00:01:52.789000,00:01:52.799000,good standard they have listed down all
00:01:52.799000,00:01:55.270000,good standard they have listed down all the no problems from basic to advanced
00:01:55.270000,00:01:55.280000,the no problems from basic to advanced
00:01:55.280000,00:01:56.550000,the no problems from basic to advanced level
00:01:56.550000,00:01:56.560000,level
00:01:56.560000,00:01:59.190000,level so i think it would be good resource for
00:01:59.190000,00:01:59.200000,so i think it would be good resource for
00:01:59.200000,00:02:01.190000,so i think it would be good resource for you guys to prepare your data structure
00:02:01.190000,00:02:01.200000,you guys to prepare your data structure
00:02:01.200000,00:02:02.789000,you guys to prepare your data structure and algorithm to practice data structure
00:02:02.789000,00:02:02.799000,and algorithm to practice data structure
00:02:02.799000,00:02:05.030000,and algorithm to practice data structure and algorithm questions
00:02:05.030000,00:02:05.040000,and algorithm questions
00:02:05.040000,00:02:07.670000,and algorithm questions so the link of this website i'll put in
00:02:07.670000,00:02:07.680000,so the link of this website i'll put in
00:02:07.680000,00:02:09.029000,so the link of this website i'll put in the description box of this video you
00:02:09.029000,00:02:09.039000,the description box of this video you
00:02:09.039000,00:02:11.589000,the description box of this video you just go to that link and you will get
00:02:11.589000,00:02:11.599000,just go to that link and you will get
00:02:11.599000,00:02:13.750000,just go to that link and you will get these questions right up according to
00:02:13.750000,00:02:13.760000,these questions right up according to
00:02:13.760000,00:02:15.670000,these questions right up according to your convenience you can select the
00:02:15.670000,00:02:15.680000,your convenience you can select the
00:02:15.680000,00:02:17.990000,your convenience you can select the topic or the company and you can prepare
00:02:17.990000,00:02:18,topic or the company and you can prepare
00:02:18,00:02:19.750000,topic or the company and you can prepare you can practice those questions
00:02:19.750000,00:02:19.760000,you can practice those questions
00:02:19.760000,00:02:21.589000,you can practice those questions so all the relevant links and details
00:02:21.589000,00:02:21.599000,so all the relevant links and details
00:02:21.599000,00:02:22.949000,so all the relevant links and details will find in the description box of this
00:02:22.949000,00:02:22.959000,will find in the description box of this
00:02:22.959000,00:02:24.630000,will find in the description box of this video you can go and check out now let's
00:02:24.630000,00:02:24.640000,video you can go and check out now let's
00:02:24.640000,00:02:26.790000,video you can go and check out now let's see what is cad airline so
00:02:26.790000,00:02:26.800000,see what is cad airline so
00:02:26.800000,00:02:28.070000,see what is cad airline so it take
00:02:28.070000,00:02:28.080000,it take
00:02:28.080000,00:02:30.390000,it take it takes one byte of memory means eight
00:02:30.390000,00:02:30.400000,it takes one byte of memory means eight
00:02:30.400000,00:02:31.830000,it takes one byte of memory means eight bits
00:02:31.830000,00:02:31.840000,bits
00:02:31.840000,00:02:33.030000,bits to store
00:02:33.030000,00:02:33.040000,to store
00:02:33.040000,00:02:34.630000,to store you see in the next last video we have
00:02:34.630000,00:02:34.640000,you see in the next last video we have
00:02:34.640000,00:02:37.670000,you see in the next last video we have discussed one video like in shortened
00:02:37.670000,00:02:37.680000,discussed one video like in shortened
00:02:37.680000,00:02:40.070000,discussed one video like in shortened and data modifiers are also there short
00:02:40.070000,00:02:40.080000,and data modifiers are also there short
00:02:40.080000,00:02:42.150000,and data modifiers are also there short long unsigned and signed so two data
00:02:42.150000,00:02:42.160000,long unsigned and signed so two data
00:02:42.160000,00:02:43.830000,long unsigned and signed so two data modifiers you can use with cash that is
00:02:43.830000,00:02:43.840000,modifiers you can use with cash that is
00:02:43.840000,00:02:46.630000,modifiers you can use with cash that is signed and unsigned no short and long
00:02:46.630000,00:02:46.640000,signed and unsigned no short and long
00:02:46.640000,00:02:48.470000,signed and unsigned no short and long you can use with cap
00:02:48.470000,00:02:48.480000,you can use with cap
00:02:48.480000,00:02:51.750000,you can use with cap right so the short end was having size
00:02:51.750000,00:02:51.760000,right so the short end was having size
00:02:51.760000,00:02:53.670000,right so the short end was having size two bytes and cad is taking one byte of
00:02:53.670000,00:02:53.680000,two bytes and cad is taking one byte of
00:02:53.680000,00:02:55.190000,two bytes and cad is taking one byte of memory so this is you can say the
00:02:55.190000,00:02:55.200000,memory so this is you can say the
00:02:55.200000,00:02:57.589000,memory so this is you can say the smallest one eight bits
00:02:57.589000,00:02:57.599000,smallest one eight bits
00:02:57.599000,00:03:00.710000,smallest one eight bits right so you can uh the maximum number
00:03:00.710000,00:03:00.720000,right so you can uh the maximum number
00:03:00.720000,00:03:03.190000,right so you can uh the maximum number and minimum number you can store
00:03:03.190000,00:03:03.200000,and minimum number you can store
00:03:03.200000,00:03:05.910000,and minimum number you can store in this is what there are eight bits in
00:03:05.910000,00:03:05.920000,in this is what there are eight bits in
00:03:05.920000,00:03:07.990000,in this is what there are eight bits in every bit you put zero zero zero so the
00:03:07.990000,00:03:08,every bit you put zero zero zero so the
00:03:08,00:03:10.070000,every bit you put zero zero zero so the minimum number is zero and the maximum
00:03:10.070000,00:03:10.080000,minimum number is zero and the maximum
00:03:10.080000,00:03:12.630000,minimum number is zero and the maximum one maximum is in all the eight bits
00:03:12.630000,00:03:12.640000,one maximum is in all the eight bits
00:03:12.640000,00:03:14.390000,one maximum is in all the eight bits store one one one one so that would be
00:03:14.390000,00:03:14.400000,store one one one one so that would be
00:03:14.400000,00:03:16.390000,store one one one one so that would be 255
00:03:16.390000,00:03:16.400000,255
00:03:16.400000,00:03:18.869000,255 255 is nothing but 2 raised to the power
00:03:18.869000,00:03:18.879000,255 is nothing but 2 raised to the power
00:03:18.879000,00:03:20.949000,255 is nothing but 2 raised to the power 8 minus 1
00:03:20.949000,00:03:20.959000,8 minus 1
00:03:20.959000,00:03:25.430000,8 minus 1 right this is for unsigned care
00:03:25.430000,00:03:25.440000,right this is for unsigned care
00:03:25.440000,00:03:26.710000,right this is for unsigned care the range
00:03:26.710000,00:03:26.720000,the range
00:03:26.720000,00:03:29.750000,the range and for signed care the range is
00:03:29.750000,00:03:29.760000,and for signed care the range is
00:03:29.760000,00:03:33.430000,and for signed care the range is minus 128 to 127
00:03:33.430000,00:03:33.440000,minus 128 to 127
00:03:33.440000,00:03:35.190000,minus 128 to 127 it's nothing but minus 2 raised to the
00:03:35.190000,00:03:35.200000,it's nothing but minus 2 raised to the
00:03:35.200000,00:03:37.750000,it's nothing but minus 2 raised to the power 7 2 2 raised to the power 7 minus
00:03:37.750000,00:03:37.760000,power 7 2 2 raised to the power 7 minus
00:03:37.760000,00:03:39.030000,power 7 2 2 raised to the power 7 minus 1
00:03:39.030000,00:03:39.040000,1
00:03:39.040000,00:03:40.789000,1 y 2 raised to the power 7 bits because 1
00:03:40.789000,00:03:40.799000,y 2 raised to the power 7 bits because 1
00:03:40.799000,00:03:43.990000,y 2 raised to the power 7 bits because 1 bit is for sine that must be whether
00:03:43.990000,00:03:44,bit is for sine that must be whether
00:03:44,00:03:45.589000,bit is for sine that must be whether it's negative or positive remaining
00:03:45.589000,00:03:45.599000,it's negative or positive remaining
00:03:45.599000,00:03:47.750000,it's negative or positive remaining seven bits are used to store the number
00:03:47.750000,00:03:47.760000,seven bits are used to store the number
00:03:47.760000,00:03:49.030000,seven bits are used to store the number see why we are
00:03:49.030000,00:03:49.040000,see why we are
00:03:49.040000,00:03:50.869000,see why we are we are the logic for getting this thing
00:03:50.869000,00:03:50.879000,we are the logic for getting this thing
00:03:50.879000,00:03:52.710000,we are the logic for getting this thing and this thing we have discussed
00:03:52.710000,00:03:52.720000,and this thing we have discussed
00:03:52.720000,00:03:54.470000,and this thing we have discussed that and when we were discussing the
00:03:54.470000,00:03:54.480000,that and when we were discussing the
00:03:54.480000,00:03:56.550000,that and when we were discussing the interior type the range of india type
00:03:56.550000,00:03:56.560000,interior type the range of india type
00:03:56.560000,00:03:58.869000,interior type the range of india type the same logic you have to put here and
00:03:58.869000,00:03:58.879000,the same logic you have to put here and
00:03:58.879000,00:04:00.149000,the same logic you have to put here and you will get the range here so this is
00:04:00.149000,00:04:00.159000,you will get the range here so this is
00:04:00.159000,00:04:02.710000,you will get the range here so this is for unsigned range unsigned care this is
00:04:02.710000,00:04:02.720000,for unsigned range unsigned care this is
00:04:02.720000,00:04:03.509000,for unsigned range unsigned care this is for
00:04:03.509000,00:04:03.519000,for
00:04:03.519000,00:04:05.589000,for signed cap now see
00:04:05.589000,00:04:05.599000,signed cap now see
00:04:05.599000,00:04:07.429000,signed cap now see this basically cad data type is used to
00:04:07.429000,00:04:07.439000,this basically cad data type is used to
00:04:07.439000,00:04:10.869000,this basically cad data type is used to store characters like abcd small abcd
00:04:10.869000,00:04:10.879000,store characters like abcd small abcd
00:04:10.879000,00:04:13.190000,store characters like abcd small abcd capital abcd and small numbers also
00:04:13.190000,00:04:13.200000,capital abcd and small numbers also
00:04:13.200000,00:04:14.949000,capital abcd and small numbers also integer value
00:04:14.949000,00:04:14.959000,integer value
00:04:14.959000,00:04:16.710000,integer value right
00:04:16.710000,00:04:16.720000,right
00:04:16.720000,00:04:18.229000,right so see
00:04:18.229000,00:04:18.239000,so see
00:04:18.239000,00:04:20.150000,so see when you write a program the computer
00:04:20.150000,00:04:20.160000,when you write a program the computer
00:04:20.160000,00:04:21.909000,when you write a program the computer can't understand
00:04:21.909000,00:04:21.919000,can't understand
00:04:21.919000,00:04:23.270000,can't understand high level language english language
00:04:23.270000,00:04:23.280000,high level language english language
00:04:23.280000,00:04:24.870000,high level language english language whatever in whatever language you write
00:04:24.870000,00:04:24.880000,whatever in whatever language you write
00:04:24.880000,00:04:25.990000,whatever in whatever language you write the program computer is not able to
00:04:25.990000,00:04:26,the program computer is not able to
00:04:26,00:04:27.590000,the program computer is not able to understand that thing that would be
00:04:27.590000,00:04:27.600000,understand that thing that would be
00:04:27.600000,00:04:29.270000,understand that thing that would be converted into zeros and ones binary
00:04:29.270000,00:04:29.280000,converted into zeros and ones binary
00:04:29.280000,00:04:31.110000,converted into zeros and ones binary form right and that computer can
00:04:31.110000,00:04:31.120000,form right and that computer can
00:04:31.120000,00:04:33.030000,form right and that computer can understand now if suppose we want to
00:04:33.030000,00:04:33.040000,understand now if suppose we want to
00:04:33.040000,00:04:35.110000,understand now if suppose we want to store something like this in a program
00:04:35.110000,00:04:35.120000,store something like this in a program
00:04:35.120000,00:04:37.189000,store something like this in a program we have int a is equal to 10
00:04:37.189000,00:04:37.199000,we have int a is equal to 10
00:04:37.199000,00:04:38.710000,we have int a is equal to 10 so this 10 also
00:04:38.710000,00:04:38.720000,so this 10 also
00:04:38.720000,00:04:39.350000,so this 10 also is
00:04:39.350000,00:04:39.360000,is
00:04:39.360000,00:04:41.189000,is integer value so that would be converted
00:04:41.189000,00:04:41.199000,integer value so that would be converted
00:04:41.199000,00:04:43.830000,integer value so that would be converted into binary with numeric system
00:04:43.830000,00:04:43.840000,into binary with numeric system
00:04:43.840000,00:04:45.350000,into binary with numeric system right we have a numeric system so this
00:04:45.350000,00:04:45.360000,right we have a numeric system so this
00:04:45.360000,00:04:47.350000,right we have a numeric system so this 10 would be 1 0 1 0
00:04:47.350000,00:04:47.360000,10 would be 1 0 1 0
00:04:47.360000,00:04:48.870000,10 would be 1 0 1 0 now that would be stored in computer
00:04:48.870000,00:04:48.880000,now that would be stored in computer
00:04:48.880000,00:04:49.830000,now that would be stored in computer memory
00:04:49.830000,00:04:49.840000,memory
00:04:49.840000,00:04:50.710000,memory right
00:04:50.710000,00:04:50.720000,right
00:04:50.720000,00:04:54.150000,right but how this character like we have a
00:04:54.150000,00:04:54.160000,but how this character like we have a
00:04:54.160000,00:04:56.390000,but how this character like we have a we have a we have the symbol dollar we
00:04:56.390000,00:04:56.400000,we have a we have the symbol dollar we
00:04:56.400000,00:04:57.189000,we have a we have the symbol dollar we have
00:04:57.189000,00:04:57.199000,have
00:04:57.199000,00:04:58.150000,have hash
00:04:58.150000,00:04:58.160000,hash
00:04:58.160000,00:05:00.629000,hash how these letters and symbols have to be
00:05:00.629000,00:05:00.639000,how these letters and symbols have to be
00:05:00.639000,00:05:03.990000,how these letters and symbols have to be stored to be converted into binary see
00:05:03.990000,00:05:04,stored to be converted into binary see
00:05:04,00:05:05.270000,stored to be converted into binary see if a compute
00:05:05.270000,00:05:05.280000,if a compute
00:05:05.280000,00:05:08.150000,if a compute if a number is the integer we can use
00:05:08.150000,00:05:08.160000,if a number is the integer we can use
00:05:08.160000,00:05:09.990000,if a number is the integer we can use numeric system and we can convert into
00:05:09.990000,00:05:10,numeric system and we can convert into
00:05:10,00:05:12.230000,numeric system and we can convert into binary but how these symbols and
00:05:12.230000,00:05:12.240000,binary but how these symbols and
00:05:12.240000,00:05:15.110000,binary but how these symbols and characters can be converted into binary
00:05:15.110000,00:05:15.120000,characters can be converted into binary
00:05:15.120000,00:05:19.270000,characters can be converted into binary these are not in this uh integer form
00:05:19.270000,00:05:19.280000,these are not in this uh integer form
00:05:19.280000,00:05:20.230000,these are not in this uh integer form right
00:05:20.230000,00:05:20.240000,right
00:05:20.240000,00:05:23.350000,right so for for this thing we have character
00:05:23.350000,00:05:23.360000,so for for this thing we have character
00:05:23.360000,00:05:25.990000,so for for this thing we have character system
00:05:26.870000,00:05:26.880000,right
00:05:26.880000,00:05:28.950000,right you can google how many character
00:05:28.950000,00:05:28.960000,you can google how many character
00:05:28.960000,00:05:30.390000,you can google how many character systems are there there are list of
00:05:30.390000,00:05:30.400000,systems are there there are list of
00:05:30.400000,00:05:31.670000,systems are there there are list of character systems you will get without
00:05:31.670000,00:05:31.680000,character systems you will get without
00:05:31.680000,00:05:33.830000,character systems you will get without but the famous one is sky character
00:05:33.830000,00:05:33.840000,but the famous one is sky character
00:05:33.840000,00:05:37.430000,but the famous one is sky character system we use american standard code for
00:05:37.430000,00:05:37.440000,system we use american standard code for
00:05:37.440000,00:05:40.150000,system we use american standard code for information interchange sky table this
00:05:40.150000,00:05:40.160000,information interchange sky table this
00:05:40.160000,00:05:42.950000,information interchange sky table this is the sky table and mainly character
00:05:42.950000,00:05:42.960000,is the sky table and mainly character
00:05:42.960000,00:05:45.749000,is the sky table and mainly character system were introduced mainly for
00:05:45.749000,00:05:45.759000,system were introduced mainly for
00:05:45.759000,00:05:48.230000,system were introduced mainly for computer programming languages
00:05:48.230000,00:05:48.240000,computer programming languages
00:05:48.240000,00:05:50.230000,computer programming languages one characteristics using one character
00:05:50.230000,00:05:50.240000,one characteristics using one character
00:05:50.240000,00:05:52.310000,one characteristics using one character system one entire language can be
00:05:52.310000,00:05:52.320000,system one entire language can be
00:05:52.320000,00:05:55.670000,system one entire language can be converted into integer form right like
00:05:55.670000,00:05:55.680000,converted into integer form right like
00:05:55.680000,00:05:57.270000,converted into integer form right like you can see in sky
00:05:57.270000,00:05:57.280000,you can see in sky
00:05:57.280000,00:05:59.909000,you can see in sky we have capital abcd for each character
00:05:59.909000,00:05:59.919000,we have capital abcd for each character
00:05:59.919000,00:06:01.830000,we have capital abcd for each character we have in numeric value integer value
00:06:01.830000,00:06:01.840000,we have in numeric value integer value
00:06:01.840000,00:06:03.830000,we have in numeric value integer value for capital a we have 65 or small a we
00:06:03.830000,00:06:03.840000,for capital a we have 65 or small a we
00:06:03.840000,00:06:06.309000,for capital a we have 65 or small a we have 97 like this so one complete
00:06:06.309000,00:06:06.319000,have 97 like this so one complete
00:06:06.319000,00:06:08.550000,have 97 like this so one complete language can be converted into
00:06:08.550000,00:06:08.560000,language can be converted into
00:06:08.560000,00:06:10.550000,language can be converted into integer form and once you get integer
00:06:10.550000,00:06:10.560000,integer form and once you get integer
00:06:10.560000,00:06:12.710000,integer form and once you get integer number using numeric system we can
00:06:12.710000,00:06:12.720000,number using numeric system we can
00:06:12.720000,00:06:15.270000,number using numeric system we can convert that integer into binary form
00:06:15.270000,00:06:15.280000,convert that integer into binary form
00:06:15.280000,00:06:18.070000,convert that integer into binary form and that's how we store these characters
00:06:18.070000,00:06:18.080000,and that's how we store these characters
00:06:18.080000,00:06:20.150000,and that's how we store these characters or alphabet or you know digits or
00:06:20.150000,00:06:20.160000,or alphabet or you know digits or
00:06:20.160000,00:06:23.029000,or alphabet or you know digits or symbols into binary form
00:06:23.029000,00:06:23.039000,symbols into binary form
00:06:23.039000,00:06:25.430000,symbols into binary form using character system
00:06:25.430000,00:06:25.440000,using character system
00:06:25.440000,00:06:27.270000,using character system these are characters are stored same as
00:06:27.270000,00:06:27.280000,these are characters are stored same as
00:06:27.280000,00:06:28.870000,these are characters are stored same as integers are stored in the computer
00:06:28.870000,00:06:28.880000,integers are stored in the computer
00:06:28.880000,00:06:29.909000,integers are stored in the computer memory
00:06:29.909000,00:06:29.919000,memory
00:06:29.919000,00:06:31.990000,memory right these are nothing but
00:06:31.990000,00:06:32,right these are nothing but
00:06:32,00:06:34.469000,right these are nothing but numeric using sky uh
00:06:34.469000,00:06:34.479000,numeric using sky uh
00:06:34.479000,00:06:36.150000,numeric using sky uh system sky core
00:06:36.150000,00:06:36.160000,system sky core
00:06:36.160000,00:06:37.029000,system sky core they are
00:06:37.029000,00:06:37.039000,they are
00:06:37.039000,00:06:38.950000,they are converted into by you can say integer
00:06:38.950000,00:06:38.960000,converted into by you can say integer
00:06:38.960000,00:06:41.029000,converted into by you can say integer number integer form numeric form and
00:06:41.029000,00:06:41.039000,number integer form numeric form and
00:06:41.039000,00:06:42.790000,number integer form numeric form and then binary and then stored in the
00:06:42.790000,00:06:42.800000,then binary and then stored in the
00:06:42.800000,00:06:44.230000,then binary and then stored in the computer memory
00:06:44.230000,00:06:44.240000,computer memory
00:06:44.240000,00:06:47.430000,computer memory right let's see in sky table from 0 to
00:06:47.430000,00:06:47.440000,right let's see in sky table from 0 to
00:06:47.440000,00:06:48.629000,right let's see in sky table from 0 to 31
00:06:48.629000,00:06:48.639000,31
00:06:48.639000,00:06:51.350000,31 first 32
00:06:51.350000,00:06:51.360000,first 32
00:06:51.360000,00:06:52.950000,first 32 characters are
00:06:52.950000,00:06:52.960000,characters are
00:06:52.960000,00:06:54.870000,characters are unprintable you cannot print these
00:06:54.870000,00:06:54.880000,unprintable you cannot print these
00:06:54.880000,00:06:57.830000,unprintable you cannot print these things these are just commands right
00:06:57.830000,00:06:57.840000,things these are just commands right
00:06:57.840000,00:07:01.909000,things these are just commands right after 3232 is for space after 32 from 33
00:07:01.909000,00:07:01.919000,after 3232 is for space after 32 from 33
00:07:01.919000,00:07:02.950000,after 3232 is for space after 32 from 33 you
00:07:02.950000,00:07:02.960000,you
00:07:02.960000,00:07:03.909000,you get
00:07:03.909000,00:07:03.919000,get
00:07:03.919000,00:07:07.350000,get the letters the capital abcd small abcd
00:07:07.350000,00:07:07.360000,the letters the capital abcd small abcd
00:07:07.360000,00:07:10.550000,the letters the capital abcd small abcd uh the numbers 0 to 9 and some symbols
00:07:10.550000,00:07:10.560000,uh the numbers 0 to 9 and some symbols
00:07:10.560000,00:07:12.629000,uh the numbers 0 to 9 and some symbols as you can see in the table so how we
00:07:12.629000,00:07:12.639000,as you can see in the table so how we
00:07:12.639000,00:07:14.790000,as you can see in the table so how we can use this carrier type with the help
00:07:14.790000,00:07:14.800000,can use this carrier type with the help
00:07:14.800000,00:07:16.469000,can use this carrier type with the help of a program let me just show you first
00:07:16.469000,00:07:16.479000,of a program let me just show you first
00:07:16.479000,00:07:17.350000,of a program let me just show you first of all
00:07:17.350000,00:07:17.360000,of all
00:07:17.360000,00:07:18.790000,of all for that thing you have to remember
00:07:18.790000,00:07:18.800000,for that thing you have to remember
00:07:18.800000,00:07:21.189000,for that thing you have to remember these circles same here here also we
00:07:21.189000,00:07:21.199000,these circles same here here also we
00:07:21.199000,00:07:23.749000,these circles same here here also we have circles signed and unsigned
00:07:23.749000,00:07:23.759000,have circles signed and unsigned
00:07:23.759000,00:07:25.350000,have circles signed and unsigned so signed
00:07:25.350000,00:07:25.360000,so signed
00:07:25.360000,00:07:30.309000,so signed for signed care we have 0 1 2 up to 127
00:07:30.309000,00:07:30.319000,for signed care we have 0 1 2 up to 127
00:07:30.319000,00:07:34.550000,for signed care we have 0 1 2 up to 127 and minus 1 minus 2 till minus 120
00:07:34.550000,00:07:34.560000,and minus 1 minus 2 till minus 120
00:07:34.560000,00:07:37.029000,and minus 1 minus 2 till minus 120 8 minus 127
00:07:37.029000,00:07:37.039000,8 minus 127
00:07:37.039000,00:07:38.309000,8 minus 127 this value
00:07:38.309000,00:07:38.319000,this value
00:07:38.319000,00:07:39.350000,this value and for
00:07:39.350000,00:07:39.360000,and for
00:07:39.360000,00:07:43.670000,and for unsigned care we have
00:07:46.469000,00:07:46.479000,0 1 2 up to
00:07:46.479000,00:07:48.710000,0 1 2 up to 255
00:07:48.710000,00:07:48.720000,255
00:07:48.720000,00:07:52.230000,255 here we have 250 4 250
00:07:52.230000,00:07:52.240000,here we have 250 4 250
00:07:52.240000,00:07:53.029000,here we have 250 4 250 3
00:07:53.029000,00:07:53.039000,3
00:07:53.039000,00:07:55.029000,3 so whenever we print when you write a
00:07:55.029000,00:07:55.039000,so whenever we print when you write a
00:07:55.039000,00:07:56.950000,so whenever we print when you write a program you have to you know keep in
00:07:56.950000,00:07:56.960000,program you have to you know keep in
00:07:56.960000,00:08:00.150000,program you have to you know keep in mind these circles
00:08:00.150000,00:08:00.160000,mind these circles
00:08:00.160000,00:08:01.430000,mind these circles and see
00:08:01.430000,00:08:01.440000,and see
00:08:01.440000,00:08:03.430000,and see this is what sky was american standard
00:08:03.430000,00:08:03.440000,this is what sky was american standard
00:08:03.440000,00:08:05.270000,this is what sky was american standard code for information interchange but
00:08:05.270000,00:08:05.280000,code for information interchange but
00:08:05.280000,00:08:06.950000,code for information interchange but it's not like that only americans are in
00:08:06.950000,00:08:06.960000,it's not like that only americans are in
00:08:06.960000,00:08:08.790000,it's not like that only americans are in the world there are many other languages
00:08:08.790000,00:08:08.800000,the world there are many other languages
00:08:08.800000,00:08:10.150000,the world there are many other languages also right
00:08:10.150000,00:08:10.160000,also right
00:08:10.160000,00:08:12.790000,also right other people also exist in this
00:08:12.790000,00:08:12.800000,other people also exist in this
00:08:12.800000,00:08:14.150000,other people also exist in this uh you know world
00:08:14.150000,00:08:14.160000,uh you know world
00:08:14.160000,00:08:17.510000,uh you know world so other languages are also there
00:08:17.510000,00:08:17.520000,so other languages are also there
00:08:17.520000,00:08:19.430000,so other languages are also there those languages have this special
00:08:19.430000,00:08:19.440000,those languages have this special
00:08:19.440000,00:08:20.469000,those languages have this special symbols
00:08:20.469000,00:08:20.479000,symbols
00:08:20.479000,00:08:23.270000,symbols those symbols are not in this
00:08:23.270000,00:08:23.280000,those symbols are not in this
00:08:23.280000,00:08:24.629000,those symbols are not in this sky table
00:08:24.629000,00:08:24.639000,sky table
00:08:24.639000,00:08:27.510000,sky table so for those symbols for those languages
00:08:27.510000,00:08:27.520000,so for those symbols for those languages
00:08:27.520000,00:08:29.430000,so for those symbols for those languages we use which table
00:08:29.430000,00:08:29.440000,we use which table
00:08:29.440000,00:08:32.630000,we use which table unicode table
00:08:34.070000,00:08:34.080000,right
00:08:34.080000,00:08:36.469000,right and for unicode table to represent a
00:08:36.469000,00:08:36.479000,and for unicode table to represent a
00:08:36.479000,00:08:38.389000,and for unicode table to represent a character or a symbol which is in
00:08:38.389000,00:08:38.399000,character or a symbol which is in
00:08:38.399000,00:08:41.589000,character or a symbol which is in unicode table another type is used that
00:08:41.589000,00:08:41.599000,unicode table another type is used that
00:08:41.599000,00:08:43.829000,unicode table another type is used that is because
00:08:43.829000,00:08:43.839000,is because
00:08:43.839000,00:08:46.070000,is because in that table we have
00:08:46.070000,00:08:46.080000,in that table we have
00:08:46.080000,00:08:50.389000,in that table we have many many many characters many symbols
00:08:50.389000,00:08:50.399000,many many many characters many symbols
00:08:50.399000,00:08:53.030000,many many many characters many symbols and using character we have only eight
00:08:53.030000,00:08:53.040000,and using character we have only eight
00:08:53.040000,00:08:55.829000,and using character we have only eight bits so maximum we can
00:08:55.829000,00:08:55.839000,bits so maximum we can
00:08:55.839000,00:08:59.110000,bits so maximum we can represent up to 255 characters
00:08:59.110000,00:08:59.120000,represent up to 255 characters
00:08:59.120000,00:09:02.230000,represent up to 255 characters see if you uh do the plus of
00:09:02.230000,00:09:02.240000,see if you uh do the plus of
00:09:02.240000,00:09:05.350000,see if you uh do the plus of small letters 25 26
00:09:05.350000,00:09:05.360000,small letters 25 26
00:09:05.360000,00:09:08.710000,small letters 25 26 26 capital letters then 0 to 9 numbers
00:09:08.710000,00:09:08.720000,26 capital letters then 0 to 9 numbers
00:09:08.720000,00:09:09.990000,26 capital letters then 0 to 9 numbers then some
00:09:09.990000,00:09:10,then some
00:09:10,00:09:11.590000,then some those symbols
00:09:11.590000,00:09:11.600000,those symbols
00:09:11.600000,00:09:14.070000,those symbols then those the sum of these are less
00:09:14.070000,00:09:14.080000,then those the sum of these are less
00:09:14.080000,00:09:16.790000,then those the sum of these are less than 255 right so that's why care is
00:09:16.790000,00:09:16.800000,than 255 right so that's why care is
00:09:16.800000,00:09:19.269000,than 255 right so that's why care is sufficient to represent that language
00:09:19.269000,00:09:19.279000,sufficient to represent that language
00:09:19.279000,00:09:20.150000,sufficient to represent that language right
00:09:20.150000,00:09:20.160000,right
00:09:20.160000,00:09:22.389000,right but we have multiple languages in the
00:09:22.389000,00:09:22.399000,but we have multiple languages in the
00:09:22.399000,00:09:24.389000,but we have multiple languages in the world many characters are there many
00:09:24.389000,00:09:24.399000,world many characters are there many
00:09:24.399000,00:09:26.150000,world many characters are there many symbols are there russian language and
00:09:26.150000,00:09:26.160000,symbols are there russian language and
00:09:26.160000,00:09:28.230000,symbols are there russian language and many languages right
00:09:28.230000,00:09:28.240000,many languages right
00:09:28.240000,00:09:30.230000,many languages right so care is not sufficient to represent
00:09:30.230000,00:09:30.240000,so care is not sufficient to represent
00:09:30.240000,00:09:33.750000,so care is not sufficient to represent those those characters or symbols right
00:09:33.750000,00:09:33.760000,those those characters or symbols right
00:09:33.760000,00:09:35.590000,those those characters or symbols right so the characters are symbols that are
00:09:35.590000,00:09:35.600000,so the characters are symbols that are
00:09:35.600000,00:09:37.590000,so the characters are symbols that are in unicode table that would
00:09:37.590000,00:09:37.600000,in unicode table that would
00:09:37.600000,00:09:39.990000,in unicode table that would the which data type is used to represent
00:09:39.990000,00:09:40,the which data type is used to represent
00:09:40,00:09:41.190000,the which data type is used to represent those thing
00:09:41.190000,00:09:41.200000,those thing
00:09:41.200000,00:09:44.230000,those thing w care underscore t
00:09:44.230000,00:09:44.240000,w care underscore t
00:09:44.240000,00:09:46.230000,w care underscore t this is not in c this is in c plus plus
00:09:46.230000,00:09:46.240000,this is not in c this is in c plus plus
00:09:46.240000,00:09:47.750000,this is not in c this is in c plus plus so that thing also will discuss in next
00:09:47.750000,00:09:47.760000,so that thing also will discuss in next
00:09:47.760000,00:09:51.910000,so that thing also will discuss in next video this take actually two bytes means
00:09:51.910000,00:09:51.920000,video this take actually two bytes means
00:09:51.920000,00:09:55.590000,video this take actually two bytes means 16 bits right so using 16 bits you can
00:09:55.590000,00:09:55.600000,16 bits right so using 16 bits you can
00:09:55.600000,00:09:57.509000,16 bits right so using 16 bits you can see how many
00:09:57.509000,00:09:57.519000,see how many
00:09:57.519000,00:09:59.030000,see how many characters we can represent two series
00:09:59.030000,00:09:59.040000,characters we can represent two series
00:09:59.040000,00:10:00.949000,characters we can represent two series power sixteen minus one zero to two
00:10:00.949000,00:10:00.959000,power sixteen minus one zero to two
00:10:00.959000,00:10:02.790000,power sixteen minus one zero to two raise for sixteen minus one
00:10:02.790000,00:10:02.800000,raise for sixteen minus one
00:10:02.800000,00:10:04.389000,raise for sixteen minus one that is more than this
00:10:04.389000,00:10:04.399000,that is more than this
00:10:04.399000,00:10:06.389000,that is more than this this thing right so this thing will
00:10:06.389000,00:10:06.399000,this thing right so this thing will
00:10:06.399000,00:10:07.990000,this thing right so this thing will discuss about this data we'll discuss
00:10:07.990000,00:10:08,discuss about this data we'll discuss
00:10:08,00:10:09.910000,discuss about this data we'll discuss the next video let me just show you now
00:10:09.910000,00:10:09.920000,the next video let me just show you now
00:10:09.920000,00:10:12.230000,the next video let me just show you now one example or you can say program of
00:10:12.230000,00:10:12.240000,one example or you can say program of
00:10:12.240000,00:10:15.030000,one example or you can say program of cadet okay so we have created a file
00:10:15.030000,00:10:15.040000,cadet okay so we have created a file
00:10:15.040000,00:10:18.790000,cadet okay so we have created a file care underscore dt.cpp now there we have
00:10:18.790000,00:10:18.800000,care underscore dt.cpp now there we have
00:10:18.800000,00:10:20.949000,care underscore dt.cpp now there we have uh header io stream voltage then using
00:10:20.949000,00:10:20.959000,uh header io stream voltage then using
00:10:20.959000,00:10:23.350000,uh header io stream voltage then using name space std then in main we are
00:10:23.350000,00:10:23.360000,name space std then in main we are
00:10:23.360000,00:10:24.790000,name space std then in main we are declaring
00:10:24.790000,00:10:24.800000,declaring
00:10:24.800000,00:10:26.949000,declaring a cad data type
00:10:26.949000,00:10:26.959000,a cad data type
00:10:26.959000,00:10:29.990000,a cad data type cat suppose i am taking a variable
00:10:29.990000,00:10:30,cat suppose i am taking a variable
00:10:30,00:10:33.910000,cat suppose i am taking a variable name care ch equal to
00:10:33.910000,00:10:33.920000,name care ch equal to
00:10:33.920000,00:10:35.750000,name care ch equal to now whatever you will write in single
00:10:35.750000,00:10:35.760000,now whatever you will write in single
00:10:35.760000,00:10:37.190000,now whatever you will write in single code that will be considered as a
00:10:37.190000,00:10:37.200000,code that will be considered as a
00:10:37.200000,00:10:38.870000,code that will be considered as a character so in single quote i am
00:10:38.870000,00:10:38.880000,character so in single quote i am
00:10:38.880000,00:10:41.670000,character so in single quote i am suppose simply i am writing a you know
00:10:41.670000,00:10:41.680000,suppose simply i am writing a you know
00:10:41.680000,00:10:44.230000,suppose simply i am writing a you know this is character right and semicolon
00:10:44.230000,00:10:44.240000,this is character right and semicolon
00:10:44.240000,00:10:46.790000,this is character right and semicolon and if you don't write any data modifier
00:10:46.790000,00:10:46.800000,and if you don't write any data modifier
00:10:46.800000,00:10:48.310000,and if you don't write any data modifier before the scan then it would be
00:10:48.310000,00:10:48.320000,before the scan then it would be
00:10:48.320000,00:10:49.670000,before the scan then it would be considered as
00:10:49.670000,00:10:49.680000,considered as
00:10:49.680000,00:10:52.230000,considered as signed character it will take both
00:10:52.230000,00:10:52.240000,signed character it will take both
00:10:52.240000,00:10:55.350000,signed character it will take both positive value and negative value right
00:10:55.350000,00:10:55.360000,positive value and negative value right
00:10:55.360000,00:10:57.030000,positive value and negative value right so now let
00:10:57.030000,00:10:57.040000,so now let
00:10:57.040000,00:11:00.630000,so now let let's just print this c out and i am
00:11:00.630000,00:11:00.640000,let's just print this c out and i am
00:11:00.640000,00:11:02.949000,let's just print this c out and i am just printing on
00:11:02.949000,00:11:02.959000,just printing on
00:11:02.959000,00:11:05.430000,just printing on ch
00:11:05.430000,00:11:05.440000,ch
00:11:05.440000,00:11:07.910000,ch and this is for
00:11:07.910000,00:11:07.920000,and this is for
00:11:07.920000,00:11:09.670000,and this is for endl i am printing now what it will
00:11:09.670000,00:11:09.680000,endl i am printing now what it will
00:11:09.680000,00:11:12.069000,endl i am printing now what it will print simply it will print simple answer
00:11:12.069000,00:11:12.079000,print simply it will print simple answer
00:11:12.079000,00:11:13.750000,print simply it will print simple answer is it will print a
00:11:13.750000,00:11:13.760000,is it will print a
00:11:13.760000,00:11:15.829000,is it will print a small a because we have stored this
00:11:15.829000,00:11:15.839000,small a because we have stored this
00:11:15.839000,00:11:17.110000,small a because we have stored this small a
00:11:17.110000,00:11:17.120000,small a
00:11:17.120000,00:11:20.069000,small a right and small a is stored
00:11:20.069000,00:11:20.079000,right and small a is stored
00:11:20.079000,00:11:22.710000,right and small a is stored half converted into first of all the
00:11:22.710000,00:11:22.720000,half converted into first of all the
00:11:22.720000,00:11:24.949000,half converted into first of all the individual form that is 97 97 converted
00:11:24.949000,00:11:24.959000,individual form that is 97 97 converted
00:11:24.959000,00:11:26.550000,individual form that is 97 97 converted into binary and that would be stored in
00:11:26.550000,00:11:26.560000,into binary and that would be stored in
00:11:26.560000,00:11:30.150000,into binary and that would be stored in memory so this we get 9 7 here sorry a
00:11:30.150000,00:11:30.160000,memory so this we get 9 7 here sorry a
00:11:30.160000,00:11:32.389000,memory so this we get 9 7 here sorry a here but if you want to get
00:11:32.389000,00:11:32.399000,here but if you want to get
00:11:32.399000,00:11:34.949000,here but if you want to get that integer value of this a like a sky
00:11:34.949000,00:11:34.959000,that integer value of this a like a sky
00:11:34.959000,00:11:37.190000,that integer value of this a like a sky value then how that also you can get how
00:11:37.190000,00:11:37.200000,value then how that also you can get how
00:11:37.200000,00:11:39.110000,value then how that also you can get how you have to type cast this thing before
00:11:39.110000,00:11:39.120000,you have to type cast this thing before
00:11:39.120000,00:11:41.670000,you have to type cast this thing before the ch just type cast
00:11:41.670000,00:11:41.680000,the ch just type cast
00:11:41.680000,00:11:42.550000,the ch just type cast and
00:11:42.550000,00:11:42.560000,and
00:11:42.560000,00:11:45.350000,and end
00:11:48.230000,00:11:48.240000,because we want to print the
00:11:48.240000,00:11:49.269000,because we want to print the what
00:11:49.269000,00:11:49.279000,what
00:11:49.279000,00:11:51.670000,what into value right so this is typecasting
00:11:51.670000,00:11:51.680000,into value right so this is typecasting
00:11:51.680000,00:11:53.590000,into value right so this is typecasting don't worry we'll discuss this type
00:11:53.590000,00:11:53.600000,don't worry we'll discuss this type
00:11:53.600000,00:11:54.949000,don't worry we'll discuss this type casting everything
00:11:54.949000,00:11:54.959000,casting everything
00:11:54.959000,00:11:56.870000,casting everything in the later video in detail
00:11:56.870000,00:11:56.880000,in the later video in detail
00:11:56.880000,00:11:59.030000,in the later video in detail but just i just want to show you this
00:11:59.030000,00:11:59.040000,but just i just want to show you this
00:11:59.040000,00:12:00.949000,but just i just want to show you this thing so just have to print in bracket
00:12:00.949000,00:12:00.959000,thing so just have to print in bracket
00:12:00.959000,00:12:02.470000,thing so just have to print in bracket end that's it
00:12:02.470000,00:12:02.480000,end that's it
00:12:02.480000,00:12:04.389000,end that's it and it will print the integer value of
00:12:04.389000,00:12:04.399000,and it will print the integer value of
00:12:04.399000,00:12:07.110000,and it will print the integer value of this a is 97 so it will print 97 as you
00:12:07.110000,00:12:07.120000,this a is 97 so it will print 97 as you
00:12:07.120000,00:12:08.389000,this a is 97 so it will print 97 as you can see right
00:12:08.389000,00:12:08.399000,can see right
00:12:08.399000,00:12:10.550000,can see right now see
00:12:10.550000,00:12:10.560000,now see
00:12:10.560000,00:12:11.590000,now see if
00:12:11.590000,00:12:11.600000,if
00:12:11.600000,00:12:13.190000,if i store here
00:12:13.190000,00:12:13.200000,i store here
00:12:13.200000,00:12:15.509000,i store here 2
00:12:17.990000,00:12:18,2 is also a character now i am
00:12:18,00:12:19.269000,2 is also a character now i am suppose
00:12:19.269000,00:12:19.279000,suppose
00:12:19.279000,00:12:21.190000,suppose int you are taking
00:12:21.190000,00:12:21.200000,int you are taking
00:12:21.200000,00:12:23.509000,int you are taking and what it will print right now see it
00:12:23.509000,00:12:23.519000,and what it will print right now see it
00:12:23.519000,00:12:25.509000,and what it will print right now see it is printing 50
00:12:25.509000,00:12:25.519000,is printing 50
00:12:25.519000,00:12:27.910000,is printing 50 because 2 it is taking as a character
00:12:27.910000,00:12:27.920000,because 2 it is taking as a character
00:12:27.920000,00:12:30.230000,because 2 it is taking as a character and in sky table as you can refer in
00:12:30.230000,00:12:30.240000,and in sky table as you can refer in
00:12:30.240000,00:12:32.710000,and in sky table as you can refer in this sky table corresponding to 2 the
00:12:32.710000,00:12:32.720000,this sky table corresponding to 2 the
00:12:32.720000,00:12:34.710000,this sky table corresponding to 2 the decimal or the you can see the numeric
00:12:34.710000,00:12:34.720000,decimal or the you can see the numeric
00:12:34.720000,00:12:36.310000,decimal or the you can see the numeric value integer value is 50. so it is
00:12:36.310000,00:12:36.320000,value integer value is 50. so it is
00:12:36.320000,00:12:38.389000,value integer value is 50. so it is printing 50.
00:12:38.389000,00:12:38.399000,printing 50.
00:12:38.399000,00:12:39.190000,printing 50. right
00:12:39.190000,00:12:39.200000,right
00:12:39.200000,00:12:41.990000,right but if you want to print
00:12:41.990000,00:12:42,but if you want to print
00:12:42,00:12:44.230000,but if you want to print simply this character
00:12:44.230000,00:12:44.240000,simply this character
00:12:44.240000,00:12:46.790000,simply this character not the corresponding sky value so you
00:12:46.790000,00:12:46.800000,not the corresponding sky value so you
00:12:46.800000,00:12:49.350000,not the corresponding sky value so you no need to type classes simply print ch
00:12:49.350000,00:12:49.360000,no need to type classes simply print ch
00:12:49.360000,00:12:51.990000,no need to type classes simply print ch the name of the variable it will print 2
00:12:51.990000,00:12:52,the name of the variable it will print 2
00:12:52,00:12:53.110000,the name of the variable it will print 2 right
00:12:53.110000,00:12:53.120000,right
00:12:53.120000,00:12:54.710000,right so
00:12:54.710000,00:12:54.720000,so
00:12:54.720000,00:12:56.230000,so and see
00:12:56.230000,00:12:56.240000,and see
00:12:56.240000,00:12:57.910000,and see rather than this
00:12:57.910000,00:12:57.920000,rather than this
00:12:57.920000,00:13:00.230000,rather than this code mark single quotation mark if i
00:13:00.230000,00:13:00.240000,code mark single quotation mark if i
00:13:00.240000,00:13:02.470000,code mark single quotation mark if i simply
00:13:02.470000,00:13:02.480000,simply
00:13:02.480000,00:13:05.110000,simply store integer value 2
00:13:05.110000,00:13:05.120000,store integer value 2
00:13:05.120000,00:13:06.470000,store integer value 2 what it will print
00:13:06.470000,00:13:06.480000,what it will print
00:13:06.480000,00:13:08.790000,what it will print now it will print
00:13:08.790000,00:13:08.800000,now it will print
00:13:08.800000,00:13:12.870000,now it will print see what it is printing
00:13:15.509000,00:13:15.519000,any garbage value or any symbol
00:13:15.519000,00:13:16.470000,any garbage value or any symbol right
00:13:16.470000,00:13:16.480000,right
00:13:16.480000,00:13:19.590000,right because the character
00:13:19.590000,00:13:19.600000,because the character
00:13:19.600000,00:13:21.829000,because the character corresponding to this 2 in the sky table
00:13:21.829000,00:13:21.839000,corresponding to this 2 in the sky table
00:13:21.839000,00:13:24.230000,corresponding to this 2 in the sky table is i have told you from 0 to 31 those
00:13:24.230000,00:13:24.240000,is i have told you from 0 to 31 those
00:13:24.240000,00:13:25.430000,is i have told you from 0 to 31 those are
00:13:25.430000,00:13:25.440000,are
00:13:25.440000,00:13:27.269000,are unprintable characters these are just
00:13:27.269000,00:13:27.279000,unprintable characters these are just
00:13:27.279000,00:13:29.670000,unprintable characters these are just commands so it is printing anything
00:13:29.670000,00:13:29.680000,commands so it is printing anything
00:13:29.680000,00:13:31.590000,commands so it is printing anything right now if i
00:13:31.590000,00:13:31.600000,right now if i
00:13:31.600000,00:13:32.949000,right now if i write down here
00:13:32.949000,00:13:32.959000,write down here
00:13:32.959000,00:13:35.350000,write down here 32 or suppose
00:13:35.350000,00:13:35.360000,32 or suppose
00:13:35.360000,00:13:36.949000,32 or suppose if i print
00:13:36.949000,00:13:36.959000,if i print
00:13:36.959000,00:13:38.870000,if i print type cast it
00:13:38.870000,00:13:38.880000,type cast it
00:13:38.880000,00:13:40.389000,type cast it using this
00:13:40.389000,00:13:40.399000,using this
00:13:40.399000,00:13:42.069000,using this end
00:13:42.069000,00:13:42.079000,end
00:13:42.079000,00:13:44.629000,end then what it will print it will print
00:13:44.629000,00:13:44.639000,then what it will print it will print
00:13:44.639000,00:13:47.350000,then what it will print it will print now it is printing 2.
00:13:47.350000,00:13:47.360000,now it is printing 2.
00:13:47.360000,00:13:49.829000,now it is printing 2. the integer value it is printing
00:13:49.829000,00:13:49.839000,the integer value it is printing
00:13:49.839000,00:13:50.870000,the integer value it is printing right
00:13:50.870000,00:13:50.880000,right
00:13:50.880000,00:13:53.269000,right 2 is what integer we are not putting it
00:13:53.269000,00:13:53.279000,2 is what integer we are not putting it
00:13:53.279000,00:13:54.069000,2 is what integer we are not putting it into
00:13:54.069000,00:13:54.079000,into
00:13:54.079000,00:13:55.110000,into that
00:13:55.110000,00:13:55.120000,that
00:13:55.120000,00:13:57.110000,that what you can say single code
00:13:57.110000,00:13:57.120000,what you can say single code
00:13:57.120000,00:13:58.870000,what you can say single code right
00:13:58.870000,00:13:58.880000,right
00:13:58.880000,00:14:00.470000,right so simply integer value it is printing
00:14:00.470000,00:14:00.480000,so simply integer value it is printing
00:14:00.480000,00:14:02.389000,so simply integer value it is printing that is 2
00:14:02.389000,00:14:02.399000,that is 2
00:14:02.399000,00:14:06.230000,that is 2 now see if i print here 32 32 is for
00:14:06.230000,00:14:06.240000,now see if i print here 32 32 is for
00:14:06.240000,00:14:07.430000,now see if i print here 32 32 is for space
00:14:07.430000,00:14:07.440000,space
00:14:07.440000,00:14:08.790000,space right
00:14:08.790000,00:14:08.800000,right
00:14:08.800000,00:14:10.870000,right so what it will print it will print
00:14:10.870000,00:14:10.880000,so what it will print it will print
00:14:10.880000,00:14:11.990000,so what it will print it will print nothing
00:14:11.990000,00:14:12,nothing
00:14:12,00:14:13.990000,nothing see it is printing nothing because it is
00:14:13.990000,00:14:14,see it is printing nothing because it is
00:14:14,00:14:15.430000,see it is printing nothing because it is for space
00:14:15.430000,00:14:15.440000,for space
00:14:15.440000,00:14:18.389000,for space right and now if i
00:14:18.389000,00:14:18.399000,right and now if i
00:14:18.399000,00:14:20.150000,right and now if i store 33
00:14:20.150000,00:14:20.160000,store 33
00:14:20.160000,00:14:23.430000,store 33 so 33 for 33 what it will print
00:14:23.430000,00:14:23.440000,so 33 for 33 what it will print
00:14:23.440000,00:14:25.430000,so 33 for 33 what it will print exclamatory symbol it is printing you
00:14:25.430000,00:14:25.440000,exclamatory symbol it is printing you
00:14:25.440000,00:14:28.389000,exclamatory symbol it is printing you can refer to the sky table right
00:14:28.389000,00:14:28.399000,can refer to the sky table right
00:14:28.399000,00:14:31.189000,can refer to the sky table right now it is for signed
00:14:31.189000,00:14:31.199000,now it is for signed
00:14:31.199000,00:14:33.910000,now it is for signed it is signed care now if i print the
00:14:33.910000,00:14:33.920000,it is signed care now if i print the
00:14:33.920000,00:14:37.590000,it is signed care now if i print the range is from minus 128 to 127
00:14:37.590000,00:14:37.600000,range is from minus 128 to 127
00:14:37.600000,00:14:41.509000,range is from minus 128 to 127 so if i take here 128
00:14:41.509000,00:14:41.519000,so if i take here 128
00:14:41.519000,00:14:43.189000,so if i take here 128 plus 128
00:14:43.189000,00:14:43.199000,plus 128
00:14:43.199000,00:14:45.829000,plus 128 see what happened what it will print
00:14:45.829000,00:14:45.839000,see what happened what it will print
00:14:45.839000,00:14:47.829000,see what happened what it will print see it is printing this symbol
00:14:47.829000,00:14:47.839000,see it is printing this symbol
00:14:47.839000,00:14:50.069000,see it is printing this symbol for this you can refer to the extended
00:14:50.069000,00:14:50.079000,for this you can refer to the extended
00:14:50.079000,00:14:51.750000,for this you can refer to the extended sky table
00:14:51.750000,00:14:51.760000,sky table
00:14:51.760000,00:14:55.269000,sky table for 128 this is the symbol right and if
00:14:55.269000,00:14:55.279000,for 128 this is the symbol right and if
00:14:55.279000,00:14:56.629000,for 128 this is the symbol right and if i
00:14:56.629000,00:14:56.639000,i
00:14:56.639000,00:14:59.590000,i write here 156
00:14:59.590000,00:14:59.600000,write here 156
00:14:59.600000,00:15:01.990000,write here 156 and then print
00:15:01.990000,00:15:02,and then print
00:15:02,00:15:03.990000,and then print then what it will print this symbol it
00:15:03.990000,00:15:04,then what it will print this symbol it
00:15:04,00:15:05.990000,then what it will print this symbol it will print for 1
00:15:05.990000,00:15:06,will print for 1
00:15:06,00:15:08.150000,will print for 1 156
00:15:08.150000,00:15:08.160000,156
00:15:08.160000,00:15:10.069000,156 if you print
00:15:10.069000,00:15:10.079000,if you print
00:15:10.079000,00:15:13.990000,if you print the int value means type cast into int
00:15:13.990000,00:15:14,the int value means type cast into int
00:15:14,00:15:15.430000,the int value means type cast into int it into int
00:15:15.430000,00:15:15.440000,it into int
00:15:15.440000,00:15:16.629000,it into int so with
00:15:16.629000,00:15:16.639000,so with
00:15:16.639000,00:15:18.310000,so with what it will print it is not printing
00:15:18.310000,00:15:18.320000,what it will print it is not printing
00:15:18.320000,00:15:21.430000,what it will print it is not printing 120 156 it will print minus 100 y
00:15:21.430000,00:15:21.440000,120 156 it will print minus 100 y
00:15:21.440000,00:15:24.150000,120 156 it will print minus 100 y because of that circle in that circle
00:15:24.150000,00:15:24.160000,because of that circle in that circle
00:15:24.160000,00:15:25.670000,because of that circle in that circle signed circle
00:15:25.670000,00:15:25.680000,signed circle
00:15:25.680000,00:15:27.670000,signed circle from 0 to 127
00:15:27.670000,00:15:27.680000,from 0 to 127
00:15:27.680000,00:15:29.910000,from 0 to 127 after 127
00:15:29.910000,00:15:29.920000,after 127
00:15:29.920000,00:15:32.870000,after 127 minus 128 means 129
00:15:32.870000,00:15:32.880000,minus 128 means 129
00:15:32.880000,00:15:34.710000,minus 128 means 129 means minus 128
00:15:34.710000,00:15:34.720000,means minus 128
00:15:34.720000,00:15:36.389000,means minus 128 130 means minus
00:15:36.389000,00:15:36.399000,130 means minus
00:15:36.399000,00:15:37.990000,130 means minus 127
00:15:37.990000,00:15:38,127
00:15:38,00:15:39.030000,127 like this
00:15:39.030000,00:15:39.040000,like this
00:15:39.040000,00:15:42.629000,like this then minus 1 means 255
00:15:42.629000,00:15:42.639000,then minus 1 means 255
00:15:42.639000,00:15:45.670000,then minus 1 means 255 right so that is why somewhere minus 100
00:15:45.670000,00:15:45.680000,right so that is why somewhere minus 100
00:15:45.680000,00:15:47.590000,right so that is why somewhere minus 100 would be there
00:15:47.590000,00:15:47.600000,would be there
00:15:47.600000,00:15:50.230000,would be there and uh for that 156 numbering is there
00:15:50.230000,00:15:50.240000,and uh for that 156 numbering is there
00:15:50.240000,00:15:52.069000,and uh for that 156 numbering is there so 2 you can get to that circle or if
00:15:52.069000,00:15:52.079000,so 2 you can get to that circle or if
00:15:52.079000,00:15:54.790000,so 2 you can get to that circle or if you are getting confused then simply 128
00:15:54.790000,00:15:54.800000,you are getting confused then simply 128
00:15:54.800000,00:15:57.189000,you are getting confused then simply 128 let us take this example for 128 it
00:15:57.189000,00:15:57.199000,let us take this example for 128 it
00:15:57.199000,00:16:00.470000,let us take this example for 128 it should print minus 128 because after 127
00:16:00.470000,00:16:00.480000,should print minus 128 because after 127
00:16:00.480000,00:16:03.670000,should print minus 128 because after 127 we get 128 but for 128 in the circle we
00:16:03.670000,00:16:03.680000,we get 128 but for 128 in the circle we
00:16:03.680000,00:16:06.389000,we get 128 but for 128 in the circle we have minus 128 right
00:16:06.389000,00:16:06.399000,have minus 128 right
00:16:06.399000,00:16:09.030000,have minus 128 right so see it will print minus 128
00:16:09.030000,00:16:09.040000,so see it will print minus 128
00:16:09.040000,00:16:10.870000,so see it will print minus 128 right so you have to keep in mind that
00:16:10.870000,00:16:10.880000,right so you have to keep in mind that
00:16:10.880000,00:16:11.990000,right so you have to keep in mind that circle
00:16:11.990000,00:16:12,circle
00:16:12,00:16:14.389000,circle like in c we will we are printing using
00:16:14.389000,00:16:14.399000,like in c we will we are printing using
00:16:14.399000,00:16:16.470000,like in c we will we are printing using percentage uh c the character value
00:16:16.470000,00:16:16.480000,percentage uh c the character value
00:16:16.480000,00:16:18.150000,percentage uh c the character value percent is b the
00:16:18.150000,00:16:18.160000,percent is b the
00:16:18.160000,00:16:20.230000,percent is b the integer value right but here you have to
00:16:20.230000,00:16:20.240000,integer value right but here you have to
00:16:20.240000,00:16:23.990000,integer value right but here you have to type cast it like int we have done
00:16:23.990000,00:16:24,type cast it like int we have done
00:16:24,00:16:26.310000,type cast it like int we have done so this is how you can store
00:16:26.310000,00:16:26.320000,so this is how you can store
00:16:26.320000,00:16:29.430000,so this is how you can store the values if i take
00:16:29.430000,00:16:29.440000,the values if i take
00:16:29.440000,00:16:31.269000,the values if i take 255
00:16:31.269000,00:16:31.279000,255
00:16:31.279000,00:16:33.269000,255 here
00:16:33.269000,00:16:33.279000,here
00:16:33.279000,00:16:35.430000,here and i am not printing the into value
00:16:35.430000,00:16:35.440000,and i am not printing the into value
00:16:35.440000,00:16:37.430000,and i am not printing the into value simply what symbol is
00:16:37.430000,00:16:37.440000,simply what symbol is
00:16:37.440000,00:16:39.749000,simply what symbol is there for 1 255
00:16:39.749000,00:16:39.759000,there for 1 255
00:16:39.759000,00:16:41.590000,there for 1 255 it is simply the delete command so it
00:16:41.590000,00:16:41.600000,it is simply the delete command so it
00:16:41.600000,00:16:43.670000,it is simply the delete command so it will print nothing see it is printing
00:16:43.670000,00:16:43.680000,will print nothing see it is printing
00:16:43.680000,00:16:44.629000,will print nothing see it is printing nothing
00:16:44.629000,00:16:44.639000,nothing
00:16:44.639000,00:16:45.509000,nothing right
00:16:45.509000,00:16:45.519000,right
00:16:45.519000,00:16:47.350000,right and if you want to check out the limit
00:16:47.350000,00:16:47.360000,and if you want to check out the limit
00:16:47.360000,00:16:49.829000,and if you want to check out the limit like minimum limit and maximum limit of
00:16:49.829000,00:16:49.839000,like minimum limit and maximum limit of
00:16:49.839000,00:16:55.430000,like minimum limit and maximum limit of these so there is one header file
00:16:56.949000,00:16:56.959000,limits dot h
00:16:56.959000,00:16:57.990000,limits dot h right
00:16:57.990000,00:16:58,right
00:16:58,00:17:00.949000,right you can just press ctrl and click limits
00:17:00.949000,00:17:00.959000,you can just press ctrl and click limits
00:17:00.959000,00:17:03.030000,you can just press ctrl and click limits dot h
00:17:03.030000,00:17:03.040000,dot h
00:17:03.040000,00:17:06.789000,dot h and see here you will get the limit
00:17:06.789000,00:17:06.799000,and see here you will get the limit
00:17:06.799000,00:17:07.990000,and see here you will get the limit see
00:17:07.990000,00:17:08,see
00:17:08,00:17:12.470000,see hash define character byte 8 bytes right
00:17:12.470000,00:17:12.480000,hash define character byte 8 bytes right
00:17:12.480000,00:17:15.029000,hash define character byte 8 bytes right signed care minimum minus 128 signed
00:17:15.029000,00:17:15.039000,signed care minimum minus 128 signed
00:17:15.039000,00:17:18.069000,signed care minimum minus 128 signed care maximum 127 unsigned care maximum
00:17:18.069000,00:17:18.079000,care maximum 127 unsigned care maximum
00:17:18.079000,00:17:19.669000,care maximum 127 unsigned care maximum 255
00:17:19.669000,00:17:19.679000,255
00:17:19.679000,00:17:21.429000,255 like this in limits dot h they have
00:17:21.429000,00:17:21.439000,like this in limits dot h they have
00:17:21.439000,00:17:23.909000,like this in limits dot h they have limit of for int also for short also
00:17:23.909000,00:17:23.919000,limit of for int also for short also
00:17:23.919000,00:17:28.470000,limit of for int also for short also over long also for long long also
00:17:29.990000,00:17:30,and see these are
00:17:30,00:17:32.070000,and see these are you can say the variables the macros
00:17:32.070000,00:17:32.080000,you can say the variables the macros
00:17:32.080000,00:17:34.150000,you can say the variables the macros hash define this thing simply in your
00:17:34.150000,00:17:34.160000,hash define this thing simply in your
00:17:34.160000,00:17:37.510000,hash define this thing simply in your program if you see out this thing as hrt
00:17:37.510000,00:17:37.520000,program if you see out this thing as hrt
00:17:37.520000,00:17:39.669000,program if you see out this thing as hrt underscore mix you will get this value
00:17:39.669000,00:17:39.679000,underscore mix you will get this value
00:17:39.679000,00:17:41.590000,underscore mix you will get this value you can try out this thing you can use
00:17:41.590000,00:17:41.600000,you can try out this thing you can use
00:17:41.600000,00:17:42.710000,you can try out this thing you can use these
00:17:42.710000,00:17:42.720000,these
00:17:42.720000,00:17:45.190000,these variables in your program also like
00:17:45.190000,00:17:45.200000,variables in your program also like
00:17:45.200000,00:17:47.669000,variables in your program also like if you want to use this s care
00:17:47.669000,00:17:47.679000,if you want to use this s care
00:17:47.679000,00:17:50.230000,if you want to use this s care underscore min it will give you minus
00:17:50.230000,00:17:50.240000,underscore min it will give you minus
00:17:50.240000,00:17:53.750000,underscore min it will give you minus 128 let me just show you one example
00:17:53.750000,00:17:53.760000,128 let me just show you one example
00:17:53.760000,00:17:55.830000,128 let me just show you one example c out
00:17:55.830000,00:17:55.840000,c out
00:17:55.840000,00:17:56.630000,c out s
00:17:56.630000,00:17:56.640000,s
00:17:56.640000,00:17:57.669000,s care
00:17:57.669000,00:17:57.679000,care
00:17:57.679000,00:17:58.390000,care c
00:17:58.390000,00:17:58.400000,c
00:17:58.400000,00:18:03.190000,c underscore min
00:18:05.510000,00:18:05.520000,so it will print
00:18:05.520000,00:18:07.669000,so it will print the limit is
00:18:07.669000,00:18:07.679000,the limit is
00:18:07.679000,00:18:11.909000,the limit is sorry the minimum limit is minus 128
00:18:11.909000,00:18:11.919000,sorry the minimum limit is minus 128
00:18:11.919000,00:18:15.029000,sorry the minimum limit is minus 128 see it is printing minus 128 right
00:18:15.029000,00:18:15.039000,see it is printing minus 128 right
00:18:15.039000,00:18:16.789000,see it is printing minus 128 right and 255 we are taking so that is for
00:18:16.789000,00:18:16.799000,and 255 we are taking so that is for
00:18:16.799000,00:18:18.230000,and 255 we are taking so that is for delete so it is not printing anything
00:18:18.230000,00:18:18.240000,delete so it is not printing anything
00:18:18.240000,00:18:19.909000,delete so it is not printing anything for this character
00:18:19.909000,00:18:19.919000,for this character
00:18:19.919000,00:18:22.150000,for this character but you have to use the same symbol
00:18:22.150000,00:18:22.160000,but you have to use the same symbol
00:18:22.160000,00:18:24.150000,but you have to use the same symbol so you can check out these you can you
00:18:24.150000,00:18:24.160000,so you can check out these you can you
00:18:24.160000,00:18:26.470000,so you can check out these you can you know explore these header files also
00:18:26.470000,00:18:26.480000,know explore these header files also
00:18:26.480000,00:18:29.750000,know explore these header files also what are this in this header files
00:18:29.750000,00:18:29.760000,what are this in this header files
00:18:29.760000,00:18:30.710000,what are this in this header files so
00:18:30.710000,00:18:30.720000,so
00:18:30.720000,00:18:32.710000,so if you are confused like
00:18:32.710000,00:18:32.720000,if you are confused like
00:18:32.720000,00:18:35.430000,if you are confused like the range of these integers short and
00:18:35.430000,00:18:35.440000,the range of these integers short and
00:18:35.440000,00:18:37.830000,the range of these integers short and care you can just check out the limits
00:18:37.830000,00:18:37.840000,care you can just check out the limits
00:18:37.840000,00:18:39.350000,care you can just check out the limits dot header file and there you will get
00:18:39.350000,00:18:39.360000,dot header file and there you will get
00:18:39.360000,00:18:40.830000,dot header file and there you will get the range
00:18:40.830000,00:18:40.840000,the range
00:18:40.840000,00:18:43.430000,the range right so i hope cad data type is clear
00:18:43.430000,00:18:43.440000,right so i hope cad data type is clear
00:18:43.440000,00:18:44.789000,right so i hope cad data type is clear to you guys if you have any doubt you
00:18:44.789000,00:18:44.799000,to you guys if you have any doubt you
00:18:44.799000,00:18:46.310000,to you guys if you have any doubt you can ask me in comment section now in the
00:18:46.310000,00:18:46.320000,can ask me in comment section now in the
00:18:46.320000,00:18:48.549000,can ask me in comment section now in the next video we will see wpair underscore
00:18:48.549000,00:18:48.559000,next video we will see wpair underscore
00:18:48.559000,00:18:50.950000,next video we will see wpair underscore c this white character the state eye so
00:18:50.950000,00:18:50.960000,c this white character the state eye so
00:18:50.960000,00:18:57.029000,c this white character the state eye so that's the next video till then bye
