Start Time,End Time,Text
00:00:01.990000,00:00:02,so in the series of learning cpus
00:00:02,00:00:03.189000,so in the series of learning cpus programming language we are discussing
00:00:03.189000,00:00:03.199000,programming language we are discussing
00:00:03.199000,00:00:05.110000,programming language we are discussing fundamental data type in c plus plus
00:00:05.110000,00:00:05.120000,fundamental data type in c plus plus
00:00:05.120000,00:00:07.269000,fundamental data type in c plus plus till now we have discussed in float
00:00:07.269000,00:00:07.279000,till now we have discussed in float
00:00:07.279000,00:00:09.669000,till now we have discussed in float double care white character these are
00:00:09.669000,00:00:09.679000,double care white character these are
00:00:09.679000,00:00:10.870000,double care white character these are types like
00:00:10.870000,00:00:10.880000,types like
00:00:10.880000,00:00:12.709000,types like so now we will be discussing
00:00:12.709000,00:00:12.719000,so now we will be discussing
00:00:12.719000,00:00:14.390000,so now we will be discussing two more data in built in air type that
00:00:14.390000,00:00:14.400000,two more data in built in air type that
00:00:14.400000,00:00:16.390000,two more data in built in air type that is bool and voided type in c plus plus
00:00:16.390000,00:00:16.400000,is bool and voided type in c plus plus
00:00:16.400000,00:00:17.990000,is bool and voided type in c plus plus like everything about these data types
00:00:17.990000,00:00:18,like everything about these data types
00:00:18,00:00:19.830000,like everything about these data types like what is bool what is void how to
00:00:19.830000,00:00:19.840000,like what is bool what is void how to
00:00:19.840000,00:00:21.510000,like what is bool what is void how to use them when to use them the
00:00:21.510000,00:00:21.520000,use them when to use them the
00:00:21.520000,00:00:23.429000,use them when to use them the application in which situation we should
00:00:23.429000,00:00:23.439000,application in which situation we should
00:00:23.439000,00:00:25.670000,application in which situation we should use void and bold airtimes everything up
00:00:25.670000,00:00:25.680000,use void and bold airtimes everything up
00:00:25.680000,00:00:27.349000,use void and bold airtimes everything up with the help of a program we will
00:00:27.349000,00:00:27.359000,with the help of a program we will
00:00:27.359000,00:00:29.589000,with the help of a program we will discuss about these stereotypes see
00:00:29.589000,00:00:29.599000,discuss about these stereotypes see
00:00:29.599000,00:00:30.390000,discuss about these stereotypes see until
00:00:30.390000,00:00:30.400000,until
00:00:30.400000,00:00:33.270000,until c99 wasn't bool was not a data type in c
00:00:33.270000,00:00:33.280000,c99 wasn't bool was not a data type in c
00:00:33.280000,00:00:35.190000,c99 wasn't bool was not a data type in c but yet it was introduced in c also
00:00:35.190000,00:00:35.200000,but yet it was introduced in c also
00:00:35.200000,00:00:37.670000,but yet it was introduced in c also after c 99 wasn't right but in c plus
00:00:37.670000,00:00:37.680000,after c 99 wasn't right but in c plus
00:00:37.680000,00:00:40.310000,after c 99 wasn't right but in c plus plus we have these bool and void data
00:00:40.310000,00:00:40.320000,plus we have these bool and void data
00:00:40.320000,00:00:41.190000,plus we have these bool and void data type
00:00:41.190000,00:00:41.200000,type
00:00:41.200000,00:00:42.830000,type right so we'll be discussing these
00:00:42.830000,00:00:42.840000,right so we'll be discussing these
00:00:42.840000,00:00:45.270000,right so we'll be discussing these things uh in this video see as we know
00:00:45.270000,00:00:45.280000,things uh in this video see as we know
00:00:45.280000,00:00:46.869000,things uh in this video see as we know that c plus plus is still one of the
00:00:46.869000,00:00:46.879000,that c plus plus is still one of the
00:00:46.879000,00:00:49.510000,that c plus plus is still one of the most popular programming language in
00:00:49.510000,00:00:49.520000,most popular programming language in
00:00:49.520000,00:00:51.350000,most popular programming language in industry still they have demand of you
00:00:51.350000,00:00:51.360000,industry still they have demand of you
00:00:51.360000,00:00:53.110000,industry still they have demand of you know the candidates who are you know
00:00:53.110000,00:00:53.120000,know the candidates who are you know
00:00:53.120000,00:00:55.189000,know the candidates who are you know good in c plus programming language and
00:00:55.189000,00:00:55.199000,good in c plus programming language and
00:00:55.199000,00:00:56.950000,good in c plus programming language and as we have seen that there is high
00:00:56.950000,00:00:56.960000,as we have seen that there is high
00:00:56.960000,00:00:58.790000,as we have seen that there is high demand of candidates who are equipped
00:00:58.790000,00:00:58.800000,demand of candidates who are equipped
00:00:58.800000,00:01:01.590000,demand of candidates who are equipped with technical and industrial skills so
00:01:01.590000,00:01:01.600000,with technical and industrial skills so
00:01:01.600000,00:01:03.670000,with technical and industrial skills so it is important for students to start
00:01:03.670000,00:01:03.680000,it is important for students to start
00:01:03.680000,00:01:06.870000,it is important for students to start acquiring these skills in early stage of
00:01:06.870000,00:01:06.880000,acquiring these skills in early stage of
00:01:06.880000,00:01:09.510000,acquiring these skills in early stage of your academic journey many students have
00:01:09.510000,00:01:09.520000,your academic journey many students have
00:01:09.520000,00:01:11.429000,your academic journey many students have been asking me about like colleges only
00:01:11.429000,00:01:11.439000,been asking me about like colleges only
00:01:11.439000,00:01:13.750000,been asking me about like colleges only you know focus theoretical
00:01:13.750000,00:01:13.760000,you know focus theoretical
00:01:13.760000,00:01:15.910000,you know focus theoretical on theory they don't provide practical
00:01:15.910000,00:01:15.920000,on theory they don't provide practical
00:01:15.920000,00:01:17.749000,on theory they don't provide practical knowledge right so we just have a degree
00:01:17.749000,00:01:17.759000,knowledge right so we just have a degree
00:01:17.759000,00:01:19.429000,knowledge right so we just have a degree we don't have that industrial skills
00:01:19.429000,00:01:19.439000,we don't have that industrial skills
00:01:19.439000,00:01:21.670000,we don't have that industrial skills here we don't don't have that practical
00:01:21.670000,00:01:21.680000,here we don't don't have that practical
00:01:21.680000,00:01:23.749000,here we don't don't have that practical skills that is actually required in you
00:01:23.749000,00:01:23.759000,skills that is actually required in you
00:01:23.759000,00:01:26.310000,skills that is actually required in you know industries and that is true if you
00:01:26.310000,00:01:26.320000,know industries and that is true if you
00:01:26.320000,00:01:28.310000,know industries and that is true if you want to sit in a high-tech company in
00:01:28.310000,00:01:28.320000,want to sit in a high-tech company in
00:01:28.320000,00:01:29.910000,want to sit in a high-tech company in the interview of a high-tech company yes
00:01:29.910000,00:01:29.920000,the interview of a high-tech company yes
00:01:29.920000,00:01:31.990000,the interview of a high-tech company yes degree just an eligibility criteria to
00:01:31.990000,00:01:32,degree just an eligibility criteria to
00:01:32,00:01:33.429000,degree just an eligibility criteria to sit in the interview but in interview
00:01:33.429000,00:01:33.439000,sit in the interview but in interview
00:01:33.439000,00:01:34.710000,sit in the interview but in interview they will analyze you based on your
00:01:34.710000,00:01:34.720000,they will analyze you based on your
00:01:34.720000,00:01:35.590000,they will analyze you based on your skills
00:01:35.590000,00:01:35.600000,skills
00:01:35.600000,00:01:38.069000,skills what makes you stand out from the rest
00:01:38.069000,00:01:38.079000,what makes you stand out from the rest
00:01:38.079000,00:01:40.149000,what makes you stand out from the rest companies not just look for a degree
00:01:40.149000,00:01:40.159000,companies not just look for a degree
00:01:40.159000,00:01:41.910000,companies not just look for a degree they look more than that in you like
00:01:41.910000,00:01:41.920000,they look more than that in you like
00:01:41.920000,00:01:43.190000,they look more than that in you like your skills
00:01:43.190000,00:01:43.200000,your skills
00:01:43.200000,00:01:45.510000,your skills uh your certification internship project
00:01:45.510000,00:01:45.520000,uh your certification internship project
00:01:45.520000,00:01:47.510000,uh your certification internship project training and there are very few
00:01:47.510000,00:01:47.520000,training and there are very few
00:01:47.520000,00:01:50.469000,training and there are very few institutions which prepare you on these
00:01:50.469000,00:01:50.479000,institutions which prepare you on these
00:01:50.479000,00:01:53.429000,institutions which prepare you on these things that's why i researched and found
00:01:53.429000,00:01:53.439000,things that's why i researched and found
00:01:53.439000,00:01:55.670000,things that's why i researched and found sunstone sunstone is a leading higher
00:01:55.670000,00:01:55.680000,sunstone sunstone is a leading higher
00:01:55.680000,00:01:57.590000,sunstone sunstone is a leading higher education service provider that works
00:01:57.590000,00:01:57.600000,education service provider that works
00:01:57.600000,00:02:00.069000,education service provider that works with academic institutions in upscaling
00:02:00.069000,00:02:00.079000,with academic institutions in upscaling
00:02:00.079000,00:02:02.069000,with academic institutions in upscaling students for employability courses like
00:02:02.069000,00:02:02.079000,students for employability courses like
00:02:02.079000,00:02:06.069000,students for employability courses like bcamc mba btec etc are offered with
00:02:06.069000,00:02:06.079000,bcamc mba btec etc are offered with
00:02:06.079000,00:02:09.430000,bcamc mba btec etc are offered with sunstone edge through their 35 campuses
00:02:09.430000,00:02:09.440000,sunstone edge through their 35 campuses
00:02:09.440000,00:02:12.070000,sunstone edge through their 35 campuses in 30 cities and you can also do
00:02:12.070000,00:02:12.080000,in 30 cities and you can also do
00:02:12.080000,00:02:14.070000,in 30 cities and you can also do advanced certification in the most in
00:02:14.070000,00:02:14.080000,advanced certification in the most in
00:02:14.080000,00:02:17.510000,advanced certification in the most in demand skills like blockchain artificial
00:02:17.510000,00:02:17.520000,demand skills like blockchain artificial
00:02:17.520000,00:02:19.270000,demand skills like blockchain artificial intelligence machine learning data
00:02:19.270000,00:02:19.280000,intelligence machine learning data
00:02:19.280000,00:02:21.430000,intelligence machine learning data science big data data analytics and many
00:02:21.430000,00:02:21.440000,science big data data analytics and many
00:02:21.440000,00:02:23.589000,science big data data analytics and many more they also provide 50 plus
00:02:23.589000,00:02:23.599000,more they also provide 50 plus
00:02:23.599000,00:02:25.430000,more they also provide 50 plus guaranteed interviews to each of their
00:02:25.430000,00:02:25.440000,guaranteed interviews to each of their
00:02:25.440000,00:02:26.470000,guaranteed interviews to each of their student
00:02:26.470000,00:02:26.480000,student
00:02:26.480000,00:02:29.110000,student with the recruiters like google amazon
00:02:29.110000,00:02:29.120000,with the recruiters like google amazon
00:02:29.120000,00:02:32.150000,with the recruiters like google amazon microsoft accenture icsci sbi etc that
00:02:32.150000,00:02:32.160000,microsoft accenture icsci sbi etc that
00:02:32.160000,00:02:34.229000,microsoft accenture icsci sbi etc that they have on board they also have zero
00:02:34.229000,00:02:34.239000,they have on board they also have zero
00:02:34.239000,00:02:36.229000,they have on board they also have zero post tmi option available with fast
00:02:36.229000,00:02:36.239000,post tmi option available with fast
00:02:36.239000,00:02:38.630000,post tmi option available with fast approval and zero loan processing fee
00:02:38.630000,00:02:38.640000,approval and zero loan processing fee
00:02:38.640000,00:02:40.309000,approval and zero loan processing fee together with a scholarship of worth
00:02:40.309000,00:02:40.319000,together with a scholarship of worth
00:02:40.319000,00:02:42.790000,together with a scholarship of worth rupees one plus crore so if you are
00:02:42.790000,00:02:42.800000,rupees one plus crore so if you are
00:02:42.800000,00:02:44.390000,rupees one plus crore so if you are planning to pursue any
00:02:44.390000,00:02:44.400000,planning to pursue any
00:02:44.400000,00:02:46.150000,planning to pursue any course from the above mentioned courses
00:02:46.150000,00:02:46.160000,course from the above mentioned courses
00:02:46.160000,00:02:48.150000,course from the above mentioned courses then i have got an assured scholarship
00:02:48.150000,00:02:48.160000,then i have got an assured scholarship
00:02:48.160000,00:02:51.270000,then i have got an assured scholarship of world rupees 20 000 for you guys on
00:02:51.270000,00:02:51.280000,of world rupees 20 000 for you guys on
00:02:51.280000,00:02:53.350000,of world rupees 20 000 for you guys on all the courses but you can avail this
00:02:53.350000,00:02:53.360000,all the courses but you can avail this
00:02:53.360000,00:02:55.270000,all the courses but you can avail this scholarship only through my link the
00:02:55.270000,00:02:55.280000,scholarship only through my link the
00:02:55.280000,00:02:56.710000,scholarship only through my link the link i'll put in the description box of
00:02:56.710000,00:02:56.720000,link i'll put in the description box of
00:02:56.720000,00:02:58.390000,link i'll put in the description box of this video you can go and check out and
00:02:58.390000,00:02:58.400000,this video you can go and check out and
00:02:58.400000,00:03:00.229000,this video you can go and check out and this offer is for limited time only so
00:03:00.229000,00:03:00.239000,this offer is for limited time only so
00:03:00.239000,00:03:01.589000,this offer is for limited time only so now let's see what is google and why
00:03:01.589000,00:03:01.599000,now let's see what is google and why
00:03:01.599000,00:03:03.589000,now let's see what is google and why data type in c plus plus first we will
00:03:03.589000,00:03:03.599000,data type in c plus plus first we will
00:03:03.599000,00:03:05.589000,data type in c plus plus first we will see bool see it can take
00:03:05.589000,00:03:05.599000,see bool see it can take
00:03:05.599000,00:03:07.350000,see bool see it can take two values bool means boolean value
00:03:07.350000,00:03:07.360000,two values bool means boolean value
00:03:07.360000,00:03:09.030000,two values bool means boolean value either true or
00:03:09.030000,00:03:09.040000,either true or
00:03:09.040000,00:03:11.670000,either true or false true means
00:03:11.670000,00:03:11.680000,false true means
00:03:11.680000,00:03:12.550000,false true means the
00:03:12.550000,00:03:12.560000,the
00:03:12.560000,00:03:14.790000,the default integer value
00:03:14.790000,00:03:14.800000,default integer value
00:03:14.800000,00:03:17.509000,default integer value for this is one for false it's
00:03:17.509000,00:03:17.519000,for this is one for false it's
00:03:17.519000,00:03:18.790000,for this is one for false it's 0
00:03:18.790000,00:03:18.800000,0
00:03:18.800000,00:03:21.509000,0 right so how you can use this you can
00:03:21.509000,00:03:21.519000,right so how you can use this you can
00:03:21.519000,00:03:23.670000,right so how you can use this you can simply write like int
00:03:23.670000,00:03:23.680000,simply write like int
00:03:23.680000,00:03:26.070000,simply write like int or you can write boolean data type so
00:03:26.070000,00:03:26.080000,or you can write boolean data type so
00:03:26.080000,00:03:27.990000,or you can write boolean data type so simply write the data type the name of
00:03:27.990000,00:03:28,simply write the data type the name of
00:03:28,00:03:29.750000,simply write the data type the name of the variable suppose i am taking a is
00:03:29.750000,00:03:29.760000,the variable suppose i am taking a is
00:03:29.760000,00:03:32.630000,the variable suppose i am taking a is equal to true you can write
00:03:32.630000,00:03:32.640000,equal to true you can write
00:03:32.640000,00:03:35.350000,equal to true you can write now true means by default implicitly it
00:03:35.350000,00:03:35.360000,now true means by default implicitly it
00:03:35.360000,00:03:37.509000,now true means by default implicitly it would be converted into end so it means
00:03:37.509000,00:03:37.519000,would be converted into end so it means
00:03:37.519000,00:03:39.910000,would be converted into end so it means one now b will contain one so if you
00:03:39.910000,00:03:39.920000,one now b will contain one so if you
00:03:39.920000,00:03:41.589000,one now b will contain one so if you print c out
00:03:41.589000,00:03:41.599000,print c out
00:03:41.599000,00:03:43.750000,print c out a this a will print
00:03:43.750000,00:03:43.760000,a this a will print
00:03:43.760000,00:03:45.110000,a this a will print one
00:03:45.110000,00:03:45.120000,one
00:03:45.120000,00:03:47.589000,one right if you write here false it means
00:03:47.589000,00:03:47.599000,right if you write here false it means
00:03:47.599000,00:03:51.670000,right if you write here false it means it will take 0 so it will print 0.
00:03:51.670000,00:03:51.680000,it will take 0 so it will print 0.
00:03:51.680000,00:03:52.630000,it will take 0 so it will print 0. fine
00:03:52.630000,00:03:52.640000,fine
00:03:52.640000,00:03:55.190000,fine so we generally use this data type in
00:03:55.190000,00:03:55.200000,so we generally use this data type in
00:03:55.200000,00:03:56.630000,so we generally use this data type in conditional statements if you want to
00:03:56.630000,00:03:56.640000,conditional statements if you want to
00:03:56.640000,00:03:58.869000,conditional statements if you want to check like two variables are there
00:03:58.869000,00:03:58.879000,check like two variables are there
00:03:58.879000,00:04:01.110000,check like two variables are there right we have suppose in
00:04:01.110000,00:04:01.120000,right we have suppose in
00:04:01.120000,00:04:04.789000,right we have suppose in x is equal to 10 and y is equal to 12
00:04:04.789000,00:04:04.799000,x is equal to 10 and y is equal to 12
00:04:04.799000,00:04:06.630000,x is equal to 10 and y is equal to 12 right and something like if you want to
00:04:06.630000,00:04:06.640000,right and something like if you want to
00:04:06.640000,00:04:07.589000,right and something like if you want to check if
00:04:07.589000,00:04:07.599000,check if
00:04:07.599000,00:04:10.149000,check if x greater than y is equal to is equal to
00:04:10.149000,00:04:10.159000,x greater than y is equal to is equal to
00:04:10.159000,00:04:11.030000,x greater than y is equal to is equal to true
00:04:11.030000,00:04:11.040000,true
00:04:11.040000,00:04:12.630000,true you can simply write true rather than
00:04:12.630000,00:04:12.640000,you can simply write true rather than
00:04:12.640000,00:04:14.470000,you can simply write true rather than writing one or zero
00:04:14.470000,00:04:14.480000,writing one or zero
00:04:14.480000,00:04:16.870000,writing one or zero right see yeah you can write one over
00:04:16.870000,00:04:16.880000,right see yeah you can write one over
00:04:16.880000,00:04:19.349000,right see yeah you can write one over zero also one means also true zero means
00:04:19.349000,00:04:19.359000,zero also one means also true zero means
00:04:19.359000,00:04:20.390000,zero also one means also true zero means false
00:04:20.390000,00:04:20.400000,false
00:04:20.400000,00:04:21.590000,false but
00:04:21.590000,00:04:21.600000,but
00:04:21.600000,00:04:23.110000,but rather than writing one and zero if you
00:04:23.110000,00:04:23.120000,rather than writing one and zero if you
00:04:23.120000,00:04:26.390000,rather than writing one and zero if you write true and false it would be i guess
00:04:26.390000,00:04:26.400000,write true and false it would be i guess
00:04:26.400000,00:04:28.469000,write true and false it would be i guess increase the readability
00:04:28.469000,00:04:28.479000,increase the readability
00:04:28.479000,00:04:30.710000,increase the readability right simply if we
00:04:30.710000,00:04:30.720000,right simply if we
00:04:30.720000,00:04:33.270000,right simply if we rather than one if we read true means it
00:04:33.270000,00:04:33.280000,rather than one if we read true means it
00:04:33.280000,00:04:35.590000,rather than one if we read true means it is more readable more understandable for
00:04:35.590000,00:04:35.600000,is more readable more understandable for
00:04:35.600000,00:04:38.629000,is more readable more understandable for us right means true or false
00:04:38.629000,00:04:38.639000,us right means true or false
00:04:38.639000,00:04:39.990000,us right means true or false so we can use
00:04:39.990000,00:04:40,so we can use
00:04:40,00:04:43.270000,so we can use directly trigger poles here right
00:04:43.270000,00:04:43.280000,directly trigger poles here right
00:04:43.280000,00:04:47.110000,directly trigger poles here right now see until c99 was in how we
00:04:47.110000,00:04:47.120000,now see until c99 was in how we
00:04:47.120000,00:04:49.590000,now see until c99 was in how we were using this bool using enum data
00:04:49.590000,00:04:49.600000,were using this bool using enum data
00:04:49.600000,00:04:51.670000,were using this bool using enum data type like this
00:04:51.670000,00:04:51.680000,type like this
00:04:51.680000,00:04:54.390000,type like this enum and here you can write down bool
00:04:54.390000,00:04:54.400000,enum and here you can write down bool
00:04:54.400000,00:04:56.469000,enum and here you can write down bool the name of your data type and here you
00:04:56.469000,00:04:56.479000,the name of your data type and here you
00:04:56.479000,00:04:57.749000,the name of your data type and here you can write down
00:04:57.749000,00:04:57.759000,can write down
00:04:57.759000,00:05:00.629000,can write down like false preview the list
00:05:00.629000,00:05:00.639000,like false preview the list
00:05:00.639000,00:05:06.310000,like false preview the list and semicolon then by default enum would
00:05:08.550000,00:05:08.560000,associate this force with zero and this
00:05:08.560000,00:05:10.790000,associate this force with zero and this true with one now in your program you
00:05:10.790000,00:05:10.800000,true with one now in your program you
00:05:10.800000,00:05:13.029000,true with one now in your program you can write down false or true
00:05:13.029000,00:05:13.039000,can write down false or true
00:05:13.039000,00:05:13.909000,can write down false or true right
00:05:13.909000,00:05:13.919000,right
00:05:13.919000,00:05:15.670000,right because you have defined your own data
00:05:15.670000,00:05:15.680000,because you have defined your own data
00:05:15.680000,00:05:17.749000,because you have defined your own data type you using enum this is enumerated
00:05:17.749000,00:05:17.759000,type you using enum this is enumerated
00:05:17.759000,00:05:19.350000,type you using enum this is enumerated data type that we have discussed when
00:05:19.350000,00:05:19.360000,data type that we have discussed when
00:05:19.360000,00:05:21.029000,data type that we have discussed when you were discussing
00:05:21.029000,00:05:21.039000,you were discussing
00:05:21.039000,00:05:23.670000,you were discussing c language the link i'll put in this i
00:05:23.670000,00:05:23.680000,c language the link i'll put in this i
00:05:23.680000,00:05:25.029000,c language the link i'll put in this i button you can check out that video
00:05:25.029000,00:05:25.039000,button you can check out that video
00:05:25.039000,00:05:27.830000,button you can check out that video right but now in c99 they have
00:05:27.830000,00:05:27.840000,right but now in c99 they have
00:05:27.840000,00:05:29.990000,right but now in c99 they have introduced this bool and in c plus plus
00:05:29.990000,00:05:30,introduced this bool and in c plus plus
00:05:30,00:05:31.990000,introduced this bool and in c plus plus also we have this data type bool data
00:05:31.990000,00:05:32,also we have this data type bool data
00:05:32,00:05:32.950000,also we have this data type bool data type
00:05:32.950000,00:05:32.960000,type
00:05:32.960000,00:05:35.350000,type right so you can directly use this bool
00:05:35.350000,00:05:35.360000,right so you can directly use this bool
00:05:35.360000,00:05:37.430000,right so you can directly use this bool data type and we can use this in
00:05:37.430000,00:05:37.440000,data type and we can use this in
00:05:37.440000,00:05:40.870000,data type and we can use this in expression also suppose you are writing
00:05:40.870000,00:05:40.880000,expression also suppose you are writing
00:05:40.880000,00:05:42.790000,expression also suppose you are writing int
00:05:42.790000,00:05:42.800000,int
00:05:42.800000,00:05:44.710000,int and in x and y
00:05:44.710000,00:05:44.720000,and in x and y
00:05:44.720000,00:05:47.670000,and in x and y right and here i am writing in
00:05:47.670000,00:05:47.680000,right and here i am writing in
00:05:47.680000,00:05:48.629000,right and here i am writing in z
00:05:48.629000,00:05:48.639000,z
00:05:48.639000,00:05:53.830000,z and z is equal to x plus y plus true
00:05:53.830000,00:05:53.840000,and z is equal to x plus y plus true
00:05:53.840000,00:05:56.309000,and z is equal to x plus y plus true minus false
00:05:56.309000,00:05:56.319000,minus false
00:05:56.319000,00:05:57.990000,minus false this is also correct
00:05:57.990000,00:05:58,this is also correct
00:05:58,00:06:01.270000,this is also correct x means 10 y means 12 true means 1
00:06:01.270000,00:06:01.280000,x means 10 y means 12 true means 1
00:06:01.280000,00:06:02.950000,x means 10 y means 12 true means 1 false means it would be implicitly
00:06:02.950000,00:06:02.960000,false means it would be implicitly
00:06:02.960000,00:06:04.309000,false means it would be implicitly converted into
00:06:04.309000,00:06:04.319000,converted into
00:06:04.319000,00:06:05.430000,converted into 0
00:06:05.430000,00:06:05.440000,0
00:06:05.440000,00:06:08.790000,0 right so it means 10 plus 12 plus 1
00:06:08.790000,00:06:08.800000,right so it means 10 plus 12 plus 1
00:06:08.800000,00:06:09.749000,right so it means 10 plus 12 plus 1 minus
00:06:09.749000,00:06:09.759000,minus
00:06:09.759000,00:06:10.550000,minus 0
00:06:10.550000,00:06:10.560000,0
00:06:10.560000,00:06:12.469000,0 that is also fine in expression also you
00:06:12.469000,00:06:12.479000,that is also fine in expression also you
00:06:12.479000,00:06:14.629000,that is also fine in expression also you can directly write down true and false
00:06:14.629000,00:06:14.639000,can directly write down true and false
00:06:14.639000,00:06:16.070000,can directly write down true and false in conditional statement you can write
00:06:16.070000,00:06:16.080000,in conditional statement you can write
00:06:16.080000,00:06:18.390000,in conditional statement you can write down true or false right
00:06:18.390000,00:06:18.400000,down true or false right
00:06:18.400000,00:06:20.870000,down true or false right or if you want to rather than this like
00:06:20.870000,00:06:20.880000,or if you want to rather than this like
00:06:20.880000,00:06:22.710000,or if you want to rather than this like i am writing bool
00:06:22.710000,00:06:22.720000,i am writing bool
00:06:22.720000,00:06:25.270000,i am writing bool k is equal to
00:06:25.270000,00:06:25.280000,k is equal to
00:06:25.280000,00:06:27.749000,k is equal to 2n
00:06:31.029000,00:06:31.039000,it means what it is also true
00:06:31.039000,00:06:32.870000,it means what it is also true means if
00:06:32.870000,00:06:32.880000,means if
00:06:32.880000,00:06:35.350000,means if this other than 0 anything any integer
00:06:35.350000,00:06:35.360000,this other than 0 anything any integer
00:06:35.360000,00:06:38.070000,this other than 0 anything any integer you will write that means true
00:06:38.070000,00:06:38.080000,you will write that means true
00:06:38.080000,00:06:39.909000,you will write that means true so it returns true
00:06:39.909000,00:06:39.919000,so it returns true
00:06:39.919000,00:06:43.189000,so it returns true if you write here 0 it means it is false
00:06:43.189000,00:06:43.199000,if you write here 0 it means it is false
00:06:43.199000,00:06:46.230000,if you write here 0 it means it is false right that is also fine
00:06:46.230000,00:06:46.240000,right that is also fine
00:06:46.240000,00:06:48.790000,right that is also fine so this is how ah this is what
00:06:48.790000,00:06:48.800000,so this is how ah this is what
00:06:48.800000,00:06:51.270000,so this is how ah this is what all about bool data type right there is
00:06:51.270000,00:06:51.280000,all about bool data type right there is
00:06:51.280000,00:06:53.510000,all about bool data type right there is not much more about this data type now
00:06:53.510000,00:06:53.520000,not much more about this data type now
00:06:53.520000,00:06:56.629000,not much more about this data type now next is voided type see and see the size
00:06:56.629000,00:06:56.639000,next is voided type see and see the size
00:06:56.639000,00:06:59.510000,next is voided type see and see the size of bool is one byte
00:06:59.510000,00:06:59.520000,of bool is one byte
00:06:59.520000,00:07:02.150000,of bool is one byte but sometimes you know it is also you
00:07:02.150000,00:07:02.160000,but sometimes you know it is also you
00:07:02.160000,00:07:04.150000,but sometimes you know it is also you can say implementation dependent
00:07:04.150000,00:07:04.160000,can say implementation dependent
00:07:04.160000,00:07:06.629000,can say implementation dependent implementation defined so sometimes in
00:07:06.629000,00:07:06.639000,implementation defined so sometimes in
00:07:06.639000,00:07:09.270000,implementation defined so sometimes in some compiler you can get
00:07:09.270000,00:07:09.280000,some compiler you can get
00:07:09.280000,00:07:12.070000,some compiler you can get other results then this one
00:07:12.070000,00:07:12.080000,other results then this one
00:07:12.080000,00:07:15.029000,other results then this one right but in my compiler on my machine
00:07:15.029000,00:07:15.039000,right but in my compiler on my machine
00:07:15.039000,00:07:17.189000,right but in my compiler on my machine it is taking one byte only so generally
00:07:17.189000,00:07:17.199000,it is taking one byte only so generally
00:07:17.199000,00:07:19.350000,it is taking one byte only so generally we say that that you know the size of
00:07:19.350000,00:07:19.360000,we say that that you know the size of
00:07:19.360000,00:07:21.909000,we say that that you know the size of this bool is one byte how you can
00:07:21.909000,00:07:21.919000,this bool is one byte how you can
00:07:21.919000,00:07:23.990000,this bool is one byte how you can find out in c out you can simply write
00:07:23.990000,00:07:24,find out in c out you can simply write
00:07:24,00:07:26.790000,find out in c out you can simply write like size of
00:07:26.790000,00:07:26.800000,like size of
00:07:26.800000,00:07:28.950000,like size of bool that's it it will give you the byte
00:07:28.950000,00:07:28.960000,bool that's it it will give you the byte
00:07:28.960000,00:07:30.950000,bool that's it it will give you the byte number byte one byte
00:07:30.950000,00:07:30.960000,number byte one byte
00:07:30.960000,00:07:31.749000,number byte one byte fine
00:07:31.749000,00:07:31.759000,fine
00:07:31.759000,00:07:34.390000,fine so this is all about bool data type now
00:07:34.390000,00:07:34.400000,so this is all about bool data type now
00:07:34.400000,00:07:38.629000,so this is all about bool data type now next is void data type see void means
00:07:38.629000,00:07:38.639000,next is void data type see void means
00:07:38.639000,00:07:40.950000,next is void data type see void means simply if i say then nothing
00:07:40.950000,00:07:40.960000,simply if i say then nothing
00:07:40.960000,00:07:43.029000,simply if i say then nothing generally we
00:07:43.029000,00:07:43.039000,generally we
00:07:43.039000,00:07:45.350000,generally we write this void
00:07:45.350000,00:07:45.360000,write this void
00:07:45.360000,00:07:47.510000,write this void use this word data type
00:07:47.510000,00:07:47.520000,use this word data type
00:07:47.520000,00:07:49.749000,use this word data type as a return type of function means if a
00:07:49.749000,00:07:49.759000,as a return type of function means if a
00:07:49.759000,00:07:51.589000,as a return type of function means if a function is not returning anything then
00:07:51.589000,00:07:51.599000,function is not returning anything then
00:07:51.599000,00:07:53.909000,function is not returning anything then we write something like this void
00:07:53.909000,00:07:53.919000,we write something like this void
00:07:53.919000,00:07:56.790000,we write something like this void suppose a function is add
00:07:56.790000,00:07:56.800000,suppose a function is add
00:07:56.800000,00:07:59.110000,suppose a function is add and it will we have something and it is
00:07:59.110000,00:07:59.120000,and it will we have something and it is
00:07:59.120000,00:08:01.430000,and it will we have something and it is not returning anything
00:08:01.430000,00:08:01.440000,not returning anything
00:08:01.440000,00:08:03.270000,not returning anything we don't have this return statement in
00:08:03.270000,00:08:03.280000,we don't have this return statement in
00:08:03.280000,00:08:05.510000,we don't have this return statement in this function we don't have this one
00:08:05.510000,00:08:05.520000,this function we don't have this one
00:08:05.520000,00:08:07.110000,this function we don't have this one means it is not returning anything so
00:08:07.110000,00:08:07.120000,means it is not returning anything so
00:08:07.120000,00:08:08.790000,means it is not returning anything so that's why we write down here void means
00:08:08.790000,00:08:08.800000,that's why we write down here void means
00:08:08.800000,00:08:09.830000,that's why we write down here void means nothing
00:08:09.830000,00:08:09.840000,nothing
00:08:09.840000,00:08:10.790000,nothing right
00:08:10.790000,00:08:10.800000,right
00:08:10.800000,00:08:13.270000,right second use of this void type is what if
00:08:13.270000,00:08:13.280000,second use of this void type is what if
00:08:13.280000,00:08:14.790000,second use of this void type is what if the function is not accepting any
00:08:14.790000,00:08:14.800000,the function is not accepting any
00:08:14.800000,00:08:17.270000,the function is not accepting any argument so we simply write here
00:08:17.270000,00:08:17.280000,argument so we simply write here
00:08:17.280000,00:08:18.790000,argument so we simply write here void
00:08:18.790000,00:08:18.800000,void
00:08:18.800000,00:08:22.070000,void it means it will not accept any argument
00:08:22.070000,00:08:22.080000,it means it will not accept any argument
00:08:22.080000,00:08:23.909000,it means it will not accept any argument so we write here the parameter list
00:08:23.909000,00:08:23.919000,so we write here the parameter list
00:08:23.919000,00:08:27.029000,so we write here the parameter list argument list is void third thing
00:08:27.029000,00:08:27.039000,argument list is void third thing
00:08:27.039000,00:08:29.990000,argument list is void third thing we can create a void pointer
00:08:29.990000,00:08:30,we can create a void pointer
00:08:30,00:08:34.070000,we can create a void pointer like void asterisk ptr
00:08:34.070000,00:08:34.080000,like void asterisk ptr
00:08:34.080000,00:08:36.070000,like void asterisk ptr means it is a generic pointer universal
00:08:36.070000,00:08:36.080000,means it is a generic pointer universal
00:08:36.080000,00:08:38.870000,means it is a generic pointer universal pointer you can typecast it
00:08:38.870000,00:08:38.880000,pointer you can typecast it
00:08:38.880000,00:08:41.670000,pointer you can typecast it according to your requirement see
00:08:41.670000,00:08:41.680000,according to your requirement see
00:08:41.680000,00:08:45.030000,according to your requirement see if i write int asterisk ptr
00:08:45.030000,00:08:45.040000,if i write int asterisk ptr
00:08:45.040000,00:08:46.230000,if i write int asterisk ptr it means this pointer would be
00:08:46.230000,00:08:46.240000,it means this pointer would be
00:08:46.240000,00:08:48.389000,it means this pointer would be containing address of a variable whose
00:08:48.389000,00:08:48.399000,containing address of a variable whose
00:08:48.399000,00:08:49.990000,containing address of a variable whose data type is
00:08:49.990000,00:08:50,data type is
00:08:50,00:08:51.670000,data type is integer
00:08:51.670000,00:08:51.680000,integer
00:08:51.680000,00:08:54.230000,integer this is a pointer to int if i write here
00:08:54.230000,00:08:54.240000,this is a pointer to int if i write here
00:08:54.240000,00:08:55.910000,this is a pointer to int if i write here float
00:08:55.910000,00:08:55.920000,float
00:08:55.920000,00:08:57.750000,float asterisk ptr
00:08:57.750000,00:08:57.760000,asterisk ptr
00:08:57.760000,00:08:59.509000,asterisk ptr means this pointer will contain address
00:08:59.509000,00:08:59.519000,means this pointer will contain address
00:08:59.519000,00:09:02.470000,means this pointer will contain address of a variable whose data type is float
00:09:02.470000,00:09:02.480000,of a variable whose data type is float
00:09:02.480000,00:09:04.710000,of a variable whose data type is float this is float pointer right but this is
00:09:04.710000,00:09:04.720000,this is float pointer right but this is
00:09:04.720000,00:09:06.550000,this is float pointer right but this is void
00:09:06.550000,00:09:06.560000,void
00:09:06.560000,00:09:08.550000,void so we do don't know the data type of the
00:09:08.550000,00:09:08.560000,so we do don't know the data type of the
00:09:08.560000,00:09:09.590000,so we do don't know the data type of the variable
00:09:09.590000,00:09:09.600000,variable
00:09:09.600000,00:09:10.630000,variable like
00:09:10.630000,00:09:10.640000,like
00:09:10.640000,00:09:12.310000,like which variable address we want to store
00:09:12.310000,00:09:12.320000,which variable address we want to store
00:09:12.320000,00:09:13.990000,which variable address we want to store in this pointer we don't know the data
00:09:13.990000,00:09:14,in this pointer we don't know the data
00:09:14,00:09:16.070000,in this pointer we don't know the data type of that variable is inter
00:09:16.070000,00:09:16.080000,type of that variable is inter
00:09:16.080000,00:09:19.190000,type of that variable is inter float or character or we don't know
00:09:19.190000,00:09:19.200000,float or character or we don't know
00:09:19.200000,00:09:20.790000,float or character or we don't know so according to our requirement if you i
00:09:20.790000,00:09:20.800000,so according to our requirement if you i
00:09:20.800000,00:09:23.430000,so according to our requirement if you i want to store address of a int variable
00:09:23.430000,00:09:23.440000,want to store address of a int variable
00:09:23.440000,00:09:25.430000,want to store address of a int variable i can typecast this pointer into in
00:09:25.430000,00:09:25.440000,i can typecast this pointer into in
00:09:25.440000,00:09:27.350000,i can typecast this pointer into in pointer if i want to store address of a
00:09:27.350000,00:09:27.360000,pointer if i want to store address of a
00:09:27.360000,00:09:30.230000,pointer if i want to store address of a float variable i can typecast it
00:09:30.230000,00:09:30.240000,float variable i can typecast it
00:09:30.240000,00:09:32.150000,float variable i can typecast it into float
00:09:32.150000,00:09:32.160000,into float
00:09:32.160000,00:09:33.430000,into float right
00:09:33.430000,00:09:33.440000,right
00:09:33.440000,00:09:35.110000,right on this word control so i have already
00:09:35.110000,00:09:35.120000,on this word control so i have already
00:09:35.120000,00:09:37.110000,on this word control so i have already uploaded a video the link of that video
00:09:37.110000,00:09:37.120000,uploaded a video the link of that video
00:09:37.120000,00:09:38.389000,uploaded a video the link of that video so you will find the side button you can
00:09:38.389000,00:09:38.399000,so you will find the side button you can
00:09:38.399000,00:09:40.070000,so you will find the side button you can check out that video right so this is
00:09:40.070000,00:09:40.080000,check out that video right so this is
00:09:40.080000,00:09:41.910000,check out that video right so this is generic pointer universal pointer you
00:09:41.910000,00:09:41.920000,generic pointer universal pointer you
00:09:41.920000,00:09:43.350000,generic pointer universal pointer you can type cast it according to your
00:09:43.350000,00:09:43.360000,can type cast it according to your
00:09:43.360000,00:09:46.150000,can type cast it according to your requirement right these three main uses
00:09:46.150000,00:09:46.160000,requirement right these three main uses
00:09:46.160000,00:09:48.389000,requirement right these three main uses of this void data type is there but we
00:09:48.389000,00:09:48.399000,of this void data type is there but we
00:09:48.399000,00:09:51.670000,of this void data type is there but we cannot use like see i am writing in x is
00:09:51.670000,00:09:51.680000,cannot use like see i am writing in x is
00:09:51.680000,00:09:53.190000,cannot use like see i am writing in x is equal to 10
00:09:53.190000,00:09:53.200000,equal to 10
00:09:53.200000,00:09:55.910000,equal to 10 void strict ptr and in ptr is equal to
00:09:55.910000,00:09:55.920000,void strict ptr and in ptr is equal to
00:09:55.920000,00:09:58.150000,void strict ptr and in ptr is equal to address of x
00:09:58.150000,00:09:58.160000,address of x
00:09:58.160000,00:09:59.990000,address of x right in ptr i am assigning address of
00:09:59.990000,00:10:00,right in ptr i am assigning address of
00:10:00,00:10:02.630000,right in ptr i am assigning address of this x means this is x is integer type
00:10:02.630000,00:10:02.640000,this x means this is x is integer type
00:10:02.640000,00:10:05.190000,this x means this is x is integer type and if you want to
00:10:05.190000,00:10:05.200000,and if you want to
00:10:05.200000,00:10:08.069000,and if you want to dereference this point like how to do
00:10:08.069000,00:10:08.079000,dereference this point like how to do
00:10:08.079000,00:10:09.670000,dereference this point like how to do dereference this
00:10:09.670000,00:10:09.680000,dereference this
00:10:09.680000,00:10:13.509000,dereference this asterisk ptr and suppose e and dl
00:10:13.509000,00:10:13.519000,asterisk ptr and suppose e and dl
00:10:13.519000,00:10:15.030000,asterisk ptr and suppose e and dl it will give error
00:10:15.030000,00:10:15.040000,it will give error
00:10:15.040000,00:10:17.670000,it will give error because this this is not void pointer
00:10:17.670000,00:10:17.680000,because this this is not void pointer
00:10:17.680000,00:10:19.910000,because this this is not void pointer right and we are storing address over
00:10:19.910000,00:10:19.920000,right and we are storing address over
00:10:19.920000,00:10:20.870000,right and we are storing address over int
00:10:20.870000,00:10:20.880000,int
00:10:20.880000,00:10:23.110000,int data type into variable so first you
00:10:23.110000,00:10:23.120000,data type into variable so first you
00:10:23.120000,00:10:24.710000,data type into variable so first you have to type cast it you cannot
00:10:24.710000,00:10:24.720000,have to type cast it you cannot
00:10:24.720000,00:10:27.590000,have to type cast it you cannot dereference a void pointer
00:10:27.590000,00:10:27.600000,dereference a void pointer
00:10:27.600000,00:10:30.069000,dereference a void pointer right word means nothing means no memory
00:10:30.069000,00:10:30.079000,right word means nothing means no memory
00:10:30.079000,00:10:32.470000,right word means nothing means no memory would be allocated so when you are going
00:10:32.470000,00:10:32.480000,would be allocated so when you are going
00:10:32.480000,00:10:34.870000,would be allocated so when you are going to dereference
00:10:34.870000,00:10:34.880000,to dereference
00:10:34.880000,00:10:36.870000,to dereference it doesn't have any idea how many bytes
00:10:36.870000,00:10:36.880000,it doesn't have any idea how many bytes
00:10:36.880000,00:10:39.509000,it doesn't have any idea how many bytes still how many bytes it has to access
00:10:39.509000,00:10:39.519000,still how many bytes it has to access
00:10:39.519000,00:10:41.269000,still how many bytes it has to access the value
00:10:41.269000,00:10:41.279000,the value
00:10:41.279000,00:10:44.150000,the value right how many bytes the size of the
00:10:44.150000,00:10:44.160000,right how many bytes the size of the
00:10:44.160000,00:10:46.470000,right how many bytes the size of the time one only one byte value or the
00:10:46.470000,00:10:46.480000,time one only one byte value or the
00:10:46.480000,00:10:48.150000,time one only one byte value or the value is in four bytes so the value is
00:10:48.150000,00:10:48.160000,value is in four bytes so the value is
00:10:48.160000,00:10:49.509000,value is in four bytes so the value is in eight bytes
00:10:49.509000,00:10:49.519000,in eight bytes
00:10:49.519000,00:10:51.509000,in eight bytes it doesn't know so you have to specify
00:10:51.509000,00:10:51.519000,it doesn't know so you have to specify
00:10:51.519000,00:10:53.829000,it doesn't know so you have to specify so first type cast it how to type cast
00:10:53.829000,00:10:53.839000,so first type cast it how to type cast
00:10:53.839000,00:10:55.910000,so first type cast it how to type cast it you just have to write down like s
00:10:55.910000,00:10:55.920000,it you just have to write down like s
00:10:55.920000,00:10:59.110000,it you just have to write down like s trick how to type cast int asterisk and
00:10:59.110000,00:10:59.120000,trick how to type cast int asterisk and
00:10:59.120000,00:11:01.670000,trick how to type cast int asterisk and ptr
00:11:01.670000,00:11:01.680000,ptr
00:11:01.680000,00:11:03.829000,ptr now we have type casted it into end
00:11:03.829000,00:11:03.839000,now we have type casted it into end
00:11:03.839000,00:11:04.870000,now we have type casted it into end pointer
00:11:04.870000,00:11:04.880000,pointer
00:11:04.880000,00:11:06.069000,pointer now
00:11:06.069000,00:11:06.079000,now
00:11:06.079000,00:11:07.910000,now it means
00:11:07.910000,00:11:07.920000,it means
00:11:07.920000,00:11:10.630000,it means now pointer no like four bytes
00:11:10.630000,00:11:10.640000,now pointer no like four bytes
00:11:10.640000,00:11:12.710000,now pointer no like four bytes so it has to dereference the value of
00:11:12.710000,00:11:12.720000,so it has to dereference the value of
00:11:12.720000,00:11:16.470000,so it has to dereference the value of till four bytes starting address then
00:11:16.470000,00:11:16.480000,till four bytes starting address then
00:11:16.480000,00:11:18.310000,till four bytes starting address then the like starting address is thousand
00:11:18.310000,00:11:18.320000,the like starting address is thousand
00:11:18.320000,00:11:20.389000,the like starting address is thousand and thousand and one then thousand into
00:11:20.389000,00:11:20.399000,and thousand and one then thousand into
00:11:20.399000,00:11:22.550000,and thousand and one then thousand into till thousand and three till four bytes
00:11:22.550000,00:11:22.560000,till thousand and three till four bytes
00:11:22.560000,00:11:24.710000,till thousand and three till four bytes it has to access
00:11:24.710000,00:11:24.720000,it has to access
00:11:24.720000,00:11:26.470000,it has to access right
00:11:26.470000,00:11:26.480000,right
00:11:26.480000,00:11:29.030000,right so this is how you can type cast this
00:11:29.030000,00:11:29.040000,so this is how you can type cast this
00:11:29.040000,00:11:30.389000,so this is how you can type cast this word pointer
00:11:30.389000,00:11:30.399000,word pointer
00:11:30.399000,00:11:33.190000,word pointer if you want to store address of a float
00:11:33.190000,00:11:33.200000,if you want to store address of a float
00:11:33.200000,00:11:35.509000,if you want to store address of a float variable you just have to type cast into
00:11:35.509000,00:11:35.519000,variable you just have to type cast into
00:11:35.519000,00:11:37.590000,variable you just have to type cast into float so these are three main uses of
00:11:37.590000,00:11:37.600000,float so these are three main uses of
00:11:37.600000,00:11:40.630000,float so these are three main uses of this void type but we cannot
00:11:40.630000,00:11:40.640000,this void type but we cannot
00:11:40.640000,00:11:42.389000,this void type but we cannot declare something like this void and
00:11:42.389000,00:11:42.399000,declare something like this void and
00:11:42.399000,00:11:44.389000,declare something like this void and name of the variable a this would be
00:11:44.389000,00:11:44.399000,name of the variable a this would be
00:11:44.399000,00:11:46.790000,name of the variable a this would be incorrect because word is nothing
00:11:46.790000,00:11:46.800000,incorrect because word is nothing
00:11:46.800000,00:11:48.949000,incorrect because word is nothing no memory would be allocated to void so
00:11:48.949000,00:11:48.959000,no memory would be allocated to void so
00:11:48.959000,00:11:50.870000,no memory would be allocated to void so you cannot declare a variable of word
00:11:50.870000,00:11:50.880000,you cannot declare a variable of word
00:11:50.880000,00:11:51.990000,you cannot declare a variable of word airtime
00:11:51.990000,00:11:52,airtime
00:11:52,00:11:53.350000,airtime right
00:11:53.350000,00:11:53.360000,right
00:11:53.360000,00:11:55.670000,right this is incorrect how you can use this
00:11:55.670000,00:11:55.680000,this is incorrect how you can use this
00:11:55.680000,00:11:57.590000,this is incorrect how you can use this void type in three ways
00:11:57.590000,00:11:57.600000,void type in three ways
00:11:57.600000,00:11:59.269000,void type in three ways return type of a function
00:11:59.269000,00:11:59.279000,return type of a function
00:11:59.279000,00:12:00.310000,return type of a function word
00:12:00.310000,00:12:00.320000,word
00:12:00.320000,00:12:01.829000,word rather than if you don't want to pass
00:12:01.829000,00:12:01.839000,rather than if you don't want to pass
00:12:01.839000,00:12:03.190000,rather than if you don't want to pass any argument then you can write down
00:12:03.190000,00:12:03.200000,any argument then you can write down
00:12:03.200000,00:12:05.590000,any argument then you can write down void and you can declare a word pointer
00:12:05.590000,00:12:05.600000,void and you can declare a word pointer
00:12:05.600000,00:12:07.670000,void and you can declare a word pointer right but you cannot declare a variable
00:12:07.670000,00:12:07.680000,right but you cannot declare a variable
00:12:07.680000,00:12:10.389000,right but you cannot declare a variable of word data type right
00:12:10.389000,00:12:10.399000,of word data type right
00:12:10.399000,00:12:13.030000,of word data type right so i think this is all about bool and
00:12:13.030000,00:12:13.040000,so i think this is all about bool and
00:12:13.040000,00:12:15.350000,so i think this is all about bool and void data type let me just show you with
00:12:15.350000,00:12:15.360000,void data type let me just show you with
00:12:15.360000,00:12:17.190000,void data type let me just show you with the help of a program okay so we have
00:12:17.190000,00:12:17.200000,the help of a program okay so we have
00:12:17.200000,00:12:19.750000,the help of a program okay so we have this file bool underscore dt dot cpp
00:12:19.750000,00:12:19.760000,this file bool underscore dt dot cpp
00:12:19.760000,00:12:22.790000,this file bool underscore dt dot cpp right so now first of all we will
00:12:22.790000,00:12:22.800000,right so now first of all we will
00:12:22.800000,00:12:25.509000,right so now first of all we will take bull data type bool and we are
00:12:25.509000,00:12:25.519000,take bull data type bool and we are
00:12:25.519000,00:12:28.870000,take bull data type bool and we are taking b is equal to suppose i am taking
00:12:28.870000,00:12:28.880000,taking b is equal to suppose i am taking
00:12:28.880000,00:12:30.710000,taking b is equal to suppose i am taking true
00:12:30.710000,00:12:30.720000,true
00:12:30.720000,00:12:34.230000,true and simply we are printing c out
00:12:34.230000,00:12:34.240000,and simply we are printing c out
00:12:34.240000,00:12:35.670000,and simply we are printing c out b
00:12:35.670000,00:12:35.680000,b
00:12:35.680000,00:12:37.269000,b right
00:12:37.269000,00:12:37.279000,right
00:12:37.279000,00:12:39.750000,right that's it
00:12:39.750000,00:12:39.760000,that's it
00:12:39.760000,00:12:41.670000,that's it let me just run this and this if this
00:12:41.670000,00:12:41.680000,let me just run this and this if this
00:12:41.680000,00:12:43.110000,let me just run this and this if this will print one
00:12:43.110000,00:12:43.120000,will print one
00:12:43.120000,00:12:44.790000,will print one automatically it would be converted into
00:12:44.790000,00:12:44.800000,automatically it would be converted into
00:12:44.800000,00:12:47.350000,automatically it would be converted into interior type so the integer value and
00:12:47.350000,00:12:47.360000,interior type so the integer value and
00:12:47.360000,00:12:49.110000,interior type so the integer value and true is one right
00:12:49.110000,00:12:49.120000,true is one right
00:12:49.120000,00:12:54.069000,true is one right so if you write here false
00:12:56.550000,00:12:56.560000,then it will give you 0
00:12:56.560000,00:12:58.790000,then it will give you 0 right in expression also you can write
00:12:58.790000,00:12:58.800000,right in expression also you can write
00:12:58.800000,00:13:00.870000,right in expression also you can write down these thing like suppose i am right
00:13:00.870000,00:13:00.880000,down these thing like suppose i am right
00:13:00.880000,00:13:02.230000,down these thing like suppose i am right i am taking
00:13:02.230000,00:13:02.240000,i am taking
00:13:02.240000,00:13:03.829000,i am taking i am not taking this
00:13:03.829000,00:13:03.839000,i am not taking this
00:13:03.839000,00:13:05.030000,i am not taking this boo
00:13:05.030000,00:13:05.040000,boo
00:13:05.040000,00:13:12.790000,boo whole data type
00:13:14.949000,00:13:14.959000,we are taking int
00:13:14.959000,00:13:16.870000,we are taking int x is equal to 10
00:13:16.870000,00:13:16.880000,x is equal to 10
00:13:16.880000,00:13:18.550000,x is equal to 10 comma y
00:13:18.550000,00:13:18.560000,comma y
00:13:18.560000,00:13:21.670000,comma y suppose not
00:13:21.670000,00:13:21.680000,suppose not
00:13:21.680000,00:13:24.310000,suppose not next i am taking float y is equal to
00:13:24.310000,00:13:24.320000,next i am taking float y is equal to
00:13:24.320000,00:13:26.949000,next i am taking float y is equal to 12.5
00:13:26.949000,00:13:26.959000,12.5
00:13:26.959000,00:13:32.550000,12.5 and next i am taking
00:13:35.030000,00:13:35.040000,float
00:13:35.040000,00:13:35.990000,float z
00:13:35.990000,00:13:36,z
00:13:36,00:13:38.310000,z equal to
00:13:38.310000,00:13:38.320000,equal to
00:13:38.320000,00:13:40.629000,equal to true plus
00:13:40.629000,00:13:40.639000,true plus
00:13:40.639000,00:13:41.990000,true plus x
00:13:41.990000,00:13:42,x
00:13:42,00:13:44.389000,x plus
00:13:46.710000,00:13:46.720000,false plus
00:13:46.720000,00:13:48.870000,false plus y
00:13:48.870000,00:13:48.880000,y
00:13:48.880000,00:13:50.389000,y and we are just
00:13:50.389000,00:13:50.399000,and we are just
00:13:50.399000,00:13:53.430000,and we are just printing
00:13:59.829000,00:13:59.839000,one more thing we are printing
00:13:59.839000,00:14:04.389000,one more thing we are printing c out uh size of
00:14:06.550000,00:14:06.560000,bool
00:14:06.560000,00:14:08.389000,bool right
00:14:08.389000,00:14:08.399000,right
00:14:08.399000,00:14:10.949000,right so now let me just run this and show you
00:14:10.949000,00:14:10.959000,so now let me just run this and show you
00:14:10.959000,00:14:11.870000,so now let me just run this and show you see
00:14:11.870000,00:14:11.880000,see
00:14:11.880000,00:14:13.590000,see 23.5
00:14:13.590000,00:14:13.600000,23.5
00:14:13.600000,00:14:18.470000,23.5 means 10 plus 12.5 22.5 one true but
00:14:18.470000,00:14:18.480000,means 10 plus 12.5 22.5 one true but
00:14:18.480000,00:14:20.550000,means 10 plus 12.5 22.5 one true but false is zero so in expression also you
00:14:20.550000,00:14:20.560000,false is zero so in expression also you
00:14:20.560000,00:14:22.949000,false is zero so in expression also you can use this in conditional statement
00:14:22.949000,00:14:22.959000,can use this in conditional statement
00:14:22.959000,00:14:25.590000,can use this in conditional statement you can use like if else statement right
00:14:25.590000,00:14:25.600000,you can use like if else statement right
00:14:25.600000,00:14:27.750000,you can use like if else statement right there also you can directly write down
00:14:27.750000,00:14:27.760000,there also you can directly write down
00:14:27.760000,00:14:31.350000,there also you can directly write down this one if suppose you are writing if
00:14:31.350000,00:14:31.360000,this one if suppose you are writing if
00:14:31.360000,00:14:34.069000,this one if suppose you are writing if and i'm writing here x
00:14:34.069000,00:14:34.079000,and i'm writing here x
00:14:34.079000,00:14:37.269000,and i'm writing here x less than y
00:14:39.750000,00:14:39.760000,is equal to is equal to
00:14:39.760000,00:14:42.829000,is equal to is equal to true
00:14:44.550000,00:14:44.560000,simply
00:14:44.560000,00:14:50.150000,simply c out
00:14:52.150000,00:14:52.160000,and x
00:14:52.160000,00:14:53.670000,and x is
00:14:53.670000,00:14:53.680000,is
00:14:53.680000,00:14:55.670000,is lesser
00:14:55.670000,00:14:55.680000,lesser
00:14:55.680000,00:14:57.670000,lesser right x less than y we are printing
00:14:57.670000,00:14:57.680000,right x less than y we are printing
00:14:57.680000,00:14:58.949000,right x less than y we are printing right
00:14:58.949000,00:14:58.959000,right
00:14:58.959000,00:15:03.509000,right and
00:15:19.509000,00:15:19.519000,that's it
00:15:19.519000,00:15:20.710000,that's it right
00:15:20.710000,00:15:20.720000,right
00:15:20.720000,00:15:21.910000,right now
00:15:21.910000,00:15:21.920000,now
00:15:21.920000,00:15:24.069000,now in this
00:15:24.069000,00:15:24.079000,in this
00:15:24.079000,00:15:27.430000,in this let me just run this and show you see
00:15:27.430000,00:15:27.440000,let me just run this and show you see
00:15:27.440000,00:15:29.430000,let me just run this and show you see first of all the value and the size then
00:15:29.430000,00:15:29.440000,first of all the value and the size then
00:15:29.440000,00:15:32.710000,first of all the value and the size then x is lesser because x is 10 and y is
00:15:32.710000,00:15:32.720000,x is lesser because x is 10 and y is
00:15:32.720000,00:15:35.749000,x is lesser because x is 10 and y is 12.5 so x is less than it is printing it
00:15:35.749000,00:15:35.759000,12.5 so x is less than it is printing it
00:15:35.759000,00:15:36.629000,12.5 so x is less than it is printing it is true
00:15:36.629000,00:15:36.639000,is true
00:15:36.639000,00:15:37.590000,is true right
00:15:37.590000,00:15:37.600000,right
00:15:37.600000,00:15:40.230000,right now next thing is what so this is all
00:15:40.230000,00:15:40.240000,now next thing is what so this is all
00:15:40.240000,00:15:41.910000,now next thing is what so this is all about bool
00:15:41.910000,00:15:41.920000,about bool
00:15:41.920000,00:15:45.269000,about bool about void c if you want to declare a
00:15:45.269000,00:15:45.279000,about void c if you want to declare a
00:15:45.279000,00:15:49.670000,about void c if you want to declare a variable of type void void
00:15:49.670000,00:15:49.680000,variable of type void void
00:15:49.680000,00:15:53.509000,variable of type void void and x sub void suppose i am taking
00:15:53.509000,00:15:53.519000,and x sub void suppose i am taking
00:15:53.519000,00:15:56.230000,and x sub void suppose i am taking v
00:15:57.670000,00:15:57.680000,it will
00:15:57.680000,00:16:00.470000,it will show error see incomplete type is not
00:16:00.470000,00:16:00.480000,show error see incomplete type is not
00:16:00.480000,00:16:02.389000,show error see incomplete type is not allowed because void is considered as
00:16:02.389000,00:16:02.399000,allowed because void is considered as
00:16:02.399000,00:16:05.110000,allowed because void is considered as incomplete type you cannot do these kind
00:16:05.110000,00:16:05.120000,incomplete type you cannot do these kind
00:16:05.120000,00:16:06.310000,incomplete type you cannot do these kind of things
00:16:06.310000,00:16:06.320000,of things
00:16:06.320000,00:16:08.389000,of things in three ways you can use this yeah if
00:16:08.389000,00:16:08.399000,in three ways you can use this yeah if
00:16:08.399000,00:16:11.670000,in three ways you can use this yeah if you declare it as a pointer
00:16:11.670000,00:16:11.680000,you declare it as a pointer
00:16:11.680000,00:16:13.110000,you declare it as a pointer like this
00:16:13.110000,00:16:13.120000,like this
00:16:13.120000,00:16:15.910000,like this that is fine
00:16:19.110000,00:16:19.120000,i am taking pointer name ptr
00:16:19.120000,00:16:20.710000,i am taking pointer name ptr semicolon
00:16:20.710000,00:16:20.720000,semicolon
00:16:20.720000,00:16:23.030000,semicolon right that is fine
00:16:23.030000,00:16:23.040000,right that is fine
00:16:23.040000,00:16:26.150000,right that is fine and suppose
00:16:26.150000,00:16:26.160000,and suppose
00:16:26.160000,00:16:31.509000,and suppose let me just uh comment out these things
00:16:33.269000,00:16:33.279000,and we will just
00:16:33.279000,00:16:34.949000,and we will just see what
00:16:34.949000,00:16:34.959000,see what
00:16:34.959000,00:16:36.710000,see what ptr
00:16:36.710000,00:16:36.720000,ptr
00:16:36.720000,00:16:39.670000,ptr equal to address of
00:16:39.670000,00:16:39.680000,equal to address of
00:16:39.680000,00:16:40.949000,equal to address of x
00:16:40.949000,00:16:40.959000,x
00:16:40.959000,00:16:41.749000,x right
00:16:41.749000,00:16:41.759000,right
00:16:41.759000,00:16:44.310000,right and in c out we are
00:16:44.310000,00:16:44.320000,and in c out we are
00:16:44.320000,00:16:48.829000,and in c out we are dereferencing it this is strict ptr
00:16:48.829000,00:16:48.839000,dereferencing it this is strict ptr
00:16:48.839000,00:16:50.470000,dereferencing it this is strict ptr end
00:16:50.470000,00:16:50.480000,end
00:16:50.480000,00:16:53.910000,end see it is showing red line means
00:16:53.910000,00:16:53.920000,see it is showing red line means
00:16:53.920000,00:16:57.030000,see it is showing red line means it if you run this it will give error
00:16:57.030000,00:16:57.040000,it if you run this it will give error
00:16:57.040000,00:16:59.509000,it if you run this it will give error word is not a pointer to object type you
00:16:59.509000,00:16:59.519000,word is not a pointer to object type you
00:16:59.519000,00:17:01.030000,word is not a pointer to object type you are dereferencing word pointer that is
00:17:01.030000,00:17:01.040000,are dereferencing word pointer that is
00:17:01.040000,00:17:03.189000,are dereferencing word pointer that is not allowed so you have to type cast it
00:17:03.189000,00:17:03.199000,not allowed so you have to type cast it
00:17:03.199000,00:17:05.350000,not allowed so you have to type cast it how to type cast
00:17:05.350000,00:17:05.360000,how to type cast
00:17:05.360000,00:17:06.390000,how to type cast int
00:17:06.390000,00:17:06.400000,int
00:17:06.400000,00:17:08.309000,int star
00:17:08.309000,00:17:08.319000,star
00:17:08.319000,00:17:11.429000,star because x is of into type now it will
00:17:11.429000,00:17:11.439000,because x is of into type now it will
00:17:11.439000,00:17:14.630000,because x is of into type now it will print 10. it is printing now 10. so you
00:17:14.630000,00:17:14.640000,print 10. it is printing now 10. so you
00:17:14.640000,00:17:17.270000,print 10. it is printing now 10. so you have to typecast it is generic pointer
00:17:17.270000,00:17:17.280000,have to typecast it is generic pointer
00:17:17.280000,00:17:19.029000,have to typecast it is generic pointer so same written type of function you can
00:17:19.029000,00:17:19.039000,so same written type of function you can
00:17:19.039000,00:17:21.110000,so same written type of function you can use as void or parameter list if there
00:17:21.110000,00:17:21.120000,use as void or parameter list if there
00:17:21.120000,00:17:22.630000,use as void or parameter list if there is nothing you can
00:17:22.630000,00:17:22.640000,is nothing you can
00:17:22.640000,00:17:24.390000,is nothing you can write down word there but you cannot
00:17:24.390000,00:17:24.400000,write down word there but you cannot
00:17:24.400000,00:17:27.110000,write down word there but you cannot write down you cannot declare a variable
00:17:27.110000,00:17:27.120000,write down you cannot declare a variable
00:17:27.120000,00:17:29.590000,write down you cannot declare a variable of y data type right so i think this is
00:17:29.590000,00:17:29.600000,of y data type right so i think this is
00:17:29.600000,00:17:31.669000,of y data type right so i think this is all about void and rule data type in c
00:17:31.669000,00:17:31.679000,all about void and rule data type in c
00:17:31.679000,00:17:32.950000,all about void and rule data type in c plus plus and see
00:17:32.950000,00:17:32.960000,plus plus and see
00:17:32.960000,00:17:36.070000,plus plus and see if you write something like this
00:17:36.070000,00:17:36.080000,if you write something like this
00:17:36.080000,00:17:38.630000,if you write something like this if i'm writing bool
00:17:38.630000,00:17:38.640000,if i'm writing bool
00:17:38.640000,00:17:40.870000,if i'm writing bool and i'm writing
00:17:40.870000,00:17:40.880000,and i'm writing
00:17:40.880000,00:17:42.549000,and i'm writing suppose
00:17:42.549000,00:17:42.559000,suppose
00:17:42.559000,00:17:43.190000,suppose p
00:17:43.190000,00:17:43.200000,p
00:17:43.200000,00:17:45.990000,p array type name i'm taking p is equal to
00:17:45.990000,00:17:46,array type name i'm taking p is equal to
00:17:46,00:17:47.830000,array type name i'm taking p is equal to 45
00:17:47.830000,00:17:47.840000,45
00:17:47.840000,00:17:49.909000,45 and now i am printing
00:17:49.909000,00:17:49.919000,and now i am printing
00:17:49.919000,00:17:53.029000,and now i am printing this p
00:17:55.510000,00:17:55.520000,just c out
00:17:55.520000,00:18:00.070000,just c out p
00:18:03.350000,00:18:03.360000,see what it will give you
00:18:03.360000,00:18:05.750000,see what it will give you 1
00:18:07.990000,00:18:08,in at the place of it is
00:18:08,00:18:10.150000,in at the place of it is printing 1 because it is considering
00:18:10.150000,00:18:10.160000,printing 1 because it is considering
00:18:10.160000,00:18:13.350000,printing 1 because it is considering this 45 as true value other than 0 every
00:18:13.350000,00:18:13.360000,this 45 as true value other than 0 every
00:18:13.360000,00:18:15.350000,this 45 as true value other than 0 every value is true value
00:18:15.350000,00:18:15.360000,value is true value
00:18:15.360000,00:18:17.590000,value is true value right only zero is false so forty five
00:18:17.590000,00:18:17.600000,right only zero is false so forty five
00:18:17.600000,00:18:19.430000,right only zero is false so forty five is also if you print this it will print
00:18:19.430000,00:18:19.440000,is also if you print this it will print
00:18:19.440000,00:18:20.870000,is also if you print this it will print one that is true
00:18:20.870000,00:18:20.880000,one that is true
00:18:20.880000,00:18:22.549000,one that is true so i think that's it about boolean word
00:18:22.549000,00:18:22.559000,so i think that's it about boolean word
00:18:22.559000,00:18:24.230000,so i think that's it about boolean word data in c plus plus
00:18:24.230000,00:18:24.240000,data in c plus plus
00:18:24.240000,00:18:26.390000,data in c plus plus so i think we have covered all the
00:18:26.390000,00:18:26.400000,so i think we have covered all the
00:18:26.400000,00:18:29.029000,so i think we have covered all the points about void and wool data type if
00:18:29.029000,00:18:29.039000,points about void and wool data type if
00:18:29.039000,00:18:30.710000,points about void and wool data type if there is something missing you can i
00:18:30.710000,00:18:30.720000,there is something missing you can i
00:18:30.720000,00:18:32.310000,there is something missing you can i don't know write down that point in
00:18:32.310000,00:18:32.320000,don't know write down that point in
00:18:32.320000,00:18:33.830000,don't know write down that point in common comment section or if you have
00:18:33.830000,00:18:33.840000,common comment section or if you have
00:18:33.840000,00:18:35.350000,common comment section or if you have any doubt you can ask me in comment
00:18:35.350000,00:18:35.360000,any doubt you can ask me in comment
00:18:35.360000,00:18:36.549000,any doubt you can ask me in comment section right
00:18:36.549000,00:18:36.559000,section right
00:18:36.559000,00:18:38.150000,section right so in the from the next video most
00:18:38.150000,00:18:38.160000,so in the from the next video most
00:18:38.160000,00:18:39.669000,so in the from the next video most probably we are going to start control
00:18:39.669000,00:18:39.679000,probably we are going to start control
00:18:39.679000,00:18:41.350000,probably we are going to start control structure in c plus plus so i'll see you
00:18:41.350000,00:18:41.360000,structure in c plus plus so i'll see you
00:18:41.360000,00:18:45.039000,structure in c plus plus so i'll see you next video till then bye take care
