Start Time,End Time,Text
00:00:01.790000,00:00:01.800000,so in the series of learning C plus plus
00:00:01.800000,00:00:03.169000,so in the series of learning C plus plus programming language we are discussing
00:00:03.169000,00:00:03.179000,programming language we are discussing
00:00:03.179000,00:00:04.970000,programming language we are discussing operators in C plus plus till now we
00:00:04.970000,00:00:04.980000,operators in C plus plus till now we
00:00:04.980000,00:00:06.349000,operators in C plus plus till now we have discussed arithmetic relational
00:00:06.349000,00:00:06.359000,have discussed arithmetic relational
00:00:06.359000,00:00:09.110000,have discussed arithmetic relational bitwise and logical operators now next
00:00:09.110000,00:00:09.120000,bitwise and logical operators now next
00:00:09.120000,00:00:10.970000,bitwise and logical operators now next type of operator is assignment operator
00:00:10.970000,00:00:10.980000,type of operator is assignment operator
00:00:10.980000,00:00:12.350000,type of operator is assignment operator so this video will be discussing
00:00:12.350000,00:00:12.360000,so this video will be discussing
00:00:12.360000,00:00:13.910000,so this video will be discussing assignment operator as well as some
00:00:13.910000,00:00:13.920000,assignment operator as well as some
00:00:13.920000,00:00:16.010000,assignment operator as well as some slainess operators we have like a
00:00:16.010000,00:00:16.020000,slainess operators we have like a
00:00:16.020000,00:00:17.570000,slainess operators we have like a conditional operator which is known as
00:00:17.570000,00:00:17.580000,conditional operator which is known as
00:00:17.580000,00:00:20.510000,conditional operator which is known as ternary operators also right that we
00:00:20.510000,00:00:20.520000,ternary operators also right that we
00:00:20.520000,00:00:22.429000,ternary operators also right that we have discussed like uni three categories
00:00:22.429000,00:00:22.439000,have discussed like uni three categories
00:00:22.439000,00:00:24.050000,have discussed like uni three categories of operators are there unary binary
00:00:24.050000,00:00:24.060000,of operators are there unary binary
00:00:24.060000,00:00:25.849000,of operators are there unary binary internally so conditional operator is
00:00:25.849000,00:00:25.859000,internally so conditional operator is
00:00:25.859000,00:00:28.490000,internally so conditional operator is ternary operator so that also comes
00:00:28.490000,00:00:28.500000,ternary operator so that also comes
00:00:28.500000,00:00:30.050000,ternary operator so that also comes under miscellaneous we'll discuss in
00:00:30.050000,00:00:30.060000,under miscellaneous we'll discuss in
00:00:30.060000,00:00:32.030000,under miscellaneous we'll discuss in this video then size of operator then
00:00:32.030000,00:00:32.040000,this video then size of operator then
00:00:32.040000,00:00:35.030000,this video then size of operator then cast operator then we have that address
00:00:35.030000,00:00:35.040000,cast operator then we have that address
00:00:35.040000,00:00:37.069000,cast operator then we have that address of operator then we have that the
00:00:37.069000,00:00:37.079000,of operator then we have that the
00:00:37.079000,00:00:39.650000,of operator then we have that the reference operator that asterisk a
00:00:39.650000,00:00:39.660000,reference operator that asterisk a
00:00:39.660000,00:00:41.330000,reference operator that asterisk a pointer to a variable so these are some
00:00:41.330000,00:00:41.340000,pointer to a variable so these are some
00:00:41.340000,00:00:43.430000,pointer to a variable so these are some miscellaneous operators so these
00:00:43.430000,00:00:43.440000,miscellaneous operators so these
00:00:43.440000,00:00:45.650000,miscellaneous operators so these operators and assignments operators will
00:00:45.650000,00:00:45.660000,operators and assignments operators will
00:00:45.660000,00:00:47.270000,operators and assignments operators will be discussing in this video with the
00:00:47.270000,00:00:47.280000,be discussing in this video with the
00:00:47.280000,00:00:49.130000,be discussing in this video with the help of program I'll show you practical
00:00:49.130000,00:00:49.140000,help of program I'll show you practical
00:00:49.140000,00:00:51.290000,help of program I'll show you practical also right example of each and every
00:00:51.290000,00:00:51.300000,also right example of each and every
00:00:51.300000,00:00:53.630000,also right example of each and every operator will see on my laptop
00:00:53.630000,00:00:53.640000,operator will see on my laptop
00:00:53.640000,00:00:55.670000,operator will see on my laptop right but before they just want to tell
00:00:55.670000,00:00:55.680000,right but before they just want to tell
00:00:55.680000,00:00:57.470000,right but before they just want to tell you one thing Geeks four weeks has come
00:00:57.470000,00:00:57.480000,you one thing Geeks four weeks has come
00:00:57.480000,00:00:59.810000,you one thing Geeks four weeks has come up with a fun filled event for you guys
00:00:59.810000,00:00:59.820000,up with a fun filled event for you guys
00:00:59.820000,00:01:03.229000,up with a fun filled event for you guys called geek Olympics so what you have to
00:01:03.229000,00:01:03.239000,called geek Olympics so what you have to
00:01:03.239000,00:01:05.390000,called geek Olympics so what you have to do is you just go to the link which I'll
00:01:05.390000,00:01:05.400000,do is you just go to the link which I'll
00:01:05.400000,00:01:06.830000,do is you just go to the link which I'll put in the description box of this video
00:01:06.830000,00:01:06.840000,put in the description box of this video
00:01:06.840000,00:01:09.050000,put in the description box of this video and a resistor for the event free of
00:01:09.050000,00:01:09.060000,and a resistor for the event free of
00:01:09.060000,00:01:11.750000,and a resistor for the event free of post and once you register after
00:01:11.750000,00:01:11.760000,post and once you register after
00:01:11.760000,00:01:13.490000,post and once you register after registering you will get access to the
00:01:13.490000,00:01:13.500000,registering you will get access to the
00:01:13.500000,00:01:16.010000,registering you will get access to the calendar where you can see the upcoming
00:01:16.010000,00:01:16.020000,calendar where you can see the upcoming
00:01:16.020000,00:01:18.890000,calendar where you can see the upcoming events and activities see they have
00:01:18.890000,00:01:18.900000,events and activities see they have
00:01:18.900000,00:01:20.090000,events and activities see they have something new and something different
00:01:20.090000,00:01:20.100000,something new and something different
00:01:20.100000,00:01:22.789000,something new and something different every day in the month of July from 1st
00:01:22.789000,00:01:22.799000,every day in the month of July from 1st
00:01:22.799000,00:01:24.710000,every day in the month of July from 1st to 31st of July so do check out this
00:01:24.710000,00:01:24.720000,to 31st of July so do check out this
00:01:24.720000,00:01:26.330000,to 31st of July so do check out this link every day where you can get a
00:01:26.330000,00:01:26.340000,link every day where you can get a
00:01:26.340000,00:01:28.670000,link every day where you can get a chance to win some rewards and
00:01:28.670000,00:01:28.680000,chance to win some rewards and
00:01:28.680000,00:01:30.109000,chance to win some rewards and definitely it would be a great learning
00:01:30.109000,00:01:30.119000,definitely it would be a great learning
00:01:30.119000,00:01:31.730000,definitely it would be a great learning experience for you guys now let me just
00:01:31.730000,00:01:31.740000,experience for you guys now let me just
00:01:31.740000,00:01:33.950000,experience for you guys now let me just brief you on one of such events through
00:01:33.950000,00:01:33.960000,brief you on one of such events through
00:01:33.960000,00:01:36.289000,brief you on one of such events through geek Olympics which is 24 hour doubt
00:01:36.289000,00:01:36.299000,geek Olympics which is 24 hour doubt
00:01:36.299000,00:01:39.170000,geek Olympics which is 24 hour doubt support Marathon yes Geeks four Geeks is
00:01:39.170000,00:01:39.180000,support Marathon yes Geeks four Geeks is
00:01:39.180000,00:01:41.810000,support Marathon yes Geeks four Geeks is conducting a 24 hour doubt support
00:01:41.810000,00:01:41.820000,conducting a 24 hour doubt support
00:01:41.820000,00:01:43.429000,conducting a 24 hour doubt support Marathon for free
00:01:43.429000,00:01:43.439000,Marathon for free
00:01:43.439000,00:01:46.730000,Marathon for free when their mentors will be live for 24
00:01:46.730000,00:01:46.740000,when their mentors will be live for 24
00:01:46.740000,00:01:50.389000,when their mentors will be live for 24 hours on 9th of July to solve all your
00:01:50.389000,00:01:50.399000,hours on 9th of July to solve all your
00:01:50.399000,00:01:52.370000,hours on 9th of July to solve all your doubts so whatever doubt in which
00:01:52.370000,00:01:52.380000,doubts so whatever doubt in which
00:01:52.380000,00:01:54.230000,doubts so whatever doubt in which subject you have you can ask all your
00:01:54.230000,00:01:54.240000,subject you have you can ask all your
00:01:54.240000,00:01:55.670000,subject you have you can ask all your doubts but for that you have to register
00:01:55.670000,00:01:55.680000,doubts but for that you have to register
00:01:55.680000,00:01:57.649000,doubts but for that you have to register first so register now the link would be
00:01:57.649000,00:01:57.659000,first so register now the link would be
00:01:57.659000,00:01:59.030000,first so register now the link would be in the description box of this video you
00:01:59.030000,00:01:59.040000,in the description box of this video you
00:01:59.040000,00:02:02.090000,in the description box of this video you can go and register and the timing and
00:02:02.090000,00:02:02.100000,can go and register and the timing and
00:02:02.100000,00:02:04.550000,can go and register and the timing and this loads would be like this that you
00:02:04.550000,00:02:04.560000,this loads would be like this that you
00:02:04.560000,00:02:07.550000,this loads would be like this that you can see on my screen from nine on 9th of
00:02:07.550000,00:02:07.560000,can see on my screen from nine on 9th of
00:02:07.560000,00:02:09.710000,can see on my screen from nine on 9th of July the that this session would be
00:02:09.710000,00:02:09.720000,July the that this session would be
00:02:09.720000,00:02:13.970000,July the that this session would be started from 9 am so from 9 am to 11 am
00:02:13.970000,00:02:13.980000,started from 9 am so from 9 am to 11 am
00:02:13.980000,00:02:16.729000,started from 9 am so from 9 am to 11 am Python and machine learning then from
00:02:16.729000,00:02:16.739000,Python and machine learning then from
00:02:16.739000,00:02:19.670000,Python and machine learning then from 11AM to 1 pm at a linked list stack and
00:02:19.670000,00:02:19.680000,11AM to 1 pm at a linked list stack and
00:02:19.680000,00:02:21.350000,11AM to 1 pm at a linked list stack and cues like this you can see on my screen
00:02:21.350000,00:02:21.360000,cues like this you can see on my screen
00:02:21.360000,00:02:23.390000,cues like this you can see on my screen so all the relevant links and detail
00:02:23.390000,00:02:23.400000,so all the relevant links and detail
00:02:23.400000,00:02:24.890000,so all the relevant links and detail I'll put in this in the description box
00:02:24.890000,00:02:24.900000,I'll put in this in the description box
00:02:24.900000,00:02:26.150000,I'll put in this in the description box of this video you can go and check out
00:02:26.150000,00:02:26.160000,of this video you can go and check out
00:02:26.160000,00:02:28.070000,of this video you can go and check out now let's see what is what are
00:02:28.070000,00:02:28.080000,now let's see what is what are
00:02:28.080000,00:02:30.170000,now let's see what is what are assignments operators I think these are
00:02:30.170000,00:02:30.180000,assignments operators I think these are
00:02:30.180000,00:02:31.910000,assignments operators I think these are very simple and no need to discuss C
00:02:31.910000,00:02:31.920000,very simple and no need to discuss C
00:02:31.920000,00:02:34.369000,very simple and no need to discuss C this is assignment operator here not
00:02:34.369000,00:02:34.379000,this is assignment operator here not
00:02:34.379000,00:02:36.710000,this is assignment operator here not equal to but here in programming
00:02:36.710000,00:02:36.720000,equal to but here in programming
00:02:36.720000,00:02:38.449000,equal to but here in programming languages assignment operator which will
00:02:38.449000,00:02:38.459000,languages assignment operator which will
00:02:38.459000,00:02:40.130000,languages assignment operator which will do whatever the value in the right hand
00:02:40.130000,00:02:40.140000,do whatever the value in the right hand
00:02:40.140000,00:02:41.990000,do whatever the value in the right hand side it would be assigned to the left
00:02:41.990000,00:02:42,side it would be assigned to the left
00:02:42,00:02:44.449000,side it would be assigned to the left hand side right like we write like a is
00:02:44.449000,00:02:44.459000,hand side right like we write like a is
00:02:44.459000,00:02:46.670000,hand side right like we write like a is equal to 5 so this 5 could be assigned
00:02:46.670000,00:02:46.680000,equal to 5 so this 5 could be assigned
00:02:46.680000,00:02:48.890000,equal to 5 so this 5 could be assigned to a so this is assignment operator now
00:02:48.890000,00:02:48.900000,to a so this is assignment operator now
00:02:48.900000,00:02:50.690000,to a so this is assignment operator now you can combine this operator with
00:02:50.690000,00:02:50.700000,you can combine this operator with
00:02:50.700000,00:02:53.030000,you can combine this operator with something like this plus equal to so it
00:02:53.030000,00:02:53.040000,something like this plus equal to so it
00:02:53.040000,00:02:55.729000,something like this plus equal to so it means nothing but if you write a plus
00:02:55.729000,00:02:55.739000,means nothing but if you write a plus
00:02:55.739000,00:03:00.410000,means nothing but if you write a plus equal to 1 it means a is equal to a plus
00:03:00.410000,00:03:00.420000,equal to 1 it means a is equal to a plus
00:03:00.420000,00:03:04.670000,equal to 1 it means a is equal to a plus 1 means just add right hand side to the
00:03:04.670000,00:03:04.680000,1 means just add right hand side to the
00:03:04.680000,00:03:07.190000,1 means just add right hand side to the left hand side and assign the value to
00:03:07.190000,00:03:07.200000,left hand side and assign the value to
00:03:07.200000,00:03:10.190000,left hand side and assign the value to left hand side that's it if I write like
00:03:10.190000,00:03:10.200000,left hand side that's it if I write like
00:03:10.200000,00:03:12.949000,left hand side that's it if I write like minus equal to It Means A minus equal to
00:03:12.949000,00:03:12.959000,minus equal to It Means A minus equal to
00:03:12.959000,00:03:15.410000,minus equal to It Means A minus equal to 1 it means a is equal to a minus 1
00:03:15.410000,00:03:15.420000,1 it means a is equal to a minus 1
00:03:15.420000,00:03:18.170000,1 it means a is equal to a minus 1 that's it you can write something like
00:03:18.170000,00:03:18.180000,that's it you can write something like
00:03:18.180000,00:03:21.530000,that's it you can write something like this or this fine it means what just
00:03:21.530000,00:03:21.540000,this or this fine it means what just
00:03:21.540000,00:03:24.589000,this or this fine it means what just subtract this right hand side from left
00:03:24.589000,00:03:24.599000,subtract this right hand side from left
00:03:24.599000,00:03:26.809000,subtract this right hand side from left hand side and assign the value to left
00:03:26.809000,00:03:26.819000,hand side and assign the value to left
00:03:26.819000,00:03:28.369000,hand side and assign the value to left hand side that's it
00:03:28.369000,00:03:28.379000,hand side that's it
00:03:28.379000,00:03:30.830000,hand side that's it I think you are clear with this so
00:03:30.830000,00:03:30.840000,I think you are clear with this so
00:03:30.840000,00:03:32.750000,I think you are clear with this so you can use this operator something like
00:03:32.750000,00:03:32.760000,you can use this operator something like
00:03:32.760000,00:03:34.369000,you can use this operator something like this with multiplication with the
00:03:34.369000,00:03:34.379000,this with multiplication with the
00:03:34.379000,00:03:37.850000,this with multiplication with the division with modulo also with left
00:03:37.850000,00:03:37.860000,division with modulo also with left
00:03:37.860000,00:03:40.430000,division with modulo also with left shift operator right shift operator
00:03:40.430000,00:03:40.440000,shift operator right shift operator
00:03:40.440000,00:03:44.449000,shift operator right shift operator and same like if I write a left shift
00:03:44.449000,00:03:44.459000,and same like if I write a left shift
00:03:44.459000,00:03:48.110000,and same like if I write a left shift equal to 1 it means what a equal to a
00:03:48.110000,00:03:48.120000,equal to 1 it means what a equal to a
00:03:48.120000,00:03:49.970000,equal to 1 it means what a equal to a left shift one
00:03:49.970000,00:03:49.980000,left shift one
00:03:49.980000,00:03:53.690000,left shift one means just left shift this a by one bit
00:03:53.690000,00:03:53.700000,means just left shift this a by one bit
00:03:53.700000,00:03:56.630000,means just left shift this a by one bit and assign the value to left hand side a
00:03:56.630000,00:03:56.640000,and assign the value to left hand side a
00:03:56.640000,00:03:58.789000,and assign the value to left hand side a so you can use this assignment operator
00:03:58.789000,00:03:58.799000,so you can use this assignment operator
00:03:58.799000,00:04:02.330000,so you can use this assignment operator with these operators as well right I
00:04:02.330000,00:04:02.340000,with these operators as well right I
00:04:02.340000,00:04:03.710000,with these operators as well right I hope you got this and no need to explain
00:04:03.710000,00:04:03.720000,hope you got this and no need to explain
00:04:03.720000,00:04:05.509000,hope you got this and no need to explain all these operators
00:04:05.509000,00:04:05.519000,all these operators
00:04:05.519000,00:04:08.089000,all these operators right now let let's discuss some
00:04:08.089000,00:04:08.099000,right now let let's discuss some
00:04:08.099000,00:04:09.770000,right now let let's discuss some miscellaneous operators we have first of
00:04:09.770000,00:04:09.780000,miscellaneous operators we have first of
00:04:09.780000,00:04:11.330000,miscellaneous operators we have first of all we will discuss conditional operator
00:04:11.330000,00:04:11.340000,all we will discuss conditional operator
00:04:11.340000,00:04:14.030000,all we will discuss conditional operator okay now conditional operator comes
00:04:14.030000,00:04:14.040000,okay now conditional operator comes
00:04:14.040000,00:04:15.649000,okay now conditional operator comes under which category ternary operator
00:04:15.649000,00:04:15.659000,under which category ternary operator
00:04:15.659000,00:04:16.670000,under which category ternary operator means
00:04:16.670000,00:04:16.680000,means
00:04:16.680000,00:04:20.330000,means it used three operands right so this
00:04:20.330000,00:04:20.340000,it used three operands right so this
00:04:20.340000,00:04:22.730000,it used three operands right so this operator is this question mark and
00:04:22.730000,00:04:22.740000,operator is this question mark and
00:04:22.740000,00:04:24.770000,operator is this question mark and column how to write this operator first
00:04:24.770000,00:04:24.780000,column how to write this operator first
00:04:24.780000,00:04:26.510000,column how to write this operator first of all we write some condition then
00:04:26.510000,00:04:26.520000,of all we write some condition then
00:04:26.520000,00:04:29.030000,of all we write some condition then question mark then expression one then
00:04:29.030000,00:04:29.040000,question mark then expression one then
00:04:29.040000,00:04:30.950000,question mark then expression one then colon then expression two so three
00:04:30.950000,00:04:30.960000,colon then expression two so three
00:04:30.960000,00:04:33.050000,colon then expression two so three operands are there for this operator
00:04:33.050000,00:04:33.060000,operands are there for this operator
00:04:33.060000,00:04:34.790000,operands are there for this operator that is why it is known as ternary
00:04:34.790000,00:04:34.800000,that is why it is known as ternary
00:04:34.800000,00:04:37.129000,that is why it is known as ternary operator now you can write down this
00:04:37.129000,00:04:37.139000,operator now you can write down this
00:04:37.139000,00:04:38.749000,operator now you can write down this thing see
00:04:38.749000,00:04:38.759000,thing see
00:04:38.759000,00:04:42.650000,thing see if there are two uh variable we have an
00:04:42.650000,00:04:42.660000,if there are two uh variable we have an
00:04:42.660000,00:04:44.930000,if there are two uh variable we have an end is equal to Three B is equal to 2
00:04:44.930000,00:04:44.940000,end is equal to Three B is equal to 2
00:04:44.940000,00:04:47.030000,end is equal to Three B is equal to 2 and I want to check out the maximum of
00:04:47.030000,00:04:47.040000,and I want to check out the maximum of
00:04:47.040000,00:04:49.010000,and I want to check out the maximum of these two so what you will write if a
00:04:49.010000,00:04:49.020000,these two so what you will write if a
00:04:49.020000,00:04:51.230000,these two so what you will write if a greater than b a is maximum else B is
00:04:51.230000,00:04:51.240000,greater than b a is maximum else B is
00:04:51.240000,00:04:53.749000,greater than b a is maximum else B is maximum simple if else but rather than
00:04:53.749000,00:04:53.759000,maximum simple if else but rather than
00:04:53.759000,00:04:55.570000,maximum simple if else but rather than if else you can do this thing with
00:04:55.570000,00:04:55.580000,if else you can do this thing with
00:04:55.580000,00:04:58.850000,if else you can do this thing with conditional operator as well how just
00:04:58.850000,00:04:58.860000,conditional operator as well how just
00:04:58.860000,00:05:00.890000,conditional operator as well how just write down the condition here like a
00:05:00.890000,00:05:00.900000,write down the condition here like a
00:05:00.900000,00:05:03.650000,write down the condition here like a greater than b
00:05:03.650000,00:05:03.660000,greater than b
00:05:03.660000,00:05:05.810000,greater than b then question mark
00:05:05.810000,00:05:05.820000,then question mark
00:05:05.820000,00:05:08.029000,then question mark if a is greater than b
00:05:08.029000,00:05:08.039000,if a is greater than b
00:05:08.039000,00:05:09.290000,if a is greater than b then
00:05:09.290000,00:05:09.300000,then
00:05:09.300000,00:05:12.290000,then if I write a here then colon then B
00:05:12.290000,00:05:12.300000,if I write a here then colon then B
00:05:12.300000,00:05:14.870000,if I write a here then colon then B means if this condition is true then
00:05:14.870000,00:05:14.880000,means if this condition is true then
00:05:14.880000,00:05:17.090000,means if this condition is true then Express expression 1 would be evaluated
00:05:17.090000,00:05:17.100000,Express expression 1 would be evaluated
00:05:17.100000,00:05:19.070000,Express expression 1 would be evaluated if the condition is false then
00:05:19.070000,00:05:19.080000,if the condition is false then
00:05:19.080000,00:05:20.990000,if the condition is false then Expression 2 would be evaluated that
00:05:20.990000,00:05:21,Expression 2 would be evaluated that
00:05:21,00:05:22.850000,Expression 2 would be evaluated that means output would be this if condition
00:05:22.850000,00:05:22.860000,means output would be this if condition
00:05:22.860000,00:05:24.469000,means output would be this if condition is true then I'll proclude with this if
00:05:24.469000,00:05:24.479000,is true then I'll proclude with this if
00:05:24.479000,00:05:26.390000,is true then I'll proclude with this if condition is false output would be this
00:05:26.390000,00:05:26.400000,condition is false output would be this
00:05:26.400000,00:05:28.670000,condition is false output would be this so if a greater than b
00:05:28.670000,00:05:28.680000,so if a greater than b
00:05:28.680000,00:05:31.189000,so if a greater than b if yes it would print a if this
00:05:31.189000,00:05:31.199000,if yes it would print a if this
00:05:31.199000,00:05:33.890000,if yes it would print a if this condition is false it would print B
00:05:33.890000,00:05:33.900000,condition is false it would print B
00:05:33.900000,00:05:36.469000,condition is false it would print B so rather than writing if else simple in
00:05:36.469000,00:05:36.479000,so rather than writing if else simple in
00:05:36.479000,00:05:38.150000,so rather than writing if else simple in one statement you can write down this
00:05:38.150000,00:05:38.160000,one statement you can write down this
00:05:38.160000,00:05:40.629000,one statement you can write down this thing
00:05:42.770000,00:05:42.780000,here you can write down some expression
00:05:42.780000,00:05:45.230000,here you can write down some expression as well right something like this if a
00:05:45.230000,00:05:45.240000,as well right something like this if a
00:05:45.240000,00:05:48.830000,as well right something like this if a greater than B I want to print a plus 2.
00:05:48.830000,00:05:48.840000,greater than B I want to print a plus 2.
00:05:48.840000,00:05:51.650000,greater than B I want to print a plus 2. otherwise B minus 2 something like this
00:05:51.650000,00:05:51.660000,otherwise B minus 2 something like this
00:05:51.660000,00:05:53.210000,otherwise B minus 2 something like this it's not like that you have to write
00:05:53.210000,00:05:53.220000,it's not like that you have to write
00:05:53.220000,00:05:55.610000,it's not like that you have to write down operand only no here also you can
00:05:55.610000,00:05:55.620000,down operand only no here also you can
00:05:55.620000,00:05:58.550000,down operand only no here also you can write down some expression having some
00:05:58.550000,00:05:58.560000,write down some expression having some
00:05:58.560000,00:06:01.430000,write down some expression having some arithmetic operators maybe plus minus or
00:06:01.430000,00:06:01.440000,arithmetic operators maybe plus minus or
00:06:01.440000,00:06:04.129000,arithmetic operators maybe plus minus or complex expression also but the working
00:06:04.129000,00:06:04.139000,complex expression also but the working
00:06:04.139000,00:06:08.150000,complex expression also but the working is condition expression expression if
00:06:08.150000,00:06:08.160000,is condition expression expression if
00:06:08.160000,00:06:10.010000,is condition expression expression if condition is true first expression would
00:06:10.010000,00:06:10.020000,condition is true first expression would
00:06:10.020000,00:06:11.689000,condition is true first expression would be evaluated means output would be this
00:06:11.689000,00:06:11.699000,be evaluated means output would be this
00:06:11.699000,00:06:14.090000,be evaluated means output would be this one if condition is false this would be
00:06:14.090000,00:06:14.100000,one if condition is false this would be
00:06:14.100000,00:06:16.490000,one if condition is false this would be the output that's it so it would be you
00:06:16.490000,00:06:16.500000,the output that's it so it would be you
00:06:16.500000,00:06:18.350000,the output that's it so it would be you can say it's a substitute of if else
00:06:18.350000,00:06:18.360000,can say it's a substitute of if else
00:06:18.360000,00:06:19.490000,can say it's a substitute of if else block
00:06:19.490000,00:06:19.500000,block
00:06:19.500000,00:06:22.670000,block like why Tannery because three operands
00:06:22.670000,00:06:22.680000,like why Tannery because three operands
00:06:22.680000,00:06:23.990000,like why Tannery because three operands are there so this is what conditional
00:06:23.990000,00:06:24,are there so this is what conditional
00:06:24,00:06:26.510000,are there so this is what conditional operator right now next we have
00:06:26.510000,00:06:26.520000,operator right now next we have
00:06:26.520000,00:06:28.909000,operator right now next we have size of operator so I think you know
00:06:28.909000,00:06:28.919000,size of operator so I think you know
00:06:28.919000,00:06:31.249000,size of operator so I think you know this meaning of the size of Operator
00:06:31.249000,00:06:31.259000,this meaning of the size of Operator
00:06:31.259000,00:06:32.330000,this meaning of the size of Operator just
00:06:32.330000,00:06:32.340000,just
00:06:32.340000,00:06:34.969000,just used to uh you know calculate or the
00:06:34.969000,00:06:34.979000,used to uh you know calculate or the
00:06:34.979000,00:06:37.430000,used to uh you know calculate or the find out the size of a data type or a
00:06:37.430000,00:06:37.440000,find out the size of a data type or a
00:06:37.440000,00:06:39.050000,find out the size of a data type or a variable you can say suppose I want to
00:06:39.050000,00:06:39.060000,variable you can say suppose I want to
00:06:39.060000,00:06:41.570000,variable you can say suppose I want to find out size of this a so in C out
00:06:41.570000,00:06:41.580000,find out size of this a so in C out
00:06:41.580000,00:06:43.430000,find out size of this a so in C out Simply you can write down
00:06:43.430000,00:06:43.440000,Simply you can write down
00:06:43.440000,00:06:46.249000,Simply you can write down size or in bracket you can write down a
00:06:46.249000,00:06:46.259000,size or in bracket you can write down a
00:06:46.259000,00:06:49.490000,size or in bracket you can write down a it will give a is of integer 4 byte or
00:06:49.490000,00:06:49.500000,it will give a is of integer 4 byte or
00:06:49.500000,00:06:51.770000,it will give a is of integer 4 byte or rather than a simply data type also you
00:06:51.770000,00:06:51.780000,rather than a simply data type also you
00:06:51.780000,00:06:53.870000,rather than a simply data type also you can write down int
00:06:53.870000,00:06:53.880000,can write down int
00:06:53.880000,00:06:56.749000,can write down int that's it right so this is size of
00:06:56.749000,00:06:56.759000,that's it right so this is size of
00:06:56.759000,00:07:00.890000,that's it right so this is size of operator now next is uh we can say this
00:07:00.890000,00:07:00.900000,operator now next is uh we can say this
00:07:00.900000,00:07:03.469000,operator now next is uh we can say this address of operator what it will give
00:07:03.469000,00:07:03.479000,address of operator what it will give
00:07:03.479000,00:07:05.749000,address of operator what it will give address of a variable suppose I'm
00:07:05.749000,00:07:05.759000,address of a variable suppose I'm
00:07:05.759000,00:07:08.270000,address of a variable suppose I'm writing like in pointer we use these
00:07:08.270000,00:07:08.280000,writing like in pointer we use these
00:07:08.280000,00:07:11.570000,writing like in pointer we use these kind of operator in PTR this we have a
00:07:11.570000,00:07:11.580000,kind of operator in PTR this we have a
00:07:11.580000,00:07:13.309000,kind of operator in PTR this we have a variable in a
00:07:13.309000,00:07:13.319000,variable in a
00:07:13.319000,00:07:15.409000,variable in a and you assign PTR is equal to address
00:07:15.409000,00:07:15.419000,and you assign PTR is equal to address
00:07:15.419000,00:07:17.150000,and you assign PTR is equal to address of a
00:07:17.150000,00:07:17.160000,of a
00:07:17.160000,00:07:18.710000,of a see this pointer concept we have
00:07:18.710000,00:07:18.720000,see this pointer concept we have
00:07:18.720000,00:07:20.450000,see this pointer concept we have discussed in C language
00:07:20.450000,00:07:20.460000,discussed in C language
00:07:20.460000,00:07:23.330000,discussed in C language if you want to find out the meaning of
00:07:23.330000,00:07:23.340000,if you want to find out the meaning of
00:07:23.340000,00:07:24.890000,if you want to find out the meaning of this string and all what is pointed you
00:07:24.890000,00:07:24.900000,this string and all what is pointed you
00:07:24.900000,00:07:26.570000,this string and all what is pointed you can check out that video the link of
00:07:26.570000,00:07:26.580000,can check out that video the link of
00:07:26.580000,00:07:27.830000,can check out that video the link of that video I'll put in the side button
00:07:27.830000,00:07:27.840000,that video I'll put in the side button
00:07:27.840000,00:07:30.890000,that video I'll put in the side button if not it's okay just I just want to
00:07:30.890000,00:07:30.900000,if not it's okay just I just want to
00:07:30.900000,00:07:33.529000,if not it's okay just I just want to tell you address office address so this
00:07:33.529000,00:07:33.539000,tell you address office address so this
00:07:33.539000,00:07:35.629000,tell you address office address so this operator will give address of a variable
00:07:35.629000,00:07:35.639000,operator will give address of a variable
00:07:35.639000,00:07:38.270000,operator will give address of a variable right like address of a it will give
00:07:38.270000,00:07:38.280000,right like address of a it will give
00:07:38.280000,00:07:40.129000,right like address of a it will give address of a and that address of a would
00:07:40.129000,00:07:40.139000,address of a and that address of a would
00:07:40.139000,00:07:42.950000,address of a and that address of a would be assigned to this PTR pointer we'll be
00:07:42.950000,00:07:42.960000,be assigned to this PTR pointer we'll be
00:07:42.960000,00:07:45.710000,be assigned to this PTR pointer we'll be discussing pointers in this course also
00:07:45.710000,00:07:45.720000,discussing pointers in this course also
00:07:45.720000,00:07:47.809000,discussing pointers in this course also in detail right
00:07:47.809000,00:07:47.819000,in detail right
00:07:47.819000,00:07:50.869000,in detail right next is this this is what this operator
00:07:50.869000,00:07:50.879000,next is this this is what this operator
00:07:50.879000,00:07:54.409000,next is this this is what this operator pointer to a variable operator right or
00:07:54.409000,00:07:54.419000,pointer to a variable operator right or
00:07:54.419000,00:07:55.909000,pointer to a variable operator right or when you want to dereference the value
00:07:55.909000,00:07:55.919000,when you want to dereference the value
00:07:55.919000,00:07:57.589000,when you want to dereference the value of the sale we generally use this
00:07:57.589000,00:07:57.599000,of the sale we generally use this
00:07:57.599000,00:07:59.869000,of the sale we generally use this operator right or simply it's a pointer
00:07:59.869000,00:07:59.879000,operator right or simply it's a pointer
00:07:59.879000,00:08:01.670000,operator right or simply it's a pointer to a variable right
00:08:01.670000,00:08:01.680000,to a variable right
00:08:01.680000,00:08:03.529000,to a variable right we will be discussing in you know these
00:08:03.529000,00:08:03.539000,we will be discussing in you know these
00:08:03.539000,00:08:05.150000,we will be discussing in you know these operators in detail the meaning of these
00:08:05.150000,00:08:05.160000,operators in detail the meaning of these
00:08:05.160000,00:08:06.770000,operators in detail the meaning of these operators in detail when we will discuss
00:08:06.770000,00:08:06.780000,operators in detail when we will discuss
00:08:06.780000,00:08:09.110000,operators in detail when we will discuss those
00:08:09.110000,00:08:09.120000,those
00:08:09.120000,00:08:13.610000,those pointers right now one is cast operator
00:08:13.610000,00:08:13.620000,pointers right now one is cast operator
00:08:13.620000,00:08:14.990000,pointers right now one is cast operator also we have
00:08:14.990000,00:08:15,also we have
00:08:15,00:08:16.909000,also we have cast
00:08:16.909000,00:08:16.919000,cast
00:08:16.919000,00:08:19.070000,cast Casting means
00:08:19.070000,00:08:19.080000,Casting means
00:08:19.080000,00:08:21.650000,Casting means convert forcefully convert one data type
00:08:21.650000,00:08:21.660000,convert forcefully convert one data type
00:08:21.660000,00:08:24.110000,convert forcefully convert one data type to another data type let us take one
00:08:24.110000,00:08:24.120000,to another data type let us take one
00:08:24.120000,00:08:27.469000,to another data type let us take one example see and it is Unity operator
00:08:27.469000,00:08:27.479000,example see and it is Unity operator
00:08:27.479000,00:08:29.570000,example see and it is Unity operator means it will take only one operand
00:08:29.570000,00:08:29.580000,means it will take only one operand
00:08:29.580000,00:08:32.870000,means it will take only one operand right now suppose I am writing here
00:08:32.870000,00:08:32.880000,right now suppose I am writing here
00:08:32.880000,00:08:36.110000,right now suppose I am writing here see I am taking a variable float a a
00:08:36.110000,00:08:36.120000,see I am taking a variable float a a
00:08:36.120000,00:08:37.250000,see I am taking a variable float a a variable of
00:08:37.250000,00:08:37.260000,variable of
00:08:37.260000,00:08:39.949000,variable of a data type is float 6.18 the value I am
00:08:39.949000,00:08:39.959000,a data type is float 6.18 the value I am
00:08:39.959000,00:08:41.930000,a data type is float 6.18 the value I am taking 6.18 f
00:08:41.930000,00:08:41.940000,taking 6.18 f
00:08:41.940000,00:08:45.530000,taking 6.18 f right now I want to print if you simply
00:08:45.530000,00:08:45.540000,right now I want to print if you simply
00:08:45.540000,00:08:46.850000,right now I want to print if you simply print a
00:08:46.850000,00:08:46.860000,print a
00:08:46.860000,00:08:48.769000,print a okay it will print the floating point
00:08:48.769000,00:08:48.779000,okay it will print the floating point
00:08:48.779000,00:08:52.009000,okay it will print the floating point value 6.18 right or maybe 0 0 after that
00:08:52.009000,00:08:52.019000,value 6.18 right or maybe 0 0 after that
00:08:52.019000,00:08:55.430000,value 6.18 right or maybe 0 0 after that see how it will print up to six digit
00:08:55.430000,00:08:55.440000,see how it will print up to six digit
00:08:55.440000,00:08:57.590000,see how it will print up to six digit right now
00:08:57.590000,00:08:57.600000,right now
00:08:57.600000,00:09:01.250000,right now next is I want to convert it into int
00:09:01.250000,00:09:01.260000,next is I want to convert it into int
00:09:01.260000,00:09:04.370000,next is I want to convert it into int means I want to cast it into int cast
00:09:04.370000,00:09:04.380000,means I want to cast it into int cast
00:09:04.380000,00:09:06.710000,means I want to cast it into int cast operatory is used to convert one data
00:09:06.710000,00:09:06.720000,operatory is used to convert one data
00:09:06.720000,00:09:08.810000,operatory is used to convert one data type to another so what you need to do
00:09:08.810000,00:09:08.820000,type to another so what you need to do
00:09:08.820000,00:09:11.329000,type to another so what you need to do simply write down
00:09:11.329000,00:09:11.339000,simply write down
00:09:11.339000,00:09:12.410000,simply write down in
00:09:12.410000,00:09:12.420000,in
00:09:12.420000,00:09:14.030000,in and
00:09:14.030000,00:09:14.040000,and
00:09:14.040000,00:09:16.850000,and a because this variable I want to
00:09:16.850000,00:09:16.860000,a because this variable I want to
00:09:16.860000,00:09:19.250000,a because this variable I want to convert from floor to end so just simply
00:09:19.250000,00:09:19.260000,convert from floor to end so just simply
00:09:19.260000,00:09:22.670000,convert from floor to end so just simply put in here in braces brackets and a now
00:09:22.670000,00:09:22.680000,put in here in braces brackets and a now
00:09:22.680000,00:09:25.009000,put in here in braces brackets and a now it will print only six now a would be
00:09:25.009000,00:09:25.019000,it will print only six now a would be
00:09:25.019000,00:09:27.650000,it will print only six now a would be converted into int that is only 6 value
00:09:27.650000,00:09:27.660000,converted into int that is only 6 value
00:09:27.660000,00:09:29.509000,converted into int that is only 6 value would be printed
00:09:29.509000,00:09:29.519000,would be printed
00:09:29.519000,00:09:31.250000,would be printed so if you want to forcefully convert a
00:09:31.250000,00:09:31.260000,so if you want to forcefully convert a
00:09:31.260000,00:09:33.170000,so if you want to forcefully convert a data type into another cast operator
00:09:33.170000,00:09:33.180000,data type into another cast operator
00:09:33.180000,00:09:35.269000,data type into another cast operator would be used it is urinary operator two
00:09:35.269000,00:09:35.279000,would be used it is urinary operator two
00:09:35.279000,00:09:38.990000,would be used it is urinary operator two types of this this casting is done one
00:09:38.990000,00:09:39,types of this this casting is done one
00:09:39,00:09:40.610000,types of this this casting is done one is automatically by the compiler second
00:09:40.610000,00:09:40.620000,is automatically by the compiler second
00:09:40.620000,00:09:43.310000,is automatically by the compiler second is manually right so in detail you will
00:09:43.310000,00:09:43.320000,is manually right so in detail you will
00:09:43.320000,00:09:44.690000,is manually right so in detail you will be discussing cast operating in a
00:09:44.690000,00:09:44.700000,be discussing cast operating in a
00:09:44.700000,00:09:47.150000,be discussing cast operating in a separate video for that you just have
00:09:47.150000,00:09:47.160000,separate video for that you just have
00:09:47.160000,00:09:49.310000,separate video for that you just have but I just want to give you an overview
00:09:49.310000,00:09:49.320000,but I just want to give you an overview
00:09:49.320000,00:09:51.170000,but I just want to give you an overview like what is this cast operator and how
00:09:51.170000,00:09:51.180000,like what is this cast operator and how
00:09:51.180000,00:09:54.050000,like what is this cast operator and how to use this this is a simple syntax
00:09:54.050000,00:09:54.060000,to use this this is a simple syntax
00:09:54.060000,00:09:55.790000,to use this this is a simple syntax in which data type you want to convert
00:09:55.790000,00:09:55.800000,in which data type you want to convert
00:09:55.800000,00:09:57.889000,in which data type you want to convert simply write down that and here the
00:09:57.889000,00:09:57.899000,simply write down that and here the
00:09:57.899000,00:09:59.630000,simply write down that and here the operand
00:09:59.630000,00:09:59.640000,operand
00:09:59.640000,00:10:01.730000,operand that's it fine
00:10:01.730000,00:10:01.740000,that's it fine
00:10:01.740000,00:10:03.949000,that's it fine so the types of this type casting like
00:10:03.949000,00:10:03.959000,so the types of this type casting like
00:10:03.959000,00:10:05.569000,so the types of this type casting like implicit type casting explicit type
00:10:05.569000,00:10:05.579000,implicit type casting explicit type
00:10:05.579000,00:10:07.130000,implicit type casting explicit type casting that we'll discuss in a separate
00:10:07.130000,00:10:07.140000,casting that we'll discuss in a separate
00:10:07.140000,00:10:09.290000,casting that we'll discuss in a separate video with help of an example so these
00:10:09.290000,00:10:09.300000,video with help of an example so these
00:10:09.300000,00:10:10.490000,video with help of an example so these are some miscellaneous operator and
00:10:10.490000,00:10:10.500000,are some miscellaneous operator and
00:10:10.500000,00:10:12.350000,are some miscellaneous operator and assignment operators so now let me just
00:10:12.350000,00:10:12.360000,assignment operators so now let me just
00:10:12.360000,00:10:14.329000,assignment operators so now let me just show you these operators with the help
00:10:14.329000,00:10:14.339000,show you these operators with the help
00:10:14.339000,00:10:16.910000,show you these operators with the help of a program okay so this is our same
00:10:16.910000,00:10:16.920000,of a program okay so this is our same
00:10:16.920000,00:10:19.670000,of a program okay so this is our same you know that C plus plus fine operators
00:10:19.670000,00:10:19.680000,you know that C plus plus fine operators
00:10:19.680000,00:10:21.650000,you know that C plus plus fine operators dot CPP I think no need to discuss
00:10:21.650000,00:10:21.660000,dot CPP I think no need to discuss
00:10:21.660000,00:10:23.269000,dot CPP I think no need to discuss assignment operator because these are
00:10:23.269000,00:10:23.279000,assignment operator because these are
00:10:23.279000,00:10:26.090000,assignment operator because these are very simple those uh we have assigned
00:10:26.090000,00:10:26.100000,very simple those uh we have assigned
00:10:26.100000,00:10:27.650000,very simple those uh we have assigned the left hand side right hand side value
00:10:27.650000,00:10:27.660000,the left hand side right hand side value
00:10:27.660000,00:10:29.870000,the left hand side right hand side value to left hand side so we'll be discussing
00:10:29.870000,00:10:29.880000,to left hand side so we'll be discussing
00:10:29.880000,00:10:32.269000,to left hand side so we'll be discussing some miscellaneous operator see first is
00:10:32.269000,00:10:32.279000,some miscellaneous operator see first is
00:10:32.279000,00:10:34.850000,some miscellaneous operator see first is the cast operator let's discuss here
00:10:34.850000,00:10:34.860000,the cast operator let's discuss here
00:10:34.860000,00:10:38.030000,the cast operator let's discuss here this is the one cost operator simply
00:10:38.030000,00:10:38.040000,this is the one cost operator simply
00:10:38.040000,00:10:40.250000,this is the one cost operator simply simple example I am taking we are taking
00:10:40.250000,00:10:40.260000,simple example I am taking we are taking
00:10:40.260000,00:10:43.370000,simple example I am taking we are taking a value float X is equal to 6.78 and I'm
00:10:43.370000,00:10:43.380000,a value float X is equal to 6.78 and I'm
00:10:43.380000,00:10:46.550000,a value float X is equal to 6.78 and I'm just converting casting it into int
00:10:46.550000,00:10:46.560000,just converting casting it into int
00:10:46.560000,00:10:50.810000,just converting casting it into int and x and we are just printing now the x
00:10:50.810000,00:10:50.820000,and x and we are just printing now the x
00:10:50.820000,00:10:53.509000,and x and we are just printing now the x value right after casting we are
00:10:53.509000,00:10:53.519000,value right after casting we are
00:10:53.519000,00:10:55.670000,value right after casting we are Printing and in the next line I am
00:10:55.670000,00:10:55.680000,Printing and in the next line I am
00:10:55.680000,00:10:58.790000,Printing and in the next line I am simply printing X without casting
00:10:58.790000,00:10:58.800000,simply printing X without casting
00:10:58.800000,00:11:00.889000,simply printing X without casting so two output you will get here right
00:11:00.889000,00:11:00.899000,so two output you will get here right
00:11:00.899000,00:11:03.170000,so two output you will get here right now let's run this and show you what
00:11:03.170000,00:11:03.180000,now let's run this and show you what
00:11:03.180000,00:11:07.850000,now let's run this and show you what output you will get see
00:11:11.569000,00:11:11.579000,see the first output is 6 because we
00:11:11.579000,00:11:13.850000,see the first output is 6 because we have casted it into int and the next
00:11:13.850000,00:11:13.860000,have casted it into int and the next
00:11:13.860000,00:11:16.550000,have casted it into int and the next next one is 6.78 that is float we are
00:11:16.550000,00:11:16.560000,next one is 6.78 that is float we are
00:11:16.560000,00:11:18.170000,next one is 6.78 that is float we are simply printing X so that will give
00:11:18.170000,00:11:18.180000,simply printing X so that will give
00:11:18.180000,00:11:20.509000,simply printing X so that will give float right so this is how you can
00:11:20.509000,00:11:20.519000,float right so this is how you can
00:11:20.519000,00:11:22.310000,float right so this is how you can convert one layer type to another a type
00:11:22.310000,00:11:22.320000,convert one layer type to another a type
00:11:22.320000,00:11:25.130000,convert one layer type to another a type forcefully with the cast operator right
00:11:25.130000,00:11:25.140000,forcefully with the cast operator right
00:11:25.140000,00:11:29.449000,forcefully with the cast operator right now next let's see you can try out these
00:11:29.449000,00:11:29.459000,now next let's see you can try out these
00:11:29.459000,00:11:31.490000,now next let's see you can try out these operators and you can try out some
00:11:31.490000,00:11:31.500000,operators and you can try out some
00:11:31.500000,00:11:34.069000,operators and you can try out some complex examples also and I just want to
00:11:34.069000,00:11:34.079000,complex examples also and I just want to
00:11:34.079000,00:11:35.990000,complex examples also and I just want to tell you the basic you know how to use
00:11:35.990000,00:11:36,tell you the basic you know how to use
00:11:36,00:11:38.449000,tell you the basic you know how to use these operators right if you know the
00:11:38.449000,00:11:38.459000,these operators right if you know the
00:11:38.459000,00:11:40.009000,these operators right if you know the basics how to use the operator how to
00:11:40.009000,00:11:40.019000,basics how to use the operator how to
00:11:40.019000,00:11:43.250000,basics how to use the operator how to type casted the syntax I think in any
00:11:43.250000,00:11:43.260000,type casted the syntax I think in any
00:11:43.260000,00:11:45.889000,type casted the syntax I think in any expression or in complex way also you
00:11:45.889000,00:11:45.899000,expression or in complex way also you
00:11:45.899000,00:11:47.269000,expression or in complex way also you can write down these operators you can
00:11:47.269000,00:11:47.279000,can write down these operators you can
00:11:47.279000,00:11:49.130000,can write down these operators you can use these operators now next is
00:11:49.130000,00:11:49.140000,use these operators now next is
00:11:49.140000,00:11:51.470000,use these operators now next is conditional operator C
00:11:51.470000,00:11:51.480000,conditional operator C
00:11:51.480000,00:11:54.230000,conditional operator C we are having two variable A and B so
00:11:54.230000,00:11:54.240000,we are having two variable A and B so
00:11:54.240000,00:11:56.449000,we are having two variable A and B so I'm just want to print maximum see out
00:11:56.449000,00:11:56.459000,I'm just want to print maximum see out
00:11:56.459000,00:11:59.150000,I'm just want to print maximum see out maximum is see the conditional operator
00:11:59.150000,00:11:59.160000,maximum is see the conditional operator
00:11:59.160000,00:12:01.610000,maximum is see the conditional operator I am writing first of all
00:12:01.610000,00:12:01.620000,I am writing first of all
00:12:01.620000,00:12:04.670000,I am writing first of all I'll take simply
00:12:04.670000,00:12:04.680000,I'll take simply
00:12:04.680000,00:12:09.949000,I'll take simply A and B C condition is a greater than b
00:12:09.949000,00:12:09.959000,A and B C condition is a greater than b
00:12:09.959000,00:12:12.230000,A and B C condition is a greater than b right then this
00:12:12.230000,00:12:12.240000,right then this
00:12:12.240000,00:12:16.550000,right then this question mark then a then colon B right
00:12:16.550000,00:12:16.560000,question mark then a then colon B right
00:12:16.560000,00:12:18.530000,question mark then a then colon B right so if this condition is true if a is
00:12:18.530000,00:12:18.540000,so if this condition is true if a is
00:12:18.540000,00:12:20.569000,so if this condition is true if a is greater than b it will print value of a
00:12:20.569000,00:12:20.579000,greater than b it will print value of a
00:12:20.579000,00:12:24.290000,greater than b it will print value of a see the maximum is 3.
00:12:24.290000,00:12:24.300000,see the maximum is 3.
00:12:24.300000,00:12:26.449000,see the maximum is 3. you can see
00:12:26.449000,00:12:26.459000,you can see
00:12:26.459000,00:12:28.550000,you can see a is greater than b because a is 3 B is
00:12:28.550000,00:12:28.560000,a is greater than b because a is 3 B is
00:12:28.560000,00:12:31.370000,a is greater than b because a is 3 B is 2 so maximum is a that is it is printing
00:12:31.370000,00:12:31.380000,2 so maximum is a that is it is printing
00:12:31.380000,00:12:35.030000,2 so maximum is a that is it is printing a value a is three if I change it B is
00:12:35.030000,00:12:35.040000,a value a is three if I change it B is
00:12:35.040000,00:12:37.009000,a value a is three if I change it B is equal to 12.
00:12:37.009000,00:12:37.019000,equal to 12.
00:12:37.019000,00:12:39.949000,equal to 12. A3 B12 now this condition would be false
00:12:39.949000,00:12:39.959000,A3 B12 now this condition would be false
00:12:39.959000,00:12:43.190000,A3 B12 now this condition would be false right if condition is false then it will
00:12:43.190000,00:12:43.200000,right if condition is false then it will
00:12:43.200000,00:12:45.410000,right if condition is false then it will give second expression second expression
00:12:45.410000,00:12:45.420000,give second expression second expression
00:12:45.420000,00:12:48.350000,give second expression second expression is B so what is B value 12 so it should
00:12:48.350000,00:12:48.360000,is B so what is B value 12 so it should
00:12:48.360000,00:12:50.389000,is B so what is B value 12 so it should give 12. so see it is giving maximum is
00:12:50.389000,00:12:50.399000,give 12. so see it is giving maximum is
00:12:50.399000,00:12:54.710000,give 12. so see it is giving maximum is 12. right now if rather than like a I'm
00:12:54.710000,00:12:54.720000,12. right now if rather than like a I'm
00:12:54.720000,00:12:59.150000,12. right now if rather than like a I'm writing here A Plus 2.
00:12:59.150000,00:12:59.160000,writing here A Plus 2.
00:12:59.160000,00:13:01.550000,writing here A Plus 2. like simple expression also you can
00:13:01.550000,00:13:01.560000,like simple expression also you can
00:13:01.560000,00:13:05.410000,like simple expression also you can write down and here I am writing
00:13:05.410000,00:13:05.420000,write down and here I am writing
00:13:05.420000,00:13:10.250000,write down and here I am writing B minus 5.
00:13:17.990000,00:13:18,now let's run this and now what output
00:13:18,00:13:20.750000,now let's run this and now what output you will get
00:13:22.550000,00:13:22.560000,I think seven so see you are getting
00:13:22.560000,00:13:24.769000,I think seven so see you are getting seven because the condition is not true
00:13:24.769000,00:13:24.779000,seven because the condition is not true
00:13:24.779000,00:13:26.690000,seven because the condition is not true condition is false so second expression
00:13:26.690000,00:13:26.700000,condition is false so second expression
00:13:26.700000,00:13:28.970000,condition is false so second expression would be evaluated means P minus 5 b is
00:13:28.970000,00:13:28.980000,would be evaluated means P minus 5 b is
00:13:28.980000,00:13:31.310000,would be evaluated means P minus 5 b is 12 12 minus 5 is 7.
00:13:31.310000,00:13:31.320000,12 12 minus 5 is 7.
00:13:31.320000,00:13:34.190000,12 12 minus 5 is 7. I hope you got the meaning of this
00:13:34.190000,00:13:34.200000,I hope you got the meaning of this
00:13:34.200000,00:13:35.990000,I hope you got the meaning of this conditional operator and how to use this
00:13:35.990000,00:13:36,conditional operator and how to use this
00:13:36,00:13:38.269000,conditional operator and how to use this so it is basically a substitute of if
00:13:38.269000,00:13:38.279000,so it is basically a substitute of if
00:13:38.279000,00:13:41.569000,so it is basically a substitute of if else statement right and if you want to
00:13:41.569000,00:13:41.579000,else statement right and if you want to
00:13:41.579000,00:13:43.550000,else statement right and if you want to use the size of operator simply here
00:13:43.550000,00:13:43.560000,use the size of operator simply here
00:13:43.560000,00:13:46.790000,use the size of operator simply here also you can use C out
00:13:46.790000,00:13:46.800000,also you can use C out
00:13:46.800000,00:13:51.230000,also you can use C out size of and in bracket I want to print
00:13:51.230000,00:13:51.240000,size of and in bracket I want to print
00:13:51.240000,00:13:54.470000,size of and in bracket I want to print size of I want to find out size of a
00:13:54.470000,00:13:54.480000,size of I want to find out size of a
00:13:54.480000,00:13:56.870000,size of I want to find out size of a that's it
00:13:56.870000,00:13:56.880000,that's it
00:13:56.880000,00:13:59.990000,that's it so now it will give maximum is 7 and 4
00:13:59.990000,00:14:00,so now it will give maximum is 7 and 4
00:14:00,00:14:02.750000,so now it will give maximum is 7 and 4 because a is of type integer integer
00:14:02.750000,00:14:02.760000,because a is of type integer integer
00:14:02.760000,00:14:04.189000,because a is of type integer integer will take 4 bytes
00:14:04.189000,00:14:04.199000,will take 4 bytes
00:14:04.199000,00:14:07.129000,will take 4 bytes right 2 or 4 it depends on the you know
00:14:07.129000,00:14:07.139000,right 2 or 4 it depends on the you know
00:14:07.139000,00:14:09.410000,right 2 or 4 it depends on the you know compiler the machine you are using
00:14:09.410000,00:14:09.420000,compiler the machine you are using
00:14:09.420000,00:14:11.689000,compiler the machine you are using so now I think size of operate is also
00:14:11.689000,00:14:11.699000,so now I think size of operate is also
00:14:11.699000,00:14:12.410000,so now I think size of operate is also fine
00:14:12.410000,00:14:12.420000,fine
00:14:12.420000,00:14:14.569000,fine and this address of operator and that
00:14:14.569000,00:14:14.579000,and this address of operator and that
00:14:14.579000,00:14:16.370000,and this address of operator and that District operator those are related to
00:14:16.370000,00:14:16.380000,District operator those are related to
00:14:16.380000,00:14:18.110000,District operator those are related to pointer so that also will be discussing
00:14:18.110000,00:14:18.120000,pointer so that also will be discussing
00:14:18.120000,00:14:20.449000,pointer so that also will be discussing when we will discuss pointers
00:14:20.449000,00:14:20.459000,when we will discuss pointers
00:14:20.459000,00:14:21.650000,when we will discuss pointers right
00:14:21.650000,00:14:21.660000,right
00:14:21.660000,00:14:24.590000,right so I think that's set about these
00:14:24.590000,00:14:24.600000,so I think that's set about these
00:14:24.600000,00:14:26.870000,so I think that's set about these operators in C plus plus so we are done
00:14:26.870000,00:14:26.880000,operators in C plus plus so we are done
00:14:26.880000,00:14:28.730000,operators in C plus plus so we are done with the operators type of operators and
00:14:28.730000,00:14:28.740000,with the operators type of operators and
00:14:28.740000,00:14:29.990000,with the operators type of operators and C plus plus in the next video we will
00:14:29.990000,00:14:30,C plus plus in the next video we will
00:14:30,00:14:31.550000,C plus plus in the next video we will see operator precedence and
00:14:31.550000,00:14:31.560000,see operator precedence and
00:14:31.560000,00:14:32.990000,see operator precedence and associativity after discussing
00:14:32.990000,00:14:33,associativity after discussing
00:14:33,00:14:35.329000,associativity after discussing precedence and associativity then we'll
00:14:35.329000,00:14:35.339000,precedence and associativity then we'll
00:14:35.339000,00:14:37.250000,precedence and associativity then we'll discuss two or three complex you know
00:14:37.250000,00:14:37.260000,discuss two or three complex you know
00:14:37.260000,00:14:39.590000,discuss two or three complex you know problems on operators right so now it's
00:14:39.590000,00:14:39.600000,problems on operators right so now it's
00:14:39.600000,00:14:40.970000,problems on operators right so now it's in the next video till then bye take
00:14:40.970000,00:14:40.980000,in the next video till then bye take
00:14:40.980000,00:14:43.160000,in the next video till then bye take care
