Start Time,End Time,Text
00:00:02.210000,00:00:02.220000,so in the series of learning C plus plus
00:00:02.220000,00:00:03.710000,so in the series of learning C plus plus programming language we have discussed
00:00:03.710000,00:00:03.720000,programming language we have discussed
00:00:03.720000,00:00:05.390000,programming language we have discussed all the type of operators in C plus plus
00:00:05.390000,00:00:05.400000,all the type of operators in C plus plus
00:00:05.400000,00:00:07.789000,all the type of operators in C plus plus arithmetic relational logical bitwise
00:00:07.789000,00:00:07.799000,arithmetic relational logical bitwise
00:00:07.799000,00:00:09.709000,arithmetic relational logical bitwise assignment and some miscellaneous
00:00:09.709000,00:00:09.719000,assignment and some miscellaneous
00:00:09.719000,00:00:12.589000,assignment and some miscellaneous operators so the next topic is operative
00:00:12.589000,00:00:12.599000,operators so the next topic is operative
00:00:12.599000,00:00:14.390000,operators so the next topic is operative precedence and associativity this is
00:00:14.390000,00:00:14.400000,precedence and associativity this is
00:00:14.400000,00:00:16.010000,precedence and associativity this is also one of the important topic in case
00:00:16.010000,00:00:16.020000,also one of the important topic in case
00:00:16.020000,00:00:17.330000,also one of the important topic in case of operators
00:00:17.330000,00:00:17.340000,of operators
00:00:17.340000,00:00:19.250000,of operators without this you cannot solve any
00:00:19.250000,00:00:19.260000,without this you cannot solve any
00:00:19.260000,00:00:21.290000,without this you cannot solve any expression which is harming multiple
00:00:21.290000,00:00:21.300000,expression which is harming multiple
00:00:21.300000,00:00:23.570000,expression which is harming multiple operators right an expression is having
00:00:23.570000,00:00:23.580000,operators right an expression is having
00:00:23.580000,00:00:25.910000,operators right an expression is having multiple operators plus minus divide
00:00:25.910000,00:00:25.920000,multiple operators plus minus divide
00:00:25.920000,00:00:27.769000,multiple operators plus minus divide left shift right shift logical and
00:00:27.769000,00:00:27.779000,left shift right shift logical and
00:00:27.779000,00:00:30.109000,left shift right shift logical and logical or so to solve that expression
00:00:30.109000,00:00:30.119000,logical or so to solve that expression
00:00:30.119000,00:00:31.429000,logical or so to solve that expression you need
00:00:31.429000,00:00:31.439000,you need
00:00:31.439000,00:00:33.530000,you need to know what is operated precedence and
00:00:33.530000,00:00:33.540000,to know what is operated precedence and
00:00:33.540000,00:00:36.290000,to know what is operated precedence and associativity of the operator right
00:00:36.290000,00:00:36.300000,associativity of the operator right
00:00:36.300000,00:00:38.510000,associativity of the operator right operated precedence is nothing you can
00:00:38.510000,00:00:38.520000,operated precedence is nothing you can
00:00:38.520000,00:00:40.790000,operated precedence is nothing you can say it's like a priority priority on the
00:00:40.790000,00:00:40.800000,say it's like a priority priority on the
00:00:40.800000,00:00:42.290000,say it's like a priority priority on the operator so don't worry we'll discuss
00:00:42.290000,00:00:42.300000,operator so don't worry we'll discuss
00:00:42.300000,00:00:44.270000,operator so don't worry we'll discuss this thing with the help of two or three
00:00:44.270000,00:00:44.280000,this thing with the help of two or three
00:00:44.280000,00:00:45.529000,this thing with the help of two or three examples
00:00:45.529000,00:00:45.539000,examples
00:00:45.539000,00:00:47.330000,examples first of all simple example then two or
00:00:47.330000,00:00:47.340000,first of all simple example then two or
00:00:47.340000,00:00:50.330000,first of all simple example then two or three complex examples right and uh
00:00:50.330000,00:00:50.340000,three complex examples right and uh
00:00:50.340000,00:00:52.729000,three complex examples right and uh we'll see step by step everything how to
00:00:52.729000,00:00:52.739000,we'll see step by step everything how to
00:00:52.739000,00:00:55.549000,we'll see step by step everything how to solve the expression keeping in mind the
00:00:55.549000,00:00:55.559000,solve the expression keeping in mind the
00:00:55.559000,00:00:57.229000,solve the expression keeping in mind the operator precedence and associativity
00:00:57.229000,00:00:57.239000,operator precedence and associativity
00:00:57.239000,00:00:59.569000,operator precedence and associativity right now before that I just want to
00:00:59.569000,00:00:59.579000,right now before that I just want to
00:00:59.579000,00:01:01.369000,right now before that I just want to tell you one thing Geeks four Geeks has
00:01:01.369000,00:01:01.379000,tell you one thing Geeks four Geeks has
00:01:01.379000,00:01:03.229000,tell you one thing Geeks four Geeks has come up with a fun filled event for you
00:01:03.229000,00:01:03.239000,come up with a fun filled event for you
00:01:03.239000,00:01:06.170000,come up with a fun filled event for you guys called geek Olympics and what you
00:01:06.170000,00:01:06.180000,guys called geek Olympics and what you
00:01:06.180000,00:01:07.609000,guys called geek Olympics and what you have to do is just go to the link in the
00:01:07.609000,00:01:07.619000,have to do is just go to the link in the
00:01:07.619000,00:01:09.109000,have to do is just go to the link in the description box of this video register
00:01:09.109000,00:01:09.119000,description box of this video register
00:01:09.119000,00:01:11.510000,description box of this video register for the event free of course and after
00:01:11.510000,00:01:11.520000,for the event free of course and after
00:01:11.520000,00:01:13.730000,for the event free of course and after registering you will get access to the
00:01:13.730000,00:01:13.740000,registering you will get access to the
00:01:13.740000,00:01:15.350000,registering you will get access to the calendar where you can see all the
00:01:15.350000,00:01:15.360000,calendar where you can see all the
00:01:15.360000,00:01:17.630000,calendar where you can see all the upcoming events and activities and see
00:01:17.630000,00:01:17.640000,upcoming events and activities and see
00:01:17.640000,00:01:19.550000,upcoming events and activities and see they have something different and new
00:01:19.550000,00:01:19.560000,they have something different and new
00:01:19.560000,00:01:21.950000,they have something different and new every day in the month of July from 1st
00:01:21.950000,00:01:21.960000,every day in the month of July from 1st
00:01:21.960000,00:01:24.230000,every day in the month of July from 1st to 31st of July so do check out this
00:01:24.230000,00:01:24.240000,to 31st of July so do check out this
00:01:24.240000,00:01:26.630000,to 31st of July so do check out this link every day and where you can get a
00:01:26.630000,00:01:26.640000,link every day and where you can get a
00:01:26.640000,00:01:28.429000,link every day and where you can get a chance to win some rewards and it would
00:01:28.429000,00:01:28.439000,chance to win some rewards and it would
00:01:28.439000,00:01:30.230000,chance to win some rewards and it would be a great learning experience for you
00:01:30.230000,00:01:30.240000,be a great learning experience for you
00:01:30.240000,00:01:32.630000,be a great learning experience for you guys now let me brief you on one of the
00:01:32.630000,00:01:32.640000,guys now let me brief you on one of the
00:01:32.640000,00:01:36.170000,guys now let me brief you on one of the interesting segment of geek Olympics
00:01:36.170000,00:01:36.180000,interesting segment of geek Olympics
00:01:36.180000,00:01:39.230000,interesting segment of geek Olympics which is DSA cheat code sheet yes they
00:01:39.230000,00:01:39.240000,which is DSA cheat code sheet yes they
00:01:39.240000,00:01:41.510000,which is DSA cheat code sheet yes they have come up with the ultimate DSA cheat
00:01:41.510000,00:01:41.520000,have come up with the ultimate DSA cheat
00:01:41.520000,00:01:43.850000,have come up with the ultimate DSA cheat code sheet which will help you to start
00:01:43.850000,00:01:43.860000,code sheet which will help you to start
00:01:43.860000,00:01:45.469000,code sheet which will help you to start your DSA preparation it is a
00:01:45.469000,00:01:45.479000,your DSA preparation it is a
00:01:45.479000,00:01:47.389000,your DSA preparation it is a step-by-step guide or you can say it's a
00:01:47.389000,00:01:47.399000,step-by-step guide or you can say it's a
00:01:47.399000,00:01:49.850000,step-by-step guide or you can say it's a complete guide where you will you know
00:01:49.850000,00:01:49.860000,complete guide where you will you know
00:01:49.860000,00:01:51.710000,complete guide where you will you know you will get to know from where you can
00:01:51.710000,00:01:51.720000,you will get to know from where you can
00:01:51.720000,00:01:54.590000,you will get to know from where you can start your coding journey and what kind
00:01:54.590000,00:01:54.600000,start your coding journey and what kind
00:01:54.600000,00:01:56.929000,start your coding journey and what kind of problems you should practice
00:01:56.929000,00:01:56.939000,of problems you should practice
00:01:56.939000,00:01:58.609000,of problems you should practice so you just need to fill the Google form
00:01:58.609000,00:01:58.619000,so you just need to fill the Google form
00:01:58.619000,00:01:59.810000,so you just need to fill the Google form which should be in the description box
00:01:59.810000,00:01:59.820000,which should be in the description box
00:01:59.820000,00:02:01.730000,which should be in the description box of this video submit that form and after
00:02:01.730000,00:02:01.740000,of this video submit that form and after
00:02:01.740000,00:02:02.990000,of this video submit that form and after that you will get a link to download
00:02:02.990000,00:02:03,that you will get a link to download
00:02:03,00:02:06.170000,that you will get a link to download this cheat code so register here to get
00:02:06.170000,00:02:06.180000,this cheat code so register here to get
00:02:06.180000,00:02:08.630000,this cheat code so register here to get this cheat code sheet instantly and see
00:02:08.630000,00:02:08.640000,this cheat code sheet instantly and see
00:02:08.640000,00:02:11.150000,this cheat code sheet instantly and see in this sheet you will get exclusive
00:02:11.150000,00:02:11.160000,in this sheet you will get exclusive
00:02:11.160000,00:02:13.729000,in this sheet you will get exclusive content of GST and also content from the
00:02:13.729000,00:02:13.739000,content of GST and also content from the
00:02:13.739000,00:02:16.490000,content of GST and also content from the paid courses but keep in mind one thing
00:02:16.490000,00:02:16.500000,paid courses but keep in mind one thing
00:02:16.500000,00:02:18.949000,paid courses but keep in mind one thing this cheat code sheet this content would
00:02:18.949000,00:02:18.959000,this cheat code sheet this content would
00:02:18.959000,00:02:21.530000,this cheat code sheet this content would be available on the website on one for
00:02:21.530000,00:02:21.540000,be available on the website on one for
00:02:21.540000,00:02:23.390000,be available on the website on one for few days only for some days in between
00:02:23.390000,00:02:23.400000,few days only for some days in between
00:02:23.400000,00:02:26.750000,few days only for some days in between first to 31st of July so do check out it
00:02:26.750000,00:02:26.760000,first to 31st of July so do check out it
00:02:26.760000,00:02:29.210000,first to 31st of July so do check out it every day and shoot your shot so all the
00:02:29.210000,00:02:29.220000,every day and shoot your shot so all the
00:02:29.220000,00:02:30.949000,every day and shoot your shot so all the relevant links and details I'll put in
00:02:30.949000,00:02:30.959000,relevant links and details I'll put in
00:02:30.959000,00:02:32.930000,relevant links and details I'll put in the description of this video you can go
00:02:32.930000,00:02:32.940000,the description of this video you can go
00:02:32.940000,00:02:34.369000,the description of this video you can go and check out now let's see what is
00:02:34.369000,00:02:34.379000,and check out now let's see what is
00:02:34.379000,00:02:36.710000,and check out now let's see what is operator precedence and associativity so
00:02:36.710000,00:02:36.720000,operator precedence and associativity so
00:02:36.720000,00:02:39.530000,operator precedence and associativity so first of all what is operator precedence
00:02:39.530000,00:02:39.540000,first of all what is operator precedence
00:02:39.540000,00:02:40.850000,first of all what is operator precedence C
00:02:40.850000,00:02:40.860000,C
00:02:40.860000,00:02:43.490000,C it's you can say it's priority residence
00:02:43.490000,00:02:43.500000,it's you can say it's priority residence
00:02:43.500000,00:02:46.729000,it's you can say it's priority residence means the order in which operators is to
00:02:46.729000,00:02:46.739000,means the order in which operators is to
00:02:46.739000,00:02:48.949000,means the order in which operators is to be executed like you have heard bodmas
00:02:48.949000,00:02:48.959000,be executed like you have heard bodmas
00:02:48.959000,00:02:50.930000,be executed like you have heard bodmas rule you must have heard I guess
00:02:50.930000,00:02:50.940000,rule you must have heard I guess
00:02:50.940000,00:02:53.089000,rule you must have heard I guess everybody Burma soon
00:02:53.089000,00:02:53.099000,everybody Burma soon
00:02:53.099000,00:02:57.710000,everybody Burma soon first we saw the brackets right then
00:02:57.710000,00:02:57.720000,first we saw the brackets right then
00:02:57.720000,00:03:00.290000,first we saw the brackets right then some priorities of operators are there
00:03:00.290000,00:03:00.300000,some priorities of operators are there
00:03:00.300000,00:03:02.390000,some priorities of operators are there according to the priority we solve all
00:03:02.390000,00:03:02.400000,according to the priority we solve all
00:03:02.400000,00:03:04.970000,according to the priority we solve all the operators like this if an expression
00:03:04.970000,00:03:04.980000,the operators like this if an expression
00:03:04.980000,00:03:08.030000,the operators like this if an expression is something like this I have like a 2
00:03:08.030000,00:03:08.040000,is something like this I have like a 2
00:03:08.040000,00:03:11.930000,is something like this I have like a 2 plus 3 into 5. in this we have two
00:03:11.930000,00:03:11.940000,plus 3 into 5. in this we have two
00:03:11.940000,00:03:14.930000,plus 3 into 5. in this we have two operator or if I write something like in
00:03:14.930000,00:03:14.940000,operator or if I write something like in
00:03:14.940000,00:03:17.570000,operator or if I write something like in a program if I write int a and then a is
00:03:17.570000,00:03:17.580000,a program if I write int a and then a is
00:03:17.580000,00:03:22.070000,a program if I write int a and then a is equal to this and then C out a
00:03:25.430000,00:03:25.440000,C out a so here this is simple program
00:03:25.440000,00:03:27.649000,C out a so here this is simple program like this is what expression although
00:03:27.649000,00:03:27.659000,like this is what expression although
00:03:27.659000,00:03:29.149000,like this is what expression although you can write those header file and
00:03:29.149000,00:03:29.159000,you can write those header file and
00:03:29.159000,00:03:31.670000,you can write those header file and namespace STD and Main all this thing
00:03:31.670000,00:03:31.680000,namespace STD and Main all this thing
00:03:31.680000,00:03:33.770000,namespace STD and Main all this thing the main logic I have written so this is
00:03:33.770000,00:03:33.780000,the main logic I have written so this is
00:03:33.780000,00:03:35.330000,the main logic I have written so this is what an expression in this expression we
00:03:35.330000,00:03:35.340000,what an expression in this expression we
00:03:35.340000,00:03:37.309000,what an expression in this expression we have how many operand how many operators
00:03:37.309000,00:03:37.319000,have how many operand how many operators
00:03:37.319000,00:03:40.009000,have how many operand how many operators one two three equal to operator that is
00:03:40.009000,00:03:40.019000,one two three equal to operator that is
00:03:40.019000,00:03:42.289000,one two three equal to operator that is assignment operator and plus and into
00:03:42.289000,00:03:42.299000,assignment operator and plus and into
00:03:42.299000,00:03:44.089000,assignment operator and plus and into arithmetic operators plus and into our
00:03:44.089000,00:03:44.099000,arithmetic operators plus and into our
00:03:44.099000,00:03:45.890000,arithmetic operators plus and into our arithmetic operators so which operator
00:03:45.890000,00:03:45.900000,arithmetic operators so which operator
00:03:45.900000,00:03:47.990000,arithmetic operators so which operator is to be executed first if you have more
00:03:47.990000,00:03:48,is to be executed first if you have more
00:03:48,00:03:51.229000,is to be executed first if you have more than one operator in one expression so
00:03:51.229000,00:03:51.239000,than one operator in one expression so
00:03:51.239000,00:03:53.449000,than one operator in one expression so have you will decide that thing based on
00:03:53.449000,00:03:53.459000,have you will decide that thing based on
00:03:53.459000,00:03:56.449000,have you will decide that thing based on operator precedence right same thing
00:03:56.449000,00:03:56.459000,operator precedence right same thing
00:03:56.459000,00:03:58.070000,operator precedence right same thing like you if you are standing in a queue
00:03:58.070000,00:03:58.080000,like you if you are standing in a queue
00:03:58.080000,00:04:01.610000,like you if you are standing in a queue in any Bank suppose and any VIP come
00:04:01.610000,00:04:01.620000,in any Bank suppose and any VIP come
00:04:01.620000,00:04:05.929000,in any Bank suppose and any VIP come or suppose any member of same bank comes
00:04:05.929000,00:04:05.939000,or suppose any member of same bank comes
00:04:05.939000,00:04:08.270000,or suppose any member of same bank comes then
00:04:08.270000,00:04:08.280000,then
00:04:08.280000,00:04:10.550000,then his or her work is to be done first
00:04:10.550000,00:04:10.560000,his or her work is to be done first
00:04:10.560000,00:04:13.009000,his or her work is to be done first rather than your work they'll not stand
00:04:13.009000,00:04:13.019000,rather than your work they'll not stand
00:04:13.019000,00:04:14.809000,rather than your work they'll not stand in the queue because they are having
00:04:14.809000,00:04:14.819000,in the queue because they are having
00:04:14.819000,00:04:17.090000,in the queue because they are having higher priority than you if a VIP come
00:04:17.090000,00:04:17.100000,higher priority than you if a VIP come
00:04:17.100000,00:04:19.129000,higher priority than you if a VIP come right so they are having higher priority
00:04:19.129000,00:04:19.139000,right so they are having higher priority
00:04:19.139000,00:04:22.370000,right so they are having higher priority than than you guys right so their work
00:04:22.370000,00:04:22.380000,than than you guys right so their work
00:04:22.380000,00:04:24.110000,than than you guys right so their work is to be done first after that your work
00:04:24.110000,00:04:24.120000,is to be done first after that your work
00:04:24.120000,00:04:25.550000,is to be done first after that your work although you are standing in a queue
00:04:25.550000,00:04:25.560000,although you are standing in a queue
00:04:25.560000,00:04:27.590000,although you are standing in a queue they will not stand in that queue
00:04:27.590000,00:04:27.600000,they will not stand in that queue
00:04:27.600000,00:04:30.710000,they will not stand in that queue right so same for operators also we have
00:04:30.710000,00:04:30.720000,right so same for operators also we have
00:04:30.720000,00:04:32.810000,right so same for operators also we have some precedence or some you can say that
00:04:32.810000,00:04:32.820000,some precedence or some you can say that
00:04:32.820000,00:04:35.270000,some precedence or some you can say that uh priority right
00:04:35.270000,00:04:35.280000,uh priority right
00:04:35.280000,00:04:38.930000,uh priority right so this is the priority you can say the
00:04:38.930000,00:04:38.940000,so this is the priority you can say the
00:04:38.940000,00:04:42.650000,so this is the priority you can say the table for operator right as you can see
00:04:42.650000,00:04:42.660000,table for operator right as you can see
00:04:42.660000,00:04:44.450000,table for operator right as you can see at the first we have scope resolution
00:04:44.450000,00:04:44.460000,at the first we have scope resolution
00:04:44.460000,00:04:47.570000,at the first we have scope resolution operator then we have post fix increment
00:04:47.570000,00:04:47.580000,operator then we have post fix increment
00:04:47.580000,00:04:50.210000,operator then we have post fix increment and decrement operator right don't check
00:04:50.210000,00:04:50.220000,and decrement operator right don't check
00:04:50.220000,00:04:51.830000,and decrement operator right don't check out the associativity first that also
00:04:51.830000,00:04:51.840000,out the associativity first that also
00:04:51.840000,00:04:52.969000,out the associativity first that also discuss first of all check the
00:04:52.969000,00:04:52.979000,discuss first of all check the
00:04:52.979000,00:04:55.790000,discuss first of all check the Precedence right so you don't have to
00:04:55.790000,00:04:55.800000,Precedence right so you don't have to
00:04:55.800000,00:04:59.510000,Precedence right so you don't have to remember this precedence chart as it is
00:04:59.510000,00:04:59.520000,remember this precedence chart as it is
00:04:59.520000,00:05:02.270000,remember this precedence chart as it is but yeah you have to remember the
00:05:02.270000,00:05:02.280000,but yeah you have to remember the
00:05:02.280000,00:05:04.189000,but yeah you have to remember the operators which will frequently use the
00:05:04.189000,00:05:04.199000,operators which will frequently use the
00:05:04.199000,00:05:05.749000,operators which will frequently use the Precedence and associativity for those
00:05:05.749000,00:05:05.759000,Precedence and associativity for those
00:05:05.759000,00:05:07.730000,Precedence and associativity for those operators like relational those
00:05:07.730000,00:05:07.740000,operators like relational those
00:05:07.740000,00:05:09.830000,operators like relational those arithmetic operators logical bitwise
00:05:09.830000,00:05:09.840000,arithmetic operators logical bitwise
00:05:09.840000,00:05:12.830000,arithmetic operators logical bitwise operators uh those increment decrement
00:05:12.830000,00:05:12.840000,operators uh those increment decrement
00:05:12.840000,00:05:15.110000,operators uh those increment decrement operators right for this you have to
00:05:15.110000,00:05:15.120000,operators right for this you have to
00:05:15.120000,00:05:19.390000,operators right for this you have to remember the uh no precedence right see
00:05:19.390000,00:05:19.400000,remember the uh no precedence right see
00:05:19.400000,00:05:22.310000,remember the uh no precedence right see now first of all the Precedence of which
00:05:22.310000,00:05:22.320000,now first of all the Precedence of which
00:05:22.320000,00:05:24.529000,now first of all the Precedence of which operator is more assignment operators
00:05:24.529000,00:05:24.539000,operator is more assignment operators
00:05:24.539000,00:05:26.810000,operator is more assignment operators are having lowest precedence so that
00:05:26.810000,00:05:26.820000,are having lowest precedence so that
00:05:26.820000,00:05:28.610000,are having lowest precedence so that would be executed in the last
00:05:28.610000,00:05:28.620000,would be executed in the last
00:05:28.620000,00:05:31.550000,would be executed in the last Plus or into the Precedence of into or
00:05:31.550000,00:05:31.560000,Plus or into the Precedence of into or
00:05:31.560000,00:05:33.469000,Plus or into the Precedence of into or multiplication operator is higher than
00:05:33.469000,00:05:33.479000,multiplication operator is higher than
00:05:33.479000,00:05:35.330000,multiplication operator is higher than this plus so first of all this should be
00:05:35.330000,00:05:35.340000,this plus so first of all this should be
00:05:35.340000,00:05:38.510000,this plus so first of all this should be executed it means 5 into 3 15 15 plus 2
00:05:38.510000,00:05:38.520000,executed it means 5 into 3 15 15 plus 2
00:05:38.520000,00:05:42.409000,executed it means 5 into 3 15 15 plus 2 is 17. now a becomes 17. if I modify
00:05:42.409000,00:05:42.419000,is 17. now a becomes 17. if I modify
00:05:42.419000,00:05:43.730000,is 17. now a becomes 17. if I modify something like this
00:05:43.730000,00:05:43.740000,something like this
00:05:43.740000,00:05:46.010000,something like this now this is my expression
00:05:46.010000,00:05:46.020000,now this is my expression
00:05:46.020000,00:05:49.550000,now this is my expression in this case we have 1 2 3 and 4
00:05:49.550000,00:05:49.560000,in this case we have 1 2 3 and 4
00:05:49.560000,00:05:51.950000,in this case we have 1 2 3 and 4 operators one is this bracket this is
00:05:51.950000,00:05:51.960000,operators one is this bracket this is
00:05:51.960000,00:05:54.590000,operators one is this bracket this is also an operator and the highest
00:05:54.590000,00:05:54.600000,also an operator and the highest
00:05:54.600000,00:05:58.370000,also an operator and the highest precedence is of this bracket so first
00:05:58.370000,00:05:58.380000,precedence is of this bracket so first
00:05:58.380000,00:06:01.610000,precedence is of this bracket so first now you will solve this thing so 3 plus
00:06:01.610000,00:06:01.620000,now you will solve this thing so 3 plus
00:06:01.620000,00:06:06.710000,now you will solve this thing so 3 plus 2 is 5 then 5 into 5 25 right then 25
00:06:06.710000,00:06:06.720000,2 is 5 then 5 into 5 25 right then 25
00:06:06.720000,00:06:08.830000,2 is 5 then 5 into 5 25 right then 25 would be assigned to a now a becomes 25
00:06:08.830000,00:06:08.840000,would be assigned to a now a becomes 25
00:06:08.840000,00:06:11.150000,would be assigned to a now a becomes 25 so see in the both the cases you are
00:06:11.150000,00:06:11.160000,so see in the both the cases you are
00:06:11.160000,00:06:13.249000,so see in the both the cases you are getting different result
00:06:13.249000,00:06:13.259000,getting different result
00:06:13.259000,00:06:15.890000,getting different result just I have changed a little bit I have
00:06:15.890000,00:06:15.900000,just I have changed a little bit I have
00:06:15.900000,00:06:20.029000,just I have changed a little bit I have added this bracket that's this operator
00:06:20.029000,00:06:20.039000,added this bracket that's this operator
00:06:20.039000,00:06:23.210000,added this bracket that's this operator that is why we need operator precedent
00:06:23.210000,00:06:23.220000,that is why we need operator precedent
00:06:23.220000,00:06:24.830000,that is why we need operator precedent right
00:06:24.830000,00:06:24.840000,right
00:06:24.840000,00:06:28.550000,right so now let's take one more example now
00:06:28.550000,00:06:28.560000,so now let's take one more example now
00:06:28.560000,00:06:30.590000,so now let's take one more example now at this time we have this expression so
00:06:30.590000,00:06:30.600000,at this time we have this expression so
00:06:30.600000,00:06:31.969000,at this time we have this expression so in this expression we have many
00:06:31.969000,00:06:31.979000,in this expression we have many
00:06:31.979000,00:06:34.370000,in this expression we have many operators or before that let's take a
00:06:34.370000,00:06:34.380000,operators or before that let's take a
00:06:34.380000,00:06:36.830000,operators or before that let's take a simple example and suppose I have 2 plus
00:06:36.830000,00:06:36.840000,simple example and suppose I have 2 plus
00:06:36.840000,00:06:40.249000,simple example and suppose I have 2 plus 3 into 5 divided by
00:06:40.249000,00:06:40.259000,3 into 5 divided by
00:06:40.259000,00:06:42.730000,3 into 5 divided by 2 mode
00:06:42.730000,00:06:42.740000,2 mode
00:06:42.740000,00:06:44.809000,2 mode suppose three
00:06:44.809000,00:06:44.819000,suppose three
00:06:44.819000,00:06:47.450000,suppose three this is the expression now in this we
00:06:47.450000,00:06:47.460000,this is the expression now in this we
00:06:47.460000,00:06:49.790000,this is the expression now in this we have plus into divide mode
00:06:49.790000,00:06:49.800000,have plus into divide mode
00:06:49.800000,00:06:51.589000,have plus into divide mode so which operator is having higher
00:06:51.589000,00:06:51.599000,so which operator is having higher
00:06:51.599000,00:06:55.070000,so which operator is having higher precedence this into divide and modulo
00:06:55.070000,00:06:55.080000,precedence this into divide and modulo
00:06:55.080000,00:06:56.570000,precedence this into divide and modulo these are having higher precedence Than
00:06:56.570000,00:06:56.580000,these are having higher precedence Than
00:06:56.580000,00:06:58.490000,these are having higher precedence Than This plus but these three are having
00:06:58.490000,00:06:58.500000,This plus but these three are having
00:06:58.500000,00:07:00.770000,This plus but these three are having same precedence it's not like that into
00:07:00.770000,00:07:00.780000,same precedence it's not like that into
00:07:00.780000,00:07:02.330000,same precedence it's not like that into is having higher precedence or this is
00:07:02.330000,00:07:02.340000,is having higher precedence or this is
00:07:02.340000,00:07:05.270000,is having higher precedence or this is having higher precedence right these are
00:07:05.270000,00:07:05.280000,having higher precedence right these are
00:07:05.280000,00:07:07.309000,having higher precedence right these are having same precedence but higher than
00:07:07.309000,00:07:07.319000,having same precedence but higher than
00:07:07.319000,00:07:08.570000,having same precedence but higher than this Plus
00:07:08.570000,00:07:08.580000,this Plus
00:07:08.580000,00:07:11.689000,this Plus so now if in in an expression two or
00:07:11.689000,00:07:11.699000,so now if in in an expression two or
00:07:11.699000,00:07:13.909000,so now if in in an expression two or three operators comes of having same
00:07:13.909000,00:07:13.919000,three operators comes of having same
00:07:13.919000,00:07:16.189000,three operators comes of having same precedence now which operator to be
00:07:16.189000,00:07:16.199000,precedence now which operator to be
00:07:16.199000,00:07:18.050000,precedence now which operator to be executed first now how you will decide
00:07:18.050000,00:07:18.060000,executed first now how you will decide
00:07:18.060000,00:07:20.390000,executed first now how you will decide because they are having same precedence
00:07:20.390000,00:07:20.400000,because they are having same precedence
00:07:20.400000,00:07:23.570000,because they are having same precedence right suppose two VIP person come
00:07:23.570000,00:07:23.580000,right suppose two VIP person come
00:07:23.580000,00:07:26.029000,right suppose two VIP person come so you are standing in queue and two or
00:07:26.029000,00:07:26.039000,so you are standing in queue and two or
00:07:26.039000,00:07:28.010000,so you are standing in queue and two or three VIP person come so they are having
00:07:28.010000,00:07:28.020000,three VIP person come so they are having
00:07:28.020000,00:07:30.290000,three VIP person come so they are having higher precedence than than you
00:07:30.290000,00:07:30.300000,higher precedence than than you
00:07:30.300000,00:07:33.950000,higher precedence than than you so obviously they'll do their work their
00:07:33.950000,00:07:33.960000,so obviously they'll do their work their
00:07:33.960000,00:07:35.930000,so obviously they'll do their work their work is to be done first but they are
00:07:35.930000,00:07:35.940000,work is to be done first but they are
00:07:35.940000,00:07:37.309000,work is to be done first but they are three person
00:07:37.309000,00:07:37.319000,three person
00:07:37.319000,00:07:38.629000,three person and
00:07:38.629000,00:07:38.639000,and
00:07:38.639000,00:07:42.589000,and all of them is VIP so how they will
00:07:42.589000,00:07:42.599000,all of them is VIP so how they will
00:07:42.599000,00:07:46.010000,all of them is VIP so how they will decide right so same here these three
00:07:46.010000,00:07:46.020000,decide right so same here these three
00:07:46.020000,00:07:47.749000,decide right so same here these three operators are having higher precedence
00:07:47.749000,00:07:47.759000,operators are having higher precedence
00:07:47.759000,00:07:49.010000,operators are having higher precedence than plus but they are having same
00:07:49.010000,00:07:49.020000,than plus but they are having same
00:07:49.020000,00:07:52.129000,than plus but they are having same precedence they are VIP right now which
00:07:52.129000,00:07:52.139000,precedence they are VIP right now which
00:07:52.139000,00:07:54.290000,precedence they are VIP right now which operator is to be executed first now you
00:07:54.290000,00:07:54.300000,operator is to be executed first now you
00:07:54.300000,00:07:56.089000,operator is to be executed first now you have to check the associativity of the
00:07:56.089000,00:07:56.099000,have to check the associativity of the
00:07:56.099000,00:07:59.089000,have to check the associativity of the operator if this table this column is
00:07:59.089000,00:07:59.099000,operator if this table this column is
00:07:59.099000,00:08:00.890000,operator if this table this column is for associativity
00:08:00.890000,00:08:00.900000,for associativity
00:08:00.900000,00:08:03.050000,for associativity every operator is having associativity
00:08:03.050000,00:08:03.060000,every operator is having associativity
00:08:03.060000,00:08:07.309000,every operator is having associativity left to right except two groups
00:08:07.309000,00:08:07.319000,left to right except two groups
00:08:07.319000,00:08:09.950000,left to right except two groups first is what prefix increment decrement
00:08:09.950000,00:08:09.960000,first is what prefix increment decrement
00:08:09.960000,00:08:12.469000,first is what prefix increment decrement unity plus minus logical not bitwise
00:08:12.469000,00:08:12.479000,unity plus minus logical not bitwise
00:08:12.479000,00:08:16.309000,unity plus minus logical not bitwise this and then address of size of this
00:08:16.309000,00:08:16.319000,this and then address of size of this
00:08:16.319000,00:08:17.930000,this and then address of size of this group is having associativity right to
00:08:17.930000,00:08:17.940000,group is having associativity right to
00:08:17.940000,00:08:19.010000,group is having associativity right to left and
00:08:19.010000,00:08:19.020000,left and
00:08:19.020000,00:08:22.790000,left and second the conditional operator and
00:08:22.790000,00:08:22.800000,second the conditional operator and
00:08:22.800000,00:08:24.529000,second the conditional operator and assignment operator
00:08:24.529000,00:08:24.539000,assignment operator
00:08:24.539000,00:08:26.570000,assignment operator these are having associativity right to
00:08:26.570000,00:08:26.580000,these are having associativity right to
00:08:26.580000,00:08:28.790000,these are having associativity right to left otherwise all the operators are
00:08:28.790000,00:08:28.800000,left otherwise all the operators are
00:08:28.800000,00:08:30.529000,left otherwise all the operators are having associativity left to right now
00:08:30.529000,00:08:30.539000,having associativity left to right now
00:08:30.539000,00:08:33.290000,having associativity left to right now what does this mean c now a sensitivity
00:08:33.290000,00:08:33.300000,what does this mean c now a sensitivity
00:08:33.300000,00:08:36.110000,what does this mean c now a sensitivity for these operators are multiplicative
00:08:36.110000,00:08:36.120000,for these operators are multiplicative
00:08:36.120000,00:08:39.709000,for these operators are multiplicative operators are left to right means
00:08:39.709000,00:08:39.719000,operators are left to right means
00:08:39.719000,00:08:42.409000,operators are left to right means we will move from left to right and the
00:08:42.409000,00:08:42.419000,we will move from left to right and the
00:08:42.419000,00:08:44.029000,we will move from left to right and the first operator whatever operator you
00:08:44.029000,00:08:44.039000,first operator whatever operator you
00:08:44.039000,00:08:45.710000,first operator whatever operator you will get first that would be executed
00:08:45.710000,00:08:45.720000,will get first that would be executed
00:08:45.720000,00:08:49.490000,will get first that would be executed first so now we have 2 plus when will
00:08:49.490000,00:08:49.500000,first so now we have 2 plus when will
00:08:49.500000,00:08:52.670000,first so now we have 2 plus when will you move left to right first operator is
00:08:52.670000,00:08:52.680000,you move left to right first operator is
00:08:52.680000,00:08:54.829000,you move left to right first operator is into so that would be executed first
00:08:54.829000,00:08:54.839000,into so that would be executed first
00:08:54.839000,00:08:56.570000,into so that would be executed first means 5 into
00:08:56.570000,00:08:56.580000,means 5 into
00:08:56.580000,00:09:01.910000,means 5 into 3 15 then divide 2 mode 3 when you move
00:09:01.910000,00:09:01.920000,3 15 then divide 2 mode 3 when you move
00:09:01.920000,00:09:03.710000,3 15 then divide 2 mode 3 when you move left to right which operator is coming
00:09:03.710000,00:09:03.720000,left to right which operator is coming
00:09:03.720000,00:09:05.750000,left to right which operator is coming first divide so this would be executed
00:09:05.750000,00:09:05.760000,first divide so this would be executed
00:09:05.760000,00:09:09.230000,first divide so this would be executed first 2 plus 15 divided by 2. suppose
00:09:09.230000,00:09:09.240000,first 2 plus 15 divided by 2. suppose
00:09:09.240000,00:09:10.910000,first 2 plus 15 divided by 2. suppose you are taking only into value so what
00:09:10.910000,00:09:10.920000,you are taking only into value so what
00:09:10.920000,00:09:13.250000,you are taking only into value so what values will give
00:09:13.250000,00:09:13.260000,values will give
00:09:13.260000,00:09:17.150000,values will give seven right now we have mode three now
00:09:17.150000,00:09:17.160000,seven right now we have mode three now
00:09:17.160000,00:09:19.250000,seven right now we have mode three now out of this we have higher precedence
00:09:19.250000,00:09:19.260000,out of this we have higher precedence
00:09:19.260000,00:09:22.310000,out of this we have higher precedence mode operator so 2 plus 7 more 3 more
00:09:22.310000,00:09:22.320000,mode operator so 2 plus 7 more 3 more
00:09:22.320000,00:09:24.590000,mode operator so 2 plus 7 more 3 more will give remainder so now remainder is
00:09:24.590000,00:09:24.600000,will give remainder so now remainder is
00:09:24.600000,00:09:25.670000,will give remainder so now remainder is I guess one
00:09:25.670000,00:09:25.680000,I guess one
00:09:25.680000,00:09:28.670000,I guess one now the output would would be 3.
00:09:28.670000,00:09:28.680000,now the output would would be 3.
00:09:28.680000,00:09:31.009000,now the output would would be 3. so I hope you got what is Presidents and
00:09:31.009000,00:09:31.019000,so I hope you got what is Presidents and
00:09:31.019000,00:09:32.570000,so I hope you got what is Presidents and associativity event to check presidents
00:09:32.570000,00:09:32.580000,associativity event to check presidents
00:09:32.580000,00:09:34.910000,associativity event to check presidents when to check a sensitivity now let's
00:09:34.910000,00:09:34.920000,when to check a sensitivity now let's
00:09:34.920000,00:09:37.490000,when to check a sensitivity now let's try to solve this expression this is
00:09:37.490000,00:09:37.500000,try to solve this expression this is
00:09:37.500000,00:09:38.930000,try to solve this expression this is little bit complex
00:09:38.930000,00:09:38.940000,little bit complex
00:09:38.940000,00:09:40.490000,little bit complex in this expression we have many
00:09:40.490000,00:09:40.500000,in this expression we have many
00:09:40.500000,00:09:43.430000,in this expression we have many operators we have plus this is bitwise
00:09:43.430000,00:09:43.440000,operators we have plus this is bitwise
00:09:43.440000,00:09:46.550000,operators we have plus this is bitwise over divide minus left shift bitwise
00:09:46.550000,00:09:46.560000,over divide minus left shift bitwise
00:09:46.560000,00:09:47.630000,over divide minus left shift bitwise left shift
00:09:47.630000,00:09:47.640000,left shift
00:09:47.640000,00:09:52.430000,left shift logical and mode divide and into right
00:09:52.430000,00:09:52.440000,logical and mode divide and into right
00:09:52.440000,00:09:55.910000,logical and mode divide and into right now out of these operators
00:09:55.910000,00:09:55.920000,now out of these operators
00:09:55.920000,00:09:57.530000,now out of these operators which operator is having higher
00:09:57.530000,00:09:57.540000,which operator is having higher
00:09:57.540000,00:09:59.889000,which operator is having higher precedence
00:09:59.889000,00:09:59.899000,precedence
00:09:59.899000,00:10:03.050000,precedence out of these the multiplicative
00:10:03.050000,00:10:03.060000,out of these the multiplicative
00:10:03.060000,00:10:05.449000,out of these the multiplicative operators divide
00:10:05.449000,00:10:05.459000,operators divide
00:10:05.459000,00:10:08.930000,operators divide mode divide into these are having higher
00:10:08.930000,00:10:08.940000,mode divide into these are having higher
00:10:08.940000,00:10:11.569000,mode divide into these are having higher precedence but we have to divide one
00:10:11.569000,00:10:11.579000,precedence but we have to divide one
00:10:11.579000,00:10:12.650000,precedence but we have to divide one mode and
00:10:12.650000,00:10:12.660000,mode and
00:10:12.660000,00:10:16.130000,mode and one that multiplication so we'll check
00:10:16.130000,00:10:16.140000,one that multiplication so we'll check
00:10:16.140000,00:10:19.069000,one that multiplication so we'll check the sensitivity will associativity for
00:10:19.069000,00:10:19.079000,the sensitivity will associativity for
00:10:19.079000,00:10:20.810000,the sensitivity will associativity for these are left to right so when you will
00:10:20.810000,00:10:20.820000,these are left to right so when you will
00:10:20.820000,00:10:22.730000,these are left to right so when you will move left to right which operator you
00:10:22.730000,00:10:22.740000,move left to right which operator you
00:10:22.740000,00:10:24.710000,move left to right which operator you will get first divide so now it becomes
00:10:24.710000,00:10:24.720000,will get first divide so now it becomes
00:10:24.720000,00:10:26.329000,will get first divide so now it becomes 2 plus 3
00:10:26.329000,00:10:26.339000,2 plus 3
00:10:26.339000,00:10:30.350000,2 plus 3 and bitwise or 12 divided by 6 that
00:10:30.350000,00:10:30.360000,and bitwise or 12 divided by 6 that
00:10:30.360000,00:10:31.310000,and bitwise or 12 divided by 6 that becomes
00:10:31.310000,00:10:31.320000,becomes
00:10:31.320000,00:10:35.569000,becomes 2 right then minus 1 then this then
00:10:35.569000,00:10:35.579000,2 right then minus 1 then this then
00:10:35.579000,00:10:38.449000,2 right then minus 1 then this then logical land and after that this mode
00:10:38.449000,00:10:38.459000,logical land and after that this mode
00:10:38.459000,00:10:40.790000,logical land and after that this mode six mode seven mode will give remainder
00:10:40.790000,00:10:40.800000,six mode seven mode will give remainder
00:10:40.800000,00:10:42.230000,six mode seven mode will give remainder but we cannot divide this remainder
00:10:42.230000,00:10:42.240000,but we cannot divide this remainder
00:10:42.240000,00:10:43.550000,but we cannot divide this remainder would be 6 only
00:10:43.550000,00:10:43.560000,would be 6 only
00:10:43.560000,00:10:45.769000,would be 6 only 6 divided by
00:10:45.769000,00:10:45.779000,6 divided by
00:10:45.779000,00:10:50.569000,6 divided by 3 into 5. after this this division would
00:10:50.569000,00:10:50.579000,3 into 5. after this this division would
00:10:50.579000,00:10:54.110000,3 into 5. after this this division would be executed so division 3 divided by
00:10:54.110000,00:10:54.120000,be executed so division 3 divided by
00:10:54.120000,00:10:56.690000,be executed so division 3 divided by 6 divided by 3 means
00:10:56.690000,00:10:56.700000,6 divided by 3 means
00:10:56.700000,00:10:58.850000,6 divided by 3 means 2 so rather than this we can write
00:10:58.850000,00:10:58.860000,2 so rather than this we can write
00:10:58.860000,00:11:02.930000,2 so rather than this we can write simply 2 now I will execute this into 5
00:11:02.930000,00:11:02.940000,simply 2 now I will execute this into 5
00:11:02.940000,00:11:05.630000,simply 2 now I will execute this into 5 into 2 is 10.
00:11:05.630000,00:11:05.640000,into 2 is 10.
00:11:05.640000,00:11:08.389000,into 2 is 10. right now out of these operator which is
00:11:08.389000,00:11:08.399000,right now out of these operator which is
00:11:08.399000,00:11:10.069000,right now out of these operator which is having higher precedence
00:11:10.069000,00:11:10.079000,having higher precedence
00:11:10.079000,00:11:12.290000,having higher precedence this plus and minus are having higher
00:11:12.290000,00:11:12.300000,this plus and minus are having higher
00:11:12.300000,00:11:13.970000,this plus and minus are having higher precedence than this these remaining
00:11:13.970000,00:11:13.980000,precedence than this these remaining
00:11:13.980000,00:11:15.590000,precedence than this these remaining operators right you can see that
00:11:15.590000,00:11:15.600000,operators right you can see that
00:11:15.600000,00:11:17.210000,operators right you can see that precedence chart if you don't remember
00:11:17.210000,00:11:17.220000,precedence chart if you don't remember
00:11:17.220000,00:11:19.190000,precedence chart if you don't remember right now right but they are having
00:11:19.190000,00:11:19.200000,right now right but they are having
00:11:19.200000,00:11:20.870000,right now right but they are having associativity left to right so we'll
00:11:20.870000,00:11:20.880000,associativity left to right so we'll
00:11:20.880000,00:11:22.550000,associativity left to right so we'll move left to right and solve first
00:11:22.550000,00:11:22.560000,move left to right and solve first
00:11:22.560000,00:11:24.590000,move left to right and solve first operator is plus so 5
00:11:24.590000,00:11:24.600000,operator is plus so 5
00:11:24.600000,00:11:27.410000,operator is plus so 5 bitwise or then this minus would be
00:11:27.410000,00:11:27.420000,bitwise or then this minus would be
00:11:27.420000,00:11:29.090000,bitwise or then this minus would be executed for this operand is this and
00:11:29.090000,00:11:29.100000,executed for this operand is this and
00:11:29.100000,00:11:33.290000,executed for this operand is this and this 2 minus 1 is 1 1 left shift one and
00:11:33.290000,00:11:33.300000,this 2 minus 1 is 1 1 left shift one and
00:11:33.300000,00:11:37.069000,this 2 minus 1 is 1 1 left shift one and ten now we have bitwise left shift bit
00:11:37.069000,00:11:37.079000,ten now we have bitwise left shift bit
00:11:37.079000,00:11:38.090000,ten now we have bitwise left shift bit wise
00:11:38.090000,00:11:38.100000,wise
00:11:38.100000,00:11:41.750000,wise poor and logical and out of these higher
00:11:41.750000,00:11:41.760000,poor and logical and out of these higher
00:11:41.760000,00:11:44.870000,poor and logical and out of these higher precedencies this left shift operator is
00:11:44.870000,00:11:44.880000,precedencies this left shift operator is
00:11:44.880000,00:11:47.630000,precedencies this left shift operator is having higher precedence so five
00:11:47.630000,00:11:47.640000,having higher precedence so five
00:11:47.640000,00:11:51.710000,having higher precedence so five this one left shift one
00:11:51.710000,00:11:51.720000,this one left shift one
00:11:51.720000,00:11:53.690000,this one left shift one this is bitwise operator so first you
00:11:53.690000,00:11:53.700000,this is bitwise operator so first you
00:11:53.700000,00:11:55.790000,this is bitwise operator so first you have to convert it into bits so one
00:11:55.790000,00:11:55.800000,have to convert it into bits so one
00:11:55.800000,00:11:57.050000,have to convert it into bits so one would be converted something like the
00:11:57.050000,00:11:57.060000,would be converted something like the
00:11:57.060000,00:11:59.569000,would be converted something like the zero zero zero one
00:11:59.569000,00:11:59.579000,zero zero zero one
00:11:59.579000,00:12:02.269000,zero zero zero one in four bits I am representing it now we
00:12:02.269000,00:12:02.279000,in four bits I am representing it now we
00:12:02.279000,00:12:04.550000,in four bits I am representing it now we will left shift this by one only by one
00:12:04.550000,00:12:04.560000,will left shift this by one only by one
00:12:04.560000,00:12:05.329000,will left shift this by one only by one bit
00:12:05.329000,00:12:05.339000,bit
00:12:05.339000,00:12:07.850000,bit so by one bit we left shift so this
00:12:07.850000,00:12:07.860000,so by one bit we left shift so this
00:12:07.860000,00:12:10.250000,so by one bit we left shift so this would be discarded if this zero would be
00:12:10.250000,00:12:10.260000,would be discarded if this zero would be
00:12:10.260000,00:12:12.290000,would be discarded if this zero would be here this zero would be here this one
00:12:12.290000,00:12:12.300000,here this zero would be here this one
00:12:12.300000,00:12:14.150000,here this zero would be here this one would be here and at this place we will
00:12:14.150000,00:12:14.160000,would be here and at this place we will
00:12:14.160000,00:12:14.990000,would be here and at this place we will simply
00:12:14.990000,00:12:15,simply
00:12:15,00:12:17.509000,simply fill this place with zero so now this
00:12:17.509000,00:12:17.519000,fill this place with zero so now this
00:12:17.519000,00:12:19.250000,fill this place with zero so now this becomes the decimal equivalent of this
00:12:19.250000,00:12:19.260000,becomes the decimal equivalent of this
00:12:19.260000,00:12:21.889000,becomes the decimal equivalent of this as 2. right
00:12:21.889000,00:12:21.899000,as 2. right
00:12:21.899000,00:12:24.170000,as 2. right so now rather than this you can simply
00:12:24.170000,00:12:24.180000,so now rather than this you can simply
00:12:24.180000,00:12:26.629000,so now rather than this you can simply write 2
00:12:26.629000,00:12:26.639000,write 2
00:12:26.639000,00:12:31.550000,write 2 and 10. so from this we have this bit
00:12:31.550000,00:12:31.560000,and 10. so from this we have this bit
00:12:31.560000,00:12:33.590000,and 10. so from this we have this bit wise or is having higher precedence than
00:12:33.590000,00:12:33.600000,wise or is having higher precedence than
00:12:33.600000,00:12:36.410000,wise or is having higher precedence than logical and so first you have to solve
00:12:36.410000,00:12:36.420000,logical and so first you have to solve
00:12:36.420000,00:12:39.350000,logical and so first you have to solve this one five bit wise so bitwise
00:12:39.350000,00:12:39.360000,this one five bit wise so bitwise
00:12:39.360000,00:12:41.509000,this one five bit wise so bitwise operator is there so first convert this
00:12:41.509000,00:12:41.519000,operator is there so first convert this
00:12:41.519000,00:12:44.449000,operator is there so first convert this and this into bits 5 would be converted
00:12:44.449000,00:12:44.459000,and this into bits 5 would be converted
00:12:44.459000,00:12:49.250000,and this into bits 5 would be converted in binary how you can write 5 0 1 0 1 c
00:12:49.250000,00:12:49.260000,in binary how you can write 5 0 1 0 1 c
00:12:49.260000,00:12:52.850000,in binary how you can write 5 0 1 0 1 c 1 2 4 8 right in four bits 2 can be
00:12:52.850000,00:12:52.860000,1 2 4 8 right in four bits 2 can be
00:12:52.860000,00:12:55.430000,1 2 4 8 right in four bits 2 can be written 0 0 1 0.
00:12:55.430000,00:12:55.440000,written 0 0 1 0.
00:12:55.440000,00:12:59.329000,written 0 0 1 0. now execute bitwise over on this bit
00:12:59.329000,00:12:59.339000,now execute bitwise over on this bit
00:12:59.339000,00:13:02.509000,now execute bitwise over on this bit wise or means 1 0 obviously one one one
00:13:02.509000,00:13:02.519000,wise or means 1 0 obviously one one one
00:13:02.519000,00:13:05.629000,wise or means 1 0 obviously one one one zero if anyone is true it will give true
00:13:05.629000,00:13:05.639000,zero if anyone is true it will give true
00:13:05.639000,00:13:08.030000,zero if anyone is true it will give true otherwise false if both are false then
00:13:08.030000,00:13:08.040000,otherwise false if both are false then
00:13:08.040000,00:13:10.129000,otherwise false if both are false then only it will give false so decimal of
00:13:10.129000,00:13:10.139000,only it will give false so decimal of
00:13:10.139000,00:13:11.870000,only it will give false so decimal of this is what four plus two plus one that
00:13:11.870000,00:13:11.880000,this is what four plus two plus one that
00:13:11.880000,00:13:14.870000,this is what four plus two plus one that is seven seven and
00:13:14.870000,00:13:14.880000,is seven seven and
00:13:14.880000,00:13:18.470000,is seven seven and n logical
00:13:20.389000,00:13:20.399000,and operator for logical and operator
00:13:20.399000,00:13:22.129000,and operator for logical and operator the operand should be
00:13:22.129000,00:13:22.139000,the operand should be
00:13:22.139000,00:13:24.889000,the operand should be Boolean Boolean value true or false so
00:13:24.889000,00:13:24.899000,Boolean Boolean value true or false so
00:13:24.899000,00:13:28.190000,Boolean Boolean value true or false so seven or 10 other than 0 if value is
00:13:28.190000,00:13:28.200000,seven or 10 other than 0 if value is
00:13:28.200000,00:13:29.629000,seven or 10 other than 0 if value is there then it would be considered as
00:13:29.629000,00:13:29.639000,there then it would be considered as
00:13:29.639000,00:13:31.850000,there then it would be considered as true true true true true it will give 1
00:13:31.850000,00:13:31.860000,true true true true true it will give 1
00:13:31.860000,00:13:34.069000,true true true true true it will give 1 so now y becomes 1.
00:13:34.069000,00:13:34.079000,so now y becomes 1.
00:13:34.079000,00:13:36.949000,so now y becomes 1. right or the shortcut to solve this kind
00:13:36.949000,00:13:36.959000,right or the shortcut to solve this kind
00:13:36.959000,00:13:38.690000,right or the shortcut to solve this kind of expression is what if this kind of
00:13:38.690000,00:13:38.700000,of expression is what if this kind of
00:13:38.700000,00:13:41.509000,of expression is what if this kind of expression comes into your exam then
00:13:41.509000,00:13:41.519000,expression comes into your exam then
00:13:41.519000,00:13:43.550000,expression comes into your exam then what is the shortcut C
00:13:43.550000,00:13:43.560000,what is the shortcut C
00:13:43.560000,00:13:46.189000,what is the shortcut C this logical and operator out of these
00:13:46.189000,00:13:46.199000,this logical and operator out of these
00:13:46.199000,00:13:48.889000,this logical and operator out of these logical and operator is having lowest
00:13:48.889000,00:13:48.899000,logical and operator is having lowest
00:13:48.899000,00:13:50.269000,logical and operator is having lowest precedence
00:13:50.269000,00:13:50.279000,precedence
00:13:50.279000,00:13:52.970000,precedence right so now this would be executed in
00:13:52.970000,00:13:52.980000,right so now this would be executed in
00:13:52.980000,00:13:55.850000,right so now this would be executed in the last and bitwise logical and
00:13:55.850000,00:13:55.860000,the last and bitwise logical and
00:13:55.860000,00:13:57.949000,the last and bitwise logical and operator works on short circuit
00:13:57.949000,00:13:57.959000,operator works on short circuit
00:13:57.959000,00:14:02.930000,operator works on short circuit evaluation means if one Apprentice Falls
00:14:02.930000,00:14:02.940000,evaluation means if one Apprentice Falls
00:14:02.940000,00:14:04.670000,evaluation means if one Apprentice Falls it will be false
00:14:04.670000,00:14:04.680000,it will be false
00:14:04.680000,00:14:06.949000,it will be false logical and trustable I guess you
00:14:06.949000,00:14:06.959000,logical and trustable I guess you
00:14:06.959000,00:14:09.949000,logical and trustable I guess you remember right so either solve this
00:14:09.949000,00:14:09.959000,remember right so either solve this
00:14:09.959000,00:14:12.829000,remember right so either solve this thing or either solve this thing
00:14:12.829000,00:14:12.839000,thing or either solve this thing
00:14:12.839000,00:14:15.710000,thing or either solve this thing so this is short so first of all solve
00:14:15.710000,00:14:15.720000,so this is short so first of all solve
00:14:15.720000,00:14:16.850000,so this is short so first of all solve this thing
00:14:16.850000,00:14:16.860000,this thing
00:14:16.860000,00:14:20.410000,this thing this expression is this so the
00:14:20.410000,00:14:20.420000,this expression is this so the
00:14:20.420000,00:14:22.610000,this expression is this so the Precedence of these are same so check
00:14:22.610000,00:14:22.620000,Precedence of these are same so check
00:14:22.620000,00:14:24.949000,Precedence of these are same so check the sensitivity left to right 6 mode 7
00:14:24.949000,00:14:24.959000,the sensitivity left to right 6 mode 7
00:14:24.959000,00:14:26.210000,the sensitivity left to right 6 mode 7 will give
00:14:26.210000,00:14:26.220000,will give
00:14:26.220000,00:14:31.670000,will give 6 divided by 3 into 5 right then becomes
00:14:31.670000,00:14:31.680000,6 divided by 3 into 5 right then becomes
00:14:31.680000,00:14:35.449000,6 divided by 3 into 5 right then becomes 2 into 5 that is 10 so one side of
00:14:35.449000,00:14:35.459000,2 into 5 that is 10 so one side of
00:14:35.459000,00:14:38.090000,2 into 5 that is 10 so one side of logical and is true 10 means obviously
00:14:38.090000,00:14:38.100000,logical and is true 10 means obviously
00:14:38.100000,00:14:40.069000,logical and is true 10 means obviously true other than 0 is true
00:14:40.069000,00:14:40.079000,true other than 0 is true
00:14:40.079000,00:14:41.269000,true other than 0 is true right
00:14:41.269000,00:14:41.279000,right
00:14:41.279000,00:14:44.449000,right now for logical and both the sides
00:14:44.449000,00:14:44.459000,now for logical and both the sides
00:14:44.459000,00:14:47.689000,now for logical and both the sides should be true so now you cannot say one
00:14:47.689000,00:14:47.699000,should be true so now you cannot say one
00:14:47.699000,00:14:49.490000,should be true so now you cannot say one is true it would be the result would be
00:14:49.490000,00:14:49.500000,is true it would be the result would be
00:14:49.500000,00:14:53.509000,is true it would be the result would be true no now you have to execute this
00:14:53.509000,00:14:53.519000,true no now you have to execute this
00:14:53.519000,00:14:54.829000,true no now you have to execute this also
00:14:54.829000,00:14:54.839000,also
00:14:54.839000,00:14:57.350000,also right if this becomes true then only it
00:14:57.350000,00:14:57.360000,right if this becomes true then only it
00:14:57.360000,00:14:59.449000,right if this becomes true then only it would be true if other than this we have
00:14:59.449000,00:14:59.459000,would be true if other than this we have
00:14:59.459000,00:15:02.269000,would be true if other than this we have logical or operator
00:15:02.269000,00:15:02.279000,logical or operator
00:15:02.279000,00:15:04.730000,logical or operator we have logical or logical or means if
00:15:04.730000,00:15:04.740000,we have logical or logical or means if
00:15:04.740000,00:15:07.670000,we have logical or logical or means if one side true it will give to you so
00:15:07.670000,00:15:07.680000,one side true it will give to you so
00:15:07.680000,00:15:09.290000,one side true it will give to you so rather than solving the complete
00:15:09.290000,00:15:09.300000,rather than solving the complete
00:15:09.300000,00:15:12.230000,rather than solving the complete expression just solve this one 10 10
00:15:12.230000,00:15:12.240000,expression just solve this one 10 10
00:15:12.240000,00:15:14.870000,expression just solve this one 10 10 means true so you don't need to solve
00:15:14.870000,00:15:14.880000,means true so you don't need to solve
00:15:14.880000,00:15:16.430000,means true so you don't need to solve this one the result would be definitely
00:15:16.430000,00:15:16.440000,this one the result would be definitely
00:15:16.440000,00:15:18.410000,this one the result would be definitely true that is one
00:15:18.410000,00:15:18.420000,true that is one
00:15:18.420000,00:15:20.329000,true that is one so this is you can say the shortcut to
00:15:20.329000,00:15:20.339000,so this is you can say the shortcut to
00:15:20.339000,00:15:22.610000,so this is you can say the shortcut to solve this kind of expression right
00:15:22.610000,00:15:22.620000,solve this kind of expression right
00:15:22.620000,00:15:25.189000,solve this kind of expression right I hope you got the presidency and
00:15:25.189000,00:15:25.199000,I hope you got the presidency and
00:15:25.199000,00:15:27.769000,I hope you got the presidency and associativity with the help of this
00:15:27.769000,00:15:27.779000,associativity with the help of this
00:15:27.779000,00:15:30.710000,associativity with the help of this expression why we are getting True Value
00:15:30.710000,00:15:30.720000,expression why we are getting True Value
00:15:30.720000,00:15:32.629000,expression why we are getting True Value let me just give you now some assignment
00:15:32.629000,00:15:32.639000,let me just give you now some assignment
00:15:32.639000,00:15:34.910000,let me just give you now some assignment same expression we have just I have
00:15:34.910000,00:15:34.920000,same expression we have just I have
00:15:34.920000,00:15:37.009000,same expression we have just I have changed bitwise rather than bit wise or
00:15:37.009000,00:15:37.019000,changed bitwise rather than bit wise or
00:15:37.019000,00:15:39.290000,changed bitwise rather than bit wise or we have twice and so for this you have
00:15:39.290000,00:15:39.300000,we have twice and so for this you have
00:15:39.300000,00:15:41.509000,we have twice and so for this you have to tell what would be the output right
00:15:41.509000,00:15:41.519000,to tell what would be the output right
00:15:41.519000,00:15:43.670000,to tell what would be the output right second is what
00:15:43.670000,00:15:43.680000,second is what
00:15:43.680000,00:15:47.150000,second is what here we have and and I'm just changing
00:15:47.150000,00:15:47.160000,here we have and and I'm just changing
00:15:47.160000,00:15:51.590000,here we have and and I'm just changing this rather than this 3 I have 8.
00:15:51.590000,00:15:51.600000,this rather than this 3 I have 8.
00:15:51.600000,00:15:55.310000,this rather than this 3 I have 8. this is for second assignment right
00:15:55.310000,00:15:55.320000,this is for second assignment right
00:15:55.320000,00:15:58.310000,this is for second assignment right so this is second second question so
00:15:58.310000,00:15:58.320000,so this is second second question so
00:15:58.320000,00:16:01.249000,so this is second second question so what you will get here right in first
00:16:01.249000,00:16:01.259000,what you will get here right in first
00:16:01.259000,00:16:02.810000,what you will get here right in first here we have three
00:16:02.810000,00:16:02.820000,here we have three
00:16:02.820000,00:16:05.870000,here we have three so this is your first question in second
00:16:05.870000,00:16:05.880000,so this is your first question in second
00:16:05.880000,00:16:08.389000,so this is your first question in second question everything would be same and
00:16:08.389000,00:16:08.399000,question everything would be same and
00:16:08.399000,00:16:10.910000,question everything would be same and other than three we have eight so this
00:16:10.910000,00:16:10.920000,other than three we have eight so this
00:16:10.920000,00:16:12.949000,other than three we have eight so this is our second question so these are two
00:16:12.949000,00:16:12.959000,is our second question so these are two
00:16:12.959000,00:16:15.350000,is our second question so these are two questions you have to solve now let's uh
00:16:15.350000,00:16:15.360000,questions you have to solve now let's uh
00:16:15.360000,00:16:17.449000,questions you have to solve now let's uh take this example also like if I have a
00:16:17.449000,00:16:17.459000,take this example also like if I have a
00:16:17.459000,00:16:20.449000,take this example also like if I have a is equal to 2 comma 3 comma 4 and if I
00:16:20.449000,00:16:20.459000,is equal to 2 comma 3 comma 4 and if I
00:16:20.459000,00:16:23.689000,is equal to 2 comma 3 comma 4 and if I print C out a this comma operator is
00:16:23.689000,00:16:23.699000,print C out a this comma operator is
00:16:23.699000,00:16:25.249000,print C out a this comma operator is having lowest precedence
00:16:25.249000,00:16:25.259000,having lowest precedence
00:16:25.259000,00:16:26.569000,having lowest precedence right
00:16:26.569000,00:16:26.579000,right
00:16:26.579000,00:16:29.329000,right then this assignment is having higher
00:16:29.329000,00:16:29.339000,then this assignment is having higher
00:16:29.339000,00:16:31.970000,then this assignment is having higher precedence than this form operator
00:16:31.970000,00:16:31.980000,precedence than this form operator
00:16:31.980000,00:16:36.110000,precedence than this form operator right so now first out of this we have 2
00:16:36.110000,00:16:36.120000,right so now first out of this we have 2
00:16:36.120000,00:16:38.269000,right so now first out of this we have 2 comma operator one assignment operator
00:16:38.269000,00:16:38.279000,comma operator one assignment operator
00:16:38.279000,00:16:41.090000,comma operator one assignment operator first which operator would be executed
00:16:41.090000,00:16:41.100000,first which operator would be executed
00:16:41.100000,00:16:42.889000,first which operator would be executed assignment operator is having higher
00:16:42.889000,00:16:42.899000,assignment operator is having higher
00:16:42.899000,00:16:45.590000,assignment operator is having higher Pistons assignment operators wants means
00:16:45.590000,00:16:45.600000,Pistons assignment operators wants means
00:16:45.600000,00:16:47.449000,Pistons assignment operators wants means what right hand side value would be
00:16:47.449000,00:16:47.459000,what right hand side value would be
00:16:47.459000,00:16:49.430000,what right hand side value would be assigned to left hand side so it will
00:16:49.430000,00:16:49.440000,assigned to left hand side so it will
00:16:49.440000,00:16:50.930000,assigned to left hand side so it will check this value only right hand side
00:16:50.930000,00:16:50.940000,check this value only right hand side
00:16:50.940000,00:16:53.090000,check this value only right hand side value is 2 2 would be assigned to a and
00:16:53.090000,00:16:53.100000,value is 2 2 would be assigned to a and
00:16:53.100000,00:16:54.650000,value is 2 2 would be assigned to a and it will give 2.
00:16:54.650000,00:16:54.660000,it will give 2.
00:16:54.660000,00:16:57.650000,it will give 2. now I'm changing a little bit I'm just
00:16:57.650000,00:16:57.660000,now I'm changing a little bit I'm just
00:16:57.660000,00:17:01.430000,now I'm changing a little bit I'm just writing I'm just putting a bracket now
00:17:01.430000,00:17:01.440000,writing I'm just putting a bracket now
00:17:01.440000,00:17:04.309000,writing I'm just putting a bracket now we have three operators uh this is equal
00:17:04.309000,00:17:04.319000,we have three operators uh this is equal
00:17:04.319000,00:17:07.429000,we have three operators uh this is equal to sorry this assignment operator then
00:17:07.429000,00:17:07.439000,to sorry this assignment operator then
00:17:07.439000,00:17:09.529000,to sorry this assignment operator then comma operator and this bracket so out
00:17:09.529000,00:17:09.539000,comma operator and this bracket so out
00:17:09.539000,00:17:10.669000,comma operator and this bracket so out of this which is having higher
00:17:10.669000,00:17:10.679000,of this which is having higher
00:17:10.679000,00:17:11.569000,of this which is having higher precedence
00:17:11.569000,00:17:11.579000,precedence
00:17:11.579000,00:17:14.210000,precedence bracket so this would be executed first
00:17:14.210000,00:17:14.220000,bracket so this would be executed first
00:17:14.220000,00:17:16.370000,bracket so this would be executed first now in this bracket we have 2 comma 3
00:17:16.370000,00:17:16.380000,now in this bracket we have 2 comma 3
00:17:16.380000,00:17:18.829000,now in this bracket we have 2 comma 3 comma four two comma operators so check
00:17:18.829000,00:17:18.839000,comma four two comma operators so check
00:17:18.839000,00:17:20.929000,comma four two comma operators so check the associativity comma operator two
00:17:20.929000,00:17:20.939000,the associativity comma operator two
00:17:20.939000,00:17:22.850000,the associativity comma operator two comma operator having same precedence so
00:17:22.850000,00:17:22.860000,comma operator having same precedence so
00:17:22.860000,00:17:24.409000,comma operator having same precedence so now check the associativity which comma
00:17:24.409000,00:17:24.419000,now check the associativity which comma
00:17:24.419000,00:17:25.669000,now check the associativity which comma operator is to be executed first
00:17:25.669000,00:17:25.679000,operator is to be executed first
00:17:25.679000,00:17:29.330000,operator is to be executed first associate of comma operator is what left
00:17:29.330000,00:17:29.340000,associate of comma operator is what left
00:17:29.340000,00:17:31.970000,associate of comma operator is what left to right left to right
00:17:31.970000,00:17:31.980000,to right left to right
00:17:31.980000,00:17:34.010000,to right left to right so now first this comma operator would
00:17:34.010000,00:17:34.020000,so now first this comma operator would
00:17:34.020000,00:17:36.830000,so now first this comma operator would be executed now what is the operation of
00:17:36.830000,00:17:36.840000,be executed now what is the operation of
00:17:36.840000,00:17:38.870000,be executed now what is the operation of comma operator
00:17:38.870000,00:17:38.880000,comma operator
00:17:38.880000,00:17:41.330000,comma operator this expression would be executed
00:17:41.330000,00:17:41.340000,this expression would be executed
00:17:41.340000,00:17:42.710000,this expression would be executed evaluated and
00:17:42.710000,00:17:42.720000,evaluated and
00:17:42.720000,00:17:45.230000,evaluated and it will discard this value after that
00:17:45.230000,00:17:45.240000,it will discard this value after that
00:17:45.240000,00:17:48.230000,it will discard this value after that this comma operator this
00:17:48.230000,00:17:48.240000,this comma operator this
00:17:48.240000,00:17:51.049000,this comma operator this for this uh the the expression that this
00:17:51.049000,00:17:51.059000,for this uh the the expression that this
00:17:51.059000,00:17:52.850000,for this uh the the expression that this would be executed and this will discard
00:17:52.850000,00:17:52.860000,would be executed and this will discard
00:17:52.860000,00:17:55.070000,would be executed and this will discard the value so it will discard two then it
00:17:55.070000,00:17:55.080000,the value so it will discard two then it
00:17:55.080000,00:17:56.870000,the value so it will discard two then it will discard three and then it will
00:17:56.870000,00:17:56.880000,will discard three and then it will
00:17:56.880000,00:17:59.029000,will discard three and then it will return 4.
00:17:59.029000,00:17:59.039000,return 4.
00:17:59.039000,00:18:02.029000,return 4. right so now 4 would be assigned to this
00:18:02.029000,00:18:02.039000,right so now 4 would be assigned to this
00:18:02.039000,00:18:03.950000,right so now 4 would be assigned to this a in this case now in this case a would
00:18:03.950000,00:18:03.960000,a in this case now in this case a would
00:18:03.960000,00:18:07.430000,a in this case now in this case a would be 4.
00:18:10.610000,00:18:10.620000,I hope you got the value sorry how you
00:18:10.620000,00:18:13.130000,I hope you got the value sorry how you are getting this 4 right when you move
00:18:13.130000,00:18:13.140000,are getting this 4 right when you move
00:18:13.140000,00:18:15.110000,are getting this 4 right when you move left to right this would be discarded
00:18:15.110000,00:18:15.120000,left to right this would be discarded
00:18:15.120000,00:18:16.789000,left to right this would be discarded this would be discarded and finally the
00:18:16.789000,00:18:16.799000,this would be discarded and finally the
00:18:16.799000,00:18:18.169000,this would be discarded and finally the whatever the value at the right hand
00:18:18.169000,00:18:18.179000,whatever the value at the right hand
00:18:18.179000,00:18:20.210000,whatever the value at the right hand side at last
00:18:20.210000,00:18:20.220000,side at last
00:18:20.220000,00:18:22.430000,side at last it that value would be returned if I
00:18:22.430000,00:18:22.440000,it that value would be returned if I
00:18:22.440000,00:18:25.370000,it that value would be returned if I write here comma 6.
00:18:25.370000,00:18:25.380000,write here comma 6.
00:18:25.380000,00:18:28.730000,write here comma 6. then this value will also be discarded
00:18:28.730000,00:18:28.740000,then this value will also be discarded
00:18:28.740000,00:18:30.590000,then this value will also be discarded after this comma operator we have one
00:18:30.590000,00:18:30.600000,after this comma operator we have one
00:18:30.600000,00:18:32.270000,after this comma operator we have one more value so this would be returned the
00:18:32.270000,00:18:32.280000,more value so this would be returned the
00:18:32.280000,00:18:35.570000,more value so this would be returned the last value so now a would be 6.
00:18:35.570000,00:18:35.580000,last value so now a would be 6.
00:18:35.580000,00:18:36.890000,last value so now a would be 6. right
00:18:36.890000,00:18:36.900000,right
00:18:36.900000,00:18:38.630000,right so this is one more question for you
00:18:38.630000,00:18:38.640000,so this is one more question for you
00:18:38.640000,00:18:40.789000,so this is one more question for you guys we have four variable ABCD the
00:18:40.789000,00:18:40.799000,guys we have four variable ABCD the
00:18:40.799000,00:18:42.470000,guys we have four variable ABCD the values are something like this and in y
00:18:42.470000,00:18:42.480000,values are something like this and in y
00:18:42.480000,00:18:44.570000,values are something like this and in y this is the expression a divided by B
00:18:44.570000,00:18:44.580000,this is the expression a divided by B
00:18:44.580000,00:18:46.970000,this is the expression a divided by B this is bitwise xor
00:18:46.970000,00:18:46.980000,this is bitwise xor
00:18:46.980000,00:18:50.690000,this is bitwise xor C into a mode in bracket we have C plus
00:18:50.690000,00:18:50.700000,C into a mode in bracket we have C plus
00:18:50.700000,00:18:55.190000,C into a mode in bracket we have C plus d c plus d then left shift d and minus 2
00:18:55.190000,00:18:55.200000,d c plus d then left shift d and minus 2
00:18:55.200000,00:18:58.610000,d c plus d then left shift d and minus 2 so what would be the value of this
00:18:58.610000,00:18:58.620000,so what would be the value of this
00:18:58.620000,00:19:00.350000,so what would be the value of this I hope you got precedence and
00:19:00.350000,00:19:00.360000,I hope you got precedence and
00:19:00.360000,00:19:03.049000,I hope you got precedence and associativity and you can evaluate any
00:19:03.049000,00:19:03.059000,associativity and you can evaluate any
00:19:03.059000,00:19:05.750000,associativity and you can evaluate any complex expression right now the tricky
00:19:05.750000,00:19:05.760000,complex expression right now the tricky
00:19:05.760000,00:19:08.270000,complex expression right now the tricky one is increment and decrement prefix
00:19:08.270000,00:19:08.280000,one is increment and decrement prefix
00:19:08.280000,00:19:10.610000,one is increment and decrement prefix increment and post fix these Expressions
00:19:10.610000,00:19:10.620000,increment and post fix these Expressions
00:19:10.620000,00:19:12.529000,increment and post fix these Expressions so for that we will be discussing two or
00:19:12.529000,00:19:12.539000,so for that we will be discussing two or
00:19:12.539000,00:19:14.630000,so for that we will be discussing two or three you know separate in separate
00:19:14.630000,00:19:14.640000,three you know separate in separate
00:19:14.640000,00:19:16.370000,three you know separate in separate video two or three questions complicated
00:19:16.370000,00:19:16.380000,video two or three questions complicated
00:19:16.380000,00:19:17.630000,video two or three questions complicated type of questions
00:19:17.630000,00:19:17.640000,type of questions
00:19:17.640000,00:19:19.130000,type of questions right so now I'll see the next video
00:19:19.130000,00:19:19.140000,right so now I'll see the next video
00:19:19.140000,00:19:22.400000,right so now I'll see the next video till then bye take care
