Start Time,End Time,Text
00:00:02.230000,00:00:02.240000,so in the series of learning c plus plus
00:00:02.240000,00:00:04.070000,so in the series of learning c plus plus programming language we are discussing
00:00:04.070000,00:00:04.080000,programming language we are discussing
00:00:04.080000,00:00:05.749000,programming language we are discussing control structures in c plus plus till
00:00:05.749000,00:00:05.759000,control structures in c plus plus till
00:00:05.759000,00:00:07.030000,control structures in c plus plus till now we have discussed simple if
00:00:07.030000,00:00:07.040000,now we have discussed simple if
00:00:07.040000,00:00:10.070000,now we have discussed simple if statement if else and elsif letter
00:00:10.070000,00:00:10.080000,statement if else and elsif letter
00:00:10.080000,00:00:13.030000,statement if else and elsif letter so now the next is nested if and nested
00:00:13.030000,00:00:13.040000,so now the next is nested if and nested
00:00:13.040000,00:00:15.669000,so now the next is nested if and nested if else yes we can do nesting of if as
00:00:15.669000,00:00:15.679000,if else yes we can do nesting of if as
00:00:15.679000,00:00:17.670000,if else yes we can do nesting of if as well as nesting of effects now what is
00:00:17.670000,00:00:17.680000,well as nesting of effects now what is
00:00:17.680000,00:00:19.109000,well as nesting of effects now what is this nested in
00:00:19.109000,00:00:19.119000,this nested in
00:00:19.119000,00:00:21.670000,this nested in what is nested if else why to use these
00:00:21.670000,00:00:21.680000,what is nested if else why to use these
00:00:21.680000,00:00:23.910000,what is nested if else why to use these when to use this how to use these uh
00:00:23.910000,00:00:23.920000,when to use this how to use these uh
00:00:23.920000,00:00:25.990000,when to use this how to use these uh these statements in your program
00:00:25.990000,00:00:26,these statements in your program
00:00:26,00:00:27.750000,these statements in your program right everything about these statements
00:00:27.750000,00:00:27.760000,right everything about these statements
00:00:27.760000,00:00:29.269000,right everything about these statements we'll be discussing in this video video
00:00:29.269000,00:00:29.279000,we'll be discussing in this video video
00:00:29.279000,00:00:31.029000,we'll be discussing in this video video with the help of a program i'll show you
00:00:31.029000,00:00:31.039000,with the help of a program i'll show you
00:00:31.039000,00:00:33.510000,with the help of a program i'll show you practically also we'll see
00:00:33.510000,00:00:33.520000,practically also we'll see
00:00:33.520000,00:00:34.790000,practically also we'll see with the help of program and we'll
00:00:34.790000,00:00:34.800000,with the help of program and we'll
00:00:34.800000,00:00:36.630000,with the help of program and we'll relate these thing with the help of you
00:00:36.630000,00:00:36.640000,relate these thing with the help of you
00:00:36.640000,00:00:40.069000,relate these thing with the help of you know real life examples also right so
00:00:40.069000,00:00:40.079000,know real life examples also right so
00:00:40.079000,00:00:41.510000,know real life examples also right so now before i just want to tell you one
00:00:41.510000,00:00:41.520000,now before i just want to tell you one
00:00:41.520000,00:00:43.190000,now before i just want to tell you one thing if you guys are preparing for gate
00:00:43.190000,00:00:43.200000,thing if you guys are preparing for gate
00:00:43.200000,00:00:45.670000,thing if you guys are preparing for gate 2023 exam will be preparing for your
00:00:45.670000,00:00:45.680000,2023 exam will be preparing for your
00:00:45.680000,00:00:47.990000,2023 exam will be preparing for your gate 2023 exam
00:00:47.990000,00:00:48,gate 2023 exam
00:00:48,00:00:50.229000,gate 2023 exam then geeks for geeks is conducting a
00:00:50.229000,00:00:50.239000,then geeks for geeks is conducting a
00:00:50.239000,00:00:53.110000,then geeks for geeks is conducting a gate csol india scholarship test on 6th
00:00:53.110000,00:00:53.120000,gate csol india scholarship test on 6th
00:00:53.120000,00:00:54.310000,gate csol india scholarship test on 6th of august
00:00:54.310000,00:00:54.320000,of august
00:00:54.320000,00:00:56.869000,of august right and best part is it is free you
00:00:56.869000,00:00:56.879000,right and best part is it is free you
00:00:56.879000,00:00:58.630000,right and best part is it is free you can take this test for free it will be
00:00:58.630000,00:00:58.640000,can take this test for free it will be
00:00:58.640000,00:00:59.590000,can take this test for free it will be contained
00:00:59.590000,00:00:59.600000,contained
00:00:59.600000,00:01:02.150000,contained you know consisting 24 questions time
00:01:02.150000,00:01:02.160000,you know consisting 24 questions time
00:01:02.160000,00:01:04.630000,you know consisting 24 questions time limit would be one hour and mark's total
00:01:04.630000,00:01:04.640000,limit would be one hour and mark's total
00:01:04.640000,00:01:07.109000,limit would be one hour and mark's total marks are 120 marks
00:01:07.109000,00:01:07.119000,marks are 120 marks
00:01:07.119000,00:01:08.950000,marks are 120 marks so uh this test would be you can see
00:01:08.950000,00:01:08.960000,so uh this test would be you can see
00:01:08.960000,00:01:10.710000,so uh this test would be you can see it's a miniature version of real gate
00:01:10.710000,00:01:10.720000,it's a miniature version of real gate
00:01:10.720000,00:01:13.109000,it's a miniature version of real gate exam simulation of real gate exam so if
00:01:13.109000,00:01:13.119000,exam simulation of real gate exam so if
00:01:13.119000,00:01:15.190000,exam simulation of real gate exam so if you take this online online exam then
00:01:15.190000,00:01:15.200000,you take this online online exam then
00:01:15.200000,00:01:17.190000,you take this online online exam then definitely it is going to you know boost
00:01:17.190000,00:01:17.200000,definitely it is going to you know boost
00:01:17.200000,00:01:19.270000,definitely it is going to you know boost your gate exam preparation
00:01:19.270000,00:01:19.280000,your gate exam preparation
00:01:19.280000,00:01:22.070000,your gate exam preparation and you will like i will provide you you
00:01:22.070000,00:01:22.080000,and you will like i will provide you you
00:01:22.080000,00:01:24.469000,and you will like i will provide you you know admission to one of the best gate
00:01:24.469000,00:01:24.479000,know admission to one of the best gate
00:01:24.479000,00:01:27.670000,know admission to one of the best gate live batches with amazing discounts and
00:01:27.670000,00:01:27.680000,live batches with amazing discounts and
00:01:27.680000,00:01:30.390000,live batches with amazing discounts and this test consists of complete 20 gay
00:01:30.390000,00:01:30.400000,this test consists of complete 20 gay
00:01:30.400000,00:01:32.710000,this test consists of complete 20 gay 2023 slavers and
00:01:32.710000,00:01:32.720000,2023 slavers and
00:01:32.720000,00:01:34.710000,2023 slavers and similar question pattern of you know
00:01:34.710000,00:01:34.720000,similar question pattern of you know
00:01:34.720000,00:01:37.190000,similar question pattern of you know real gate computer science exam
00:01:37.190000,00:01:37.200000,real gate computer science exam
00:01:37.200000,00:01:40.149000,real gate computer science exam it has been exclusively you know made by
00:01:40.149000,00:01:40.159000,it has been exclusively you know made by
00:01:40.159000,00:01:42.870000,it has been exclusively you know made by their gate toppers and experts
00:01:42.870000,00:01:42.880000,their gate toppers and experts
00:01:42.880000,00:01:44.389000,their gate toppers and experts so what benefits you will get if you go
00:01:44.389000,00:01:44.399000,so what benefits you will get if you go
00:01:44.399000,00:01:47.350000,so what benefits you will get if you go for this test top three rankers will get
00:01:47.350000,00:01:47.360000,for this test top three rankers will get
00:01:47.360000,00:01:50.069000,for this test top three rankers will get 30 scholarship then 4 to 10 rankers will
00:01:50.069000,00:01:50.079000,30 scholarship then 4 to 10 rankers will
00:01:50.079000,00:01:52.950000,30 scholarship then 4 to 10 rankers will get 20 scholarship and uh and after that
00:01:52.950000,00:01:52.960000,get 20 scholarship and uh and after that
00:01:52.960000,00:01:55.429000,get 20 scholarship and uh and after that 11 to 50 rankers will get 10 percent
00:01:55.429000,00:01:55.439000,11 to 50 rankers will get 10 percent
00:01:55.439000,00:01:56.789000,11 to 50 rankers will get 10 percent scholarship
00:01:56.789000,00:01:56.799000,scholarship
00:01:56.799000,00:01:58.789000,scholarship so all the relevant links and details
00:01:58.789000,00:01:58.799000,so all the relevant links and details
00:01:58.799000,00:02:00.230000,so all the relevant links and details i'll put in the description box of this
00:02:00.230000,00:02:00.240000,i'll put in the description box of this
00:02:00.240000,00:02:02.550000,i'll put in the description box of this video you can go and check out now let's
00:02:02.550000,00:02:02.560000,video you can go and check out now let's
00:02:02.560000,00:02:03.990000,video you can go and check out now let's see what is this nester defend
00:02:03.990000,00:02:04,see what is this nester defend
00:02:04,00:02:06.149000,see what is this nester defend yesterday's statements
00:02:06.149000,00:02:06.159000,yesterday's statements
00:02:06.159000,00:02:08.389000,yesterday's statements nested of it means see
00:02:08.389000,00:02:08.399000,nested of it means see
00:02:08.399000,00:02:10.150000,nested of it means see one if we have
00:02:10.150000,00:02:10.160000,one if we have
00:02:10.160000,00:02:12.630000,one if we have within this if we have one more if
00:02:12.630000,00:02:12.640000,within this if we have one more if
00:02:12.640000,00:02:15.270000,within this if we have one more if within this we have one one more this is
00:02:15.270000,00:02:15.280000,within this we have one one more this is
00:02:15.280000,00:02:18.070000,within this we have one one more this is what called as nested
00:02:18.070000,00:02:18.080000,what called as nested
00:02:18.080000,00:02:21.270000,what called as nested and nested defense means one we have if
00:02:21.270000,00:02:21.280000,and nested defense means one we have if
00:02:21.280000,00:02:23.350000,and nested defense means one we have if then we have some condition within this
00:02:23.350000,00:02:23.360000,then we have some condition within this
00:02:23.360000,00:02:26.229000,then we have some condition within this if we have one more if else if
00:02:26.229000,00:02:26.239000,if we have one more if else if
00:02:26.239000,00:02:27.030000,if we have one more if else if right
00:02:27.030000,00:02:27.040000,right
00:02:27.040000,00:02:29.270000,right then else
00:02:29.270000,00:02:29.280000,then else
00:02:29.280000,00:02:31.670000,then else and closing of the set after that else
00:02:31.670000,00:02:31.680000,and closing of the set after that else
00:02:31.680000,00:02:33.990000,and closing of the set after that else this else is for this if within this
00:02:33.990000,00:02:34,this else is for this if within this
00:02:34,00:02:36.869000,this else is for this if within this else we have like if
00:02:36.869000,00:02:36.879000,else we have like if
00:02:36.879000,00:02:38.949000,else we have like if else
00:02:38.949000,00:02:38.959000,else
00:02:38.959000,00:02:41.110000,else this is something like nested if else
00:02:41.110000,00:02:41.120000,this is something like nested if else
00:02:41.120000,00:02:43.430000,this is something like nested if else this is nested if only we are just
00:02:43.430000,00:02:43.440000,this is nested if only we are just
00:02:43.440000,00:02:46.070000,this is nested if only we are just nesting if only right
00:02:46.070000,00:02:46.080000,nesting if only right
00:02:46.080000,00:02:47.910000,nesting if only right so nested if it is also possible nested
00:02:47.910000,00:02:47.920000,so nested if it is also possible nested
00:02:47.920000,00:02:50.070000,so nested if it is also possible nested if s is also possible now when when to
00:02:50.070000,00:02:50.080000,if s is also possible now when when to
00:02:50.080000,00:02:51.910000,if s is also possible now when when to use these kind of things why we use
00:02:51.910000,00:02:51.920000,use these kind of things why we use
00:02:51.920000,00:02:54.309000,use these kind of things why we use these things see when we have more than
00:02:54.309000,00:02:54.319000,these things see when we have more than
00:02:54.319000,00:02:55.589000,these things see when we have more than one condition
00:02:55.589000,00:02:55.599000,one condition
00:02:55.599000,00:02:56.710000,one condition right
00:02:56.710000,00:02:56.720000,right
00:02:56.720000,00:02:58.790000,right and these conditions are dependent on
00:02:58.790000,00:02:58.800000,and these conditions are dependent on
00:02:58.800000,00:03:00.149000,and these conditions are dependent on each other
00:03:00.149000,00:03:00.159000,each other
00:03:00.159000,00:03:01.830000,each other then we use
00:03:01.830000,00:03:01.840000,then we use
00:03:01.840000,00:03:04.470000,then we use the scenario nested if scenario
00:03:04.470000,00:03:04.480000,the scenario nested if scenario
00:03:04.480000,00:03:05.589000,the scenario nested if scenario right
00:03:05.589000,00:03:05.599000,right
00:03:05.599000,00:03:07.910000,right now let's take one condition and till
00:03:07.910000,00:03:07.920000,now let's take one condition and till
00:03:07.920000,00:03:10.869000,now let's take one condition and till how many levels you can nest this if
00:03:10.869000,00:03:10.879000,how many levels you can nest this if
00:03:10.879000,00:03:12.630000,how many levels you can nest this if it's unlimited
00:03:12.630000,00:03:12.640000,it's unlimited
00:03:12.640000,00:03:15.350000,it's unlimited like if if if within this if you can
00:03:15.350000,00:03:15.360000,like if if if within this if you can
00:03:15.360000,00:03:17.750000,like if if if within this if you can write down multiple you know nesting you
00:03:17.750000,00:03:17.760000,write down multiple you know nesting you
00:03:17.760000,00:03:20.470000,write down multiple you know nesting you it is possible it is not limited right
00:03:20.470000,00:03:20.480000,it is possible it is not limited right
00:03:20.480000,00:03:23.910000,it is possible it is not limited right now let's take a scenario see
00:03:23.910000,00:03:23.920000,now let's take a scenario see
00:03:23.920000,00:03:26.789000,now let's take a scenario see your mom will say like your mother say
00:03:26.789000,00:03:26.799000,your mom will say like your mother say
00:03:26.799000,00:03:28.949000,your mom will say like your mother say if you go to supermarket
00:03:28.949000,00:03:28.959000,if you go to supermarket
00:03:28.959000,00:03:30.710000,if you go to supermarket right first condition is if go to
00:03:30.710000,00:03:30.720000,right first condition is if go to
00:03:30.720000,00:03:32.229000,right first condition is if go to supermarket
00:03:32.229000,00:03:32.239000,supermarket
00:03:32.239000,00:03:33.990000,supermarket then
00:03:33.990000,00:03:34,then
00:03:34,00:03:38.149000,then if orange is available then buy oranges
00:03:38.149000,00:03:38.159000,if orange is available then buy oranges
00:03:38.159000,00:03:39.110000,if orange is available then buy oranges right
00:03:39.110000,00:03:39.120000,right
00:03:39.120000,00:03:43.350000,right so one one condition is if
00:03:43.350000,00:03:43.360000,so one one condition is if
00:03:43.360000,00:03:47.030000,so one one condition is if go to supermarket
00:03:48.710000,00:03:48.720000,then one more if
00:03:48.720000,00:03:50.630000,then one more if like apple
00:03:50.630000,00:03:50.640000,like apple
00:03:50.640000,00:03:53.350000,like apple apples
00:03:57.429000,00:03:57.439000,buy
00:03:57.439000,00:03:58.949000,buy so this
00:03:58.949000,00:03:58.959000,so this
00:03:58.959000,00:04:01.509000,so this if is you can say inner right and this
00:04:01.509000,00:04:01.519000,if is you can say inner right and this
00:04:01.519000,00:04:03.509000,if is you can say inner right and this is outright
00:04:03.509000,00:04:03.519000,is outright
00:04:03.519000,00:04:04.229000,is outright so
00:04:04.229000,00:04:04.239000,so
00:04:04.239000,00:04:06.550000,so to enter into this inner if this outer
00:04:06.550000,00:04:06.560000,to enter into this inner if this outer
00:04:06.560000,00:04:08.869000,to enter into this inner if this outer if condition must be true in this case
00:04:08.869000,00:04:08.879000,if condition must be true in this case
00:04:08.879000,00:04:11.030000,if condition must be true in this case also to buy oranges you have to go to
00:04:11.030000,00:04:11.040000,also to buy oranges you have to go to
00:04:11.040000,00:04:12.949000,also to buy oranges you have to go to supermarket
00:04:12.949000,00:04:12.959000,supermarket
00:04:12.959000,00:04:15.030000,supermarket so if this condition is true if you are
00:04:15.030000,00:04:15.040000,so if this condition is true if you are
00:04:15.040000,00:04:16.949000,so if this condition is true if you are going to supermarket then only you can
00:04:16.949000,00:04:16.959000,going to supermarket then only you can
00:04:16.959000,00:04:18.710000,going to supermarket then only you can buy oranges
00:04:18.710000,00:04:18.720000,buy oranges
00:04:18.720000,00:04:20.390000,buy oranges if you don't go to supermarket then
00:04:20.390000,00:04:20.400000,if you don't go to supermarket then
00:04:20.400000,00:04:21.830000,if you don't go to supermarket then definitely we are not going to enter
00:04:21.830000,00:04:21.840000,definitely we are not going to enter
00:04:21.840000,00:04:24.150000,definitely we are not going to enter into this if block and no execution of
00:04:24.150000,00:04:24.160000,into this if block and no execution of
00:04:24.160000,00:04:26.950000,into this if block and no execution of this nrf statement in a if condition
00:04:26.950000,00:04:26.960000,this nrf statement in a if condition
00:04:26.960000,00:04:29.430000,this nrf statement in a if condition directly we will go out
00:04:29.430000,00:04:29.440000,directly we will go out
00:04:29.440000,00:04:31.270000,directly we will go out whatever you write here after this if
00:04:31.270000,00:04:31.280000,whatever you write here after this if
00:04:31.280000,00:04:32.310000,whatever you write here after this if blow
00:04:32.310000,00:04:32.320000,blow
00:04:32.320000,00:04:33.830000,blow right
00:04:33.830000,00:04:33.840000,right
00:04:33.840000,00:04:36.230000,right so to execute the nrf condition to check
00:04:36.230000,00:04:36.240000,so to execute the nrf condition to check
00:04:36.240000,00:04:37.909000,so to execute the nrf condition to check the inner if condition the outer if
00:04:37.909000,00:04:37.919000,the inner if condition the outer if
00:04:37.919000,00:04:40.310000,the inner if condition the outer if condition must be true thus you need to
00:04:40.310000,00:04:40.320000,condition must be true thus you need to
00:04:40.320000,00:04:43.030000,condition must be true thus you need to take care right for more nesting you can
00:04:43.030000,00:04:43.040000,take care right for more nesting you can
00:04:43.040000,00:04:44.790000,take care right for more nesting you can do like if
00:04:44.790000,00:04:44.800000,do like if
00:04:44.800000,00:04:47.990000,do like if go to supermarket if like good apples
00:04:47.990000,00:04:48,go to supermarket if like good apples
00:04:48,00:04:49.430000,go to supermarket if like good apples available
00:04:49.430000,00:04:49.440000,available
00:04:49.440000,00:04:52.310000,available like if apple available then we'll check
00:04:52.310000,00:04:52.320000,like if apple available then we'll check
00:04:52.320000,00:04:53.830000,like if apple available then we'll check if
00:04:53.830000,00:04:53.840000,if
00:04:53.840000,00:04:55.110000,if quality is
00:04:55.110000,00:04:55.120000,quality is
00:04:55.120000,00:04:58.950000,quality is good then only buy
00:04:58.950000,00:04:58.960000,good then only buy
00:04:58.960000,00:05:01.670000,good then only buy so this is also nesting of if
00:05:01.670000,00:05:01.680000,so this is also nesting of if
00:05:01.680000,00:05:02.629000,so this is also nesting of if right
00:05:02.629000,00:05:02.639000,right
00:05:02.639000,00:05:04.790000,right so this if condition is if good good
00:05:04.790000,00:05:04.800000,so this if condition is if good good
00:05:04.800000,00:05:06.710000,so this if condition is if good good apples available for this condition to
00:05:06.710000,00:05:06.720000,apples available for this condition to
00:05:06.720000,00:05:08.710000,apples available for this condition to be true the outer if condition must be
00:05:08.710000,00:05:08.720000,be true the outer if condition must be
00:05:08.720000,00:05:09.510000,be true the outer if condition must be true
00:05:09.510000,00:05:09.520000,true
00:05:09.520000,00:05:10.950000,true if apples are not available in the
00:05:10.950000,00:05:10.960000,if apples are not available in the
00:05:10.960000,00:05:12.790000,if apples are not available in the supermarket then how you can check that
00:05:12.790000,00:05:12.800000,supermarket then how you can check that
00:05:12.800000,00:05:15.830000,supermarket then how you can check that apples the quality is good or bad
00:05:15.830000,00:05:15.840000,apples the quality is good or bad
00:05:15.840000,00:05:18.070000,apples the quality is good or bad so for this condition to be true or to
00:05:18.070000,00:05:18.080000,so for this condition to be true or to
00:05:18.080000,00:05:19.590000,so for this condition to be true or to be checked
00:05:19.590000,00:05:19.600000,be checked
00:05:19.600000,00:05:21.670000,be checked this outer if condition must be true
00:05:21.670000,00:05:21.680000,this outer if condition must be true
00:05:21.680000,00:05:24.070000,this outer if condition must be true apple must be available in supermarket
00:05:24.070000,00:05:24.080000,apple must be available in supermarket
00:05:24.080000,00:05:25.590000,apple must be available in supermarket then only you can check if these are
00:05:25.590000,00:05:25.600000,then only you can check if these are
00:05:25.600000,00:05:27.350000,then only you can check if these are good or bad
00:05:27.350000,00:05:27.360000,good or bad
00:05:27.360000,00:05:29.670000,good or bad so when we have multiple conditions more
00:05:29.670000,00:05:29.680000,so when we have multiple conditions more
00:05:29.680000,00:05:31.430000,so when we have multiple conditions more than one condition to check and these
00:05:31.430000,00:05:31.440000,than one condition to check and these
00:05:31.440000,00:05:33.830000,than one condition to check and these conditions are dependent on each other
00:05:33.830000,00:05:33.840000,conditions are dependent on each other
00:05:33.840000,00:05:35.270000,conditions are dependent on each other then we use these kind of scenario
00:05:35.270000,00:05:35.280000,then we use these kind of scenario
00:05:35.280000,00:05:37.670000,then we use these kind of scenario nested if a nested defense
00:05:37.670000,00:05:37.680000,nested if a nested defense
00:05:37.680000,00:05:39.590000,nested if a nested defense yeah we can do these kind of things with
00:05:39.590000,00:05:39.600000,yeah we can do these kind of things with
00:05:39.600000,00:05:41.350000,yeah we can do these kind of things with another scenario also that we'll discuss
00:05:41.350000,00:05:41.360000,another scenario also that we'll discuss
00:05:41.360000,00:05:42.950000,another scenario also that we'll discuss in the at the end of this video but
00:05:42.950000,00:05:42.960000,in the at the end of this video but
00:05:42.960000,00:05:43.830000,in the at the end of this video but first
00:05:43.830000,00:05:43.840000,first
00:05:43.840000,00:05:46.870000,first i think it is clear to you how to use
00:05:46.870000,00:05:46.880000,i think it is clear to you how to use
00:05:46.880000,00:05:48.870000,i think it is clear to you how to use and when to use this nested if and
00:05:48.870000,00:05:48.880000,and when to use this nested if and
00:05:48.880000,00:05:51.350000,and when to use this nested if and nested if else statements
00:05:51.350000,00:05:51.360000,nested if else statements
00:05:51.360000,00:05:54.870000,nested if else statements right so see general generally if i
00:05:54.870000,00:05:54.880000,right so see general generally if i
00:05:54.880000,00:05:57.189000,right so see general generally if i write down so if
00:05:57.189000,00:05:57.199000,write down so if
00:05:57.199000,00:05:59.830000,write down so if like condition one
00:05:59.830000,00:05:59.840000,like condition one
00:05:59.840000,00:06:01.110000,like condition one then
00:06:01.110000,00:06:01.120000,then
00:06:01.120000,00:06:02.870000,then one more if
00:06:02.870000,00:06:02.880000,one more if
00:06:02.880000,00:06:04.230000,one more if if
00:06:04.230000,00:06:04.240000,if
00:06:04.240000,00:06:06.790000,if condition two right
00:06:06.790000,00:06:06.800000,condition two right
00:06:06.800000,00:06:08.309000,condition two right like this
00:06:08.309000,00:06:08.319000,like this
00:06:08.319000,00:06:09.749000,like this if
00:06:09.749000,00:06:09.759000,if
00:06:09.759000,00:06:11.590000,if condition 3 like this it will be going
00:06:11.590000,00:06:11.600000,condition 3 like this it will be going
00:06:11.600000,00:06:16.230000,condition 3 like this it will be going on and at last suppose if
00:06:18.150000,00:06:18.160000,condition n
00:06:18.160000,00:06:22.230000,condition n and within this i'm writing statement
00:06:22.230000,00:06:22.240000,and within this i'm writing statement
00:06:22.240000,00:06:23.350000,and within this i'm writing statement n
00:06:23.350000,00:06:23.360000,n
00:06:23.360000,00:06:24.230000,n right
00:06:24.230000,00:06:24.240000,right
00:06:24.240000,00:06:25.670000,right and
00:06:25.670000,00:06:25.680000,and
00:06:25.680000,00:06:28.150000,and closing of all the if and after this if
00:06:28.150000,00:06:28.160000,closing of all the if and after this if
00:06:28.160000,00:06:29.830000,closing of all the if and after this if block i am just writing a statement
00:06:29.830000,00:06:29.840000,block i am just writing a statement
00:06:29.840000,00:06:31.749000,block i am just writing a statement statement
00:06:31.749000,00:06:31.759000,statement
00:06:31.759000,00:06:36.070000,statement x so this is nested of f only
00:06:36.070000,00:06:36.080000,x so this is nested of f only
00:06:36.080000,00:06:38.550000,x so this is nested of f only up to n level you can nest so how you
00:06:38.550000,00:06:38.560000,up to n level you can nest so how you
00:06:38.560000,00:06:40.629000,up to n level you can nest so how you can you know map this with help of a
00:06:40.629000,00:06:40.639000,can you know map this with help of a
00:06:40.639000,00:06:42.390000,can you know map this with help of a flowchart see
00:06:42.390000,00:06:42.400000,flowchart see
00:06:42.400000,00:06:45.189000,flowchart see this is suppose
00:06:45.189000,00:06:45.199000,this is suppose
00:06:45.199000,00:06:47.189000,this is suppose we are executing the program the entry
00:06:47.189000,00:06:47.199000,we are executing the program the entry
00:06:47.199000,00:06:50.390000,we are executing the program the entry then we got condition one this one
00:06:50.390000,00:06:50.400000,then we got condition one this one
00:06:50.400000,00:06:52.550000,then we got condition one this one two cases can be there
00:06:52.550000,00:06:52.560000,two cases can be there
00:06:52.560000,00:06:53.510000,two cases can be there right
00:06:53.510000,00:06:53.520000,right
00:06:53.520000,00:06:55.990000,right if this is true
00:06:55.990000,00:06:56,if this is true
00:06:56,00:06:57.589000,if this is true if this condition is true then only we
00:06:57.589000,00:06:57.599000,if this condition is true then only we
00:06:57.599000,00:07:00.830000,if this condition is true then only we will enter then we got second condition
00:07:00.830000,00:07:00.840000,will enter then we got second condition
00:07:00.840000,00:07:02.629000,will enter then we got second condition okay
00:07:02.629000,00:07:02.639000,okay
00:07:02.639000,00:07:05.270000,okay condition 2
00:07:05.270000,00:07:05.280000,condition 2
00:07:05.280000,00:07:06.870000,condition 2 if this is true
00:07:06.870000,00:07:06.880000,if this is true
00:07:06.880000,00:07:08.469000,if this is true then only we will enter here then
00:07:08.469000,00:07:08.479000,then only we will enter here then
00:07:08.479000,00:07:09.670000,then only we will enter here then condition
00:07:09.670000,00:07:09.680000,condition
00:07:09.680000,00:07:11.589000,condition 3 and up to condition n
00:07:11.589000,00:07:11.599000,3 and up to condition n
00:07:11.599000,00:07:14.870000,3 and up to condition n so like this up to condition
00:07:14.870000,00:07:14.880000,so like this up to condition
00:07:14.880000,00:07:17.110000,so like this up to condition n
00:07:17.110000,00:07:17.120000,n
00:07:17.120000,00:07:20.790000,n now if this condition is true
00:07:29.990000,00:07:30,and after statement end obviously out of
00:07:30,00:07:32.469000,and after statement end obviously out of this if and then statement
00:07:32.469000,00:07:32.479000,this if and then statement
00:07:32.479000,00:07:37.510000,this if and then statement x
00:07:40.710000,00:07:40.720000,statement x but second case is if the
00:07:40.720000,00:07:42.870000,statement x but second case is if the first condition is false
00:07:42.870000,00:07:42.880000,first condition is false
00:07:42.880000,00:07:45.029000,first condition is false if this condition is false definitely we
00:07:45.029000,00:07:45.039000,if this condition is false definitely we
00:07:45.039000,00:07:46.309000,if this condition is false definitely we will not
00:07:46.309000,00:07:46.319000,will not
00:07:46.319000,00:07:48.230000,will not these inner if a condition will not be
00:07:48.230000,00:07:48.240000,these inner if a condition will not be
00:07:48.240000,00:07:49.749000,these inner if a condition will not be checked this would not be executed
00:07:49.749000,00:07:49.759000,checked this would not be executed
00:07:49.759000,00:07:51.990000,checked this would not be executed directly control will go out of this
00:07:51.990000,00:07:52,directly control will go out of this
00:07:52,00:07:53.670000,directly control will go out of this statement
00:07:53.670000,00:07:53.680000,statement
00:07:53.680000,00:07:55.749000,statement to statement x
00:07:55.749000,00:07:55.759000,to statement x
00:07:55.759000,00:07:57.189000,to statement x okay now
00:07:57.189000,00:07:57.199000,okay now
00:07:57.199000,00:07:59.510000,okay now in case if this condition is false if
00:07:59.510000,00:07:59.520000,in case if this condition is false if
00:07:59.520000,00:08:01.270000,in case if this condition is false if true next condition would be checked if
00:08:01.270000,00:08:01.280000,true next condition would be checked if
00:08:01.280000,00:08:04.710000,true next condition would be checked if false if false in that case
00:08:04.710000,00:08:04.720000,false if false in that case
00:08:04.720000,00:08:06.550000,false if false in that case within the block we are not writing you
00:08:06.550000,00:08:06.560000,within the block we are not writing you
00:08:06.560000,00:08:08.629000,within the block we are not writing you know we are not writing any statements
00:08:08.629000,00:08:08.639000,know we are not writing any statements
00:08:08.639000,00:08:10.629000,know we are not writing any statements like we have written within this
00:08:10.629000,00:08:10.639000,like we have written within this
00:08:10.639000,00:08:13.110000,like we have written within this this this block statement n
00:08:13.110000,00:08:13.120000,this this block statement n
00:08:13.120000,00:08:14.790000,this this block statement n same you can write like statement 1
00:08:14.790000,00:08:14.800000,same you can write like statement 1
00:08:14.800000,00:08:16.869000,same you can write like statement 1 statement 2 like this but we are not
00:08:16.869000,00:08:16.879000,statement 2 like this but we are not
00:08:16.879000,00:08:18.469000,statement 2 like this but we are not writing any statements so directly if
00:08:18.469000,00:08:18.479000,writing any statements so directly if
00:08:18.479000,00:08:20.629000,writing any statements so directly if false directly it will go to statement x
00:08:20.629000,00:08:20.639000,false directly it will go to statement x
00:08:20.639000,00:08:22.790000,false directly it will go to statement x out of this if block same if this
00:08:22.790000,00:08:22.800000,out of this if block same if this
00:08:22.800000,00:08:24.550000,out of this if block same if this condition n is true directly will go to
00:08:24.550000,00:08:24.560000,condition n is true directly will go to
00:08:24.560000,00:08:27.749000,condition n is true directly will go to statement x and after that maybe exit or
00:08:27.749000,00:08:27.759000,statement x and after that maybe exit or
00:08:27.759000,00:08:30.550000,statement x and after that maybe exit or further we can execute the program
00:08:30.550000,00:08:30.560000,further we can execute the program
00:08:30.560000,00:08:32.949000,further we can execute the program this would be you can say a flowchart of
00:08:32.949000,00:08:32.959000,this would be you can say a flowchart of
00:08:32.959000,00:08:35.589000,this would be you can say a flowchart of nested or if
00:08:35.589000,00:08:35.599000,nested or if
00:08:35.599000,00:08:36.630000,nested or if right
00:08:36.630000,00:08:36.640000,right
00:08:36.640000,00:08:39.750000,right same for if else i have shown you how to
00:08:39.750000,00:08:39.760000,same for if else i have shown you how to
00:08:39.760000,00:08:41.829000,same for if else i have shown you how to write down this thing if condition 1
00:08:41.829000,00:08:41.839000,write down this thing if condition 1
00:08:41.839000,00:08:43.269000,write down this thing if condition 1 then if
00:08:43.269000,00:08:43.279000,then if
00:08:43.279000,00:08:45.350000,then if another condition right
00:08:45.350000,00:08:45.360000,another condition right
00:08:45.360000,00:08:46.630000,another condition right then
00:08:46.630000,00:08:46.640000,then
00:08:46.640000,00:08:49.590000,then you can say here is some statements you
00:08:49.590000,00:08:49.600000,you can say here is some statements you
00:08:49.600000,00:08:52.310000,you can say here is some statements you can say
00:08:54.870000,00:08:54.880000,in a riff of
00:08:54.880000,00:08:57.750000,in a riff of if block
00:08:59.350000,00:08:59.360000,statement
00:08:59.360000,00:09:00.310000,statement right
00:09:00.310000,00:09:00.320000,right
00:09:00.320000,00:09:02.150000,right and then else
00:09:02.150000,00:09:02.160000,and then else
00:09:02.160000,00:09:06.070000,and then else and here you will write
00:09:11.990000,00:09:12,block
00:09:12,00:09:13.670000,block statement or rather than this you can
00:09:13.670000,00:09:13.680000,statement or rather than this you can
00:09:13.680000,00:09:15.670000,statement or rather than this you can write like statement x statement y
00:09:15.670000,00:09:15.680000,write like statement x statement y
00:09:15.680000,00:09:17.590000,write like statement x statement y statement abc something like this
00:09:17.590000,00:09:17.600000,statement abc something like this
00:09:17.600000,00:09:20.790000,statement abc something like this right then we write else then again we
00:09:20.790000,00:09:20.800000,right then we write else then again we
00:09:20.800000,00:09:23.110000,right then we write else then again we write if
00:09:23.110000,00:09:23.120000,write if
00:09:23.120000,00:09:24.949000,write if condition three
00:09:24.949000,00:09:24.959000,condition three
00:09:24.959000,00:09:26.389000,condition three if and else
00:09:26.389000,00:09:26.399000,if and else
00:09:26.399000,00:09:28.790000,if and else block like this you will write
00:09:28.790000,00:09:28.800000,block like this you will write
00:09:28.800000,00:09:30.710000,block like this you will write if else nesting of your files
00:09:30.710000,00:09:30.720000,if else nesting of your files
00:09:30.720000,00:09:32.550000,if else nesting of your files so now it is assignment for you guys you
00:09:32.550000,00:09:32.560000,so now it is assignment for you guys you
00:09:32.560000,00:09:34.949000,so now it is assignment for you guys you have to map this thing into this kind of
00:09:34.949000,00:09:34.959000,have to map this thing into this kind of
00:09:34.959000,00:09:36.870000,have to map this thing into this kind of flowchart i hope you can do this we have
00:09:36.870000,00:09:36.880000,flowchart i hope you can do this we have
00:09:36.880000,00:09:38.949000,flowchart i hope you can do this we have discussed many type of flowcharts
00:09:38.949000,00:09:38.959000,discussed many type of flowcharts
00:09:38.959000,00:09:40.310000,discussed many type of flowcharts in this video also we have discussed one
00:09:40.310000,00:09:40.320000,in this video also we have discussed one
00:09:40.320000,00:09:42.470000,in this video also we have discussed one and before that also we discussed so i
00:09:42.470000,00:09:42.480000,and before that also we discussed so i
00:09:42.480000,00:09:44.310000,and before that also we discussed so i guess you have some idea now now you can
00:09:44.310000,00:09:44.320000,guess you have some idea now now you can
00:09:44.320000,00:09:47.829000,guess you have some idea now now you can map this process in this flowchart
00:09:47.829000,00:09:47.839000,map this process in this flowchart
00:09:47.839000,00:09:49.990000,map this process in this flowchart just map this this is assignment for you
00:09:49.990000,00:09:50,just map this this is assignment for you
00:09:50,00:09:52.550000,just map this this is assignment for you guys and just send me maybe one in the
00:09:52.550000,00:09:52.560000,guys and just send me maybe one in the
00:09:52.560000,00:09:54.070000,guys and just send me maybe one in the comment section or a screenshot you can
00:09:54.070000,00:09:54.080000,comment section or a screenshot you can
00:09:54.080000,00:09:55.829000,comment section or a screenshot you can send on my instagram account
00:09:55.829000,00:09:55.839000,send on my instagram account
00:09:55.839000,00:09:56.710000,send on my instagram account right
00:09:56.710000,00:09:56.720000,right
00:09:56.720000,00:09:58.470000,right now let's
00:09:58.470000,00:09:58.480000,now let's
00:09:58.480000,00:10:00.230000,now let's do practical of this thing let's take a
00:10:00.230000,00:10:00.240000,do practical of this thing let's take a
00:10:00.240000,00:10:02.790000,do practical of this thing let's take a simple example and let's
00:10:02.790000,00:10:02.800000,simple example and let's
00:10:02.800000,00:10:05.910000,simple example and let's write a program so this is a program let
00:10:05.910000,00:10:05.920000,write a program so this is a program let
00:10:05.920000,00:10:07.750000,write a program so this is a program let me just first tell you the scenario we
00:10:07.750000,00:10:07.760000,me just first tell you the scenario we
00:10:07.760000,00:10:10.470000,me just first tell you the scenario we are discussing nested of offense so the
00:10:10.470000,00:10:10.480000,are discussing nested of offense so the
00:10:10.480000,00:10:11.910000,are discussing nested of offense so the condition is
00:10:11.910000,00:10:11.920000,condition is
00:10:11.920000,00:10:12.870000,condition is if
00:10:12.870000,00:10:12.880000,if
00:10:12.880000,00:10:14.389000,if the same example you are taking if you
00:10:14.389000,00:10:14.399000,the same example you are taking if you
00:10:14.399000,00:10:16.870000,the same example you are taking if you have money greater than thousand rupees
00:10:16.870000,00:10:16.880000,have money greater than thousand rupees
00:10:16.880000,00:10:17.750000,have money greater than thousand rupees right
00:10:17.750000,00:10:17.760000,right
00:10:17.760000,00:10:19.590000,right then second condition is you have to
00:10:19.590000,00:10:19.600000,then second condition is you have to
00:10:19.600000,00:10:22.550000,then second condition is you have to check if your partner age is greater
00:10:22.550000,00:10:22.560000,check if your partner age is greater
00:10:22.560000,00:10:23.829000,check if your partner age is greater than 21
00:10:23.829000,00:10:23.839000,than 21
00:10:23.839000,00:10:25.910000,than 21 then you can take wine
00:10:25.910000,00:10:25.920000,then you can take wine
00:10:25.920000,00:10:28.389000,then you can take wine else
00:10:30.310000,00:10:30.320000,coffee in starbucks
00:10:30.320000,00:10:32.310000,coffee in starbucks right
00:10:32.310000,00:10:32.320000,right
00:10:32.320000,00:10:34.069000,right else in else part
00:10:34.069000,00:10:34.079000,else in else part
00:10:34.079000,00:10:37.190000,else in else part if you have money greater than 500 then
00:10:37.190000,00:10:37.200000,if you have money greater than 500 then
00:10:37.200000,00:10:40.069000,if you have money greater than 500 then you can take coffee in ccd else
00:10:40.069000,00:10:40.079000,you can take coffee in ccd else
00:10:40.079000,00:10:42.069000,you can take coffee in ccd else in a normal shop you can take coffee and
00:10:42.069000,00:10:42.079000,in a normal shop you can take coffee and
00:10:42.079000,00:10:44.389000,in a normal shop you can take coffee and then let's go home
00:10:44.389000,00:10:44.399000,then let's go home
00:10:44.399000,00:10:46.470000,then let's go home this is the scenario
00:10:46.470000,00:10:46.480000,this is the scenario
00:10:46.480000,00:10:48.630000,this is the scenario in this spectrum in this program we have
00:10:48.630000,00:10:48.640000,in this spectrum in this program we have
00:10:48.640000,00:10:49.910000,in this spectrum in this program we have one more factor that is you have to
00:10:49.910000,00:10:49.920000,one more factor that is you have to
00:10:49.920000,00:10:51.590000,one more factor that is you have to check age also
00:10:51.590000,00:10:51.600000,check age also
00:10:51.600000,00:10:53.990000,check age also h bar is also there
00:10:53.990000,00:10:54,h bar is also there
00:10:54,00:10:56.069000,h bar is also there so i guess the both thing is clear to
00:10:56.069000,00:10:56.079000,so i guess the both thing is clear to
00:10:56.079000,00:10:58.710000,so i guess the both thing is clear to you hash include iostream.h then
00:10:58.710000,00:10:58.720000,you hash include iostream.h then
00:10:58.720000,00:11:00.949000,you hash include iostream.h then namespace std then main in main we are
00:11:00.949000,00:11:00.959000,namespace std then main in main we are
00:11:00.959000,00:11:03.350000,namespace std then main in main we are writing like we are taking two variables
00:11:03.350000,00:11:03.360000,writing like we are taking two variables
00:11:03.360000,00:11:05.509000,writing like we are taking two variables money and partner age
00:11:05.509000,00:11:05.519000,money and partner age
00:11:05.519000,00:11:07.750000,money and partner age so first of all we will ask enter money
00:11:07.750000,00:11:07.760000,so first of all we will ask enter money
00:11:07.760000,00:11:09.269000,so first of all we will ask enter money right if money greater than equal to
00:11:09.269000,00:11:09.279000,right if money greater than equal to
00:11:09.279000,00:11:11.670000,right if money greater than equal to thousand rupees then ask
00:11:11.670000,00:11:11.680000,thousand rupees then ask
00:11:11.680000,00:11:13.590000,thousand rupees then ask enter your partner age
00:11:13.590000,00:11:13.600000,enter your partner age
00:11:13.600000,00:11:15.190000,enter your partner age if this condition is true then only we
00:11:15.190000,00:11:15.200000,if this condition is true then only we
00:11:15.200000,00:11:17.110000,if this condition is true then only we will ask partner age
00:11:17.110000,00:11:17.120000,will ask partner age
00:11:17.120000,00:11:19.350000,will ask partner age enter the partner age if that is greater
00:11:19.350000,00:11:19.360000,enter the partner age if that is greater
00:11:19.360000,00:11:21.750000,enter the partner age if that is greater than 21 then let's have wine else let's
00:11:21.750000,00:11:21.760000,than 21 then let's have wine else let's
00:11:21.760000,00:11:23.509000,than 21 then let's have wine else let's have coffee
00:11:23.509000,00:11:23.519000,have coffee
00:11:23.519000,00:11:26.790000,have coffee let's have coffee in starbucks
00:11:26.790000,00:11:26.800000,let's have coffee in starbucks
00:11:26.800000,00:11:32.069000,let's have coffee in starbucks that's right
00:11:34.310000,00:11:34.320000,now now in this else part again we are
00:11:34.320000,00:11:36.230000,now now in this else part again we are writing if else
00:11:36.230000,00:11:36.240000,writing if else
00:11:36.240000,00:11:37.829000,writing if else within the cells again we are writing if
00:11:37.829000,00:11:37.839000,within the cells again we are writing if
00:11:37.839000,00:11:40.150000,within the cells again we are writing if so this is what nested defense if money
00:11:40.150000,00:11:40.160000,so this is what nested defense if money
00:11:40.160000,00:11:42.310000,so this is what nested defense if money greater than 500 then coffins is ready l
00:11:42.310000,00:11:42.320000,greater than 500 then coffins is ready l
00:11:42.320000,00:11:44.069000,greater than 500 then coffins is ready l swapping any normal shop and let's go
00:11:44.069000,00:11:44.079000,swapping any normal shop and let's go
00:11:44.079000,00:11:47.509000,swapping any normal shop and let's go home right now let's run this and see
00:11:47.509000,00:11:47.519000,home right now let's run this and see
00:11:47.519000,00:11:48.389000,home right now let's run this and see what
00:11:48.389000,00:11:48.399000,what
00:11:48.399000,00:11:50.790000,what output will get here
00:11:50.790000,00:11:50.800000,output will get here
00:11:50.800000,00:11:52.150000,output will get here see first of all it is asking enter
00:11:52.150000,00:11:52.160000,see first of all it is asking enter
00:11:52.160000,00:11:54.790000,see first of all it is asking enter money i'm entering 1200 i have
00:11:54.790000,00:11:54.800000,money i'm entering 1200 i have
00:11:54.800000,00:11:56.389000,money i'm entering 1200 i have then it will ask enter partner age
00:11:56.389000,00:11:56.399000,then it will ask enter partner age
00:11:56.399000,00:11:57.990000,then it will ask enter partner age partner age is
00:11:57.990000,00:11:58,partner age is
00:11:58,00:11:59.750000,partner age is 20
00:11:59.750000,00:11:59.760000,20
00:11:59.760000,00:12:01.590000,20 so let's have coffee in starbucks and
00:12:01.590000,00:12:01.600000,so let's have coffee in starbucks and
00:12:01.600000,00:12:03.030000,so let's have coffee in starbucks and after that
00:12:03.030000,00:12:03.040000,after that
00:12:03.040000,00:12:05.110000,after that what the statement we have written
00:12:05.110000,00:12:05.120000,what the statement we have written
00:12:05.120000,00:12:07.350000,what the statement we have written out of this if else
00:12:07.350000,00:12:07.360000,out of this if else
00:12:07.360000,00:12:09.350000,out of this if else block let's go home so that would also
00:12:09.350000,00:12:09.360000,block let's go home so that would also
00:12:09.360000,00:12:10.629000,block let's go home so that would also be printed let's go
00:12:10.629000,00:12:10.639000,be printed let's go
00:12:10.639000,00:12:13.110000,be printed let's go right now let's run this again
00:12:13.110000,00:12:13.120000,right now let's run this again
00:12:13.120000,00:12:16.069000,right now let's run this again enter money i have suppose uh
00:12:16.069000,00:12:16.079000,enter money i have suppose uh
00:12:16.079000,00:12:18.870000,enter money i have suppose uh 600 so first condition is not true so
00:12:18.870000,00:12:18.880000,600 so first condition is not true so
00:12:18.880000,00:12:21.670000,600 so first condition is not true so now it will not ask the partner age
00:12:21.670000,00:12:21.680000,now it will not ask the partner age
00:12:21.680000,00:12:23.030000,now it will not ask the partner age 600 then
00:12:23.030000,00:12:23.040000,600 then
00:12:23.040000,00:12:25.910000,600 then coffee in ccd and let's go
00:12:25.910000,00:12:25.920000,coffee in ccd and let's go
00:12:25.920000,00:12:26.870000,coffee in ccd and let's go okay
00:12:26.870000,00:12:26.880000,okay
00:12:26.880000,00:12:29.509000,okay 600 means this condition is true else
00:12:29.509000,00:12:29.519000,600 means this condition is true else
00:12:29.519000,00:12:30.949000,600 means this condition is true else money greater than 500 yes this
00:12:30.949000,00:12:30.959000,money greater than 500 yes this
00:12:30.959000,00:12:32.629000,money greater than 500 yes this condition is true so enter into this
00:12:32.629000,00:12:32.639000,condition is true so enter into this
00:12:32.639000,00:12:36.389000,condition is true so enter into this else into this if block coffin ccd after
00:12:36.389000,00:12:36.399000,else into this if block coffin ccd after
00:12:36.399000,00:12:38.790000,else into this if block coffin ccd after that after that just exit from the this
00:12:38.790000,00:12:38.800000,that after that just exit from the this
00:12:38.800000,00:12:41.590000,that after that just exit from the this outrails and let's go home right let's
00:12:41.590000,00:12:41.600000,outrails and let's go home right let's
00:12:41.600000,00:12:43.750000,outrails and let's go home right let's run this again and suppose i have 100
00:12:43.750000,00:12:43.760000,run this again and suppose i have 100
00:12:43.760000,00:12:44.790000,run this again and suppose i have 100 rupees
00:12:44.790000,00:12:44.800000,rupees
00:12:44.800000,00:12:46.710000,rupees so coffee in any normal shop and let's
00:12:46.710000,00:12:46.720000,so coffee in any normal shop and let's
00:12:46.720000,00:12:48.710000,so coffee in any normal shop and let's go
00:12:48.710000,00:12:48.720000,go
00:12:48.720000,00:12:50.310000,go i hope now you would
00:12:50.310000,00:12:50.320000,i hope now you would
00:12:50.320000,00:12:52.870000,i hope now you would why to use and how to use this uh nested
00:12:52.870000,00:12:52.880000,why to use and how to use this uh nested
00:12:52.880000,00:12:55.110000,why to use and how to use this uh nested defense we have now more than one
00:12:55.110000,00:12:55.120000,defense we have now more than one
00:12:55.120000,00:12:56.870000,defense we have now more than one condition money as well as age of the
00:12:56.870000,00:12:56.880000,condition money as well as age of the
00:12:56.880000,00:12:58.550000,condition money as well as age of the partner and this is dependent on each
00:12:58.550000,00:12:58.560000,partner and this is dependent on each
00:12:58.560000,00:13:00.230000,partner and this is dependent on each other right
00:13:00.230000,00:13:00.240000,other right
00:13:00.240000,00:13:02.550000,other right if you don't have money greater than
00:13:02.550000,00:13:02.560000,if you don't have money greater than
00:13:02.560000,00:13:05.110000,if you don't have money greater than 1000 rupees you don't need to check your
00:13:05.110000,00:13:05.120000,1000 rupees you don't need to check your
00:13:05.120000,00:13:07.750000,1000 rupees you don't need to check your partner age
00:13:07.750000,00:13:07.760000,partner age
00:13:07.760000,00:13:08.790000,partner age right
00:13:08.790000,00:13:08.800000,right
00:13:08.800000,00:13:11.670000,right if below thousand then you can have only
00:13:11.670000,00:13:11.680000,if below thousand then you can have only
00:13:11.680000,00:13:15.430000,if below thousand then you can have only coffee in ccd or any normal show right
00:13:15.430000,00:13:15.440000,coffee in ccd or any normal show right
00:13:15.440000,00:13:17.030000,coffee in ccd or any normal show right if more than thousand then only the
00:13:17.030000,00:13:17.040000,if more than thousand then only the
00:13:17.040000,00:13:18.710000,if more than thousand then only the dependent condition is what you have to
00:13:18.710000,00:13:18.720000,dependent condition is what you have to
00:13:18.720000,00:13:21.350000,dependent condition is what you have to check the partner age for that
00:13:21.350000,00:13:21.360000,check the partner age for that
00:13:21.360000,00:13:23.509000,check the partner age for that this for this inner if condition
00:13:23.509000,00:13:23.519000,this for this inner if condition
00:13:23.519000,00:13:25.350000,this for this inner if condition for execution of this inner if this
00:13:25.350000,00:13:25.360000,for execution of this inner if this
00:13:25.360000,00:13:27.990000,for execution of this inner if this outright must be true
00:13:27.990000,00:13:28,outright must be true
00:13:28,00:13:29.190000,outright must be true right
00:13:29.190000,00:13:29.200000,right
00:13:29.200000,00:13:30.949000,right before checking the partner age your
00:13:30.949000,00:13:30.959000,before checking the partner age your
00:13:30.959000,00:13:33.430000,before checking the partner age your money you have more than thousand rupees
00:13:33.430000,00:13:33.440000,money you have more than thousand rupees
00:13:33.440000,00:13:34.629000,money you have more than thousand rupees in your pocket
00:13:34.629000,00:13:34.639000,in your pocket
00:13:34.639000,00:13:35.509000,in your pocket right
00:13:35.509000,00:13:35.519000,right
00:13:35.519000,00:13:36.310000,right now
00:13:36.310000,00:13:36.320000,now
00:13:36.320000,00:13:38.230000,now say i think you can do
00:13:38.230000,00:13:38.240000,say i think you can do
00:13:38.240000,00:13:41.030000,say i think you can do an example with nested of nested if
00:13:41.030000,00:13:41.040000,an example with nested of nested if
00:13:41.040000,00:13:43.990000,an example with nested of nested if rather than if else right
00:13:43.990000,00:13:44,rather than if else right
00:13:44,00:13:46.870000,rather than if else right so if if you know we are not writing any
00:13:46.870000,00:13:46.880000,so if if you know we are not writing any
00:13:46.880000,00:13:50.150000,so if if you know we are not writing any else statement if and if only if and if
00:13:50.150000,00:13:50.160000,else statement if and if only if and if
00:13:50.160000,00:13:52.790000,else statement if and if only if and if and after that the just close no else
00:13:52.790000,00:13:52.800000,and after that the just close no else
00:13:52.800000,00:13:54.710000,and after that the just close no else and else part yesterday that is
00:13:54.710000,00:13:54.720000,and else part yesterday that is
00:13:54.720000,00:13:56.150000,and else part yesterday that is yesterday
00:13:56.150000,00:13:56.160000,yesterday
00:13:56.160000,00:13:58.069000,yesterday so now how you can do this thing this is
00:13:58.069000,00:13:58.079000,so now how you can do this thing this is
00:13:58.079000,00:14:00.150000,so now how you can do this thing this is your your assignment you have to do this
00:14:00.150000,00:14:00.160000,your your assignment you have to do this
00:14:00.160000,00:14:02.710000,your your assignment you have to do this program with the help of nested a phone
00:14:02.710000,00:14:02.720000,program with the help of nested a phone
00:14:02.720000,00:14:04.230000,program with the help of nested a phone right like if money greater than
00:14:04.230000,00:14:04.240000,right like if money greater than
00:14:04.240000,00:14:05.990000,right like if money greater than thousand then if partner is greater than
00:14:05.990000,00:14:06,thousand then if partner is greater than
00:14:06,00:14:08.949000,thousand then if partner is greater than this then let's have this let's have
00:14:08.949000,00:14:08.959000,this then let's have this let's have
00:14:08.959000,00:14:11.189000,this then let's have this let's have this thing no else part
00:14:11.189000,00:14:11.199000,this thing no else part
00:14:11.199000,00:14:13.430000,this thing no else part or three nested if also you can do
00:14:13.430000,00:14:13.440000,or three nested if also you can do
00:14:13.440000,00:14:15.269000,or three nested if also you can do three or four nested it
00:14:15.269000,00:14:15.279000,three or four nested it
00:14:15.279000,00:14:16.949000,three or four nested it right it's not like that you have to
00:14:16.949000,00:14:16.959000,right it's not like that you have to
00:14:16.959000,00:14:18.310000,right it's not like that you have to take this example only you can take
00:14:18.310000,00:14:18.320000,take this example only you can take
00:14:18.320000,00:14:20.230000,take this example only you can take another example also according to that
00:14:20.230000,00:14:20.240000,another example also according to that
00:14:20.240000,00:14:21.110000,another example also according to that you can
00:14:21.110000,00:14:21.120000,you can
00:14:21.120000,00:14:22.870000,you can do your program but you have to practice
00:14:22.870000,00:14:22.880000,do your program but you have to practice
00:14:22.880000,00:14:24.629000,do your program but you have to practice this thing instead of if i hope you can
00:14:24.629000,00:14:24.639000,this thing instead of if i hope you can
00:14:24.639000,00:14:26.310000,this thing instead of if i hope you can do this now now
00:14:26.310000,00:14:26.320000,do this now now
00:14:26.320000,00:14:27.910000,do this now now rather than you rather than using this
00:14:27.910000,00:14:27.920000,rather than you rather than using this
00:14:27.920000,00:14:30.069000,rather than you rather than using this nested if what you can use you can use a
00:14:30.069000,00:14:30.079000,nested if what you can use you can use a
00:14:30.079000,00:14:33.189000,nested if what you can use you can use a logical land operator
00:14:33.189000,00:14:33.199000,logical land operator
00:14:33.199000,00:14:36.790000,logical land operator see if go to supermarket and
00:14:36.790000,00:14:36.800000,see if go to supermarket and
00:14:36.800000,00:14:38.550000,see if go to supermarket and orange is available
00:14:38.550000,00:14:38.560000,orange is available
00:14:38.560000,00:14:39.509000,orange is available and
00:14:39.509000,00:14:39.519000,and
00:14:39.519000,00:14:42.069000,and good orange is available then buy
00:14:42.069000,00:14:42.079000,good orange is available then buy
00:14:42.079000,00:14:45.189000,good orange is available then buy that's it within a single if statement
00:14:45.189000,00:14:45.199000,that's it within a single if statement
00:14:45.199000,00:14:47.110000,that's it within a single if statement you can write down all the three two you
00:14:47.110000,00:14:47.120000,you can write down all the three two you
00:14:47.120000,00:14:49.350000,you can write down all the three two you know three four five conditions
00:14:49.350000,00:14:49.360000,know three four five conditions
00:14:49.360000,00:14:50.790000,know three four five conditions so to check these more than one
00:14:50.790000,00:14:50.800000,so to check these more than one
00:14:50.800000,00:14:52.310000,so to check these more than one condition which are dependent on each
00:14:52.310000,00:14:52.320000,condition which are dependent on each
00:14:52.320000,00:14:54.389000,condition which are dependent on each other you can use logical and operators
00:14:54.389000,00:14:54.399000,other you can use logical and operators
00:14:54.399000,00:14:56.710000,other you can use logical and operators simple i have already discussed a video
00:14:56.710000,00:14:56.720000,simple i have already discussed a video
00:14:56.720000,00:14:58.550000,simple i have already discussed a video in this like operator what is logical
00:14:58.550000,00:14:58.560000,in this like operator what is logical
00:14:58.560000,00:15:00.470000,in this like operator what is logical and how to use this so you can try out
00:15:00.470000,00:15:00.480000,and how to use this so you can try out
00:15:00.480000,00:15:02.310000,and how to use this so you can try out this thing with your own rather than
00:15:02.310000,00:15:02.320000,this thing with your own rather than
00:15:02.320000,00:15:04.629000,this thing with your own rather than using nested if first of all try to
00:15:04.629000,00:15:04.639000,using nested if first of all try to
00:15:04.639000,00:15:07.030000,using nested if first of all try to write a program to you know
00:15:07.030000,00:15:07.040000,write a program to you know
00:15:07.040000,00:15:08.949000,write a program to you know uh using yesterday
00:15:08.949000,00:15:08.959000,uh using yesterday
00:15:08.959000,00:15:09.910000,uh using yesterday then
00:15:09.910000,00:15:09.920000,then
00:15:09.920000,00:15:11.590000,then do that program write that program
00:15:11.590000,00:15:11.600000,do that program write that program
00:15:11.600000,00:15:13.110000,do that program write that program without necessarily
00:15:13.110000,00:15:13.120000,without necessarily
00:15:13.120000,00:15:14.629000,without necessarily with the help of single if statement and
00:15:14.629000,00:15:14.639000,with the help of single if statement and
00:15:14.639000,00:15:16.790000,with the help of single if statement and use logical and operator
00:15:16.790000,00:15:16.800000,use logical and operator
00:15:16.800000,00:15:20.069000,use logical and operator right like if you go to supermarket and
00:15:20.069000,00:15:20.079000,right like if you go to supermarket and
00:15:20.079000,00:15:21.670000,right like if you go to supermarket and apple available both the conditions are
00:15:21.670000,00:15:21.680000,apple available both the conditions are
00:15:21.680000,00:15:23.910000,apple available both the conditions are true then only you can buy
00:15:23.910000,00:15:23.920000,true then only you can buy
00:15:23.920000,00:15:25.750000,true then only you can buy same thing
00:15:25.750000,00:15:25.760000,same thing
00:15:25.760000,00:15:27.269000,same thing in yesterday false you can do if go to
00:15:27.269000,00:15:27.279000,in yesterday false you can do if go to
00:15:27.279000,00:15:29.509000,in yesterday false you can do if go to supermarket within that more if if
00:15:29.509000,00:15:29.519000,supermarket within that more if if
00:15:29.519000,00:15:32.150000,supermarket within that more if if orange is available then buy same thing
00:15:32.150000,00:15:32.160000,orange is available then buy same thing
00:15:32.160000,00:15:33.189000,orange is available then buy same thing right
00:15:33.189000,00:15:33.199000,right
00:15:33.199000,00:15:35.189000,right i hope you go to this point so let's you
00:15:35.189000,00:15:35.199000,i hope you go to this point so let's you
00:15:35.199000,00:15:37.189000,i hope you go to this point so let's you have to try this program at your own
00:15:37.189000,00:15:37.199000,have to try this program at your own
00:15:37.199000,00:15:39.269000,have to try this program at your own right so in the next video we'll see
00:15:39.269000,00:15:39.279000,right so in the next video we'll see
00:15:39.279000,00:15:41.430000,right so in the next video we'll see switch case statements so answer the
00:15:41.430000,00:15:41.440000,switch case statements so answer the
00:15:41.440000,00:15:45.800000,switch case statements so answer the next video till then bye take care
