Start Time,End Time,Text
00:00:01.750000,00:00:01.760000,so in the series of learning c plus plus
00:00:01.760000,00:00:03.110000,so in the series of learning c plus plus programming language we are discussing
00:00:03.110000,00:00:03.120000,programming language we are discussing
00:00:03.120000,00:00:05.190000,programming language we are discussing control structures in c plus plus now we
00:00:05.190000,00:00:05.200000,control structures in c plus plus now we
00:00:05.200000,00:00:07.430000,control structures in c plus plus now we have discussed if if else lc flat error
00:00:07.430000,00:00:07.440000,have discussed if if else lc flat error
00:00:07.440000,00:00:09.669000,have discussed if if else lc flat error is necessary now one that is left is
00:00:09.669000,00:00:09.679000,is necessary now one that is left is
00:00:09.679000,00:00:11.270000,is necessary now one that is left is switch case statement that we'll be
00:00:11.270000,00:00:11.280000,switch case statement that we'll be
00:00:11.280000,00:00:12.870000,switch case statement that we'll be discussing in this video see when we're
00:00:12.870000,00:00:12.880000,discussing in this video see when we're
00:00:12.880000,00:00:15.910000,discussing in this video see when we're discussing elsif letter uh statement in
00:00:15.910000,00:00:15.920000,discussing elsif letter uh statement in
00:00:15.920000,00:00:17.910000,discussing elsif letter uh statement in that video i have told you this program
00:00:17.910000,00:00:17.920000,that video i have told you this program
00:00:17.920000,00:00:19.750000,that video i have told you this program we can do with the help of a switch case
00:00:19.750000,00:00:19.760000,we can do with the help of a switch case
00:00:19.760000,00:00:21.590000,we can do with the help of a switch case statement here we have multiple
00:00:21.590000,00:00:21.600000,statement here we have multiple
00:00:21.600000,00:00:24.070000,statement here we have multiple conditions you write else if else if
00:00:24.070000,00:00:24.080000,conditions you write else if else if
00:00:24.080000,00:00:25.509000,conditions you write else if else if then condition else if then again
00:00:25.509000,00:00:25.519000,then condition else if then again
00:00:25.519000,00:00:27.029000,then condition else if then again condition else if then again condition
00:00:27.029000,00:00:27.039000,condition else if then again condition
00:00:27.039000,00:00:29.109000,condition else if then again condition multiple conditions we have multiple you
00:00:29.109000,00:00:29.119000,multiple conditions we have multiple you
00:00:29.119000,00:00:30.950000,multiple conditions we have multiple you can see choices we have and you have to
00:00:30.950000,00:00:30.960000,can see choices we have and you have to
00:00:30.960000,00:00:32.709000,can see choices we have and you have to select one
00:00:32.709000,00:00:32.719000,select one
00:00:32.719000,00:00:33.510000,select one right
00:00:33.510000,00:00:33.520000,right
00:00:33.520000,00:00:36.069000,right so in that case you can use you can
00:00:36.069000,00:00:36.079000,so in that case you can use you can
00:00:36.079000,00:00:37.590000,so in that case you can use you can write down this program with the help of
00:00:37.590000,00:00:37.600000,write down this program with the help of
00:00:37.600000,00:00:39.270000,write down this program with the help of switch case statement and if you write
00:00:39.270000,00:00:39.280000,switch case statement and if you write
00:00:39.280000,00:00:40.310000,switch case statement and if you write this with the help of switch case
00:00:40.310000,00:00:40.320000,this with the help of switch case
00:00:40.320000,00:00:41.590000,this with the help of switch case statement that would be more readable
00:00:41.590000,00:00:41.600000,statement that would be more readable
00:00:41.600000,00:00:42.709000,statement that would be more readable program and
00:00:42.709000,00:00:42.719000,program and
00:00:42.719000,00:00:44.630000,program and probably will have less number of lines
00:00:44.630000,00:00:44.640000,probably will have less number of lines
00:00:44.640000,00:00:46.310000,probably will have less number of lines of code than this
00:00:46.310000,00:00:46.320000,of code than this
00:00:46.320000,00:00:48.630000,of code than this right so now what is this switch case
00:00:48.630000,00:00:48.640000,right so now what is this switch case
00:00:48.640000,00:00:51.350000,right so now what is this switch case statement why we use it how to use it
00:00:51.350000,00:00:51.360000,statement why we use it how to use it
00:00:51.360000,00:00:52.709000,statement why we use it how to use it with the help of a program i will show
00:00:52.709000,00:00:52.719000,with the help of a program i will show
00:00:52.719000,00:00:54.470000,with the help of a program i will show you everything every single detail about
00:00:54.470000,00:00:54.480000,you everything every single detail about
00:00:54.480000,00:00:56.150000,you everything every single detail about switch case statement
00:00:56.150000,00:00:56.160000,switch case statement
00:00:56.160000,00:00:58.709000,switch case statement right some important points also so
00:00:58.709000,00:00:58.719000,right some important points also so
00:00:58.719000,00:01:00.229000,right some important points also so we'll be discussing in this video all
00:01:00.229000,00:01:00.239000,we'll be discussing in this video all
00:01:00.239000,00:01:02.150000,we'll be discussing in this video all the things but before this one tell you
00:01:02.150000,00:01:02.160000,the things but before this one tell you
00:01:02.160000,00:01:03.990000,the things but before this one tell you one thing these four weeks is coming up
00:01:03.990000,00:01:04,one thing these four weeks is coming up
00:01:04,00:01:06.710000,one thing these four weeks is coming up with an event skill dependence days from
00:01:06.710000,00:01:06.720000,with an event skill dependence days from
00:01:06.720000,00:01:08.789000,with an event skill dependence days from 13th to 15th of august
00:01:08.789000,00:01:08.799000,13th to 15th of august
00:01:08.799000,00:01:10.950000,13th to 15th of august so the aim of this event is to be skill
00:01:10.950000,00:01:10.960000,so the aim of this event is to be skill
00:01:10.960000,00:01:14.230000,so the aim of this event is to be skill dependent keep learning and keep growing
00:01:14.230000,00:01:14.240000,dependent keep learning and keep growing
00:01:14.240000,00:01:16.870000,dependent keep learning and keep growing it is a three days sale
00:01:16.870000,00:01:16.880000,it is a three days sale
00:01:16.880000,00:01:19.429000,it is a three days sale during these days you will get flat 15
00:01:19.429000,00:01:19.439000,during these days you will get flat 15
00:01:19.439000,00:01:21.749000,during these days you will get flat 15 percent site-wide discount on the entire
00:01:21.749000,00:01:21.759000,percent site-wide discount on the entire
00:01:21.759000,00:01:23.109000,percent site-wide discount on the entire website of these services you will get
00:01:23.109000,00:01:23.119000,website of these services you will get
00:01:23.119000,00:01:25.030000,website of these services you will get flat 15 percent discount
00:01:25.030000,00:01:25.040000,flat 15 percent discount
00:01:25.040000,00:01:26.710000,flat 15 percent discount and offer of the days are also there
00:01:26.710000,00:01:26.720000,and offer of the days are also there
00:01:26.720000,00:01:28.870000,and offer of the days are also there during these uh three days
00:01:28.870000,00:01:28.880000,during these uh three days
00:01:28.880000,00:01:30.950000,during these uh three days those are on 13th of august you will get
00:01:30.950000,00:01:30.960000,those are on 13th of august you will get
00:01:30.960000,00:01:33.990000,those are on 13th of august you will get 20 discount on complete interview
00:01:33.990000,00:01:34,20 discount on complete interview
00:01:34,00:01:36.310000,20 discount on complete interview preparation course on 14th of august you
00:01:36.310000,00:01:36.320000,preparation course on 14th of august you
00:01:36.320000,00:01:40.069000,preparation course on 14th of august you will get 20 discount on all seven live
00:01:40.069000,00:01:40.079000,will get 20 discount on all seven live
00:01:40.079000,00:01:43.190000,will get 20 discount on all seven live courses and on 15th of august
00:01:43.190000,00:01:43.200000,courses and on 15th of august
00:01:43.200000,00:01:47.830000,courses and on 15th of august on bsa self-paced course you will get 20
00:01:47.830000,00:01:47.840000,on bsa self-paced course you will get 20
00:01:47.840000,00:01:50.230000,on bsa self-paced course you will get 20 discount so this is an opportunity for
00:01:50.230000,00:01:50.240000,discount so this is an opportunity for
00:01:50.240000,00:01:52.630000,discount so this is an opportunity for you guys to grab the courses you want at
00:01:52.630000,00:01:52.640000,you guys to grab the courses you want at
00:01:52.640000,00:01:55.030000,you guys to grab the courses you want at best price and best offers so mark your
00:01:55.030000,00:01:55.040000,best price and best offers so mark your
00:01:55.040000,00:01:56.230000,best price and best offers so mark your calendars
00:01:56.230000,00:01:56.240000,calendars
00:01:56.240000,00:01:57.910000,calendars and participate in the event so all the
00:01:57.910000,00:01:57.920000,and participate in the event so all the
00:01:57.920000,00:01:59.510000,and participate in the event so all the relevant links and detail you will find
00:01:59.510000,00:01:59.520000,relevant links and detail you will find
00:01:59.520000,00:02:01.109000,relevant links and detail you will find in the description box of this video you
00:02:01.109000,00:02:01.119000,in the description box of this video you
00:02:01.119000,00:02:03.429000,in the description box of this video you can go and check out now let's see what
00:02:03.429000,00:02:03.439000,can go and check out now let's see what
00:02:03.439000,00:02:05.749000,can go and check out now let's see what is switch case statement so as i have
00:02:05.749000,00:02:05.759000,is switch case statement so as i have
00:02:05.759000,00:02:07.429000,is switch case statement so as i have told you this is what you can say is a
00:02:07.429000,00:02:07.439000,told you this is what you can say is a
00:02:07.439000,00:02:10.550000,told you this is what you can say is a substitute of that long if else
00:02:10.550000,00:02:10.560000,substitute of that long if else
00:02:10.560000,00:02:12.869000,substitute of that long if else statement else if letter lc plc fails
00:02:12.869000,00:02:12.879000,statement else if letter lc plc fails
00:02:12.879000,00:02:15.030000,statement else if letter lc plc fails offensive so you can substitute that
00:02:15.030000,00:02:15.040000,offensive so you can substitute that
00:02:15.040000,00:02:16.790000,offensive so you can substitute that thing with the help of switch case
00:02:16.790000,00:02:16.800000,thing with the help of switch case
00:02:16.800000,00:02:17.910000,thing with the help of switch case statement
00:02:17.910000,00:02:17.920000,statement
00:02:17.920000,00:02:18.949000,statement right
00:02:18.949000,00:02:18.959000,right
00:02:18.959000,00:02:19.750000,right see
00:02:19.750000,00:02:19.760000,see
00:02:19.760000,00:02:22.150000,see as you can see uh we have multiple
00:02:22.150000,00:02:22.160000,as you can see uh we have multiple
00:02:22.160000,00:02:23.510000,as you can see uh we have multiple switches like
00:02:23.510000,00:02:23.520000,switches like
00:02:23.520000,00:02:25.670000,switches like on the board one switches off fan if you
00:02:25.670000,00:02:25.680000,on the board one switches off fan if you
00:02:25.680000,00:02:28.390000,on the board one switches off fan if you switch on that press that switch
00:02:28.390000,00:02:28.400000,switch on that press that switch
00:02:28.400000,00:02:30.630000,switch on that press that switch your fan would be turned on one is for
00:02:30.630000,00:02:30.640000,your fan would be turned on one is for
00:02:30.640000,00:02:32.470000,your fan would be turned on one is for light one is for another light one is
00:02:32.470000,00:02:32.480000,light one is for another light one is
00:02:32.480000,00:02:34.550000,light one is for another light one is maybe for you know ac different
00:02:34.550000,00:02:34.560000,maybe for you know ac different
00:02:34.560000,00:02:37.030000,maybe for you know ac different difference which we have so whatever
00:02:37.030000,00:02:37.040000,difference which we have so whatever
00:02:37.040000,00:02:39.030000,difference which we have so whatever switch you will press
00:02:39.030000,00:02:39.040000,switch you will press
00:02:39.040000,00:02:41.430000,switch you will press according to that
00:02:41.430000,00:02:41.440000,according to that
00:02:41.440000,00:02:43.190000,according to that the you know task would be done the
00:02:43.190000,00:02:43.200000,the you know task would be done the
00:02:43.200000,00:02:45.350000,the you know task would be done the associated task to that switch would be
00:02:45.350000,00:02:45.360000,associated task to that switch would be
00:02:45.360000,00:02:47.190000,associated task to that switch would be done maybe fan would be turned on maybe
00:02:47.190000,00:02:47.200000,done maybe fan would be turned on maybe
00:02:47.200000,00:02:49.509000,done maybe fan would be turned on maybe ac would be on maybe light would be on
00:02:49.509000,00:02:49.519000,ac would be on maybe light would be on
00:02:49.519000,00:02:51.270000,ac would be on maybe light would be on whatever task would be associated to
00:02:51.270000,00:02:51.280000,whatever task would be associated to
00:02:51.280000,00:02:53.509000,whatever task would be associated to that switch right so we have multiple
00:02:53.509000,00:02:53.519000,that switch right so we have multiple
00:02:53.519000,00:02:56.070000,that switch right so we have multiple choices we have multiple choices here
00:02:56.070000,00:02:56.080000,choices we have multiple choices here
00:02:56.080000,00:02:57.750000,choices we have multiple choices here right you can switch on the fan or the
00:02:57.750000,00:02:57.760000,right you can switch on the fan or the
00:02:57.760000,00:03:00.790000,right you can switch on the fan or the light or according to your need
00:03:00.790000,00:03:00.800000,light or according to your need
00:03:00.800000,00:03:02.630000,light or according to your need right same
00:03:02.630000,00:03:02.640000,right same
00:03:02.640000,00:03:04.070000,right same during your program when we write
00:03:04.070000,00:03:04.080000,during your program when we write
00:03:04.080000,00:03:05.509000,during your program when we write program we may be we have multiple
00:03:05.509000,00:03:05.519000,program we may be we have multiple
00:03:05.519000,00:03:07.589000,program we may be we have multiple choices and depending on a condition we
00:03:07.589000,00:03:07.599000,choices and depending on a condition we
00:03:07.599000,00:03:09.270000,choices and depending on a condition we have to choose
00:03:09.270000,00:03:09.280000,have to choose
00:03:09.280000,00:03:11.750000,have to choose we have to select one or maybe two it
00:03:11.750000,00:03:11.760000,we have to select one or maybe two it
00:03:11.760000,00:03:13.750000,we have to select one or maybe two it depends on the requirements
00:03:13.750000,00:03:13.760000,depends on the requirements
00:03:13.760000,00:03:16.309000,depends on the requirements right that thing also will discuss later
00:03:16.309000,00:03:16.319000,right that thing also will discuss later
00:03:16.319000,00:03:18.869000,right that thing also will discuss later once basics are clear right
00:03:18.869000,00:03:18.879000,once basics are clear right
00:03:18.879000,00:03:20.790000,once basics are clear right once the main reason of using switch
00:03:20.790000,00:03:20.800000,once the main reason of using switch
00:03:20.800000,00:03:22.790000,once the main reason of using switch case statement is clear to you guys
00:03:22.790000,00:03:22.800000,case statement is clear to you guys
00:03:22.800000,00:03:23.990000,case statement is clear to you guys right
00:03:23.990000,00:03:24,right
00:03:24,00:03:25.670000,right so multiple choices you have you have to
00:03:25.670000,00:03:25.680000,so multiple choices you have you have to
00:03:25.680000,00:03:27.670000,so multiple choices you have you have to select one
00:03:27.670000,00:03:27.680000,select one
00:03:27.680000,00:03:29.270000,select one right
00:03:29.270000,00:03:29.280000,right
00:03:29.280000,00:03:31.030000,right in that case we can use switch case
00:03:31.030000,00:03:31.040000,in that case we can use switch case
00:03:31.040000,00:03:33.589000,in that case we can use switch case statement now how to write down this
00:03:33.589000,00:03:33.599000,statement now how to write down this
00:03:33.599000,00:03:34.390000,statement now how to write down this thing
00:03:34.390000,00:03:34.400000,thing
00:03:34.400000,00:03:35.589000,thing see
00:03:35.589000,00:03:35.599000,see
00:03:35.599000,00:03:37.350000,see simply we write
00:03:37.350000,00:03:37.360000,simply we write
00:03:37.360000,00:03:38.789000,simply we write this switch
00:03:38.789000,00:03:38.799000,this switch
00:03:38.799000,00:03:41.910000,this switch and here we write expression
00:03:41.910000,00:03:41.920000,and here we write expression
00:03:41.920000,00:03:44.070000,and here we write expression now this expression
00:03:44.070000,00:03:44.080000,now this expression
00:03:44.080000,00:03:49.270000,now this expression should be evaluated in a constant value
00:03:49.270000,00:03:49.280000,should be evaluated in a constant value
00:03:49.280000,00:03:51.190000,should be evaluated in a constant value integral value you can say
00:03:51.190000,00:03:51.200000,integral value you can say
00:03:51.200000,00:03:53.350000,integral value you can say right
00:03:53.350000,00:03:53.360000,right
00:03:53.360000,00:03:54.149000,right so
00:03:54.149000,00:03:54.159000,so
00:03:54.159000,00:03:56.710000,so whatever the expression the valid
00:03:56.710000,00:03:56.720000,whatever the expression the valid
00:03:56.720000,00:03:58.949000,whatever the expression the valid expression can be what that also will
00:03:58.949000,00:03:58.959000,expression can be what that also will
00:03:58.959000,00:04:00.309000,expression can be what that also will see first of all let me just try down
00:04:00.309000,00:04:00.319000,see first of all let me just try down
00:04:00.319000,00:04:01.509000,see first of all let me just try down the syntax
00:04:01.509000,00:04:01.519000,the syntax
00:04:01.519000,00:04:03.589000,the syntax switch expression you will write here
00:04:03.589000,00:04:03.599000,switch expression you will write here
00:04:03.599000,00:04:07.670000,switch expression you will write here right then we write case
00:04:07.670000,00:04:07.680000,right then we write case
00:04:07.680000,00:04:10.149000,right then we write case case and here
00:04:10.149000,00:04:10.159000,case and here
00:04:10.159000,00:04:12.229000,case and here the value of the case
00:04:12.229000,00:04:12.239000,the value of the case
00:04:12.239000,00:04:13.350000,the value of the case right or the
00:04:13.350000,00:04:13.360000,right or the
00:04:13.360000,00:04:15.429000,right or the label of that case
00:04:15.429000,00:04:15.439000,label of that case
00:04:15.439000,00:04:17.909000,label of that case right i am writing here value
00:04:17.909000,00:04:17.919000,right i am writing here value
00:04:17.919000,00:04:19.909000,right i am writing here value suppose value 1
00:04:19.909000,00:04:19.919000,suppose value 1
00:04:19.919000,00:04:21.670000,suppose value 1 right
00:04:21.670000,00:04:21.680000,right
00:04:21.680000,00:04:22.710000,right now
00:04:22.710000,00:04:22.720000,now
00:04:22.720000,00:04:24.150000,now the colon
00:04:24.150000,00:04:24.160000,the colon
00:04:24.160000,00:04:25.510000,the colon and then the statement you want to
00:04:25.510000,00:04:25.520000,and then the statement you want to
00:04:25.520000,00:04:28.230000,and then the statement you want to execute
00:04:28.230000,00:04:28.240000,execute
00:04:28.240000,00:04:29.909000,execute fine
00:04:29.909000,00:04:29.919000,fine
00:04:29.919000,00:04:31.430000,fine suppose i am writing
00:04:31.430000,00:04:31.440000,suppose i am writing
00:04:31.440000,00:04:36.469000,suppose i am writing block of statements 1 and and
00:04:36.469000,00:04:36.479000,block of statements 1 and and
00:04:36.479000,00:04:38.150000,block of statements 1 and and break
00:04:38.150000,00:04:38.160000,break
00:04:38.160000,00:04:39.590000,break y break
00:04:39.590000,00:04:39.600000,y break
00:04:39.600000,00:04:41.110000,y break that also will see
00:04:41.110000,00:04:41.120000,that also will see
00:04:41.120000,00:04:43.430000,that also will see next again case
00:04:43.430000,00:04:43.440000,next again case
00:04:43.440000,00:04:44.710000,next again case value 2
00:04:44.710000,00:04:44.720000,value 2
00:04:44.720000,00:04:45.749000,value 2 right
00:04:45.749000,00:04:45.759000,right
00:04:45.759000,00:04:49.909000,right then we can say block of statements 2
00:04:49.909000,00:04:49.919000,then we can say block of statements 2
00:04:49.919000,00:04:51.990000,then we can say block of statements 2 and break
00:04:51.990000,00:04:52,and break
00:04:52,00:04:53.990000,and break like this multiple cases you can have
00:04:53.990000,00:04:54,like this multiple cases you can have
00:04:54,00:04:56.550000,like this multiple cases you can have one or many number of cases as you want
00:04:56.550000,00:04:56.560000,one or many number of cases as you want
00:04:56.560000,00:04:57.350000,one or many number of cases as you want right
00:04:57.350000,00:04:57.360000,right
00:04:57.360000,00:04:59.350000,right so suppose case
00:04:59.350000,00:04:59.360000,so suppose case
00:04:59.360000,00:05:02.230000,so suppose case and we have value n
00:05:02.230000,00:05:02.240000,and we have value n
00:05:02.240000,00:05:07.510000,and we have value n then
00:05:13.909000,00:05:13.919000,default and
00:05:13.919000,00:05:16.629000,default and same colon
00:05:16.629000,00:05:16.639000,same colon
00:05:16.639000,00:05:18.230000,same colon and
00:05:18.230000,00:05:18.240000,and
00:05:18.240000,00:05:23.189000,and default statement
00:05:25.029000,00:05:25.039000,that's it
00:05:25.039000,00:05:26.390000,that's it if you want to write down you can write
00:05:26.390000,00:05:26.400000,if you want to write down you can write
00:05:26.400000,00:05:29.430000,if you want to write down you can write down break also in default
00:05:29.430000,00:05:29.440000,down break also in default
00:05:29.440000,00:05:30.950000,down break also in default right but it is not necessary to write
00:05:30.950000,00:05:30.960000,right but it is not necessary to write
00:05:30.960000,00:05:33.350000,right but it is not necessary to write down break and default and when it is
00:05:33.350000,00:05:33.360000,down break and default and when it is
00:05:33.360000,00:05:34.870000,down break and default and when it is compulsory to write down break in
00:05:34.870000,00:05:34.880000,compulsory to write down break in
00:05:34.880000,00:05:36.629000,compulsory to write down break in default also that case also will be
00:05:36.629000,00:05:36.639000,default also that case also will be
00:05:36.639000,00:05:38.790000,default also that case also will be discussing so this is a general syntax
00:05:38.790000,00:05:38.800000,discussing so this is a general syntax
00:05:38.800000,00:05:41.990000,discussing so this is a general syntax of writing a switch case statement right
00:05:41.990000,00:05:42,of writing a switch case statement right
00:05:42,00:05:44.230000,of writing a switch case statement right so now some important points about this
00:05:44.230000,00:05:44.240000,so now some important points about this
00:05:44.240000,00:05:46.230000,so now some important points about this is this expression now
00:05:46.230000,00:05:46.240000,is this expression now
00:05:46.240000,00:05:48.550000,is this expression now should be evaluated in constant value or
00:05:48.550000,00:05:48.560000,should be evaluated in constant value or
00:05:48.560000,00:05:50.150000,should be evaluated in constant value or integral value
00:05:50.150000,00:05:50.160000,integral value
00:05:50.160000,00:05:51.110000,integral value right
00:05:51.110000,00:05:51.120000,right
00:05:51.120000,00:05:53.830000,right like here i can simply write any integer
00:05:53.830000,00:05:53.840000,like here i can simply write any integer
00:05:53.840000,00:05:57.590000,like here i can simply write any integer value 1 2 3 4 5 like this
00:05:57.590000,00:05:57.600000,value 1 2 3 4 5 like this
00:05:57.600000,00:05:59.749000,value 1 2 3 4 5 like this any integer value or i can write down
00:05:59.749000,00:05:59.759000,any integer value or i can write down
00:05:59.759000,00:06:01.909000,any integer value or i can write down expression like 1 plus 2
00:06:01.909000,00:06:01.919000,expression like 1 plus 2
00:06:01.919000,00:06:03.270000,expression like 1 plus 2 that is also fine
00:06:03.270000,00:06:03.280000,that is also fine
00:06:03.280000,00:06:06.150000,that is also fine or i can write here 2 into 2 that is
00:06:06.150000,00:06:06.160000,or i can write here 2 into 2 that is
00:06:06.160000,00:06:07.749000,or i can write here 2 into 2 that is also fine
00:06:07.749000,00:06:07.759000,also fine
00:06:07.759000,00:06:10.070000,also fine divide by 2 that is also an expression
00:06:10.070000,00:06:10.080000,divide by 2 that is also an expression
00:06:10.080000,00:06:12.070000,divide by 2 that is also an expression but that should be evaluated at last
00:06:12.070000,00:06:12.080000,but that should be evaluated at last
00:06:12.080000,00:06:13.749000,but that should be evaluated at last ultimately
00:06:13.749000,00:06:13.759000,ultimately
00:06:13.759000,00:06:14.710000,ultimately in
00:06:14.710000,00:06:14.720000,in
00:06:14.720000,00:06:17.029000,in constant constant value
00:06:17.029000,00:06:17.039000,constant constant value
00:06:17.039000,00:06:18.629000,constant constant value right
00:06:18.629000,00:06:18.639000,right
00:06:18.639000,00:06:22.230000,right i can also write a variable name like a
00:06:22.230000,00:06:22.240000,i can also write a variable name like a
00:06:22.240000,00:06:24.309000,i can also write a variable name like a the condition is we have to declare
00:06:24.309000,00:06:24.319000,the condition is we have to declare
00:06:24.319000,00:06:25.590000,the condition is we have to declare first of all a
00:06:25.590000,00:06:25.600000,first of all a
00:06:25.600000,00:06:27.590000,first of all a suppose a is equal to 5
00:06:27.590000,00:06:27.600000,suppose a is equal to 5
00:06:27.600000,00:06:30.230000,suppose a is equal to 5 so a is also fine you can write down a
00:06:30.230000,00:06:30.240000,so a is also fine you can write down a
00:06:30.240000,00:06:32.309000,so a is also fine you can write down a plus 2 that is also fine
00:06:32.309000,00:06:32.319000,plus 2 that is also fine
00:06:32.319000,00:06:34.550000,plus 2 that is also fine you can write down a plus b but you have
00:06:34.550000,00:06:34.560000,you can write down a plus b but you have
00:06:34.560000,00:06:37.029000,you can write down a plus b but you have to declare b also b is equal to suppose
00:06:37.029000,00:06:37.039000,to declare b also b is equal to suppose
00:06:37.039000,00:06:37.990000,to declare b also b is equal to suppose 4
00:06:37.990000,00:06:38,4
00:06:38,00:06:39.909000,4 a plus b is also fine a plus b plus c
00:06:39.909000,00:06:39.919000,a plus b is also fine a plus b plus c
00:06:39.919000,00:06:43.590000,a plus b is also fine a plus b plus c this kind of expression you can write
00:06:44.469000,00:06:44.479000,fine
00:06:44.479000,00:06:46.469000,fine second thing what you can write right
00:06:46.469000,00:06:46.479000,second thing what you can write right
00:06:46.479000,00:06:48.309000,second thing what you can write right here character also you can write
00:06:48.309000,00:06:48.319000,here character also you can write
00:06:48.319000,00:06:50.710000,here character also you can write suppose i am writing here
00:06:50.710000,00:06:50.720000,suppose i am writing here
00:06:50.720000,00:06:52.070000,suppose i am writing here rather than expression i am simply
00:06:52.070000,00:06:52.080000,rather than expression i am simply
00:06:52.080000,00:06:53.830000,rather than expression i am simply writing a
00:06:53.830000,00:06:53.840000,writing a
00:06:53.840000,00:06:56.309000,writing a see i haven't declared anything here and
00:06:56.309000,00:06:56.319000,see i haven't declared anything here and
00:06:56.319000,00:06:58.629000,see i haven't declared anything here and i am writing simply a
00:06:58.629000,00:06:58.639000,i am writing simply a
00:06:58.639000,00:07:00.230000,i am writing simply a that will give error but if you write
00:07:00.230000,00:07:00.240000,that will give error but if you write
00:07:00.240000,00:07:01.670000,that will give error but if you write here
00:07:01.670000,00:07:01.680000,here
00:07:01.680000,00:07:04.070000,here in single quote a it means in single
00:07:04.070000,00:07:04.080000,in single quote a it means in single
00:07:04.080000,00:07:05.270000,in single quote a it means in single code it will be considered as a
00:07:05.270000,00:07:05.280000,code it will be considered as a
00:07:05.280000,00:07:07.270000,code it will be considered as a character character would be you know
00:07:07.270000,00:07:07.280000,character character would be you know
00:07:07.280000,00:07:09.029000,character character would be you know stored in
00:07:09.029000,00:07:09.039000,stored in
00:07:09.039000,00:07:10.870000,stored in the format of sky number
00:07:10.870000,00:07:10.880000,the format of sky number
00:07:10.880000,00:07:13.670000,the format of sky number so the related associated numerical
00:07:13.670000,00:07:13.680000,so the related associated numerical
00:07:13.680000,00:07:16.070000,so the related associated numerical value for a is 97 so it would consider a
00:07:16.070000,00:07:16.080000,value for a is 97 so it would consider a
00:07:16.080000,00:07:17.990000,value for a is 97 so it would consider a as 97 integer value constant value so
00:07:17.990000,00:07:18,as 97 integer value constant value so
00:07:18,00:07:19.110000,as 97 integer value constant value so that is fine
00:07:19.110000,00:07:19.120000,that is fine
00:07:19.120000,00:07:21.189000,that is fine constant value is allowed here string is
00:07:21.189000,00:07:21.199000,constant value is allowed here string is
00:07:21.199000,00:07:22.309000,constant value is allowed here string is not allowed
00:07:22.309000,00:07:22.319000,not allowed
00:07:22.319000,00:07:24.309000,not allowed float is not allowed
00:07:24.309000,00:07:24.319000,float is not allowed
00:07:24.319000,00:07:26.550000,float is not allowed right i hope you got in expression what
00:07:26.550000,00:07:26.560000,right i hope you got in expression what
00:07:26.560000,00:07:29.110000,right i hope you got in expression what you can write down you can experiment
00:07:29.110000,00:07:29.120000,you can write down you can experiment
00:07:29.120000,00:07:30.629000,you can write down you can experiment when you write a program we will also
00:07:30.629000,00:07:30.639000,when you write a program we will also
00:07:30.639000,00:07:32.390000,when you write a program we will also experiment these things
00:07:32.390000,00:07:32.400000,experiment these things
00:07:32.400000,00:07:33.749000,experiment these things right
00:07:33.749000,00:07:33.759000,right
00:07:33.759000,00:07:37.430000,right and you can also experiment by yourself
00:07:37.430000,00:07:37.440000,and you can also experiment by yourself
00:07:37.440000,00:07:39.830000,and you can also experiment by yourself now this value these value value 1 value
00:07:39.830000,00:07:39.840000,now this value these value value 1 value
00:07:39.840000,00:07:44.550000,now this value these value value 1 value 2 value and these also be should have uh
00:07:44.550000,00:07:44.560000,2 value and these also be should have uh
00:07:44.560000,00:07:46.390000,2 value and these also be should have uh integral value
00:07:46.390000,00:07:46.400000,integral value
00:07:46.400000,00:07:48.390000,integral value like either a constant value one two
00:07:48.390000,00:07:48.400000,like either a constant value one two
00:07:48.400000,00:07:51.830000,like either a constant value one two three four zero minus one ninety nine
00:07:51.830000,00:07:51.840000,three four zero minus one ninety nine
00:07:51.840000,00:07:53.510000,three four zero minus one ninety nine these kind of things hundred
00:07:53.510000,00:07:53.520000,these kind of things hundred
00:07:53.520000,00:07:56.230000,these kind of things hundred two fifty seven
00:07:56.230000,00:07:56.240000,two fifty seven
00:07:56.240000,00:07:57.749000,two fifty seven desert value
00:07:57.749000,00:07:57.759000,desert value
00:07:57.759000,00:08:00.950000,desert value or character value same like i can write
00:08:00.950000,00:08:00.960000,or character value same like i can write
00:08:00.960000,00:08:01.990000,or character value same like i can write down
00:08:01.990000,00:08:02,down
00:08:02,00:08:03.189000,down e
00:08:03.189000,00:08:03.199000,e
00:08:03.199000,00:08:06.230000,e character value not simple a that would
00:08:06.230000,00:08:06.240000,character value not simple a that would
00:08:06.240000,00:08:07.990000,character value not simple a that would it's not a character
00:08:07.990000,00:08:08,it's not a character
00:08:08,00:08:09.830000,it's not a character it's a variable it will give error
00:08:09.830000,00:08:09.840000,it's a variable it will give error
00:08:09.840000,00:08:11.749000,it's a variable it will give error single quotes yeah that is character
00:08:11.749000,00:08:11.759000,single quotes yeah that is character
00:08:11.759000,00:08:14.869000,single quotes yeah that is character that is allowed a b c d capital a b c d
00:08:14.869000,00:08:14.879000,that is allowed a b c d capital a b c d
00:08:14.879000,00:08:16.950000,that is allowed a b c d capital a b c d or any symbols also like
00:08:16.950000,00:08:16.960000,or any symbols also like
00:08:16.960000,00:08:18.070000,or any symbols also like plus
00:08:18.070000,00:08:18.080000,plus
00:08:18.080000,00:08:19.749000,plus minus
00:08:19.749000,00:08:19.759000,minus
00:08:19.759000,00:08:21.510000,minus obviously these are also having
00:08:21.510000,00:08:21.520000,obviously these are also having
00:08:21.520000,00:08:23.830000,obviously these are also having associated sky value
00:08:23.830000,00:08:23.840000,associated sky value
00:08:23.840000,00:08:26.390000,associated sky value you can refer to the sky table so those
00:08:26.390000,00:08:26.400000,you can refer to the sky table so those
00:08:26.400000,00:08:28.950000,you can refer to the sky table so those symbols also you can use here
00:08:28.950000,00:08:28.960000,symbols also you can use here
00:08:28.960000,00:08:30.869000,symbols also you can use here but that should be associated with an
00:08:30.869000,00:08:30.879000,but that should be associated with an
00:08:30.879000,00:08:32.870000,but that should be associated with an integer value so integral type of thing
00:08:32.870000,00:08:32.880000,integer value so integral type of thing
00:08:32.880000,00:08:35.430000,integer value so integral type of thing we can write down here string
00:08:35.430000,00:08:35.440000,we can write down here string
00:08:35.440000,00:08:37.909000,we can write down here string not allowed float not allowed
00:08:37.909000,00:08:37.919000,not allowed float not allowed
00:08:37.919000,00:08:39.829000,not allowed float not allowed any comparison type of thing not allowed
00:08:39.829000,00:08:39.839000,any comparison type of thing not allowed
00:08:39.839000,00:08:41.670000,any comparison type of thing not allowed like
00:08:41.670000,00:08:41.680000,like
00:08:41.680000,00:08:43.750000,like a less than two not allowed these kind
00:08:43.750000,00:08:43.760000,a less than two not allowed these kind
00:08:43.760000,00:08:45.750000,a less than two not allowed these kind of things not allowed
00:08:45.750000,00:08:45.760000,of things not allowed
00:08:45.760000,00:08:47.509000,of things not allowed right
00:08:47.509000,00:08:47.519000,right
00:08:47.519000,00:08:49.990000,right now
00:08:52.630000,00:08:52.640000,why we use this break
00:08:52.640000,00:08:56.630000,why we use this break break means just terminate this switch
00:08:56.630000,00:08:56.640000,break means just terminate this switch
00:08:56.640000,00:08:57.590000,break means just terminate this switch here
00:08:57.590000,00:08:57.600000,here
00:08:57.600000,00:08:58.870000,here and comes
00:08:58.870000,00:08:58.880000,and comes
00:08:58.880000,00:09:01.750000,and comes out of this switch suppose out of this
00:09:01.750000,00:09:01.760000,out of this switch suppose out of this
00:09:01.760000,00:09:04.310000,out of this switch suppose out of this switch i am writing here
00:09:04.310000,00:09:04.320000,switch i am writing here
00:09:04.320000,00:09:10.230000,switch i am writing here out of switch statement
00:09:16.710000,00:09:16.720000,once
00:09:16.720000,00:09:18.870000,once the condition is true like
00:09:18.870000,00:09:18.880000,the condition is true like
00:09:18.880000,00:09:20.230000,the condition is true like we will discuss this thing with the help
00:09:20.230000,00:09:20.240000,we will discuss this thing with the help
00:09:20.240000,00:09:23.590000,we will discuss this thing with the help of an example right first let me just
00:09:23.590000,00:09:23.600000,of an example right first let me just
00:09:23.600000,00:09:25.590000,of an example right first let me just draw a flow chart related
00:09:25.590000,00:09:25.600000,draw a flow chart related
00:09:25.600000,00:09:26.870000,draw a flow chart related you know
00:09:26.870000,00:09:26.880000,you know
00:09:26.880000,00:09:28.710000,you know associated with this thing then you will
00:09:28.710000,00:09:28.720000,associated with this thing then you will
00:09:28.720000,00:09:30.870000,associated with this thing then you will get it better
00:09:30.870000,00:09:30.880000,get it better
00:09:30.880000,00:09:33.190000,get it better okay so this is the flowchart i hope you
00:09:33.190000,00:09:33.200000,okay so this is the flowchart i hope you
00:09:33.200000,00:09:34.630000,okay so this is the flowchart i hope you can see this
00:09:34.630000,00:09:34.640000,can see this
00:09:34.640000,00:09:36.550000,can see this we have a switch expression first this
00:09:36.550000,00:09:36.560000,we have a switch expression first this
00:09:36.560000,00:09:38.389000,we have a switch expression first this would be evaluated based on that we'll
00:09:38.389000,00:09:38.399000,would be evaluated based on that we'll
00:09:38.399000,00:09:39.269000,would be evaluated based on that we'll check
00:09:39.269000,00:09:39.279000,check
00:09:39.279000,00:09:41.910000,check the values the case values right case
00:09:41.910000,00:09:41.920000,the values the case values right case
00:09:41.920000,00:09:43.590000,the values the case values right case one if it is true
00:09:43.590000,00:09:43.600000,one if it is true
00:09:43.600000,00:09:45.829000,one if it is true if it is true the value is matched with
00:09:45.829000,00:09:45.839000,if it is true the value is matched with
00:09:45.839000,00:09:47.590000,if it is true the value is matched with this value one the expression whatever
00:09:47.590000,00:09:47.600000,this value one the expression whatever
00:09:47.600000,00:09:49.350000,this value one the expression whatever value you have evaluated the constant
00:09:49.350000,00:09:49.360000,value you have evaluated the constant
00:09:49.360000,00:09:51.590000,value you have evaluated the constant value that would be matched
00:09:51.590000,00:09:51.600000,value that would be matched
00:09:51.600000,00:09:54.550000,value that would be matched if matched with this value 1 then
00:09:54.550000,00:09:54.560000,if matched with this value 1 then
00:09:54.560000,00:09:56.630000,if matched with this value 1 then yes true then this block of statement
00:09:56.630000,00:09:56.640000,yes true then this block of statement
00:09:56.640000,00:09:58.790000,yes true then this block of statement would be executed then break and after
00:09:58.790000,00:09:58.800000,would be executed then break and after
00:09:58.800000,00:10:00.310000,would be executed then break and after that break means
00:10:00.310000,00:10:00.320000,that break means
00:10:00.320000,00:10:02.310000,that break means out of the switch out of the switch
00:10:02.310000,00:10:02.320000,out of the switch out of the switch
00:10:02.320000,00:10:04.310000,out of the switch out of the switch means out of switch statement directly
00:10:04.310000,00:10:04.320000,means out of switch statement directly
00:10:04.320000,00:10:06.790000,means out of switch statement directly out of switch statement if case one
00:10:06.790000,00:10:06.800000,out of switch statement if case one
00:10:06.800000,00:10:09.190000,out of switch statement if case one value doesn't match it is false case two
00:10:09.190000,00:10:09.200000,value doesn't match it is false case two
00:10:09.200000,00:10:11.030000,value doesn't match it is false case two would be checked same thing would would
00:10:11.030000,00:10:11.040000,would be checked same thing would would
00:10:11.040000,00:10:12.389000,would be checked same thing would would happen if true
00:10:12.389000,00:10:12.399000,happen if true
00:10:12.399000,00:10:14.630000,happen if true the statement would be executed
00:10:14.630000,00:10:14.640000,the statement would be executed
00:10:14.640000,00:10:18.069000,the statement would be executed break and out of the switch if not true
00:10:18.069000,00:10:18.079000,break and out of the switch if not true
00:10:18.079000,00:10:20.550000,break and out of the switch if not true false third case would be checked fourth
00:10:20.550000,00:10:20.560000,false third case would be checked fourth
00:10:20.560000,00:10:21.509000,false third case would be checked fourth like this
00:10:21.509000,00:10:21.519000,like this
00:10:21.519000,00:10:23.190000,like this and number of case would be checked and
00:10:23.190000,00:10:23.200000,and number of case would be checked and
00:10:23.200000,00:10:25.110000,and number of case would be checked and after that directly default statement
00:10:25.110000,00:10:25.120000,after that directly default statement
00:10:25.120000,00:10:27.750000,after that directly default statement would be executed and out of switch
00:10:27.750000,00:10:27.760000,would be executed and out of switch
00:10:27.760000,00:10:29.190000,would be executed and out of switch statement
00:10:29.190000,00:10:29.200000,statement
00:10:29.200000,00:10:30.949000,statement this is simple working off switch case
00:10:30.949000,00:10:30.959000,this is simple working off switch case
00:10:30.959000,00:10:32.949000,this is simple working off switch case statement right
00:10:32.949000,00:10:32.959000,statement right
00:10:32.959000,00:10:34.470000,statement right now i have told you two important points
00:10:34.470000,00:10:34.480000,now i have told you two important points
00:10:34.480000,00:10:35.269000,now i have told you two important points what
00:10:35.269000,00:10:35.279000,what
00:10:35.279000,00:10:37.990000,what here you can have what these values you
00:10:37.990000,00:10:38,here you can have what these values you
00:10:38,00:10:39.030000,here you can have what these values you can have
00:10:39.030000,00:10:39.040000,can have
00:10:39.040000,00:10:40.150000,can have right
00:10:40.150000,00:10:40.160000,right
00:10:40.160000,00:10:42.630000,right now see if you don't write break
00:10:42.630000,00:10:42.640000,now see if you don't write break
00:10:42.640000,00:10:45.030000,now see if you don't write break statement here then it is not going to
00:10:45.030000,00:10:45.040000,statement here then it is not going to
00:10:45.040000,00:10:46.470000,statement here then it is not going to break here
00:10:46.470000,00:10:46.480000,break here
00:10:46.480000,00:10:48.470000,break here if this value would be matched it would
00:10:48.470000,00:10:48.480000,if this value would be matched it would
00:10:48.480000,00:10:49.750000,if this value would be matched it would enter here this statement would be
00:10:49.750000,00:10:49.760000,enter here this statement would be
00:10:49.760000,00:10:52.230000,enter here this statement would be executed and it would also execute this
00:10:52.230000,00:10:52.240000,executed and it would also execute this
00:10:52.240000,00:10:54.870000,executed and it would also execute this block of statement as soon as
00:10:54.870000,00:10:54.880000,block of statement as soon as
00:10:54.880000,00:10:57.190000,block of statement as soon as it find out a break
00:10:57.190000,00:10:57.200000,it find out a break
00:10:57.200000,00:10:59.430000,it find out a break then it will break it will come out of
00:10:59.430000,00:10:59.440000,then it will break it will come out of
00:10:59.440000,00:11:00.630000,then it will break it will come out of the
00:11:00.630000,00:11:00.640000,the
00:11:00.640000,00:11:02.710000,the switch
00:11:02.710000,00:11:02.720000,switch
00:11:02.720000,00:11:04.630000,switch out of the switch and go to out of
00:11:04.630000,00:11:04.640000,out of the switch and go to out of
00:11:04.640000,00:11:07.190000,out of the switch and go to out of switch statement right that is why we
00:11:07.190000,00:11:07.200000,switch statement right that is why we
00:11:07.200000,00:11:08.470000,switch statement right that is why we write down after
00:11:08.470000,00:11:08.480000,write down after
00:11:08.480000,00:11:10.870000,write down after every in every case break
00:11:10.870000,00:11:10.880000,every in every case break
00:11:10.880000,00:11:12.389000,every in every case break if you want that
00:11:12.389000,00:11:12.399000,if you want that
00:11:12.399000,00:11:14.790000,if you want that if this value is true if this value is
00:11:14.790000,00:11:14.800000,if this value is true if this value is
00:11:14.800000,00:11:16.069000,if this value is true if this value is matched
00:11:16.069000,00:11:16.079000,matched
00:11:16.079000,00:11:19.030000,matched these two cases should be executed so no
00:11:19.030000,00:11:19.040000,these two cases should be executed so no
00:11:19.040000,00:11:21.350000,these two cases should be executed so no need to write down this break
00:11:21.350000,00:11:21.360000,need to write down this break
00:11:21.360000,00:11:22.550000,need to write down this break right
00:11:22.550000,00:11:22.560000,right
00:11:22.560000,00:11:23.829000,right now
00:11:23.829000,00:11:23.839000,now
00:11:23.839000,00:11:26.310000,now if in the last you are writing default
00:11:26.310000,00:11:26.320000,if in the last you are writing default
00:11:26.320000,00:11:28.550000,if in the last you are writing default no need to write down this break but
00:11:28.550000,00:11:28.560000,no need to write down this break but
00:11:28.560000,00:11:30.949000,no need to write down this break but you can write down this default anywhere
00:11:30.949000,00:11:30.959000,you can write down this default anywhere
00:11:30.959000,00:11:32.870000,you can write down this default anywhere in the switch
00:11:32.870000,00:11:32.880000,in the switch
00:11:32.880000,00:11:34.069000,in the switch here also
00:11:34.069000,00:11:34.079000,here also
00:11:34.079000,00:11:36.790000,here also in between any case statement also if
00:11:36.790000,00:11:36.800000,in between any case statement also if
00:11:36.800000,00:11:38.949000,in between any case statement also if you are writing this default
00:11:38.949000,00:11:38.959000,you are writing this default
00:11:38.959000,00:11:40.310000,you are writing this default at the end it's okay if you are not
00:11:40.310000,00:11:40.320000,at the end it's okay if you are not
00:11:40.320000,00:11:42.790000,at the end it's okay if you are not writing at the end then it is compulsory
00:11:42.790000,00:11:42.800000,writing at the end then it is compulsory
00:11:42.800000,00:11:44.150000,writing at the end then it is compulsory you should write
00:11:44.150000,00:11:44.160000,you should write
00:11:44.160000,00:11:46.630000,you should write break in this default statement these
00:11:46.630000,00:11:46.640000,break in this default statement these
00:11:46.640000,00:11:48.870000,break in this default statement these points you need to take care right and
00:11:48.870000,00:11:48.880000,points you need to take care right and
00:11:48.880000,00:11:50.470000,points you need to take care right and this default is optional if you don't
00:11:50.470000,00:11:50.480000,this default is optional if you don't
00:11:50.480000,00:11:52.870000,this default is optional if you don't want to write it's okay
00:11:52.870000,00:11:52.880000,want to write it's okay
00:11:52.880000,00:11:54.629000,want to write it's okay then also this would be executed default
00:11:54.629000,00:11:54.639000,then also this would be executed default
00:11:54.639000,00:11:55.509000,then also this would be executed default means
00:11:55.509000,00:11:55.519000,means
00:11:55.519000,00:11:58.870000,means if any none of the case value is matched
00:11:58.870000,00:11:58.880000,if any none of the case value is matched
00:11:58.880000,00:12:00.790000,if any none of the case value is matched then by default maybe we are writing
00:12:00.790000,00:12:00.800000,then by default maybe we are writing
00:12:00.800000,00:12:02.949000,then by default maybe we are writing like enter valid choice
00:12:02.949000,00:12:02.959000,like enter valid choice
00:12:02.959000,00:12:05.190000,like enter valid choice right these kind of things so error or
00:12:05.190000,00:12:05.200000,right these kind of things so error or
00:12:05.200000,00:12:07.269000,right these kind of things so error or maybe error message you want to print so
00:12:07.269000,00:12:07.279000,maybe error message you want to print so
00:12:07.279000,00:12:09.350000,maybe error message you want to print so that is by default but it is completely
00:12:09.350000,00:12:09.360000,that is by default but it is completely
00:12:09.360000,00:12:10.470000,that is by default but it is completely optional
00:12:10.470000,00:12:10.480000,optional
00:12:10.480000,00:12:11.590000,optional right
00:12:11.590000,00:12:11.600000,right
00:12:11.600000,00:12:13.269000,right break is also optional but why we are
00:12:13.269000,00:12:13.279000,break is also optional but why we are
00:12:13.279000,00:12:14.870000,break is also optional but why we are writing break why it is compulsory that
00:12:14.870000,00:12:14.880000,writing break why it is compulsory that
00:12:14.880000,00:12:16.629000,writing break why it is compulsory that i have told you the reason also that
00:12:16.629000,00:12:16.639000,i have told you the reason also that
00:12:16.639000,00:12:18.230000,i have told you the reason also that i'll show you also
00:12:18.230000,00:12:18.240000,i'll show you also
00:12:18.240000,00:12:20.710000,i'll show you also when we write a program so let me just
00:12:20.710000,00:12:20.720000,when we write a program so let me just
00:12:20.720000,00:12:22.389000,when we write a program so let me just write down a program and show you the
00:12:22.389000,00:12:22.399000,write down a program and show you the
00:12:22.399000,00:12:25.190000,write down a program and show you the working of this switch case statement
00:12:25.190000,00:12:25.200000,working of this switch case statement
00:12:25.200000,00:12:27.350000,working of this switch case statement okay so first program we will write like
00:12:27.350000,00:12:27.360000,okay so first program we will write like
00:12:27.360000,00:12:30.949000,okay so first program we will write like see whenever you could do customer care
00:12:30.949000,00:12:30.959000,see whenever you could do customer care
00:12:30.959000,00:12:32.870000,see whenever you could do customer care then they give you multiple options like
00:12:32.870000,00:12:32.880000,then they give you multiple options like
00:12:32.880000,00:12:34.710000,then they give you multiple options like press one to do this thing press two to
00:12:34.710000,00:12:34.720000,press one to do this thing press two to
00:12:34.720000,00:12:37.030000,press one to do this thing press two to do this thing press nine to talk to our
00:12:37.030000,00:12:37.040000,do this thing press nine to talk to our
00:12:37.040000,00:12:39.190000,do this thing press nine to talk to our you know customer care executive right
00:12:39.190000,00:12:39.200000,you know customer care executive right
00:12:39.200000,00:12:41.110000,you know customer care executive right so according to your whatever number you
00:12:41.110000,00:12:41.120000,so according to your whatever number you
00:12:41.120000,00:12:42.389000,so according to your whatever number you will press according to that action
00:12:42.389000,00:12:42.399000,will press according to that action
00:12:42.399000,00:12:43.670000,will press according to that action would be performed right you have
00:12:43.670000,00:12:43.680000,would be performed right you have
00:12:43.680000,00:12:45.350000,would be performed right you have multiple choices so that kind of thing
00:12:45.350000,00:12:45.360000,multiple choices so that kind of thing
00:12:45.360000,00:12:47.509000,multiple choices so that kind of thing we are going to you know
00:12:47.509000,00:12:47.519000,we are going to you know
00:12:47.519000,00:12:49.350000,we are going to you know do with this uh switch case statement
00:12:49.350000,00:12:49.360000,do with this uh switch case statement
00:12:49.360000,00:12:51.110000,do with this uh switch case statement that program we are going to write
00:12:51.110000,00:12:51.120000,that program we are going to write
00:12:51.120000,00:12:53.990000,that program we are going to write so same header file using namespace std
00:12:53.990000,00:12:54,so same header file using namespace std
00:12:54,00:12:56.150000,so same header file using namespace std then main function i'm first of all
00:12:56.150000,00:12:56.160000,then main function i'm first of all
00:12:56.160000,00:12:58.949000,then main function i'm first of all writing uh taking int variable int
00:12:58.949000,00:12:58.959000,writing uh taking int variable int
00:12:58.959000,00:13:00.069000,writing uh taking int variable int choice
00:13:00.069000,00:13:00.079000,choice
00:13:00.079000,00:13:02.629000,choice ch choice enter your choice now i'm
00:13:02.629000,00:13:02.639000,ch choice enter your choice now i'm
00:13:02.639000,00:13:04.470000,ch choice enter your choice now i'm asking from the user enter your choice
00:13:04.470000,00:13:04.480000,asking from the user enter your choice
00:13:04.480000,00:13:07.990000,asking from the user enter your choice now see in we have entered a choice in
00:13:07.990000,00:13:08,now see in we have entered a choice in
00:13:08,00:13:10.790000,now see in we have entered a choice in switch simply write down ch i'm not
00:13:10.790000,00:13:10.800000,switch simply write down ch i'm not
00:13:10.800000,00:13:11.910000,switch simply write down ch i'm not writing
00:13:11.910000,00:13:11.920000,writing
00:13:11.920000,00:13:14.150000,writing at this point of time any expression
00:13:14.150000,00:13:14.160000,at this point of time any expression
00:13:14.160000,00:13:16.310000,at this point of time any expression long expression simple a variable i am
00:13:16.310000,00:13:16.320000,long expression simple a variable i am
00:13:16.320000,00:13:17.990000,long expression simple a variable i am writing so this variable value would be
00:13:17.990000,00:13:18,writing so this variable value would be
00:13:18,00:13:20.550000,writing so this variable value would be checked against that test case against
00:13:20.550000,00:13:20.560000,checked against that test case against
00:13:20.560000,00:13:22.069000,checked against that test case against the case values
00:13:22.069000,00:13:22.079000,the case values
00:13:22.079000,00:13:22.790000,the case values and
00:13:22.790000,00:13:22.800000,and
00:13:22.800000,00:13:25.590000,and match case if the case is matched
00:13:25.590000,00:13:25.600000,match case if the case is matched
00:13:25.600000,00:13:27.430000,match case if the case is matched associated to that
00:13:27.430000,00:13:27.440000,associated to that
00:13:27.440000,00:13:29.990000,associated to that whatever the statements are there that
00:13:29.990000,00:13:30,whatever the statements are there that
00:13:30,00:13:31.829000,whatever the statements are there that would be executed right
00:13:31.829000,00:13:31.839000,would be executed right
00:13:31.839000,00:13:33.750000,would be executed right so simply a variable i am writing ch
00:13:33.750000,00:13:33.760000,so simply a variable i am writing ch
00:13:33.760000,00:13:37.990000,so simply a variable i am writing ch whatever you will enter 1 2 9 5 4
00:13:37.990000,00:13:38,whatever you will enter 1 2 9 5 4
00:13:38,00:13:39.670000,whatever you will enter 1 2 9 5 4 right
00:13:39.670000,00:13:39.680000,right
00:13:39.680000,00:13:41.910000,right switch ch now
00:13:41.910000,00:13:41.920000,switch ch now
00:13:41.920000,00:13:52.389000,switch ch now ok case first we will write like
00:13:53.750000,00:13:53.760000,case one
00:13:53.760000,00:13:55.269000,case one suppose
00:13:55.269000,00:13:55.279000,suppose
00:13:55.279000,00:13:58.069000,suppose i'm not writing any character i'm taking
00:13:58.069000,00:13:58.079000,i'm not writing any character i'm taking
00:13:58.079000,00:14:00.629000,i'm not writing any character i'm taking simple first integer value case one the
00:14:00.629000,00:14:00.639000,simple first integer value case one the
00:14:00.639000,00:14:03.030000,simple first integer value case one the value can be either integer or character
00:14:03.030000,00:14:03.040000,value can be either integer or character
00:14:03.040000,00:14:05.910000,value can be either integer or character right case 1 so in this case the output
00:14:05.910000,00:14:05.920000,right case 1 so in this case the output
00:14:05.920000,00:14:08.710000,right case 1 so in this case the output should be c out i wanna know my balance
00:14:08.710000,00:14:08.720000,should be c out i wanna know my balance
00:14:08.720000,00:14:10.310000,should be c out i wanna know my balance that's it then break
00:14:10.310000,00:14:10.320000,that's it then break
00:14:10.320000,00:14:12.710000,that's it then break then i'm writing case
00:14:12.710000,00:14:12.720000,then i'm writing case
00:14:12.720000,00:14:13.509000,then i'm writing case 2
00:14:13.509000,00:14:13.519000,2
00:14:13.519000,00:14:16.470000,2 i want to register a complaint right
00:14:16.470000,00:14:16.480000,i want to register a complaint right
00:14:16.480000,00:14:18.949000,i want to register a complaint right okay now case
00:14:18.949000,00:14:18.959000,okay now case
00:14:18.959000,00:14:20.870000,okay now case nine i wanna talk to customer care
00:14:20.870000,00:14:20.880000,nine i wanna talk to customer care
00:14:20.880000,00:14:22.389000,nine i wanna talk to customer care executive generally
00:14:22.389000,00:14:22.399000,executive generally
00:14:22.399000,00:14:25.990000,executive generally at nine they give this option right
00:14:25.990000,00:14:26,at nine they give this option right
00:14:26,00:14:29.110000,at nine they give this option right so it's okay case one two nine
00:14:29.110000,00:14:29.120000,so it's okay case one two nine
00:14:29.120000,00:14:30.710000,so it's okay case one two nine any number you can write down it's not
00:14:30.710000,00:14:30.720000,any number you can write down it's not
00:14:30.720000,00:14:31.910000,any number you can write down it's not it's not like that you have to write on
00:14:31.910000,00:14:31.920000,it's not like that you have to write on
00:14:31.920000,00:14:34.310000,it's not like that you have to write on 1 2 3 4 no
00:14:34.310000,00:14:34.320000,1 2 3 4 no
00:14:34.320000,00:14:36.470000,1 2 3 4 no maybe here you can write down 13 at
00:14:36.470000,00:14:36.480000,maybe here you can write down 13 at
00:14:36.480000,00:14:37.350000,maybe here you can write down 13 at first
00:14:37.350000,00:14:37.360000,first
00:14:37.360000,00:14:38.470000,first then 2
00:14:38.470000,00:14:38.480000,then 2
00:14:38.480000,00:14:40.310000,then 2 any number you can write down but the
00:14:40.310000,00:14:40.320000,any number you can write down but the
00:14:40.320000,00:14:41.829000,any number you can write down but the condition is it should be integer or
00:14:41.829000,00:14:41.839000,condition is it should be integer or
00:14:41.839000,00:14:42.949000,condition is it should be integer or character
00:14:42.949000,00:14:42.959000,character
00:14:42.959000,00:14:45.670000,character right 0 you can write down right
00:14:45.670000,00:14:45.680000,right 0 you can write down right
00:14:45.680000,00:14:48.069000,right 0 you can write down right okay now 1 2 and 9 i am writing
00:14:48.069000,00:14:48.079000,okay now 1 2 and 9 i am writing
00:14:48.079000,00:14:51.990000,okay now 1 2 and 9 i am writing after that i am writing default
00:14:53.350000,00:14:53.360000,it is optional
00:14:53.360000,00:14:55.910000,it is optional default and in default it should print
00:14:55.910000,00:14:55.920000,default and in default it should print
00:14:55.920000,00:14:59.590000,default and in default it should print like c out
00:14:59.590000,00:14:59.600000,like c out
00:14:59.600000,00:15:03.350000,like c out enter valid choice
00:15:10.310000,00:15:10.320000,break
00:15:10.320000,00:15:12.150000,break okay fine
00:15:12.150000,00:15:12.160000,okay fine
00:15:12.160000,00:15:13.509000,okay fine now out of
00:15:13.509000,00:15:13.519000,now out of
00:15:13.519000,00:15:15.670000,now out of uh the switch i am writing c out end of
00:15:15.670000,00:15:15.680000,uh the switch i am writing c out end of
00:15:15.680000,00:15:17.990000,uh the switch i am writing c out end of switch case or may simply be i am
00:15:17.990000,00:15:18,switch case or may simply be i am
00:15:18,00:15:19.990000,switch case or may simply be i am writing
00:15:19.990000,00:15:20,writing
00:15:20,00:15:22.310000,writing out of switch case and return zero right
00:15:22.310000,00:15:22.320000,out of switch case and return zero right
00:15:22.320000,00:15:23.829000,out of switch case and return zero right let me just run this program it is
00:15:23.829000,00:15:23.839000,let me just run this program it is
00:15:23.839000,00:15:25.590000,let me just run this program it is simple program
00:15:25.590000,00:15:25.600000,simple program
00:15:25.600000,00:15:27.269000,simple program first of all it will ask enter your
00:15:27.269000,00:15:27.279000,first of all it will ask enter your
00:15:27.279000,00:15:31.110000,first of all it will ask enter your choice it is asking so i am entering
00:15:31.110000,00:15:31.120000,choice it is asking so i am entering
00:15:31.120000,00:15:33.189000,choice it is asking so i am entering 2
00:15:33.189000,00:15:33.199000,2
00:15:33.199000,00:15:33.910000,2 now
00:15:33.910000,00:15:33.920000,now
00:15:33.920000,00:15:35.910000,now what it is printing i want to register a
00:15:35.910000,00:15:35.920000,what it is printing i want to register a
00:15:35.920000,00:15:37.829000,what it is printing i want to register a complaint i want to register a complaint
00:15:37.829000,00:15:37.839000,complaint i want to register a complaint
00:15:37.839000,00:15:40.470000,complaint i want to register a complaint because case 2 is the value is matching
00:15:40.470000,00:15:40.480000,because case 2 is the value is matching
00:15:40.480000,00:15:42.470000,because case 2 is the value is matching i'm entering 2 which
00:15:42.470000,00:15:42.480000,i'm entering 2 which
00:15:42.480000,00:15:44.550000,i'm entering 2 which case this is value 1 not matching then
00:15:44.550000,00:15:44.560000,case this is value 1 not matching then
00:15:44.560000,00:15:46.790000,case this is value 1 not matching then again case 2 yes it is matching so this
00:15:46.790000,00:15:46.800000,again case 2 yes it is matching so this
00:15:46.800000,00:15:48.150000,again case 2 yes it is matching so this statement would be executed i want to
00:15:48.150000,00:15:48.160000,statement would be executed i want to
00:15:48.160000,00:15:50.150000,statement would be executed i want to resist a complaint then break deck means
00:15:50.150000,00:15:50.160000,resist a complaint then break deck means
00:15:50.160000,00:15:51.749000,resist a complaint then break deck means out of switch out of switch i am writing
00:15:51.749000,00:15:51.759000,out of switch out of switch i am writing
00:15:51.759000,00:15:53.350000,out of switch out of switch i am writing out of switch case
00:15:53.350000,00:15:53.360000,out of switch case
00:15:53.360000,00:15:54.389000,out of switch case that's it
00:15:54.389000,00:15:54.399000,that's it
00:15:54.399000,00:15:56.389000,that's it again run this
00:15:56.389000,00:15:56.399000,again run this
00:15:56.399000,00:15:57.189000,again run this and
00:15:57.189000,00:15:57.199000,and
00:15:57.199000,00:15:58.310000,and okay
00:15:58.310000,00:15:58.320000,okay
00:15:58.320000,00:16:01.749000,okay let me just run this again
00:16:08.150000,00:16:08.160000,i'm want to talk to customer care
00:16:08.160000,00:16:11.509000,i'm want to talk to customer care executive out of switch case
00:16:11.509000,00:16:11.519000,executive out of switch case
00:16:11.519000,00:16:12.870000,executive out of switch case again run
00:16:12.870000,00:16:12.880000,again run
00:16:12.880000,00:16:15.269000,again run suppose this choice i'm writing 8 i'm
00:16:15.269000,00:16:15.279000,suppose this choice i'm writing 8 i'm
00:16:15.279000,00:16:17.189000,suppose this choice i'm writing 8 i'm entering 8
00:16:17.189000,00:16:17.199000,entering 8
00:16:17.199000,00:16:19.749000,entering 8 then 8 is not matching with any case
00:16:19.749000,00:16:19.759000,then 8 is not matching with any case
00:16:19.759000,00:16:22.629000,then 8 is not matching with any case value 1 2 nine no so it will go to
00:16:22.629000,00:16:22.639000,value 1 2 nine no so it will go to
00:16:22.639000,00:16:24.870000,value 1 2 nine no so it will go to default default means enter valid choice
00:16:24.870000,00:16:24.880000,default default means enter valid choice
00:16:24.880000,00:16:26.710000,default default means enter valid choice so it is printing enter valid choice out
00:16:26.710000,00:16:26.720000,so it is printing enter valid choice out
00:16:26.720000,00:16:28.790000,so it is printing enter valid choice out of switch case
00:16:28.790000,00:16:28.800000,of switch case
00:16:28.800000,00:16:31.430000,of switch case fine i hope you got this
00:16:31.430000,00:16:31.440000,fine i hope you got this
00:16:31.440000,00:16:32.389000,fine i hope you got this okay
00:16:32.389000,00:16:32.399000,okay
00:16:32.399000,00:16:34.870000,okay you can simply write down ch any
00:16:34.870000,00:16:34.880000,you can simply write down ch any
00:16:34.880000,00:16:37.670000,you can simply write down ch any expression like ch plus 2 i am writing
00:16:37.670000,00:16:37.680000,expression like ch plus 2 i am writing
00:16:37.680000,00:16:40.150000,expression like ch plus 2 i am writing that is also fine because ultimately ch
00:16:40.150000,00:16:40.160000,that is also fine because ultimately ch
00:16:40.160000,00:16:43.030000,that is also fine because ultimately ch value you will enter plus 2 would give
00:16:43.030000,00:16:43.040000,value you will enter plus 2 would give
00:16:43.040000,00:16:45.110000,value you will enter plus 2 would give any constant value
00:16:45.110000,00:16:45.120000,any constant value
00:16:45.120000,00:16:46.949000,any constant value so suppose i am running this it will not
00:16:46.949000,00:16:46.959000,so suppose i am running this it will not
00:16:46.959000,00:16:49.269000,so suppose i am running this it will not give any error and i am entering the
00:16:49.269000,00:16:49.279000,give any error and i am entering the
00:16:49.279000,00:16:52.310000,give any error and i am entering the choice like 7
00:16:52.310000,00:16:52.320000,choice like 7
00:16:52.320000,00:16:53.910000,choice like 7 so now it is printing i want to talk to
00:16:53.910000,00:16:53.920000,so now it is printing i want to talk to
00:16:53.920000,00:16:57.350000,so now it is printing i want to talk to customer care executive choice is 7
00:16:57.350000,00:16:57.360000,customer care executive choice is 7
00:16:57.360000,00:16:59.430000,customer care executive choice is 7 in switch case we have switch expression
00:16:59.430000,00:16:59.440000,in switch case we have switch expression
00:16:59.440000,00:17:02.389000,in switch case we have switch expression we have cs plus 2 7 plus 2 is 9 so case
00:17:02.389000,00:17:02.399000,we have cs plus 2 7 plus 2 is 9 so case
00:17:02.399000,00:17:04.390000,we have cs plus 2 7 plus 2 is 9 so case 9 is
00:17:04.390000,00:17:04.400000,9 is
00:17:04.400000,00:17:05.829000,9 is the value match i want to talk to
00:17:05.829000,00:17:05.839000,the value match i want to talk to
00:17:05.839000,00:17:07.750000,the value match i want to talk to customer call executive
00:17:07.750000,00:17:07.760000,customer call executive
00:17:07.760000,00:17:09.829000,customer call executive okay
00:17:09.829000,00:17:09.839000,okay
00:17:09.839000,00:17:14.230000,okay any variable you are taking into a b c
00:17:16.230000,00:17:16.240000,so you can write down here a plus b plus
00:17:16.240000,00:17:18.150000,so you can write down here a plus b plus c or a into b now this kind of
00:17:18.150000,00:17:18.160000,c or a into b now this kind of
00:17:18.160000,00:17:20.069000,c or a into b now this kind of expression you can write or 2 plus 2 2
00:17:20.069000,00:17:20.079000,expression you can write or 2 plus 2 2
00:17:20.079000,00:17:21.029000,expression you can write or 2 plus 2 2 into 2
00:17:21.029000,00:17:21.039000,into 2
00:17:21.039000,00:17:23.110000,into 2 5 plus 4 divided by
00:17:23.110000,00:17:23.120000,5 plus 4 divided by
00:17:23.120000,00:17:25.669000,5 plus 4 divided by 5 plus 4 divided by 2 this kind of thing
00:17:25.669000,00:17:25.679000,5 plus 4 divided by 2 this kind of thing
00:17:25.679000,00:17:27.110000,5 plus 4 divided by 2 this kind of thing but
00:17:27.110000,00:17:27.120000,but
00:17:27.120000,00:17:28.630000,but float value is not loud suppose i am
00:17:28.630000,00:17:28.640000,float value is not loud suppose i am
00:17:28.640000,00:17:30.710000,float value is not loud suppose i am writing here 1.2
00:17:30.710000,00:17:30.720000,writing here 1.2
00:17:30.720000,00:17:33.909000,writing here 1.2 this is slot so it is giving error see
00:17:33.909000,00:17:33.919000,this is slot so it is giving error see
00:17:33.919000,00:17:35.909000,this is slot so it is giving error see expression must have
00:17:35.909000,00:17:35.919000,expression must have
00:17:35.919000,00:17:38.630000,expression must have integral or enum type integral means
00:17:38.630000,00:17:38.640000,integral or enum type integral means
00:17:38.640000,00:17:40.390000,integral or enum type integral means either integer or character character
00:17:40.390000,00:17:40.400000,either integer or character character
00:17:40.400000,00:17:43.110000,either integer or character character also will be represented with sky code
00:17:43.110000,00:17:43.120000,also will be represented with sky code
00:17:43.120000,00:17:45.270000,also will be represented with sky code integer value or enum type enumeration
00:17:45.270000,00:17:45.280000,integer value or enum type enumeration
00:17:45.280000,00:17:47.510000,integer value or enum type enumeration data type that is also allowed
00:17:47.510000,00:17:47.520000,data type that is also allowed
00:17:47.520000,00:17:49.430000,data type that is also allowed float string not allowed
00:17:49.430000,00:17:49.440000,float string not allowed
00:17:49.440000,00:17:50.710000,float string not allowed right
00:17:50.710000,00:17:50.720000,right
00:17:50.720000,00:17:51.669000,right now
00:17:51.669000,00:17:51.679000,now
00:17:51.679000,00:17:53.190000,now if
00:17:53.190000,00:17:53.200000,if
00:17:53.200000,00:17:54.710000,if now here
00:17:54.710000,00:17:54.720000,now here
00:17:54.720000,00:17:55.909000,now here rather than this one two three you can
00:17:55.909000,00:17:55.919000,rather than this one two three you can
00:17:55.919000,00:17:57.750000,rather than this one two three you can write down also characters also we can
00:17:57.750000,00:17:57.760000,write down also characters also we can
00:17:57.760000,00:18:01.590000,write down also characters also we can write down right so suppose uh
00:18:01.590000,00:18:01.600000,write down right so suppose uh
00:18:01.600000,00:18:04.310000,write down right so suppose uh i am this time i am taking
00:18:04.310000,00:18:04.320000,i am this time i am taking
00:18:04.320000,00:18:07.029000,i am this time i am taking data type of this character is care
00:18:07.029000,00:18:07.039000,data type of this character is care
00:18:07.039000,00:18:07.990000,data type of this character is care right
00:18:07.990000,00:18:08,right
00:18:08,00:18:11.669000,right ch care and case 1 i am writing suppose
00:18:11.669000,00:18:11.679000,ch care and case 1 i am writing suppose
00:18:11.679000,00:18:13.510000,ch care and case 1 i am writing suppose a
00:18:13.510000,00:18:13.520000,a
00:18:13.520000,00:18:15.350000,a small a
00:18:15.350000,00:18:15.360000,small a
00:18:15.360000,00:18:18.789000,small a okay
00:18:25.430000,00:18:25.440000,the character is
00:18:25.440000,00:18:26.870000,the character is a
00:18:26.870000,00:18:26.880000,a
00:18:26.880000,00:18:28.710000,a that's it
00:18:28.710000,00:18:28.720000,that's it
00:18:28.720000,00:18:31.510000,that's it now case 2 i am taking
00:18:31.510000,00:18:31.520000,now case 2 i am taking
00:18:31.520000,00:18:34.310000,now case 2 i am taking capital a
00:18:40.630000,00:18:40.640000,the character is
00:18:40.640000,00:18:43.110000,the character is capital a
00:18:43.110000,00:18:43.120000,capital a
00:18:43.120000,00:18:47.510000,capital a okay
00:18:51.430000,00:18:51.440000,and case one i am taking suppose
00:18:51.440000,00:18:54.950000,and case one i am taking suppose capital j
00:19:10.390000,00:19:10.400000,and in default i am printing enter valid
00:19:10.400000,00:19:12.150000,and in default i am printing enter valid character
00:19:12.150000,00:19:12.160000,character
00:19:12.160000,00:19:14.470000,character right and then out of switch
00:19:14.470000,00:19:14.480000,right and then out of switch
00:19:14.480000,00:19:16.310000,right and then out of switch so fine character values are also
00:19:16.310000,00:19:16.320000,so fine character values are also
00:19:16.320000,00:19:18.630000,so fine character values are also allowed integer or character let me just
00:19:18.630000,00:19:18.640000,allowed integer or character let me just
00:19:18.640000,00:19:21.590000,allowed integer or character let me just run this enter your choice i am printing
00:19:21.590000,00:19:21.600000,run this enter your choice i am printing
00:19:21.600000,00:19:22.710000,run this enter your choice i am printing small a
00:19:22.710000,00:19:22.720000,small a
00:19:22.720000,00:19:24.870000,small a the character is small a out of switch
00:19:24.870000,00:19:24.880000,the character is small a out of switch
00:19:24.880000,00:19:25.830000,the character is small a out of switch case
00:19:25.830000,00:19:25.840000,case
00:19:25.840000,00:19:30.470000,case again run this i'm print i'm entering r
00:19:30.470000,00:19:30.480000,again run this i'm print i'm entering r
00:19:30.480000,00:19:34.150000,again run this i'm print i'm entering r enter valid character after switch case
00:19:34.150000,00:19:34.160000,enter valid character after switch case
00:19:34.160000,00:19:36.710000,enter valid character after switch case no keys is matching right
00:19:36.710000,00:19:36.720000,no keys is matching right
00:19:36.720000,00:19:40.070000,no keys is matching right okay if uh see
00:19:40.070000,00:19:40.080000,okay if uh see
00:19:40.080000,00:19:42.390000,okay if uh see i don't write any break here
00:19:42.390000,00:19:42.400000,i don't write any break here
00:19:42.400000,00:19:45.750000,i don't write any break here in that case what will happen see
00:19:45.750000,00:19:45.760000,in that case what will happen see
00:19:45.760000,00:19:47.270000,in that case what will happen see let me just run this
00:19:47.270000,00:19:47.280000,let me just run this
00:19:47.280000,00:19:48.870000,let me just run this and show you
00:19:48.870000,00:19:48.880000,and show you
00:19:48.880000,00:19:50.630000,and show you enter your choice i'm
00:19:50.630000,00:19:50.640000,enter your choice i'm
00:19:50.640000,00:19:52.870000,enter your choice i'm entering kept small a
00:19:52.870000,00:19:52.880000,entering kept small a
00:19:52.880000,00:19:54.549000,entering kept small a so what it is printing the character is
00:19:54.549000,00:19:54.559000,so what it is printing the character is
00:19:54.559000,00:19:56.870000,so what it is printing the character is small a the character is capital a and
00:19:56.870000,00:19:56.880000,small a the character is capital a and
00:19:56.880000,00:20:00.710000,small a the character is capital a and then out of switch case why so
00:20:00.710000,00:20:00.720000,then out of switch case why so
00:20:00.720000,00:20:03.029000,then out of switch case why so i am entering a choice is a so it is
00:20:03.029000,00:20:03.039000,i am entering a choice is a so it is
00:20:03.039000,00:20:05.510000,i am entering a choice is a so it is matching with this case a so it will
00:20:05.510000,00:20:05.520000,matching with this case a so it will
00:20:05.520000,00:20:07.270000,matching with this case a so it will print the character is a
00:20:07.270000,00:20:07.280000,print the character is a
00:20:07.280000,00:20:10.549000,print the character is a then no break so it will continue
00:20:10.549000,00:20:10.559000,then no break so it will continue
00:20:10.559000,00:20:14.390000,then no break so it will continue executing the character is capital a now
00:20:14.390000,00:20:14.400000,executing the character is capital a now
00:20:14.400000,00:20:16.070000,executing the character is capital a now break yeah
00:20:16.070000,00:20:16.080000,break yeah
00:20:16.080000,00:20:19.669000,break yeah once it will find break out of switch
00:20:19.669000,00:20:19.679000,once it will find break out of switch
00:20:19.679000,00:20:23.270000,once it will find break out of switch right that is why we are writing break
00:20:23.270000,00:20:23.280000,right that is why we are writing break
00:20:23.280000,00:20:23.990000,right that is why we are writing break to
00:20:23.990000,00:20:24,to
00:20:24,00:20:27.190000,to break the flow the execution
00:20:27.190000,00:20:27.200000,break the flow the execution
00:20:27.200000,00:20:28.310000,break the flow the execution right
00:20:28.310000,00:20:28.320000,right
00:20:28.320000,00:20:29.110000,right now
00:20:29.110000,00:20:29.120000,now
00:20:29.120000,00:20:31.110000,now default you can write down anywhere in
00:20:31.110000,00:20:31.120000,default you can write down anywhere in
00:20:31.120000,00:20:32.390000,default you can write down anywhere in your program
00:20:32.390000,00:20:32.400000,your program
00:20:32.400000,00:20:34.390000,your program i am writing this default
00:20:34.390000,00:20:34.400000,i am writing this default
00:20:34.400000,00:20:37.110000,i am writing this default at starting
00:20:37.110000,00:20:37.120000,at starting
00:20:37.120000,00:20:38.789000,at starting if you are writing at starting or
00:20:38.789000,00:20:38.799000,if you are writing at starting or
00:20:38.799000,00:20:40.789000,if you are writing at starting or anywhere you are not writing at the end
00:20:40.789000,00:20:40.799000,anywhere you are not writing at the end
00:20:40.799000,00:20:42.390000,anywhere you are not writing at the end then it is compulsory to write down this
00:20:42.390000,00:20:42.400000,then it is compulsory to write down this
00:20:42.400000,00:20:43.909000,then it is compulsory to write down this break if you will not write down this
00:20:43.909000,00:20:43.919000,break if you will not write down this
00:20:43.919000,00:20:46.070000,break if you will not write down this break
00:20:46.070000,00:20:46.080000,break
00:20:46.080000,00:20:49.669000,break what will happen c let's run this i am
00:20:49.669000,00:20:49.679000,what will happen c let's run this i am
00:20:49.679000,00:20:51.110000,what will happen c let's run this i am entering
00:20:51.110000,00:20:51.120000,entering
00:20:51.120000,00:20:53.830000,entering small o small r
00:20:53.830000,00:20:53.840000,small o small r
00:20:53.840000,00:20:55.270000,small o small r what it will print
00:20:55.270000,00:20:55.280000,what it will print
00:20:55.280000,00:20:58.149000,what it will print small r is not in any case
00:20:58.149000,00:20:58.159000,small r is not in any case
00:20:58.159000,00:20:59.750000,small r is not in any case so it will
00:20:59.750000,00:20:59.760000,so it will
00:20:59.760000,00:21:01.830000,so it will be executing default statement default
00:21:01.830000,00:21:01.840000,be executing default statement default
00:21:01.840000,00:21:04.310000,be executing default statement default means enter valid character
00:21:04.310000,00:21:04.320000,means enter valid character
00:21:04.320000,00:21:06.230000,means enter valid character but it is printing the character is
00:21:06.230000,00:21:06.240000,but it is printing the character is
00:21:06.240000,00:21:07.430000,but it is printing the character is small a
00:21:07.430000,00:21:07.440000,small a
00:21:07.440000,00:21:09.190000,small a and then out of switch case why so
00:21:09.190000,00:21:09.200000,and then out of switch case why so
00:21:09.200000,00:21:12.149000,and then out of switch case why so because default is
00:21:12.149000,00:21:12.159000,because default is
00:21:12.159000,00:21:14.149000,because default is at the first at the beginning
00:21:14.149000,00:21:14.159000,at the first at the beginning
00:21:14.159000,00:21:14.950000,at the first at the beginning okay
00:21:14.950000,00:21:14.960000,okay
00:21:14.960000,00:21:17.590000,okay and after that there is no break
00:21:17.590000,00:21:17.600000,and after that there is no break
00:21:17.600000,00:21:20.630000,and after that there is no break so it will continue
00:21:20.630000,00:21:20.640000,so it will continue
00:21:20.640000,00:21:22.630000,so it will continue the execution
00:21:22.630000,00:21:22.640000,the execution
00:21:22.640000,00:21:24.950000,the execution the character is smaller now it is
00:21:24.950000,00:21:24.960000,the character is smaller now it is
00:21:24.960000,00:21:27.750000,the character is smaller now it is finding break now it will break
00:21:27.750000,00:21:27.760000,finding break now it will break
00:21:27.760000,00:21:29.590000,finding break now it will break out of the switch case that is why if
00:21:29.590000,00:21:29.600000,out of the switch case that is why if
00:21:29.600000,00:21:31.990000,out of the switch case that is why if you write down default
00:21:31.990000,00:21:32,you write down default
00:21:32,00:21:33.830000,you write down default in the middle of the program or you can
00:21:33.830000,00:21:33.840000,in the middle of the program or you can
00:21:33.840000,00:21:35.430000,in the middle of the program or you can say in the middle of the switch case or
00:21:35.430000,00:21:35.440000,say in the middle of the switch case or
00:21:35.440000,00:21:37.590000,say in the middle of the switch case or at the starting not at the end
00:21:37.590000,00:21:37.600000,at the starting not at the end
00:21:37.600000,00:21:39.190000,at the starting not at the end then it is compulsory to write down
00:21:39.190000,00:21:39.200000,then it is compulsory to write down
00:21:39.200000,00:21:40.710000,then it is compulsory to write down break at the end if you are writing
00:21:40.710000,00:21:40.720000,break at the end if you are writing
00:21:40.720000,00:21:41.830000,break at the end if you are writing default
00:21:41.830000,00:21:41.840000,default
00:21:41.840000,00:21:43.590000,default no need to write down break
00:21:43.590000,00:21:43.600000,no need to write down break
00:21:43.600000,00:21:44.549000,no need to write down break right
00:21:44.549000,00:21:44.559000,right
00:21:44.559000,00:21:46.870000,right okay now that's it ah okay second and
00:21:46.870000,00:21:46.880000,okay now that's it ah okay second and
00:21:46.880000,00:21:49.830000,okay now that's it ah okay second and maybe like i am writing here
00:21:49.830000,00:21:49.840000,maybe like i am writing here
00:21:49.840000,00:21:54.710000,maybe like i am writing here ch
00:22:00.149000,00:22:00.159000,okay now let's run this
00:22:00.159000,00:22:02.149000,okay now let's run this enter your choice i'm entering
00:22:02.149000,00:22:02.159000,enter your choice i'm entering
00:22:02.159000,00:22:04.149000,enter your choice i'm entering capital h
00:22:04.149000,00:22:04.159000,capital h
00:22:04.159000,00:22:06.710000,capital h capital h means you will say like
00:22:06.710000,00:22:06.720000,capital h means you will say like
00:22:06.720000,00:22:09.029000,capital h means you will say like capital h is not matching with any case
00:22:09.029000,00:22:09.039000,capital h is not matching with any case
00:22:09.039000,00:22:10.710000,capital h is not matching with any case so default would be executed like enter
00:22:10.710000,00:22:10.720000,so default would be executed like enter
00:22:10.720000,00:22:13.270000,so default would be executed like enter valid character okay let's see
00:22:13.270000,00:22:13.280000,valid character okay let's see
00:22:13.280000,00:22:15.830000,valid character okay let's see no no no no it is printing enter the
00:22:15.830000,00:22:15.840000,no no no no it is printing enter the
00:22:15.840000,00:22:18.549000,no no no no it is printing enter the character is capital j
00:22:18.549000,00:22:18.559000,character is capital j
00:22:18.559000,00:22:20.549000,character is capital j and then out of switch case no default
00:22:20.549000,00:22:20.559000,and then out of switch case no default
00:22:20.559000,00:22:23.510000,and then out of switch case no default why so because in expression in switch
00:22:23.510000,00:22:23.520000,why so because in expression in switch
00:22:23.520000,00:22:26.230000,why so because in expression in switch expression we are writing ch plus 2
00:22:26.230000,00:22:26.240000,expression we are writing ch plus 2
00:22:26.240000,00:22:27.830000,expression we are writing ch plus 2 means ch is
00:22:27.830000,00:22:27.840000,means ch is
00:22:27.840000,00:22:29.430000,means ch is h
00:22:29.430000,00:22:29.440000,h
00:22:29.440000,00:22:32.310000,h h plus 2 h i j
00:22:32.310000,00:22:32.320000,h plus 2 h i j
00:22:32.320000,00:22:35.029000,h plus 2 h i j if you add in the sky value so plus 2 if
00:22:35.029000,00:22:35.039000,if you add in the sky value so plus 2 if
00:22:35.039000,00:22:37.990000,if you add in the sky value so plus 2 if you loo then it will be j
00:22:37.990000,00:22:38,you loo then it will be j
00:22:38,00:22:41.110000,you loo then it will be j right so yes we have a case j this is
00:22:41.110000,00:22:41.120000,right so yes we have a case j this is
00:22:41.120000,00:22:42.870000,right so yes we have a case j this is the case and the character is j it will
00:22:42.870000,00:22:42.880000,the case and the character is j it will
00:22:42.880000,00:22:44.870000,the case and the character is j it will print right
00:22:44.870000,00:22:44.880000,print right
00:22:44.880000,00:22:46.950000,print right so i hope you got now you can experiment
00:22:46.950000,00:22:46.960000,so i hope you got now you can experiment
00:22:46.960000,00:22:49.430000,so i hope you got now you can experiment with yourself right different different
00:22:49.430000,00:22:49.440000,with yourself right different different
00:22:49.440000,00:22:51.430000,with yourself right different different cases can be there different different
00:22:51.430000,00:22:51.440000,cases can be there different different
00:22:51.440000,00:22:52.789000,cases can be there different different kind of things you can do with this
00:22:52.789000,00:22:52.799000,kind of things you can do with this
00:22:52.799000,00:22:53.590000,kind of things you can do with this thing
00:22:53.590000,00:22:53.600000,thing
00:22:53.600000,00:22:56.470000,thing just try to use here string hair string
00:22:56.470000,00:22:56.480000,just try to use here string hair string
00:22:56.480000,00:22:58.470000,just try to use here string hair string what error you are getting
00:22:58.470000,00:22:58.480000,what error you are getting
00:22:58.480000,00:23:00.230000,what error you are getting you have to be familiar with the error
00:23:00.230000,00:23:00.240000,you have to be familiar with the error
00:23:00.240000,00:23:02.630000,you have to be familiar with the error also like if you write down this thing
00:23:02.630000,00:23:02.640000,also like if you write down this thing
00:23:02.640000,00:23:05.029000,also like if you write down this thing string this type of error you will get
00:23:05.029000,00:23:05.039000,string this type of error you will get
00:23:05.039000,00:23:05.990000,string this type of error you will get right
00:23:05.990000,00:23:06,right
00:23:06,00:23:08.230000,right that is also very uh it's a good
00:23:08.230000,00:23:08.240000,that is also very uh it's a good
00:23:08.240000,00:23:11.029000,that is also very uh it's a good practice to be a good coder you have to
00:23:11.029000,00:23:11.039000,practice to be a good coder you have to
00:23:11.039000,00:23:13.110000,practice to be a good coder you have to you know identify the errors type of
00:23:13.110000,00:23:13.120000,you know identify the errors type of
00:23:13.120000,00:23:15.029000,you know identify the errors type of errors what you can get
00:23:15.029000,00:23:15.039000,errors what you can get
00:23:15.039000,00:23:16.789000,errors what you can get right and how to resolve that kind of
00:23:16.789000,00:23:16.799000,right and how to resolve that kind of
00:23:16.799000,00:23:18.789000,right and how to resolve that kind of errors how to identify
00:23:18.789000,00:23:18.799000,errors how to identify
00:23:18.799000,00:23:20.789000,errors how to identify so now one assignment for you is you
00:23:20.789000,00:23:20.799000,so now one assignment for you is you
00:23:20.799000,00:23:22.549000,so now one assignment for you is you have to write down a program
00:23:22.549000,00:23:22.559000,have to write down a program
00:23:22.559000,00:23:23.830000,have to write down a program it's you can say a project simple
00:23:23.830000,00:23:23.840000,it's you can say a project simple
00:23:23.840000,00:23:25.270000,it's you can say a project simple project for you guys you have to devise
00:23:25.270000,00:23:25.280000,project for you guys you have to devise
00:23:25.280000,00:23:27.190000,project for you guys you have to devise a calculator right
00:23:27.190000,00:23:27.200000,a calculator right
00:23:27.200000,00:23:29.110000,a calculator right if i press plus
00:23:29.110000,00:23:29.120000,if i press plus
00:23:29.120000,00:23:31.510000,if i press plus it will ask you from the user like first
00:23:31.510000,00:23:31.520000,it will ask you from the user like first
00:23:31.520000,00:23:33.669000,it will ask you from the user like first of all enter two numbers a or b you can
00:23:33.669000,00:23:33.679000,of all enter two numbers a or b you can
00:23:33.679000,00:23:36.310000,of all enter two numbers a or b you can say then if it lasts enter the operator
00:23:36.310000,00:23:36.320000,say then if it lasts enter the operator
00:23:36.320000,00:23:39.350000,say then if it lasts enter the operator or enter your choice if i enter plus
00:23:39.350000,00:23:39.360000,or enter your choice if i enter plus
00:23:39.360000,00:23:41.269000,or enter your choice if i enter plus plus operator it will add these two
00:23:41.269000,00:23:41.279000,plus operator it will add these two
00:23:41.279000,00:23:43.269000,plus operator it will add these two numbers if i enter minus it will
00:23:43.269000,00:23:43.279000,numbers if i enter minus it will
00:23:43.279000,00:23:45.909000,numbers if i enter minus it will subtract if i enter into it will
00:23:45.909000,00:23:45.919000,subtract if i enter into it will
00:23:45.919000,00:23:48.149000,subtract if i enter into it will multiply if i enter divide it will
00:23:48.149000,00:23:48.159000,multiply if i enter divide it will
00:23:48.159000,00:23:51.269000,multiply if i enter divide it will divide if i enter modulo it will give
00:23:51.269000,00:23:51.279000,divide if i enter modulo it will give
00:23:51.279000,00:23:53.190000,divide if i enter modulo it will give you a reminder or the modulo operation
00:23:53.190000,00:23:53.200000,you a reminder or the modulo operation
00:23:53.200000,00:23:54.870000,you a reminder or the modulo operation would be formed so this is for your
00:23:54.870000,00:23:54.880000,would be formed so this is for your
00:23:54.880000,00:23:55.909000,would be formed so this is for your assignment you have to write down a
00:23:55.909000,00:23:55.919000,assignment you have to write down a
00:23:55.919000,00:23:58.070000,assignment you have to write down a program something like this
00:23:58.070000,00:23:58.080000,program something like this
00:23:58.080000,00:24:00.070000,program something like this you have to devise a calculator
00:24:00.070000,00:24:00.080000,you have to devise a calculator
00:24:00.080000,00:24:00.870000,you have to devise a calculator right
00:24:00.870000,00:24:00.880000,right
00:24:00.880000,00:24:02.470000,right so rather than now
00:24:02.470000,00:24:02.480000,so rather than now
00:24:02.480000,00:24:04.230000,so rather than now here the case value would be rather than
00:24:04.230000,00:24:04.240000,here the case value would be rather than
00:24:04.240000,00:24:06.549000,here the case value would be rather than a b c or one two three four
00:24:06.549000,00:24:06.559000,a b c or one two three four
00:24:06.559000,00:24:09.190000,a b c or one two three four you can use any symbol also plus minus
00:24:09.190000,00:24:09.200000,you can use any symbol also plus minus
00:24:09.200000,00:24:11.110000,you can use any symbol also plus minus into multiply divide
00:24:11.110000,00:24:11.120000,into multiply divide
00:24:11.120000,00:24:12.149000,into multiply divide okay
00:24:12.149000,00:24:12.159000,okay
00:24:12.159000,00:24:13.750000,okay so this you have to do this is your
00:24:13.750000,00:24:13.760000,so this you have to do this is your
00:24:13.760000,00:24:14.789000,so this you have to do this is your assignment
00:24:14.789000,00:24:14.799000,assignment
00:24:14.799000,00:24:17.029000,assignment and second assignment is so this is your
00:24:17.029000,00:24:17.039000,and second assignment is so this is your
00:24:17.039000,00:24:19.029000,and second assignment is so this is your assignment right
00:24:19.029000,00:24:19.039000,assignment right
00:24:19.039000,00:24:20.950000,assignment right you have to enter the choice
00:24:20.950000,00:24:20.960000,you have to enter the choice
00:24:20.960000,00:24:23.590000,you have to enter the choice and these are the cases capital p small
00:24:23.590000,00:24:23.600000,and these are the cases capital p small
00:24:23.600000,00:24:25.029000,and these are the cases capital p small sorry capital a
00:24:25.029000,00:24:25.039000,sorry capital a
00:24:25.039000,00:24:28.950000,sorry capital a small a then default then capital j
00:24:28.950000,00:24:28.960000,small a then default then capital j
00:24:28.960000,00:24:31.909000,small a then default then capital j right and what you need to enter first
00:24:31.909000,00:24:31.919000,right and what you need to enter first
00:24:31.919000,00:24:33.909000,right and what you need to enter first input should be capital a what output
00:24:33.909000,00:24:33.919000,input should be capital a what output
00:24:33.919000,00:24:36.230000,input should be capital a what output you will get then capital p
00:24:36.230000,00:24:36.240000,you will get then capital p
00:24:36.240000,00:24:37.830000,you will get then capital p then small b
00:24:37.830000,00:24:37.840000,then small b
00:24:37.840000,00:24:41.190000,then small b then capital j and then small a
00:24:41.190000,00:24:41.200000,then capital j and then small a
00:24:41.200000,00:24:43.029000,then capital j and then small a now you have to tell me what output you
00:24:43.029000,00:24:43.039000,now you have to tell me what output you
00:24:43.039000,00:24:44.630000,now you have to tell me what output you will be getting according to these these
00:24:44.630000,00:24:44.640000,will be getting according to these these
00:24:44.640000,00:24:46.950000,will be getting according to these these are the cases right
00:24:46.950000,00:24:46.960000,are the cases right
00:24:46.960000,00:24:49.430000,are the cases right so now i hope you are now familiar with
00:24:49.430000,00:24:49.440000,so now i hope you are now familiar with
00:24:49.440000,00:24:51.029000,so now i hope you are now familiar with switch case and you can do experiment
00:24:51.029000,00:24:51.039000,switch case and you can do experiment
00:24:51.039000,00:24:53.350000,switch case and you can do experiment with yourself you are you know familiar
00:24:53.350000,00:24:53.360000,with yourself you are you know familiar
00:24:53.360000,00:24:54.789000,with yourself you are you know familiar with the basics of switch case statement
00:24:54.789000,00:24:54.799000,with the basics of switch case statement
00:24:54.799000,00:24:56.630000,with the basics of switch case statement how to use it why to use it and what is
00:24:56.630000,00:24:56.640000,how to use it why to use it and what is
00:24:56.640000,00:24:58.310000,how to use it why to use it and what is which case right
00:24:58.310000,00:24:58.320000,which case right
00:24:58.320000,00:25:00.310000,which case right so now the next video till then bye take
00:25:00.310000,00:25:00.320000,so now the next video till then bye take
00:25:00.320000,00:25:02.799000,so now the next video till then bye take care
