Start Time,End Time,Text
00:00:02.149000,00:00:02.159000,so in the series of learning c plus plus
00:00:02.159000,00:00:03.510000,so in the series of learning c plus plus programming language we are discussing
00:00:03.510000,00:00:03.520000,programming language we are discussing
00:00:03.520000,00:00:04.950000,programming language we are discussing loops in c plus plus in the previous
00:00:04.950000,00:00:04.960000,loops in c plus plus in the previous
00:00:04.960000,00:00:07.190000,loops in c plus plus in the previous video we have talked about for loop in c
00:00:07.190000,00:00:07.200000,video we have talked about for loop in c
00:00:07.200000,00:00:08.950000,video we have talked about for loop in c the basics and take general syntax what
00:00:08.950000,00:00:08.960000,the basics and take general syntax what
00:00:08.960000,00:00:10.870000,the basics and take general syntax what is for loop why we use this and all we
00:00:10.870000,00:00:10.880000,is for loop why we use this and all we
00:00:10.880000,00:00:13.110000,is for loop why we use this and all we have seen with their program right the
00:00:13.110000,00:00:13.120000,have seen with their program right the
00:00:13.120000,00:00:15.430000,have seen with their program right the execution the working of the four loop
00:00:15.430000,00:00:15.440000,execution the working of the four loop
00:00:15.440000,00:00:16.950000,execution the working of the four loop but it's not like that the way we have
00:00:16.950000,00:00:16.960000,but it's not like that the way we have
00:00:16.960000,00:00:18.470000,but it's not like that the way we have discussed in previous video in that way
00:00:18.470000,00:00:18.480000,discussed in previous video in that way
00:00:18.480000,00:00:19.830000,discussed in previous video in that way only you can write down four rupees yeah
00:00:19.830000,00:00:19.840000,only you can write down four rupees yeah
00:00:19.840000,00:00:21.429000,only you can write down four rupees yeah the syntax is
00:00:21.429000,00:00:21.439000,the syntax is
00:00:21.439000,00:00:23.830000,the syntax is that only but you can do some tricky
00:00:23.830000,00:00:23.840000,that only but you can do some tricky
00:00:23.840000,00:00:25.589000,that only but you can do some tricky things with that for loop or you can say
00:00:25.589000,00:00:25.599000,things with that for loop or you can say
00:00:25.599000,00:00:26.950000,things with that for loop or you can say some properties or four loop we are
00:00:26.950000,00:00:26.960000,some properties or four loop we are
00:00:26.960000,00:00:29.509000,some properties or four loop we are going to discuss in this video right
00:00:29.509000,00:00:29.519000,going to discuss in this video right
00:00:29.519000,00:00:32.870000,going to discuss in this video right in many ways you can write down for loop
00:00:32.870000,00:00:32.880000,in many ways you can write down for loop
00:00:32.880000,00:00:34.150000,in many ways you can write down for loop right
00:00:34.150000,00:00:34.160000,right
00:00:34.160000,00:00:36.229000,right generally in you know in exam in
00:00:36.229000,00:00:36.239000,generally in you know in exam in
00:00:36.239000,00:00:38.790000,generally in you know in exam in competitive exams like gate net and
00:00:38.790000,00:00:38.800000,competitive exams like gate net and
00:00:38.800000,00:00:41.030000,competitive exams like gate net and interview in y was they ask these type
00:00:41.030000,00:00:41.040000,interview in y was they ask these type
00:00:41.040000,00:00:42.229000,interview in y was they ask these type of questions
00:00:42.229000,00:00:42.239000,of questions
00:00:42.239000,00:00:44.709000,of questions they write down the for loop but they
00:00:44.709000,00:00:44.719000,they write down the for loop but they
00:00:44.719000,00:00:47.510000,they write down the for loop but they just add a twist in that for loop
00:00:47.510000,00:00:47.520000,just add a twist in that for loop
00:00:47.520000,00:00:48.389000,just add a twist in that for loop right
00:00:48.389000,00:00:48.399000,right
00:00:48.399000,00:00:50.549000,right which you haven't seen before maybe you
00:00:50.549000,00:00:50.559000,which you haven't seen before maybe you
00:00:50.559000,00:00:52.229000,which you haven't seen before maybe you think that it will give an error but no
00:00:52.229000,00:00:52.239000,think that it will give an error but no
00:00:52.239000,00:00:53.670000,think that it will give an error but no that will not give an error that will
00:00:53.670000,00:00:53.680000,that will not give an error that will
00:00:53.680000,00:00:55.029000,that will not give an error that will produce
00:00:55.029000,00:00:55.039000,produce
00:00:55.039000,00:00:57.189000,produce some output but you haven't tried that
00:00:57.189000,00:00:57.199000,some output but you haven't tried that
00:00:57.199000,00:00:58.869000,some output but you haven't tried that thing with that for loop because you
00:00:58.869000,00:00:58.879000,thing with that for loop because you
00:00:58.879000,00:01:00.630000,thing with that for loop because you don't know you have just tried on for
00:01:00.630000,00:01:00.640000,don't know you have just tried on for
00:01:00.640000,00:01:02.229000,don't know you have just tried on for loop four then initialization then
00:01:02.229000,00:01:02.239000,loop four then initialization then
00:01:02.239000,00:01:03.990000,loop four then initialization then condition then increment decrement and
00:01:03.990000,00:01:04,condition then increment decrement and
00:01:04,00:01:06.070000,condition then increment decrement and then body of the loop and that's it
00:01:06.070000,00:01:06.080000,then body of the loop and that's it
00:01:06.080000,00:01:07.910000,then body of the loop and that's it but there are multiple ways in which you
00:01:07.910000,00:01:07.920000,but there are multiple ways in which you
00:01:07.920000,00:01:10.390000,but there are multiple ways in which you can write down for loop so that
00:01:10.390000,00:01:10.400000,can write down for loop so that
00:01:10.400000,00:01:12.070000,can write down for loop so that all the things these tricky things what
00:01:12.070000,00:01:12.080000,all the things these tricky things what
00:01:12.080000,00:01:13.910000,all the things these tricky things what you can do with for loop those things
00:01:13.910000,00:01:13.920000,you can do with for loop those things
00:01:13.920000,00:01:15.270000,you can do with for loop those things will discuss in this video with the help
00:01:15.270000,00:01:15.280000,will discuss in this video with the help
00:01:15.280000,00:01:16.789000,will discuss in this video with the help of programs
00:01:16.789000,00:01:16.799000,of programs
00:01:16.799000,00:01:19.670000,of programs many examples will be seen
00:01:19.670000,00:01:19.680000,many examples will be seen
00:01:19.680000,00:01:21.990000,many examples will be seen on laptop practically we will see all
00:01:21.990000,00:01:22,on laptop practically we will see all
00:01:22,00:01:24.469000,on laptop practically we will see all these things right and i'll explain you
00:01:24.469000,00:01:24.479000,these things right and i'll explain you
00:01:24.479000,00:01:26.230000,these things right and i'll explain you why you are getting that kind of output
00:01:26.230000,00:01:26.240000,why you are getting that kind of output
00:01:26.240000,00:01:28.070000,why you are getting that kind of output and all some assignments also i'll give
00:01:28.070000,00:01:28.080000,and all some assignments also i'll give
00:01:28.080000,00:01:29.270000,and all some assignments also i'll give you right
00:01:29.270000,00:01:29.280000,you right
00:01:29.280000,00:01:30.630000,you right but before that i just want to tell you
00:01:30.630000,00:01:30.640000,but before that i just want to tell you
00:01:30.640000,00:01:32.149000,but before that i just want to tell you one thing if you guys are preparing for
00:01:32.149000,00:01:32.159000,one thing if you guys are preparing for
00:01:32.159000,00:01:34.069000,one thing if you guys are preparing for gate exam or will be preparing for gate
00:01:34.069000,00:01:34.079000,gate exam or will be preparing for gate
00:01:34.079000,00:01:35.830000,gate exam or will be preparing for gate exam then there is a great offer going
00:01:35.830000,00:01:35.840000,exam then there is a great offer going
00:01:35.840000,00:01:39.270000,exam then there is a great offer going on on an academy unlock 20. you will get
00:01:39.270000,00:01:39.280000,on on an academy unlock 20. you will get
00:01:39.280000,00:01:42.550000,on on an academy unlock 20. you will get twenty percent off on all the gate csit
00:01:42.550000,00:01:42.560000,twenty percent off on all the gate csit
00:01:42.560000,00:01:43.910000,twenty percent off on all the gate csit subscriptions
00:01:43.910000,00:01:43.920000,subscriptions
00:01:43.920000,00:01:46.950000,subscriptions but the software is valid you know till
00:01:46.950000,00:01:46.960000,but the software is valid you know till
00:01:46.960000,00:01:48.710000,but the software is valid you know till today only or you can say today is the
00:01:48.710000,00:01:48.720000,today only or you can say today is the
00:01:48.720000,00:01:49.670000,today only or you can say today is the last
00:01:49.670000,00:01:49.680000,last
00:01:49.680000,00:01:50.630000,last date
00:01:50.630000,00:01:50.640000,date
00:01:50.640000,00:01:51.510000,date to
00:01:51.510000,00:01:51.520000,to
00:01:51.520000,00:01:54.149000,to get to grab the sofa as you can see on
00:01:54.149000,00:01:54.159000,get to grab the sofa as you can see on
00:01:54.159000,00:01:57.030000,get to grab the sofa as you can see on my screen the details of
00:01:57.030000,00:01:57.040000,my screen the details of
00:01:57.040000,00:01:59.749000,my screen the details of gate csit subscriptions the durations
00:01:59.749000,00:01:59.759000,gate csit subscriptions the durations
00:01:59.759000,00:02:01.350000,gate csit subscriptions the durations and the current price and what you have
00:02:01.350000,00:02:01.360000,and the current price and what you have
00:02:01.360000,00:02:02.469000,and the current price and what you have to pay
00:02:02.469000,00:02:02.479000,to pay
00:02:02.479000,00:02:03.749000,to pay right
00:02:03.749000,00:02:03.759000,right
00:02:03.759000,00:02:05.510000,right as well as you will get twenty percent
00:02:05.510000,00:02:05.520000,as well as you will get twenty percent
00:02:05.520000,00:02:07.670000,as well as you will get twenty percent open uh that uh on academy light
00:02:07.670000,00:02:07.680000,open uh that uh on academy light
00:02:07.680000,00:02:10.469000,open uh that uh on academy light distance learning program you can see
00:02:10.469000,00:02:10.479000,distance learning program you can see
00:02:10.479000,00:02:12.630000,distance learning program you can see the detail on my screen whatever is your
00:02:12.630000,00:02:12.640000,the detail on my screen whatever is your
00:02:12.640000,00:02:14.309000,the detail on my screen whatever is your branch according to that you can check
00:02:14.309000,00:02:14.319000,branch according to that you can check
00:02:14.319000,00:02:16.710000,branch according to that you can check the detail and you can go for that thing
00:02:16.710000,00:02:16.720000,the detail and you can go for that thing
00:02:16.720000,00:02:18.790000,the detail and you can go for that thing and you can use my code jkl10 to get
00:02:18.790000,00:02:18.800000,and you can use my code jkl10 to get
00:02:18.800000,00:02:20.070000,and you can use my code jkl10 to get twenty percent off on all the
00:02:20.070000,00:02:20.080000,twenty percent off on all the
00:02:20.080000,00:02:22.229000,twenty percent off on all the subscriptions as well as for gay 23as
00:02:22.229000,00:02:22.239000,subscriptions as well as for gay 23as
00:02:22.239000,00:02:23.510000,subscriptions as well as for gay 23as parents they are going to start a new
00:02:23.510000,00:02:23.520000,parents they are going to start a new
00:02:23.520000,00:02:25.510000,parents they are going to start a new batch from 1st of september
00:02:25.510000,00:02:25.520000,batch from 1st of september
00:02:25.520000,00:02:27.190000,batch from 1st of september this batch will be in both indian hindi
00:02:27.190000,00:02:27.200000,this batch will be in both indian hindi
00:02:27.200000,00:02:29.030000,this batch will be in both indian hindi and english and also be given to you in
00:02:29.030000,00:02:29.040000,and english and also be given to you in
00:02:29.040000,00:02:31.110000,and english and also be given to you in english only and the top educator will
00:02:31.110000,00:02:31.120000,english only and the top educator will
00:02:31.120000,00:02:33.350000,english only and the top educator will be copying all the subjects of cs and id
00:02:33.350000,00:02:33.360000,be copying all the subjects of cs and id
00:02:33.360000,00:02:35.589000,be copying all the subjects of cs and id in this batch and some special classes
00:02:35.589000,00:02:35.599000,in this batch and some special classes
00:02:35.599000,00:02:37.350000,in this batch and some special classes will also be conducted discover you know
00:02:37.350000,00:02:37.360000,will also be conducted discover you know
00:02:37.360000,00:02:38.790000,will also be conducted discover you know discussing like preparation strategy
00:02:38.790000,00:02:38.800000,discussing like preparation strategy
00:02:38.800000,00:02:40.150000,discussing like preparation strategy tips and tricks practice questions
00:02:40.150000,00:02:40.160000,tips and tricks practice questions
00:02:40.160000,00:02:41.990000,tips and tricks practice questions numericals along with
00:02:41.990000,00:02:42,numericals along with
00:02:42,00:02:45.430000,numericals along with detailed explanation of all the concepts
00:02:45.430000,00:02:45.440000,detailed explanation of all the concepts
00:02:45.440000,00:02:47.190000,detailed explanation of all the concepts plus separate doubt solving session
00:02:47.190000,00:02:47.200000,plus separate doubt solving session
00:02:47.200000,00:02:48.869000,plus separate doubt solving session would also be conducted so you can you
00:02:48.869000,00:02:48.879000,would also be conducted so you can you
00:02:48.879000,00:02:51.110000,would also be conducted so you can you know get your doubts cleared in those
00:02:51.110000,00:02:51.120000,know get your doubts cleared in those
00:02:51.120000,00:02:52.949000,know get your doubts cleared in those separate sessions
00:02:52.949000,00:02:52.959000,separate sessions
00:02:52.959000,00:02:54.630000,separate sessions and see here you will get separate doubt
00:02:54.630000,00:02:54.640000,and see here you will get separate doubt
00:02:54.640000,00:02:57.270000,and see here you will get separate doubt solving sessions as well as uh the notes
00:02:57.270000,00:02:57.280000,solving sessions as well as uh the notes
00:02:57.280000,00:02:59.830000,solving sessions as well as uh the notes and live mentorship so i get you can go
00:02:59.830000,00:02:59.840000,and live mentorship so i get you can go
00:02:59.840000,00:03:01.910000,and live mentorship so i get you can go for this case if you are you know
00:03:01.910000,00:03:01.920000,for this case if you are you know
00:03:01.920000,00:03:03.910000,for this case if you are you know getting these points these are some
00:03:03.910000,00:03:03.920000,getting these points these are some
00:03:03.920000,00:03:05.990000,getting these points these are some benefits you will get if you go for an
00:03:05.990000,00:03:06,benefits you will get if you go for an
00:03:06,00:03:07.350000,benefits you will get if you go for an academic courses
00:03:07.350000,00:03:07.360000,academic courses
00:03:07.360000,00:03:09.990000,academic courses so uh all the relevant links and details
00:03:09.990000,00:03:10,so uh all the relevant links and details
00:03:10,00:03:11.509000,so uh all the relevant links and details you will get in the description box of
00:03:11.509000,00:03:11.519000,you will get in the description box of
00:03:11.519000,00:03:12.550000,you will get in the description box of this video
00:03:12.550000,00:03:12.560000,this video
00:03:12.560000,00:03:15.830000,this video you can go and check out now let's see
00:03:15.830000,00:03:15.840000,you can go and check out now let's see
00:03:15.840000,00:03:17.670000,you can go and check out now let's see for loop
00:03:17.670000,00:03:17.680000,for loop
00:03:17.680000,00:03:18.790000,for loop see
00:03:18.790000,00:03:18.800000,see
00:03:18.800000,00:03:21.030000,see general syntaxes i have told you just
00:03:21.030000,00:03:21.040000,general syntaxes i have told you just
00:03:21.040000,00:03:23.270000,general syntaxes i have told you just write down four here we have expression
00:03:23.270000,00:03:23.280000,write down four here we have expression
00:03:23.280000,00:03:26.070000,write down four here we have expression one semicolon expression two semicolon
00:03:26.070000,00:03:26.080000,one semicolon expression two semicolon
00:03:26.080000,00:03:27.990000,one semicolon expression two semicolon expression three
00:03:27.990000,00:03:28,expression three
00:03:28,00:03:30.470000,expression three and we have
00:03:30.470000,00:03:30.480000,and we have
00:03:30.480000,00:03:34.630000,and we have body of loop right that's it and
00:03:34.630000,00:03:34.640000,body of loop right that's it and
00:03:34.640000,00:03:36.630000,body of loop right that's it and these three expression all the three
00:03:36.630000,00:03:36.640000,these three expression all the three
00:03:36.640000,00:03:39.110000,these three expression all the three expressions are optional
00:03:39.110000,00:03:39.120000,expressions are optional
00:03:39.120000,00:03:40.710000,expressions are optional means you can write down for loop
00:03:40.710000,00:03:40.720000,means you can write down for loop
00:03:40.720000,00:03:42.789000,means you can write down for loop something like this four semicolon
00:03:42.789000,00:03:42.799000,something like this four semicolon
00:03:42.799000,00:03:44.550000,something like this four semicolon semicolon
00:03:44.550000,00:03:44.560000,semicolon
00:03:44.560000,00:03:46.070000,semicolon please note on this thing all three
00:03:46.070000,00:03:46.080000,please note on this thing all three
00:03:46.080000,00:03:47.990000,please note on this thing all three expressions are optional
00:03:47.990000,00:03:48,expressions are optional
00:03:48,00:03:50.789000,expressions are optional right but these two semicolons are
00:03:50.789000,00:03:50.799000,right but these two semicolons are
00:03:50.799000,00:03:52.550000,right but these two semicolons are mandatory
00:03:52.550000,00:03:52.560000,mandatory
00:03:52.560000,00:03:54.390000,mandatory if you don't write down if you don't put
00:03:54.390000,00:03:54.400000,if you don't write down if you don't put
00:03:54.400000,00:03:56.229000,if you don't write down if you don't put semicolon if you put one semicolon it
00:03:56.229000,00:03:56.239000,semicolon if you put one semicolon it
00:03:56.239000,00:03:58.830000,semicolon if you put one semicolon it will give syntax error if you put three
00:03:58.830000,00:03:58.840000,will give syntax error if you put three
00:03:58.840000,00:04:01.270000,will give syntax error if you put three semicolon you will get syntax error only
00:04:01.270000,00:04:01.280000,semicolon you will get syntax error only
00:04:01.280000,00:04:03.270000,semicolon you will get syntax error only two semicolons
00:04:03.270000,00:04:03.280000,two semicolons
00:04:03.280000,00:04:05.670000,two semicolons only two semicolons are mandatory
00:04:05.670000,00:04:05.680000,only two semicolons are mandatory
00:04:05.680000,00:04:07.910000,only two semicolons are mandatory three expressions are optional
00:04:07.910000,00:04:07.920000,three expressions are optional
00:04:07.920000,00:04:09.030000,three expressions are optional right
00:04:09.030000,00:04:09.040000,right
00:04:09.040000,00:04:11.910000,right now in how many ways what tricky things
00:04:11.910000,00:04:11.920000,now in how many ways what tricky things
00:04:11.920000,00:04:14.550000,now in how many ways what tricky things you can do with this for loop let's
00:04:14.550000,00:04:14.560000,you can do with this for loop let's
00:04:14.560000,00:04:16.550000,you can do with this for loop let's discuss all these things all these
00:04:16.550000,00:04:16.560000,discuss all these things all these
00:04:16.560000,00:04:18.629000,discuss all these things all these things uh with the help of programs and
00:04:18.629000,00:04:18.639000,things uh with the help of programs and
00:04:18.639000,00:04:21.270000,things uh with the help of programs and i'll show you practical right so this
00:04:21.270000,00:04:21.280000,i'll show you practical right so this
00:04:21.280000,00:04:23.990000,i'll show you practical right so this was the example we have taken simply
00:04:23.990000,00:04:24,was the example we have taken simply
00:04:24,00:04:25.909000,was the example we have taken simply we we have printed in the last video
00:04:25.909000,00:04:25.919000,we we have printed in the last video
00:04:25.919000,00:04:27.830000,we we have printed in the last video numbers from one to ten okay we are
00:04:27.830000,00:04:27.840000,numbers from one to ten okay we are
00:04:27.840000,00:04:29.670000,numbers from one to ten okay we are taking this example from 1 to 5 we are
00:04:29.670000,00:04:29.680000,taking this example from 1 to 5 we are
00:04:29.680000,00:04:32.310000,taking this example from 1 to 5 we are printing so header file io stream
00:04:32.310000,00:04:32.320000,printing so header file io stream
00:04:32.320000,00:04:34.150000,printing so header file io stream that header their name space std then in
00:04:34.150000,00:04:34.160000,that header their name space std then in
00:04:34.160000,00:04:35.510000,that header their name space std then in main function we are just taking a
00:04:35.510000,00:04:35.520000,main function we are just taking a
00:04:35.520000,00:04:37.270000,main function we are just taking a variable i name of variable you can take
00:04:37.270000,00:04:37.280000,variable i name of variable you can take
00:04:37.280000,00:04:39.830000,variable i name of variable you can take any variable m a b c x y z i j k any
00:04:39.830000,00:04:39.840000,any variable m a b c x y z i j k any
00:04:39.840000,00:04:41.830000,any variable m a b c x y z i j k any variable generally we take i as a loop
00:04:41.830000,00:04:41.840000,variable generally we take i as a loop
00:04:41.840000,00:04:43.830000,variable generally we take i as a loop variable because you can say you know
00:04:43.830000,00:04:43.840000,variable because you can say you know
00:04:43.840000,00:04:45.749000,variable because you can say you know you can consider i is like a girlfriend
00:04:45.749000,00:04:45.759000,you can consider i is like a girlfriend
00:04:45.759000,00:04:48.469000,you can consider i is like a girlfriend for this loop so i initialization first
00:04:48.469000,00:04:48.479000,for this loop so i initialization first
00:04:48.479000,00:04:50.469000,for this loop so i initialization first i is equal to 1 then condition i less
00:04:50.469000,00:04:50.479000,i is equal to 1 then condition i less
00:04:50.479000,00:04:53.189000,i is equal to 1 then condition i less than equal to 5 termination condition
00:04:53.189000,00:04:53.199000,than equal to 5 termination condition
00:04:53.199000,00:04:54.230000,than equal to 5 termination condition and then
00:04:54.230000,00:04:54.240000,and then
00:04:54.240000,00:04:55.590000,and then increment or decrement or you can say
00:04:55.590000,00:04:55.600000,increment or decrement or you can say
00:04:55.600000,00:04:57.990000,increment or decrement or you can say update here you can write plus plus i or
00:04:57.990000,00:04:58,update here you can write plus plus i or
00:04:58,00:05:00.870000,update here you can write plus plus i or i plus plus both will work same then we
00:05:00.870000,00:05:00.880000,i plus plus both will work same then we
00:05:00.880000,00:05:02.629000,i plus plus both will work same then we are just printing i
00:05:02.629000,00:05:02.639000,are just printing i
00:05:02.639000,00:05:04.870000,are just printing i right so it will print
00:05:04.870000,00:05:04.880000,right so it will print
00:05:04.880000,00:05:06.390000,right so it will print 1 to 5
00:05:06.390000,00:05:06.400000,1 to 5
00:05:06.400000,00:05:08.469000,1 to 5 right 1 to 5.
00:05:08.469000,00:05:08.479000,right 1 to 5.
00:05:08.479000,00:05:10.710000,right 1 to 5. now see what are some condition you can
00:05:10.710000,00:05:10.720000,now see what are some condition you can
00:05:10.720000,00:05:13.029000,now see what are some condition you can do what are some you know tricky things
00:05:13.029000,00:05:13.039000,do what are some you know tricky things
00:05:13.039000,00:05:15.909000,do what are some you know tricky things you can do with this you can
00:05:15.909000,00:05:15.919000,you can do with this you can
00:05:15.919000,00:05:17.510000,you can do with this you can remove this initialization this is
00:05:17.510000,00:05:17.520000,remove this initialization this is
00:05:17.520000,00:05:19.670000,remove this initialization this is completely optional right
00:05:19.670000,00:05:19.680000,completely optional right
00:05:19.680000,00:05:23.749000,completely optional right but if you do not initialize this i
00:05:23.749000,00:05:23.759000,but if you do not initialize this i
00:05:23.759000,00:05:25.749000,but if you do not initialize this i then what output you'll get let's run
00:05:25.749000,00:05:25.759000,then what output you'll get let's run
00:05:25.759000,00:05:26.550000,then what output you'll get let's run this
00:05:26.550000,00:05:26.560000,this
00:05:26.560000,00:05:28.710000,this you will get nothing see it it is going
00:05:28.710000,00:05:28.720000,you will get nothing see it it is going
00:05:28.720000,00:05:31.029000,you will get nothing see it it is going to print nothing
00:05:31.029000,00:05:31.039000,to print nothing
00:05:31.039000,00:05:32.710000,to print nothing because maybe i will it will take any
00:05:32.710000,00:05:32.720000,because maybe i will it will take any
00:05:32.720000,00:05:34.469000,because maybe i will it will take any garbage value that would would be the
00:05:34.469000,00:05:34.479000,garbage value that would would be the
00:05:34.479000,00:05:36.870000,garbage value that would would be the condition would not be 2 at that time so
00:05:36.870000,00:05:36.880000,condition would not be 2 at that time so
00:05:36.880000,00:05:38.710000,condition would not be 2 at that time so it will not enter into this loop body
00:05:38.710000,00:05:38.720000,it will not enter into this loop body
00:05:38.720000,00:05:39.510000,it will not enter into this loop body and
00:05:39.510000,00:05:39.520000,and
00:05:39.520000,00:05:40.629000,and that's it
00:05:40.629000,00:05:40.639000,that's it
00:05:40.639000,00:05:43.990000,that's it so if after this loop body i
00:05:43.990000,00:05:44,so if after this loop body i
00:05:44,00:05:45.830000,so if after this loop body i print
00:05:45.830000,00:05:45.840000,print
00:05:45.840000,00:05:47.990000,print end of loop
00:05:47.990000,00:05:48,end of loop
00:05:48,00:05:49.990000,end of loop let's see
00:05:49.990000,00:05:50,let's see
00:05:50,00:05:52.950000,let's see what you will get see let's run this and
00:05:52.950000,00:05:52.960000,what you will get see let's run this and
00:05:52.960000,00:05:55.029000,what you will get see let's run this and see it is just printing end of loop
00:05:55.029000,00:05:55.039000,see it is just printing end of loop
00:05:55.039000,00:05:56.950000,see it is just printing end of loop because it is not entering into this
00:05:56.950000,00:05:56.960000,because it is not entering into this
00:05:56.960000,00:05:59.830000,because it is not entering into this loop body we are not initializing this
00:05:59.830000,00:05:59.840000,loop body we are not initializing this
00:05:59.840000,00:06:02.390000,loop body we are not initializing this so if you initialize the psi here one
00:06:02.390000,00:06:02.400000,so if you initialize the psi here one
00:06:02.400000,00:06:04.309000,so if you initialize the psi here one ways you can initialize this before this
00:06:04.309000,00:06:04.319000,ways you can initialize this before this
00:06:04.319000,00:06:07.350000,ways you can initialize this before this for loop rather than here so let's print
00:06:07.350000,00:06:07.360000,for loop rather than here so let's print
00:06:07.360000,00:06:09.749000,for loop rather than here so let's print let's run this and now you it will print
00:06:09.749000,00:06:09.759000,let's run this and now you it will print
00:06:09.759000,00:06:11.430000,let's run this and now you it will print one to five right
00:06:11.430000,00:06:11.440000,one to five right
00:06:11.440000,00:06:13.830000,one to five right okay initialization is done
00:06:13.830000,00:06:13.840000,okay initialization is done
00:06:13.840000,00:06:14.870000,okay initialization is done now
00:06:14.870000,00:06:14.880000,now
00:06:14.880000,00:06:17.189000,now uh if i initialize
00:06:17.189000,00:06:17.199000,uh if i initialize
00:06:17.199000,00:06:20.070000,uh if i initialize more than one initialization you can do
00:06:20.070000,00:06:20.080000,more than one initialization you can do
00:06:20.080000,00:06:22.070000,more than one initialization you can do like i is equal to 1
00:06:22.070000,00:06:22.080000,like i is equal to 1
00:06:22.080000,00:06:25.110000,like i is equal to 1 comma j is equal to 0
00:06:25.110000,00:06:25.120000,comma j is equal to 0
00:06:25.120000,00:06:25.990000,comma j is equal to 0 right
00:06:25.990000,00:06:26,right
00:06:26,00:06:29.909000,right but before taking this j you have to
00:06:29.909000,00:06:29.919000,but before taking this j you have to
00:06:29.919000,00:06:32.390000,but before taking this j you have to declare this j variable right otherwise
00:06:32.390000,00:06:32.400000,declare this j variable right otherwise
00:06:32.400000,00:06:34.710000,declare this j variable right otherwise it will give error okay fine
00:06:34.710000,00:06:34.720000,it will give error okay fine
00:06:34.720000,00:06:36.469000,it will give error okay fine now more than two initialization we have
00:06:36.469000,00:06:36.479000,now more than two initialization we have
00:06:36.479000,00:06:38.469000,now more than two initialization we have done i and j
00:06:38.469000,00:06:38.479000,done i and j
00:06:38.479000,00:06:39.909000,done i and j so you have to separate these
00:06:39.909000,00:06:39.919000,so you have to separate these
00:06:39.919000,00:06:42.230000,so you have to separate these initialization with coma not semicolon
00:06:42.230000,00:06:42.240000,initialization with coma not semicolon
00:06:42.240000,00:06:44.070000,initialization with coma not semicolon only two semicolons are allowed in this
00:06:44.070000,00:06:44.080000,only two semicolons are allowed in this
00:06:44.080000,00:06:45.270000,only two semicolons are allowed in this for loop
00:06:45.270000,00:06:45.280000,for loop
00:06:45.280000,00:06:47.830000,for loop only comma you can put if you put here
00:06:47.830000,00:06:47.840000,only comma you can put if you put here
00:06:47.840000,00:06:49.830000,only comma you can put if you put here semicolon
00:06:49.830000,00:06:49.840000,semicolon
00:06:49.840000,00:06:51.589000,semicolon if you separate these initialization
00:06:51.589000,00:06:51.599000,if you separate these initialization
00:06:51.599000,00:06:54.150000,if you separate these initialization with semicolon you will get an error
00:06:54.150000,00:06:54.160000,with semicolon you will get an error
00:06:54.160000,00:06:56.070000,with semicolon you will get an error syntax error let's run this and i'll
00:06:56.070000,00:06:56.080000,syntax error let's run this and i'll
00:06:56.080000,00:06:59.430000,syntax error let's run this and i'll show you what error you will get see
00:06:59.430000,00:06:59.440000,show you what error you will get see
00:06:59.440000,00:07:02.070000,show you what error you will get see uh here you will get an error like
00:07:02.070000,00:07:02.080000,uh here you will get an error like
00:07:02.080000,00:07:04.070000,uh here you will get an error like expected this before
00:07:04.070000,00:07:04.080000,expected this before
00:07:04.080000,00:07:06.150000,expected this before this semicolon
00:07:06.150000,00:07:06.160000,this semicolon
00:07:06.160000,00:07:07.029000,this semicolon so
00:07:07.029000,00:07:07.039000,so
00:07:07.039000,00:07:09.990000,so you have to remove this because it will
00:07:09.990000,00:07:10,you have to remove this because it will
00:07:10,00:07:12.870000,you have to remove this because it will consider these two semicolon as part of
00:07:12.870000,00:07:12.880000,consider these two semicolon as part of
00:07:12.880000,00:07:14.950000,consider these two semicolon as part of this four this is extra
00:07:14.950000,00:07:14.960000,this four this is extra
00:07:14.960000,00:07:17.350000,this four this is extra right first two are fine but it is
00:07:17.350000,00:07:17.360000,right first two are fine but it is
00:07:17.360000,00:07:19.909000,right first two are fine but it is giving error in third one
00:07:19.909000,00:07:19.919000,giving error in third one
00:07:19.919000,00:07:21.430000,giving error in third one but we know that
00:07:21.430000,00:07:21.440000,but we know that
00:07:21.440000,00:07:23.909000,but we know that this first semicolon is extra so just
00:07:23.909000,00:07:23.919000,this first semicolon is extra so just
00:07:23.919000,00:07:26.710000,this first semicolon is extra so just put comma here right
00:07:26.710000,00:07:26.720000,put comma here right
00:07:26.720000,00:07:29.670000,put comma here right now simply you can print here i as well
00:07:29.670000,00:07:29.680000,now simply you can print here i as well
00:07:29.680000,00:07:32.230000,now simply you can print here i as well as as well as j
00:07:32.230000,00:07:32.240000,as as well as j
00:07:32.240000,00:07:35.189000,as as well as j so if you print i and both
00:07:35.189000,00:07:35.199000,so if you print i and both
00:07:35.199000,00:07:36.550000,so if you print i and both j
00:07:36.550000,00:07:36.560000,j
00:07:36.560000,00:07:39.189000,j what output you will get c
00:07:39.189000,00:07:39.199000,what output you will get c
00:07:39.199000,00:07:41.029000,what output you will get c one zero two zero three zero four zero
00:07:41.029000,00:07:41.039000,one zero two zero three zero four zero
00:07:41.039000,00:07:42.150000,one zero two zero three zero four zero five zero
00:07:42.150000,00:07:42.160000,five zero
00:07:42.160000,00:07:44.309000,five zero i is one two three four five but j is
00:07:44.309000,00:07:44.319000,i is one two three four five but j is
00:07:44.319000,00:07:45.990000,i is one two three four five but j is zero zero zero because we are not
00:07:45.990000,00:07:46,zero zero zero because we are not
00:07:46,00:07:48.070000,zero zero zero because we are not incrementing or decrementing j
00:07:48.070000,00:07:48.080000,incrementing or decrementing j
00:07:48.080000,00:07:50.150000,incrementing or decrementing j right so more than one initialization
00:07:50.150000,00:07:50.160000,right so more than one initialization
00:07:50.160000,00:07:51.510000,right so more than one initialization also you can do
00:07:51.510000,00:07:51.520000,also you can do
00:07:51.520000,00:07:52.869000,also you can do now
00:07:52.869000,00:07:52.879000,now
00:07:52.879000,00:07:54.550000,now you can remove this condition this
00:07:54.550000,00:07:54.560000,you can remove this condition this
00:07:54.560000,00:07:57.430000,you can remove this condition this condition is also optional right
00:07:57.430000,00:07:57.440000,condition is also optional right
00:07:57.440000,00:08:00.629000,condition is also optional right so you can remove this condition
00:08:00.629000,00:08:00.639000,so you can remove this condition
00:08:00.639000,00:08:03.670000,so you can remove this condition fine we are not putting any condition
00:08:03.670000,00:08:03.680000,fine we are not putting any condition
00:08:03.680000,00:08:06.309000,fine we are not putting any condition it will not give any error but the loop
00:08:06.309000,00:08:06.319000,it will not give any error but the loop
00:08:06.319000,00:08:07.270000,it will not give any error but the loop would be
00:08:07.270000,00:08:07.280000,would be
00:08:07.280000,00:08:09.270000,would be just think if there is no condition then
00:08:09.270000,00:08:09.280000,just think if there is no condition then
00:08:09.280000,00:08:10.950000,just think if there is no condition then obviously loop would be in finite loop
00:08:10.950000,00:08:10.960000,obviously loop would be in finite loop
00:08:10.960000,00:08:12.869000,obviously loop would be in finite loop there is no termination condition
00:08:12.869000,00:08:12.879000,there is no termination condition
00:08:12.879000,00:08:15.110000,there is no termination condition so if i run this
00:08:15.110000,00:08:15.120000,so if i run this
00:08:15.120000,00:08:18.230000,so if i run this it will be an infinite loop see it will
00:08:18.230000,00:08:18.240000,it will be an infinite loop see it will
00:08:18.240000,00:08:21.189000,it will be an infinite loop see it will be an infinite loop
00:08:21.189000,00:08:21.199000,be an infinite loop
00:08:21.199000,00:08:22.790000,be an infinite loop okay
00:08:22.790000,00:08:22.800000,okay
00:08:22.800000,00:08:24.230000,okay so
00:08:24.230000,00:08:24.240000,so
00:08:24.240000,00:08:26.469000,so i'm going to kill this
00:08:26.469000,00:08:26.479000,i'm going to kill this
00:08:26.479000,00:08:27.909000,i'm going to kill this fine
00:08:27.909000,00:08:27.919000,fine
00:08:27.919000,00:08:29.990000,fine so incrementing it is printing
00:08:29.990000,00:08:30,so incrementing it is printing
00:08:30,00:08:32.469000,so incrementing it is printing one is incrementing 1 2 3 4 5 like this
00:08:32.469000,00:08:32.479000,one is incrementing 1 2 3 4 5 like this
00:08:32.479000,00:08:35.269000,one is incrementing 1 2 3 4 5 like this and j is 0 0 0 0 0 something like this
00:08:35.269000,00:08:35.279000,and j is 0 0 0 0 0 something like this
00:08:35.279000,00:08:36.949000,and j is 0 0 0 0 0 something like this and it is not going to stop
00:08:36.949000,00:08:36.959000,and it is not going to stop
00:08:36.959000,00:08:38.949000,and it is not going to stop so you have to put
00:08:38.949000,00:08:38.959000,so you have to put
00:08:38.959000,00:08:40.790000,so you have to put a condition i less than
00:08:40.790000,00:08:40.800000,a condition i less than
00:08:40.800000,00:08:43.589000,a condition i less than equal to 5 one more thing
00:08:43.589000,00:08:43.599000,equal to 5 one more thing
00:08:43.599000,00:08:45.990000,equal to 5 one more thing more than one condition also you can put
00:08:45.990000,00:08:46,more than one condition also you can put
00:08:46,00:08:47.670000,more than one condition also you can put now if i put
00:08:47.670000,00:08:47.680000,now if i put
00:08:47.680000,00:08:49.750000,now if i put two condition then you have to separate
00:08:49.750000,00:08:49.760000,two condition then you have to separate
00:08:49.760000,00:08:51.670000,two condition then you have to separate these two condition with comma only
00:08:51.670000,00:08:51.680000,these two condition with comma only
00:08:51.680000,00:08:52.829000,these two condition with comma only comma
00:08:52.829000,00:08:52.839000,comma
00:08:52.839000,00:08:55.670000,comma j less than
00:08:55.670000,00:08:55.680000,j less than
00:08:55.680000,00:08:57.350000,j less than suppose j less than
00:08:57.350000,00:08:57.360000,suppose j less than
00:08:57.360000,00:08:58.550000,suppose j less than 3
00:08:58.550000,00:08:58.560000,3
00:08:58.560000,00:09:00.790000,3 okay
00:09:00.790000,00:09:00.800000,okay
00:09:00.800000,00:09:02.870000,okay control s
00:09:02.870000,00:09:02.880000,control s
00:09:02.880000,00:09:05.509000,control s now what would be the case
00:09:05.509000,00:09:05.519000,now what would be the case
00:09:05.519000,00:09:07.829000,now what would be the case maybe you are thinking
00:09:07.829000,00:09:07.839000,maybe you are thinking
00:09:07.839000,00:09:10.389000,maybe you are thinking this loop would print
00:09:10.389000,00:09:10.399000,this loop would print
00:09:10.399000,00:09:12.470000,this loop would print or i don't know what you are thinking
00:09:12.470000,00:09:12.480000,or i don't know what you are thinking
00:09:12.480000,00:09:14.630000,or i don't know what you are thinking just try it out
00:09:14.630000,00:09:14.640000,just try it out
00:09:14.640000,00:09:16.389000,just try it out and see what output you are getting or
00:09:16.389000,00:09:16.399000,and see what output you are getting or
00:09:16.399000,00:09:18.389000,and see what output you are getting or before running just dry run this and see
00:09:18.389000,00:09:18.399000,before running just dry run this and see
00:09:18.399000,00:09:19.990000,before running just dry run this and see what output you are getting
00:09:19.990000,00:09:20,what output you are getting
00:09:20,00:09:24.150000,what output you are getting so here also it will give in finite loop
00:09:24.150000,00:09:24.160000,so here also it will give in finite loop
00:09:24.160000,00:09:25.990000,so here also it will give in finite loop why infinite loop
00:09:25.990000,00:09:26,why infinite loop
00:09:26,00:09:28.150000,why infinite loop let me just run this first and show you
00:09:28.150000,00:09:28.160000,let me just run this first and show you
00:09:28.160000,00:09:30.710000,let me just run this first and show you the output of this thing see it is still
00:09:30.710000,00:09:30.720000,the output of this thing see it is still
00:09:30.720000,00:09:32.550000,the output of this thing see it is still in finite loop and j is still at the
00:09:32.550000,00:09:32.560000,in finite loop and j is still at the
00:09:32.560000,00:09:36.389000,in finite loop and j is still at the last you can see the last digit 0 0 0 0
00:09:36.389000,00:09:36.399000,last you can see the last digit 0 0 0 0
00:09:36.399000,00:09:39.269000,last you can see the last digit 0 0 0 0 0 right j is always 0 i is only
00:09:39.269000,00:09:39.279000,0 right j is always 0 i is only
00:09:39.279000,00:09:41.590000,0 right j is always 0 i is only incrementing but it is still in finite
00:09:41.590000,00:09:41.600000,incrementing but it is still in finite
00:09:41.600000,00:09:42.790000,incrementing but it is still in finite low
00:09:42.790000,00:09:42.800000,low
00:09:42.800000,00:09:46.550000,low why so because if you put 2 condition
00:09:46.550000,00:09:46.560000,why so because if you put 2 condition
00:09:46.560000,00:09:48.710000,why so because if you put 2 condition then the last condition the second
00:09:48.710000,00:09:48.720000,then the last condition the second
00:09:48.720000,00:09:51.350000,then the last condition the second condition right would be considered as
00:09:51.350000,00:09:51.360000,condition right would be considered as
00:09:51.360000,00:09:53.430000,condition right would be considered as termination condition
00:09:53.430000,00:09:53.440000,termination condition
00:09:53.440000,00:09:55.030000,termination condition the first condition i less than equal to
00:09:55.030000,00:09:55.040000,the first condition i less than equal to
00:09:55.040000,00:09:56.550000,the first condition i less than equal to five five would be considered as a
00:09:56.550000,00:09:56.560000,five five would be considered as a
00:09:56.560000,00:09:58.389000,five five would be considered as a simple statement
00:09:58.389000,00:09:58.399000,simple statement
00:09:58.399000,00:09:59.590000,simple statement no condition
00:09:59.590000,00:09:59.600000,no condition
00:09:59.600000,00:10:01.190000,no condition if you put three condition i less than
00:10:01.190000,00:10:01.200000,if you put three condition i less than
00:10:01.200000,00:10:02.790000,if you put three condition i less than equal to five j less less than three
00:10:02.790000,00:10:02.800000,equal to five j less less than three
00:10:02.800000,00:10:05.190000,equal to five j less less than three suppose comma k less than equal to 10
00:10:05.190000,00:10:05.200000,suppose comma k less than equal to 10
00:10:05.200000,00:10:06.790000,suppose comma k less than equal to 10 then k less than equal to 10 would be
00:10:06.790000,00:10:06.800000,then k less than equal to 10 would be
00:10:06.800000,00:10:08.069000,then k less than equal to 10 would be considered as
00:10:08.069000,00:10:08.079000,considered as
00:10:08.079000,00:10:09.750000,considered as termination condition this point you
00:10:09.750000,00:10:09.760000,termination condition this point you
00:10:09.760000,00:10:11.750000,termination condition this point you need to take care
00:10:11.750000,00:10:11.760000,need to take care
00:10:11.760000,00:10:14.310000,need to take care right because comma is like
00:10:14.310000,00:10:14.320000,right because comma is like
00:10:14.320000,00:10:16.790000,right because comma is like the working of comma is what
00:10:16.790000,00:10:16.800000,the working of comma is what
00:10:16.800000,00:10:18.389000,the working of comma is what it will evaluate the first expression
00:10:18.389000,00:10:18.399000,it will evaluate the first expression
00:10:18.399000,00:10:19.990000,it will evaluate the first expression discard the value then second expression
00:10:19.990000,00:10:20,discard the value then second expression
00:10:20,00:10:22.069000,discard the value then second expression discard the value then third discard the
00:10:22.069000,00:10:22.079000,discard the value then third discard the
00:10:22.079000,00:10:23.590000,discard the value then third discard the value something like this
00:10:23.590000,00:10:23.600000,value something like this
00:10:23.600000,00:10:25.110000,value something like this i have discussed the working of coma
00:10:25.110000,00:10:25.120000,i have discussed the working of coma
00:10:25.120000,00:10:26.710000,i have discussed the working of coma operator you can check out that video
00:10:26.710000,00:10:26.720000,operator you can check out that video
00:10:26.720000,00:10:28.630000,operator you can check out that video right in the side button
00:10:28.630000,00:10:28.640000,right in the side button
00:10:28.640000,00:10:31.350000,right in the side button so same way it will discard the first
00:10:31.350000,00:10:31.360000,so same way it will discard the first
00:10:31.360000,00:10:33.509000,so same way it will discard the first value it will it will evaluate this one
00:10:33.509000,00:10:33.519000,value it will it will evaluate this one
00:10:33.519000,00:10:35.030000,value it will it will evaluate this one but i less than equal to five it would
00:10:35.030000,00:10:35.040000,but i less than equal to five it would
00:10:35.040000,00:10:36.949000,but i less than equal to five it would discard this like it will consider it as
00:10:36.949000,00:10:36.959000,discard this like it will consider it as
00:10:36.959000,00:10:39.590000,discard this like it will consider it as a statement only and the second one j
00:10:39.590000,00:10:39.600000,a statement only and the second one j
00:10:39.600000,00:10:41.110000,a statement only and the second one j less than five j less than three that
00:10:41.110000,00:10:41.120000,less than five j less than three that
00:10:41.120000,00:10:42.389000,less than five j less than three that will be considered as termination
00:10:42.389000,00:10:42.399000,will be considered as termination
00:10:42.399000,00:10:43.910000,will be considered as termination condition and you are not incrementing
00:10:43.910000,00:10:43.920000,condition and you are not incrementing
00:10:43.920000,00:10:46.550000,condition and you are not incrementing or decrementing j so j is always 0 the
00:10:46.550000,00:10:46.560000,or decrementing j so j is always 0 the
00:10:46.560000,00:10:48.389000,or decrementing j so j is always 0 the condition is always true so it is
00:10:48.389000,00:10:48.399000,condition is always true so it is
00:10:48.399000,00:10:51.670000,condition is always true so it is infinite loop now if i put here comma
00:10:51.670000,00:10:51.680000,infinite loop now if i put here comma
00:10:51.680000,00:10:54.630000,infinite loop now if i put here comma like j plus plus
00:10:54.630000,00:10:54.640000,like j plus plus
00:10:54.640000,00:10:57.190000,like j plus plus yeah at this time you will get c what
00:10:57.190000,00:10:57.200000,yeah at this time you will get c what
00:10:57.200000,00:10:58.630000,yeah at this time you will get c what output you will get here
00:10:58.630000,00:10:58.640000,output you will get here
00:10:58.640000,00:11:01.670000,output you will get here 1 0 2 1 3 2
00:11:01.670000,00:11:01.680000,1 0 2 1 3 2
00:11:01.680000,00:11:04.790000,1 0 2 1 3 2 right as soon as j value becomes 3
00:11:04.790000,00:11:04.800000,right as soon as j value becomes 3
00:11:04.800000,00:11:06.870000,right as soon as j value becomes 3 condition is not true so it is going to
00:11:06.870000,00:11:06.880000,condition is not true so it is going to
00:11:06.880000,00:11:07.910000,condition is not true so it is going to stop
00:11:07.910000,00:11:07.920000,stop
00:11:07.920000,00:11:11.190000,stop yeah i value is still 3 only and i value
00:11:11.190000,00:11:11.200000,yeah i value is still 3 only and i value
00:11:11.200000,00:11:13.750000,yeah i value is still 3 only and i value is less than equal to 5 so it can print
00:11:13.750000,00:11:13.760000,is less than equal to 5 so it can print
00:11:13.760000,00:11:15.430000,is less than equal to 5 so it can print four and five but it is not printing
00:11:15.430000,00:11:15.440000,four and five but it is not printing
00:11:15.440000,00:11:17.750000,four and five but it is not printing four and five because
00:11:17.750000,00:11:17.760000,four and five because
00:11:17.760000,00:11:19.990000,four and five because j value is the termination condition the
00:11:19.990000,00:11:20,j value is the termination condition the
00:11:20,00:11:21.990000,j value is the termination condition the condition is j less than three so
00:11:21.990000,00:11:22,condition is j less than three so
00:11:22,00:11:24.069000,condition is j less than three so national j as soon as j becomes three it
00:11:24.069000,00:11:24.079000,national j as soon as j becomes three it
00:11:24.079000,00:11:25.509000,national j as soon as j becomes three it is going to stop
00:11:25.509000,00:11:25.519000,is going to stop
00:11:25.519000,00:11:27.750000,is going to stop same you can put more than one condition
00:11:27.750000,00:11:27.760000,same you can put more than one condition
00:11:27.760000,00:11:29.829000,same you can put more than one condition with separation with coma
00:11:29.829000,00:11:29.839000,with separation with coma
00:11:29.839000,00:11:31.670000,with separation with coma and the last condition would be
00:11:31.670000,00:11:31.680000,and the last condition would be
00:11:31.680000,00:11:33.509000,and the last condition would be you know act as a termination condition
00:11:33.509000,00:11:33.519000,you know act as a termination condition
00:11:33.519000,00:11:34.870000,you know act as a termination condition if you do not put any condition it would
00:11:34.870000,00:11:34.880000,if you do not put any condition it would
00:11:34.880000,00:11:36.550000,if you do not put any condition it would be infinite loop
00:11:36.550000,00:11:36.560000,be infinite loop
00:11:36.560000,00:11:39.430000,be infinite loop same here also you can put more than
00:11:39.430000,00:11:39.440000,same here also you can put more than
00:11:39.440000,00:11:41.269000,same here also you can put more than one or two
00:11:41.269000,00:11:41.279000,one or two
00:11:41.279000,00:11:42.870000,one or two incremental decrement or update
00:11:42.870000,00:11:42.880000,incremental decrement or update
00:11:42.880000,00:11:46.870000,incremental decrement or update expression separated with comma right
00:11:46.870000,00:11:46.880000,expression separated with comma right
00:11:46.880000,00:11:49.350000,expression separated with comma right one more thing what if i put semicolon
00:11:49.350000,00:11:49.360000,one more thing what if i put semicolon
00:11:49.360000,00:11:52.069000,one more thing what if i put semicolon here at the last of this
00:11:52.069000,00:11:52.079000,here at the last of this
00:11:52.079000,00:11:53.670000,here at the last of this i
00:11:53.670000,00:11:53.680000,i
00:11:53.680000,00:11:56.150000,i sorry this four loop means you are
00:11:56.150000,00:11:56.160000,sorry this four loop means you are
00:11:56.160000,00:11:58.150000,sorry this four loop means you are terminating this for loop maybe you will
00:11:58.150000,00:11:58.160000,terminating this for loop maybe you will
00:11:58.160000,00:11:59.590000,terminating this for loop maybe you will think it will give error but it will not
00:11:59.590000,00:11:59.600000,think it will give error but it will not
00:11:59.600000,00:12:00.949000,think it will give error but it will not give any error
00:12:00.949000,00:12:00.959000,give any error
00:12:00.959000,00:12:04.389000,give any error so what output it will give c
00:12:04.389000,00:12:04.399000,so what output it will give c
00:12:04.399000,00:12:08.230000,so what output it will give c at the last it is printing 3 and 2
00:12:08.230000,00:12:08.240000,at the last it is printing 3 and 2
00:12:08.240000,00:12:12.150000,at the last it is printing 3 and 2 because once j value becomes 3
00:12:12.150000,00:12:12.160000,because once j value becomes 3
00:12:12.160000,00:12:14.069000,because once j value becomes 3 it will check the condition i value
00:12:14.069000,00:12:14.079000,it will check the condition i value
00:12:14.079000,00:12:17.670000,it will check the condition i value becomes 4 j value becomes 3
00:12:17.670000,00:12:17.680000,becomes 4 j value becomes 3
00:12:17.680000,00:12:20.870000,becomes 4 j value becomes 3 keep this thing in your mind
00:12:20.870000,00:12:20.880000,keep this thing in your mind
00:12:20.880000,00:12:23.750000,keep this thing in your mind i value becomes 4 j value becomes 3 in
00:12:23.750000,00:12:23.760000,i value becomes 4 j value becomes 3 in
00:12:23.760000,00:12:25.990000,i value becomes 4 j value becomes 3 in the memory already updated and after
00:12:25.990000,00:12:26,the memory already updated and after
00:12:26,00:12:27.910000,the memory already updated and after that condition would be checked 3 less
00:12:27.910000,00:12:27.920000,that condition would be checked 3 less
00:12:27.920000,00:12:30.069000,that condition would be checked 3 less than 3 not true so it will exit from
00:12:30.069000,00:12:30.079000,than 3 not true so it will exit from
00:12:30.079000,00:12:32.389000,than 3 not true so it will exit from this for loop but still in memory i
00:12:32.389000,00:12:32.399000,this for loop but still in memory i
00:12:32.399000,00:12:37.110000,this for loop but still in memory i value is what 4 and j value is 3
00:12:37.110000,00:12:37.120000,value is what 4 and j value is 3
00:12:37.120000,00:12:39.590000,value is what 4 and j value is 3 okay you got this point now let's run
00:12:39.590000,00:12:39.600000,okay you got this point now let's run
00:12:39.600000,00:12:40.870000,okay you got this point now let's run this
00:12:40.870000,00:12:40.880000,this
00:12:40.880000,00:12:43.110000,this let's run this
00:12:43.110000,00:12:43.120000,let's run this
00:12:43.120000,00:12:46.870000,let's run this code and see you are getting 4 and 3
00:12:46.870000,00:12:46.880000,code and see you are getting 4 and 3
00:12:46.880000,00:12:50.470000,code and see you are getting 4 and 3 it's not 43 i value is 4 and j value is
00:12:50.470000,00:12:50.480000,it's not 43 i value is 4 and j value is
00:12:50.480000,00:12:52.550000,it's not 43 i value is 4 and j value is 3 let me just
00:12:52.550000,00:12:52.560000,3 let me just
00:12:52.560000,00:12:55.110000,3 let me just do this things
00:12:55.110000,00:12:55.120000,do this things
00:12:55.120000,00:12:57.910000,do this things i equal 2
00:12:57.910000,00:12:57.920000,i equal 2
00:12:57.920000,00:13:00.310000,i equal 2 and will print i
00:13:00.310000,00:13:00.320000,and will print i
00:13:00.320000,00:13:02.550000,and will print i and then
00:13:02.550000,00:13:02.560000,and then
00:13:02.560000,00:13:06.310000,and then some space then
00:13:06.310000,00:13:06.320000,some space then
00:13:06.320000,00:13:09.990000,some space then j equal to let me just format this thing
00:13:09.990000,00:13:10,j equal to let me just format this thing
00:13:10,00:13:11.990000,j equal to let me just format this thing a little bit
00:13:11.990000,00:13:12,a little bit
00:13:12,00:13:14.550000,a little bit and then we print j
00:13:14.550000,00:13:14.560000,and then we print j
00:13:14.560000,00:13:16.150000,and then we print j now you will get it better
00:13:16.150000,00:13:16.160000,now you will get it better
00:13:16.160000,00:13:17.110000,now you will get it better see
00:13:17.110000,00:13:17.120000,see
00:13:17.120000,00:13:22.069000,see i value is 4 j value is 3
00:13:24.150000,00:13:24.160000,yeah you are putting a semicolon in for
00:13:24.160000,00:13:25.910000,yeah you are putting a semicolon in for loop that is why this for loop you have
00:13:25.910000,00:13:25.920000,loop that is why this for loop you have
00:13:25.920000,00:13:28.069000,loop that is why this for loop you have terminated this for loop
00:13:28.069000,00:13:28.079000,terminated this for loop
00:13:28.079000,00:13:30.629000,terminated this for loop now this would not be considered as
00:13:30.629000,00:13:30.639000,now this would not be considered as
00:13:30.639000,00:13:32.710000,now this would not be considered as the loop body it would be considered as
00:13:32.710000,00:13:32.720000,the loop body it would be considered as
00:13:32.720000,00:13:34.550000,the loop body it would be considered as simply statement as a part of the
00:13:34.550000,00:13:34.560000,simply statement as a part of the
00:13:34.560000,00:13:37.509000,simply statement as a part of the program not part of low body keep this
00:13:37.509000,00:13:37.519000,program not part of low body keep this
00:13:37.519000,00:13:38.949000,program not part of low body keep this thing in your mind
00:13:38.949000,00:13:38.959000,thing in your mind
00:13:38.959000,00:13:40.949000,thing in your mind now yeah for loop will execute see first
00:13:40.949000,00:13:40.959000,now yeah for loop will execute see first
00:13:40.959000,00:13:44.150000,now yeah for loop will execute see first of all i value becomes one j is zero
00:13:44.150000,00:13:44.160000,of all i value becomes one j is zero
00:13:44.160000,00:13:46.310000,of all i value becomes one j is zero condition true condition true obviously
00:13:46.310000,00:13:46.320000,condition true condition true obviously
00:13:46.320000,00:13:47.990000,condition true condition true obviously one condition would be checked j less
00:13:47.990000,00:13:48,one condition would be checked j less
00:13:48,00:13:50.150000,one condition would be checked j less than three condition true i plus plus j
00:13:50.150000,00:13:50.160000,than three condition true i plus plus j
00:13:50.160000,00:13:51.350000,than three condition true i plus plus j plus plus
00:13:51.350000,00:13:51.360000,plus plus
00:13:51.360000,00:13:55.189000,plus plus i becomes two j becomes one
00:13:55.189000,00:13:55.199000,i becomes two j becomes one
00:13:55.199000,00:13:57.030000,i becomes two j becomes one condition true but will not enter into
00:13:57.030000,00:13:57.040000,condition true but will not enter into
00:13:57.040000,00:13:58.150000,condition true but will not enter into this loop body because you have
00:13:58.150000,00:13:58.160000,this loop body because you have
00:13:58.160000,00:14:00.389000,this loop body because you have terminated this for loop
00:14:00.389000,00:14:00.399000,terminated this for loop
00:14:00.399000,00:14:02.230000,terminated this for loop so simply i plus plus j plus plus will
00:14:02.230000,00:14:02.240000,so simply i plus plus j plus plus will
00:14:02.240000,00:14:05.269000,so simply i plus plus j plus plus will be executed now i becomes 1 j becomes i
00:14:05.269000,00:14:05.279000,be executed now i becomes 1 j becomes i
00:14:05.279000,00:14:07.269000,be executed now i becomes 1 j becomes i becomes 2 j becomes 1
00:14:07.269000,00:14:07.279000,becomes 2 j becomes 1
00:14:07.279000,00:14:09.030000,becomes 2 j becomes 1 condition would be checked again j less
00:14:09.030000,00:14:09.040000,condition would be checked again j less
00:14:09.040000,00:14:11.509000,condition would be checked again j less than 3 yes condition 2 again plus plus
00:14:11.509000,00:14:11.519000,than 3 yes condition 2 again plus plus
00:14:11.519000,00:14:14.389000,than 3 yes condition 2 again plus plus again condition would be checked
00:14:14.389000,00:14:14.399000,again condition would be checked
00:14:14.399000,00:14:17.269000,again condition would be checked see this was the case ah 1 0 at first
00:14:17.269000,00:14:17.279000,see this was the case ah 1 0 at first
00:14:17.279000,00:14:18.389000,see this was the case ah 1 0 at first time
00:14:18.389000,00:14:18.399000,time
00:14:18.399000,00:14:21.430000,time ah then it was 2 1
00:14:21.430000,00:14:21.440000,ah then it was 2 1
00:14:21.440000,00:14:23.670000,ah then it was 2 1 then it becomes 3 2
00:14:23.670000,00:14:23.680000,then it becomes 3 2
00:14:23.680000,00:14:25.670000,then it becomes 3 2 but it is not printing at this point of
00:14:25.670000,00:14:25.680000,but it is not printing at this point of
00:14:25.680000,00:14:27.829000,but it is not printing at this point of time because you have terminated this
00:14:27.829000,00:14:27.839000,time because you have terminated this
00:14:27.839000,00:14:28.870000,time because you have terminated this for loop
00:14:28.870000,00:14:28.880000,for loop
00:14:28.880000,00:14:31.030000,for loop now after that i value becomes four j
00:14:31.030000,00:14:31.040000,now after that i value becomes four j
00:14:31.040000,00:14:32.629000,now after that i value becomes four j value becomes three in the memory
00:14:32.629000,00:14:32.639000,value becomes three in the memory
00:14:32.639000,00:14:34.310000,value becomes three in the memory already updated i value becomes four j
00:14:34.310000,00:14:34.320000,already updated i value becomes four j
00:14:34.320000,00:14:35.590000,already updated i value becomes four j value becomes three now check the
00:14:35.590000,00:14:35.600000,value becomes three now check the
00:14:35.600000,00:14:36.790000,value becomes three now check the condition
00:14:36.790000,00:14:36.800000,condition
00:14:36.800000,00:14:38.629000,condition is the condition true j less than three
00:14:38.629000,00:14:38.639000,is the condition true j less than three
00:14:38.639000,00:14:40.470000,is the condition true j less than three less than three no
00:14:40.470000,00:14:40.480000,less than three no
00:14:40.480000,00:14:42.710000,less than three no this would be the termination condition
00:14:42.710000,00:14:42.720000,this would be the termination condition
00:14:42.720000,00:14:43.750000,this would be the termination condition so
00:14:43.750000,00:14:43.760000,so
00:14:43.760000,00:14:45.829000,so now exit from this for loop
00:14:45.829000,00:14:45.839000,now exit from this for loop
00:14:45.839000,00:14:48.310000,now exit from this for loop now exit from for loop means this
00:14:48.310000,00:14:48.320000,now exit from for loop means this
00:14:48.320000,00:14:50.870000,now exit from for loop means this statement is now not part of this loop
00:14:50.870000,00:14:50.880000,statement is now not part of this loop
00:14:50.880000,00:14:53.110000,statement is now not part of this loop body it is part of
00:14:53.110000,00:14:53.120000,body it is part of
00:14:53.120000,00:14:55.269000,body it is part of the program so it will execute this
00:14:55.269000,00:14:55.279000,the program so it will execute this
00:14:55.279000,00:14:56.710000,the program so it will execute this statement now
00:14:56.710000,00:14:56.720000,statement now
00:14:56.720000,00:14:59.430000,statement now so at this point of time i value is
00:14:59.430000,00:14:59.440000,so at this point of time i value is
00:14:59.440000,00:15:01.910000,so at this point of time i value is in the memory i value is 4 and
00:15:01.910000,00:15:01.920000,in the memory i value is 4 and
00:15:01.920000,00:15:03.590000,in the memory i value is 4 and j value is
00:15:03.590000,00:15:03.600000,j value is
00:15:03.600000,00:15:07.030000,j value is 3 so it is printing only one thing
00:15:07.030000,00:15:07.040000,3 so it is printing only one thing
00:15:07.040000,00:15:08.710000,3 so it is printing only one thing so these are some tricky things we can
00:15:08.710000,00:15:08.720000,so these are some tricky things we can
00:15:08.720000,00:15:09.750000,so these are some tricky things we can do with this
00:15:09.750000,00:15:09.760000,do with this
00:15:09.760000,00:15:11.509000,do with this loops right
00:15:11.509000,00:15:11.519000,loops right
00:15:11.519000,00:15:15.030000,loops right but if i put this j plus plus here
00:15:15.030000,00:15:15.040000,but if i put this j plus plus here
00:15:15.040000,00:15:17.910000,but if i put this j plus plus here j plus plus this you can also do
00:15:17.910000,00:15:17.920000,j plus plus this you can also do
00:15:17.920000,00:15:19.910000,j plus plus this you can also do increment decrement or this update kind
00:15:19.910000,00:15:19.920000,increment decrement or this update kind
00:15:19.920000,00:15:21.670000,increment decrement or this update kind of thing you can put in this loop body
00:15:21.670000,00:15:21.680000,of thing you can put in this loop body
00:15:21.680000,00:15:23.670000,of thing you can put in this loop body rather than here
00:15:23.670000,00:15:23.680000,rather than here
00:15:23.680000,00:15:26.150000,rather than here rather than here
00:15:26.150000,00:15:26.160000,rather than here
00:15:26.160000,00:15:28.550000,rather than here i plus plus and as well as j plus plus
00:15:28.550000,00:15:28.560000,i plus plus and as well as j plus plus
00:15:28.560000,00:15:29.829000,i plus plus and as well as j plus plus you can put here
00:15:29.829000,00:15:29.839000,you can put here
00:15:29.839000,00:15:31.350000,you can put here both the things
00:15:31.350000,00:15:31.360000,both the things
00:15:31.360000,00:15:32.710000,both the things right
00:15:32.710000,00:15:32.720000,right
00:15:32.720000,00:15:34.790000,right but this point it would be in finite
00:15:34.790000,00:15:34.800000,but this point it would be in finite
00:15:34.800000,00:15:36.389000,but this point it would be in finite loop why so
00:15:36.389000,00:15:36.399000,loop why so
00:15:36.399000,00:15:37.910000,loop why so because you have terminated this for
00:15:37.910000,00:15:37.920000,because you have terminated this for
00:15:37.920000,00:15:39.670000,because you have terminated this for loop and this would not be considered as
00:15:39.670000,00:15:39.680000,loop and this would not be considered as
00:15:39.680000,00:15:42.550000,loop and this would not be considered as part of this loop
00:15:42.550000,00:15:42.560000,part of this loop
00:15:42.560000,00:15:44.389000,part of this loop so
00:15:44.389000,00:15:44.399000,so
00:15:44.399000,00:15:46.790000,so i plus plus j plus plus would not be
00:15:46.790000,00:15:46.800000,i plus plus j plus plus would not be
00:15:46.800000,00:15:48.150000,i plus plus j plus plus would not be executed
00:15:48.150000,00:15:48.160000,executed
00:15:48.160000,00:15:51.110000,executed right now j value becomes zero always
00:15:51.110000,00:15:51.120000,right now j value becomes zero always
00:15:51.120000,00:15:53.509000,right now j value becomes zero always and condition would always be true yeah
00:15:53.509000,00:15:53.519000,and condition would always be true yeah
00:15:53.519000,00:15:55.269000,and condition would always be true yeah it will not print anything on the screen
00:15:55.269000,00:15:55.279000,it will not print anything on the screen
00:15:55.279000,00:15:57.269000,it will not print anything on the screen but it would be an infinite loop see let
00:15:57.269000,00:15:57.279000,but it would be an infinite loop see let
00:15:57.279000,00:15:58.790000,but it would be an infinite loop see let me just show you i hope you are getting
00:15:58.790000,00:15:58.800000,me just show you i hope you are getting
00:15:58.800000,00:16:00.069000,me just show you i hope you are getting my point
00:16:00.069000,00:16:00.079000,my point
00:16:00.079000,00:16:01.030000,my point see
00:16:01.030000,00:16:01.040000,see
00:16:01.040000,00:16:02.870000,see it is just running
00:16:02.870000,00:16:02.880000,it is just running
00:16:02.880000,00:16:05.430000,it is just running it isn't just running just running
00:16:05.430000,00:16:05.440000,it isn't just running just running
00:16:05.440000,00:16:07.509000,it isn't just running just running but it is not printing anything on the
00:16:07.509000,00:16:07.519000,but it is not printing anything on the
00:16:07.519000,00:16:08.790000,but it is not printing anything on the screen
00:16:08.790000,00:16:08.800000,screen
00:16:08.800000,00:16:10.870000,screen because the control is still in this
00:16:10.870000,00:16:10.880000,because the control is still in this
00:16:10.880000,00:16:12.710000,because the control is still in this loop
00:16:12.710000,00:16:12.720000,loop
00:16:12.720000,00:16:15.509000,loop right the condition is always true
00:16:15.509000,00:16:15.519000,right the condition is always true
00:16:15.519000,00:16:17.749000,right the condition is always true and it is it is not
00:16:17.749000,00:16:17.759000,and it is it is not
00:16:17.759000,00:16:19.269000,and it is it is not coming out from the loop so that is why
00:16:19.269000,00:16:19.279000,coming out from the loop so that is why
00:16:19.279000,00:16:21.189000,coming out from the loop so that is why it is not printing anything
00:16:21.189000,00:16:21.199000,it is not printing anything
00:16:21.199000,00:16:23.670000,it is not printing anything so let me just
00:16:23.670000,00:16:23.680000,so let me just
00:16:23.680000,00:16:26.310000,so let me just kill this terminal and see
00:16:26.310000,00:16:26.320000,kill this terminal and see
00:16:26.320000,00:16:29.910000,kill this terminal and see now if if suppose
00:16:29.910000,00:16:29.920000,now if if suppose
00:16:29.920000,00:16:31.509000,now if if suppose i put
00:16:31.509000,00:16:31.519000,i put
00:16:31.519000,00:16:33.749000,i put j plus plus here
00:16:33.749000,00:16:33.759000,j plus plus here
00:16:33.759000,00:16:36.150000,j plus plus here only j plus plus here and i plus plus
00:16:36.150000,00:16:36.160000,only j plus plus here and i plus plus
00:16:36.160000,00:16:37.189000,only j plus plus here and i plus plus here
00:16:37.189000,00:16:37.199000,here
00:16:37.199000,00:16:39.030000,here what output you will get let's try
00:16:39.030000,00:16:39.040000,what output you will get let's try
00:16:39.040000,00:16:41.749000,what output you will get let's try around this and see what we are getting
00:16:41.749000,00:16:41.759000,around this and see what we are getting
00:16:41.759000,00:16:42.550000,around this and see what we are getting right
00:16:42.550000,00:16:42.560000,right
00:16:42.560000,00:16:44.629000,right let's pause the video and you can just
00:16:44.629000,00:16:44.639000,let's pause the video and you can just
00:16:44.639000,00:16:46.310000,let's pause the video and you can just try around this and see what output you
00:16:46.310000,00:16:46.320000,try around this and see what output you
00:16:46.320000,00:16:48.150000,try around this and see what output you are getting let me just run this and
00:16:48.150000,00:16:48.160000,are getting let me just run this and
00:16:48.160000,00:16:50.949000,are getting let me just run this and show you what output you will get here
00:16:50.949000,00:16:50.959000,show you what output you will get here
00:16:50.959000,00:16:53.990000,show you what output you will get here here i is equal to 1 and j is equal to 3
00:16:53.990000,00:16:54,here i is equal to 1 and j is equal to 3
00:16:54,00:16:57.350000,here i is equal to 1 and j is equal to 3 why so because i plus plus is in here
00:16:57.350000,00:16:57.360000,why so because i plus plus is in here
00:16:57.360000,00:16:59.269000,why so because i plus plus is in here so this would not be considered as part
00:16:59.269000,00:16:59.279000,so this would not be considered as part
00:16:59.279000,00:17:01.350000,so this would not be considered as part of this loop body
00:17:01.350000,00:17:01.360000,of this loop body
00:17:01.360000,00:17:03.350000,of this loop body so i would always be 1 i would not be
00:17:03.350000,00:17:03.360000,so i would always be 1 i would not be
00:17:03.360000,00:17:06.630000,so i would always be 1 i would not be implemented j is only incremented
00:17:06.630000,00:17:06.640000,implemented j is only incremented
00:17:06.640000,00:17:09.669000,implemented j is only incremented from 0 then 1 then 2 and then 3 becomes
00:17:09.669000,00:17:09.679000,from 0 then 1 then 2 and then 3 becomes
00:17:09.679000,00:17:11.270000,from 0 then 1 then 2 and then 3 becomes then
00:17:11.270000,00:17:11.280000,then
00:17:11.280000,00:17:13.029000,then condition will not be true and it will
00:17:13.029000,00:17:13.039000,condition will not be true and it will
00:17:13.039000,00:17:15.829000,condition will not be true and it will print only j 0 is equal to 1
00:17:15.829000,00:17:15.839000,print only j 0 is equal to 1
00:17:15.839000,00:17:17.669000,print only j 0 is equal to 1 right
00:17:17.669000,00:17:17.679000,right
00:17:17.679000,00:17:20.630000,right so i hope you are getting my points and
00:17:20.630000,00:17:20.640000,so i hope you are getting my points and
00:17:20.640000,00:17:22.870000,so i hope you are getting my points and see one more thing if you you do
00:17:22.870000,00:17:22.880000,see one more thing if you you do
00:17:22.880000,00:17:26.309000,see one more thing if you you do something like this
00:17:28.789000,00:17:28.799000,only two semicolon i have told you all
00:17:28.799000,00:17:30.710000,only two semicolon i have told you all the three expressions are optional you
00:17:30.710000,00:17:30.720000,the three expressions are optional you
00:17:30.720000,00:17:32.789000,the three expressions are optional you can remove this but two semicolons are
00:17:32.789000,00:17:32.799000,can remove this but two semicolons are
00:17:32.799000,00:17:34.150000,can remove this but two semicolons are compulsory
00:17:34.150000,00:17:34.160000,compulsory
00:17:34.160000,00:17:35.830000,compulsory just two semicolon it would be an
00:17:35.830000,00:17:35.840000,just two semicolon it would be an
00:17:35.840000,00:17:37.830000,just two semicolon it would be an infinite loop because there is no
00:17:37.830000,00:17:37.840000,infinite loop because there is no
00:17:37.840000,00:17:39.669000,infinite loop because there is no termination condition
00:17:39.669000,00:17:39.679000,termination condition
00:17:39.679000,00:17:42.230000,termination condition right let's run this
00:17:42.230000,00:17:42.240000,right let's run this
00:17:42.240000,00:17:43.590000,right let's run this let's run this
00:17:43.590000,00:17:43.600000,let's run this
00:17:43.600000,00:17:45.590000,let's run this see it would be an infinite loop in
00:17:45.590000,00:17:45.600000,see it would be an infinite loop in
00:17:45.600000,00:17:47.110000,see it would be an infinite loop in finite loop
00:17:47.110000,00:17:47.120000,finite loop
00:17:47.120000,00:17:48.150000,finite loop j
00:17:48.150000,00:17:48.160000,j
00:17:48.160000,00:17:50.390000,j is any garbage value because we are not
00:17:50.390000,00:17:50.400000,is any garbage value because we are not
00:17:50.400000,00:17:53.029000,is any garbage value because we are not initializing this j and i is
00:17:53.029000,00:17:53.039000,initializing this j and i is
00:17:53.039000,00:17:55.990000,initializing this j and i is 1 so i is also like
00:17:55.990000,00:17:56,1 so i is also like
00:17:56,00:17:58.070000,1 so i is also like maybe incrementing or we can we cannot
00:17:58.070000,00:17:58.080000,maybe incrementing or we can we cannot
00:17:58.080000,00:17:58.870000,maybe incrementing or we can we cannot do
00:17:58.870000,00:17:58.880000,do
00:17:58.880000,00:18:01.029000,do see i plus plus because you are writing
00:18:01.029000,00:18:01.039000,see i plus plus because you are writing
00:18:01.039000,00:18:03.590000,see i plus plus because you are writing here i plus plus so it is incrementing
00:18:03.590000,00:18:03.600000,here i plus plus so it is incrementing
00:18:03.600000,00:18:06.950000,here i plus plus so it is incrementing right but it would be an infinite loop
00:18:06.950000,00:18:06.960000,right but it would be an infinite loop
00:18:06.960000,00:18:09.909000,right but it would be an infinite loop so better to use for loop carefully
00:18:09.909000,00:18:09.919000,so better to use for loop carefully
00:18:09.919000,00:18:11.350000,so better to use for loop carefully okay
00:18:11.350000,00:18:11.360000,okay
00:18:11.360000,00:18:13.669000,okay with some proper condition
00:18:13.669000,00:18:13.679000,with some proper condition
00:18:13.679000,00:18:15.190000,with some proper condition and if i write here something like this
00:18:15.190000,00:18:15.200000,and if i write here something like this
00:18:15.200000,00:18:15.990000,and if i write here something like this like
00:18:15.990000,00:18:16,like
00:18:16,00:18:17.909000,like j is equal to
00:18:17.909000,00:18:17.919000,j is equal to
00:18:17.919000,00:18:19.029000,j is equal to 1
00:18:19.029000,00:18:19.039000,1
00:18:19.039000,00:18:21.110000,1 semicolon
00:18:21.110000,00:18:21.120000,semicolon
00:18:21.120000,00:18:24.150000,semicolon i less than equal to
00:18:24.150000,00:18:24.160000,i less than equal to
00:18:24.160000,00:18:28.710000,i less than equal to 5 semicolon and i plus plus
00:18:28.710000,00:18:28.720000,5 semicolon and i plus plus
00:18:28.720000,00:18:30.710000,5 semicolon and i plus plus i am printing i and
00:18:30.710000,00:18:30.720000,i am printing i and
00:18:30.720000,00:18:31.510000,i am printing i and j
00:18:31.510000,00:18:31.520000,j
00:18:31.520000,00:18:32.549000,j okay
00:18:32.549000,00:18:32.559000,okay
00:18:32.559000,00:18:35.350000,okay so what output you will get in this case
00:18:35.350000,00:18:35.360000,so what output you will get in this case
00:18:35.360000,00:18:37.430000,so what output you will get in this case see see it carefully
00:18:37.430000,00:18:37.440000,see see it carefully
00:18:37.440000,00:18:39.909000,see see it carefully i am initializing here j
00:18:39.909000,00:18:39.919000,i am initializing here j
00:18:39.919000,00:18:41.750000,i am initializing here j right
00:18:41.750000,00:18:41.760000,right
00:18:41.760000,00:18:45.029000,right so let me just remove this line
00:18:45.029000,00:18:45.039000,so let me just remove this line
00:18:45.039000,00:18:46.070000,so let me just remove this line this initialization i am not
00:18:46.070000,00:18:46.080000,this initialization i am not
00:18:46.080000,00:18:48.630000,this initialization i am not initializing i anywhere
00:18:48.630000,00:18:48.640000,initializing i anywhere
00:18:48.640000,00:18:51.190000,initializing i anywhere i am just initializing j
00:18:51.190000,00:18:51.200000,i am just initializing j
00:18:51.200000,00:18:52.950000,i am just initializing j so what output you will get here let me
00:18:52.950000,00:18:52.960000,so what output you will get here let me
00:18:52.960000,00:18:54.950000,so what output you will get here let me just remove this i plus plus also from
00:18:54.950000,00:18:54.960000,just remove this i plus plus also from
00:18:54.960000,00:18:57.029000,just remove this i plus plus also from here okay
00:18:57.029000,00:18:57.039000,here okay
00:18:57.039000,00:19:00.630000,here okay so now see
00:19:03.750000,00:19:03.760000,what output you will get let's run this
00:19:03.760000,00:19:06.150000,what output you will get let's run this and show you you will get no output in
00:19:06.150000,00:19:06.160000,and show you you will get no output in
00:19:06.160000,00:19:07.830000,and show you you will get no output in this case just
00:19:07.830000,00:19:07.840000,this case just
00:19:07.840000,00:19:10.150000,this case just it will print
00:19:10.150000,00:19:10.160000,it will print
00:19:10.160000,00:19:12.549000,it will print end of loop end of loop
00:19:12.549000,00:19:12.559000,end of loop end of loop
00:19:12.559000,00:19:13.830000,end of loop end of loop whatever statement you will write out of
00:19:13.830000,00:19:13.840000,whatever statement you will write out of
00:19:13.840000,00:19:15.909000,whatever statement you will write out of this loop that would be printed why so
00:19:15.909000,00:19:15.919000,this loop that would be printed why so
00:19:15.919000,00:19:17.430000,this loop that would be printed why so because you are you are not initializing
00:19:17.430000,00:19:17.440000,because you are you are not initializing
00:19:17.440000,00:19:18.230000,because you are you are not initializing i
00:19:18.230000,00:19:18.240000,i
00:19:18.240000,00:19:20.390000,i anywhere you are putting condition on i
00:19:20.390000,00:19:20.400000,anywhere you are putting condition on i
00:19:20.400000,00:19:22.310000,anywhere you are putting condition on i you are putting i plus plus but you know
00:19:22.310000,00:19:22.320000,you are putting i plus plus but you know
00:19:22.320000,00:19:23.909000,you are putting i plus plus but you know you haven't initialized i so it will
00:19:23.909000,00:19:23.919000,you haven't initialized i so it will
00:19:23.919000,00:19:26.230000,you haven't initialized i so it will give no output right
00:19:26.230000,00:19:26.240000,give no output right
00:19:26.240000,00:19:28.470000,give no output right and if i do something like this rather
00:19:28.470000,00:19:28.480000,and if i do something like this rather
00:19:28.480000,00:19:30.310000,and if i do something like this rather than i plus plus we can also do
00:19:30.310000,00:19:30.320000,than i plus plus we can also do
00:19:30.320000,00:19:32.310000,than i plus plus we can also do something like this i plus
00:19:32.310000,00:19:32.320000,something like this i plus
00:19:32.320000,00:19:33.830000,something like this i plus 2 like
00:19:33.830000,00:19:33.840000,2 like
00:19:33.840000,00:19:37.110000,2 like i plus equal to 2 and let's initialize
00:19:37.110000,00:19:37.120000,i plus equal to 2 and let's initialize
00:19:37.120000,00:19:39.590000,i plus equal to 2 and let's initialize this i
00:19:39.590000,00:19:39.600000,this i
00:19:39.600000,00:19:43.750000,this i and i less than equal to suppose 10
00:19:43.750000,00:19:43.760000,and i less than equal to suppose 10
00:19:43.760000,00:19:44.950000,and i less than equal to suppose 10 okay
00:19:44.950000,00:19:44.960000,okay
00:19:44.960000,00:19:46.870000,okay now let us run this
00:19:46.870000,00:19:46.880000,now let us run this
00:19:46.880000,00:19:47.669000,now let us run this and
00:19:47.669000,00:19:47.679000,and
00:19:47.679000,00:19:51.590000,and suppose j i am initializing here 9
00:19:51.590000,00:19:51.600000,suppose j i am initializing here 9
00:19:51.600000,00:19:52.870000,suppose j i am initializing here 9 let's run this
00:19:52.870000,00:19:52.880000,let's run this
00:19:52.880000,00:19:55.830000,let's run this it will print i one three five seven
00:19:55.830000,00:19:55.840000,it will print i one three five seven
00:19:55.840000,00:19:57.750000,it will print i one three five seven nine because it is incrementing i by two
00:19:57.750000,00:19:57.760000,nine because it is incrementing i by two
00:19:57.760000,00:20:00.630000,nine because it is incrementing i by two this time so rather than plus plus or
00:20:00.630000,00:20:00.640000,this time so rather than plus plus or
00:20:00.640000,00:20:02.230000,this time so rather than plus plus or this thing you can do some expression
00:20:02.230000,00:20:02.240000,this thing you can do some expression
00:20:02.240000,00:20:03.830000,this thing you can do some expression also like i plus
00:20:03.830000,00:20:03.840000,also like i plus
00:20:03.840000,00:20:06.630000,also like i plus equal to two i plus you know you can do
00:20:06.630000,00:20:06.640000,equal to two i plus you know you can do
00:20:06.640000,00:20:08.710000,equal to two i plus you know you can do i is equal to y divided by 2
00:20:08.710000,00:20:08.720000,i is equal to y divided by 2
00:20:08.720000,00:20:10.789000,i is equal to y divided by 2 i is equal to y into 2 this kind of
00:20:10.789000,00:20:10.799000,i is equal to y into 2 this kind of
00:20:10.799000,00:20:11.990000,i is equal to y into 2 this kind of thing you can do
00:20:11.990000,00:20:12,thing you can do
00:20:12,00:20:13.430000,thing you can do okay
00:20:13.430000,00:20:13.440000,okay
00:20:13.440000,00:20:15.430000,okay and i minus minus also you can do like
00:20:15.430000,00:20:15.440000,and i minus minus also you can do like
00:20:15.440000,00:20:17.510000,and i minus minus also you can do like 10 to 1 if you want to print so i is
00:20:17.510000,00:20:17.520000,10 to 1 if you want to print so i is
00:20:17.520000,00:20:19.430000,10 to 1 if you want to print so i is equal to 10
00:20:19.430000,00:20:19.440000,equal to 10
00:20:19.440000,00:20:21.909000,equal to 10 and now this time condition would be i
00:20:21.909000,00:20:21.919000,and now this time condition would be i
00:20:21.919000,00:20:23.270000,and now this time condition would be i greater than
00:20:23.270000,00:20:23.280000,greater than
00:20:23.280000,00:20:24.789000,greater than equal to
00:20:24.789000,00:20:24.799000,equal to
00:20:24.799000,00:20:26.470000,equal to 1
00:20:26.470000,00:20:26.480000,1
00:20:26.480000,00:20:29.029000,1 and this time we will do i
00:20:29.029000,00:20:29.039000,and this time we will do i
00:20:29.039000,00:20:30.390000,and this time we will do i minus minus
00:20:30.390000,00:20:30.400000,minus minus
00:20:30.400000,00:20:31.430000,minus minus okay
00:20:31.430000,00:20:31.440000,okay
00:20:31.440000,00:20:33.270000,okay suppose we are not printing
00:20:33.270000,00:20:33.280000,suppose we are not printing
00:20:33.280000,00:20:35.750000,suppose we are not printing j
00:20:35.750000,00:20:35.760000,j
00:20:35.760000,00:20:38.710000,j we are printing only i
00:20:38.710000,00:20:38.720000,we are printing only i
00:20:38.720000,00:20:40.390000,we are printing only i fine
00:20:40.390000,00:20:40.400000,fine
00:20:40.400000,00:20:41.990000,fine so let's run this and what it will it
00:20:41.990000,00:20:42,so let's run this and what it will it
00:20:42,00:20:44.710000,so let's run this and what it will it will print 109876 something like this so
00:20:44.710000,00:20:44.720000,will print 109876 something like this so
00:20:44.720000,00:20:47.270000,will print 109876 something like this so decrement also you can do so here in the
00:20:47.270000,00:20:47.280000,decrement also you can do so here in the
00:20:47.280000,00:20:49.190000,decrement also you can do so here in the condition i am writing something like
00:20:49.190000,00:20:49.200000,condition i am writing something like
00:20:49.200000,00:20:51.669000,condition i am writing something like this i less than equal to 40 logical or
00:20:51.669000,00:20:51.679000,this i less than equal to 40 logical or
00:20:51.679000,00:20:53.830000,this i less than equal to 40 logical or operator and j less than 10
00:20:53.830000,00:20:53.840000,operator and j less than 10
00:20:53.840000,00:20:56.230000,operator and j less than 10 now these are not two condition
00:20:56.230000,00:20:56.240000,now these are not two condition
00:20:56.240000,00:20:57.990000,now these are not two condition we have combined this with logical or
00:20:57.990000,00:20:58,we have combined this with logical or
00:20:58,00:20:59.350000,we have combined this with logical or operator so this is this will be
00:20:59.350000,00:20:59.360000,operator so this is this will be
00:20:59.360000,00:21:01.750000,operator so this is this will be considered as one condition only right
00:21:01.750000,00:21:01.760000,considered as one condition only right
00:21:01.760000,00:21:03.350000,considered as one condition only right so you know the truth table of logical
00:21:03.350000,00:21:03.360000,so you know the truth table of logical
00:21:03.360000,00:21:06.230000,so you know the truth table of logical or if any one is true it would be true
00:21:06.230000,00:21:06.240000,or if any one is true it would be true
00:21:06.240000,00:21:09.590000,or if any one is true it would be true right so you just try out this thing
00:21:09.590000,00:21:09.600000,right so you just try out this thing
00:21:09.600000,00:21:11.350000,right so you just try out this thing first dry run this and see what output
00:21:11.350000,00:21:11.360000,first dry run this and see what output
00:21:11.360000,00:21:13.750000,first dry run this and see what output you are getting then run this let's run
00:21:13.750000,00:21:13.760000,you are getting then run this let's run
00:21:13.760000,00:21:15.190000,you are getting then run this let's run this and show you what output you are
00:21:15.190000,00:21:15.200000,this and show you what output you are
00:21:15.200000,00:21:16.870000,this and show you what output you are getting say this is the thing you will
00:21:16.870000,00:21:16.880000,getting say this is the thing you will
00:21:16.880000,00:21:17.750000,getting say this is the thing you will get
00:21:17.750000,00:21:17.760000,get
00:21:17.760000,00:21:21.270000,get here
00:21:25.830000,00:21:25.840000,so now this would be considered as one
00:21:25.840000,00:21:27.830000,so now this would be considered as one condition only it's not like that now j
00:21:27.830000,00:21:27.840000,condition only it's not like that now j
00:21:27.840000,00:21:29.750000,condition only it's not like that now j less than equal to 10 10 is termination
00:21:29.750000,00:21:29.760000,less than equal to 10 10 is termination
00:21:29.760000,00:21:31.990000,less than equal to 10 10 is termination condition only and j i less than equal
00:21:31.990000,00:21:32,condition only and j i less than equal
00:21:32,00:21:34.310000,condition only and j i less than equal to 40 is only statement no
00:21:34.310000,00:21:34.320000,to 40 is only statement no
00:21:34.320000,00:21:35.990000,to 40 is only statement no you have combined this thing this is one
00:21:35.990000,00:21:36,you have combined this thing this is one
00:21:36,00:21:37.909000,you have combined this thing this is one condition only right so rather than
00:21:37.909000,00:21:37.919000,condition only right so rather than
00:21:37.919000,00:21:39.590000,condition only right so rather than logical or you can write down here
00:21:39.590000,00:21:39.600000,logical or you can write down here
00:21:39.600000,00:21:41.590000,logical or you can write down here logical and also these kind of
00:21:41.590000,00:21:41.600000,logical and also these kind of
00:21:41.600000,00:21:43.669000,logical and also these kind of expressions these kind of things you can
00:21:43.669000,00:21:43.679000,expressions these kind of things you can
00:21:43.679000,00:21:44.710000,expressions these kind of things you can also
00:21:44.710000,00:21:44.720000,also
00:21:44.720000,00:21:47.029000,also do with this condition
00:21:47.029000,00:21:47.039000,do with this condition
00:21:47.039000,00:21:48.070000,do with this condition right
00:21:48.070000,00:21:48.080000,right
00:21:48.080000,00:21:49.990000,right so i hope every single detail every
00:21:49.990000,00:21:50,so i hope every single detail every
00:21:50,00:21:51.510000,so i hope every single detail every point about for loop is clear to you
00:21:51.510000,00:21:51.520000,point about for loop is clear to you
00:21:51.520000,00:21:53.510000,point about for loop is clear to you guys now my next video will discuss
00:21:53.510000,00:21:53.520000,guys now my next video will discuss
00:21:53.520000,00:21:55.510000,guys now my next video will discuss while loop and do while loop so i'll see
00:21:55.510000,00:21:55.520000,while loop and do while loop so i'll see
00:21:55.520000,00:21:56.950000,while loop and do while loop so i'll see in the next video till then bye take
00:21:56.950000,00:21:56.960000,in the next video till then bye take
00:21:56.960000,00:21:59.760000,in the next video till then bye take care
