Start Time,End Time,Text
00:00:01.990000,00:00:02,so in the series of learning c plus plus
00:00:02,00:00:03.429000,so in the series of learning c plus plus programming language we are discussing
00:00:03.429000,00:00:03.439000,programming language we are discussing
00:00:03.439000,00:00:05.590000,programming language we are discussing loops in c plus plus we have discussed
00:00:05.590000,00:00:05.600000,loops in c plus plus we have discussed
00:00:05.600000,00:00:07.510000,loops in c plus plus we have discussed uh till now for loop
00:00:07.510000,00:00:07.520000,uh till now for loop
00:00:07.520000,00:00:09.589000,uh till now for loop okay everything about for loop we have
00:00:09.589000,00:00:09.599000,okay everything about for loop we have
00:00:09.599000,00:00:12.150000,okay everything about for loop we have discussed so let's see a program it's
00:00:12.150000,00:00:12.160000,discussed so let's see a program it's
00:00:12.160000,00:00:13.669000,discussed so let's see a program it's you can say it's a coding exercise for
00:00:13.669000,00:00:13.679000,you can say it's a coding exercise for
00:00:13.679000,00:00:14.950000,you can say it's a coding exercise for you guys
00:00:14.950000,00:00:14.960000,you guys
00:00:14.960000,00:00:16.950000,you guys using for loop now you have to write
00:00:16.950000,00:00:16.960000,using for loop now you have to write
00:00:16.960000,00:00:19.029000,using for loop now you have to write down a program to find out or to
00:00:19.029000,00:00:19.039000,down a program to find out or to
00:00:19.039000,00:00:21.109000,down a program to find out or to calculate sum of
00:00:21.109000,00:00:21.119000,calculate sum of
00:00:21.119000,00:00:22.870000,calculate sum of four integers
00:00:22.870000,00:00:22.880000,four integers
00:00:22.880000,00:00:23.750000,four integers from
00:00:23.750000,00:00:23.760000,from
00:00:23.760000,00:00:25.269000,from 1 to 15
00:00:25.269000,00:00:25.279000,1 to 15
00:00:25.279000,00:00:27.910000,1 to 15 and 1 and 15 both are included means
00:00:27.910000,00:00:27.920000,and 1 and 15 both are included means
00:00:27.920000,00:00:30.070000,and 1 and 15 both are included means inclusive
00:00:30.070000,00:00:30.080000,inclusive
00:00:30.080000,00:00:31.830000,inclusive using for loop you have to write down
00:00:31.830000,00:00:31.840000,using for loop you have to write down
00:00:31.840000,00:00:34.389000,using for loop you have to write down this program okay now let's pause the
00:00:34.389000,00:00:34.399000,this program okay now let's pause the
00:00:34.399000,00:00:36.229000,this program okay now let's pause the video we'll see the solution also in
00:00:36.229000,00:00:36.239000,video we'll see the solution also in
00:00:36.239000,00:00:37.670000,video we'll see the solution also in this video explain i'll explain the
00:00:37.670000,00:00:37.680000,this video explain i'll explain the
00:00:37.680000,00:00:39.910000,this video explain i'll explain the solution step by step
00:00:39.910000,00:00:39.920000,solution step by step
00:00:39.920000,00:00:40.630000,solution step by step but
00:00:40.630000,00:00:40.640000,but
00:00:40.640000,00:00:43.270000,but uh first you try out pause the video and
00:00:43.270000,00:00:43.280000,uh first you try out pause the video and
00:00:43.280000,00:00:47.830000,uh first you try out pause the video and try this out so let's create a new file
00:00:47.830000,00:00:47.840000,try this out so let's create a new file
00:00:47.840000,00:00:50.790000,try this out so let's create a new file we can say
00:00:55.830000,00:00:55.840000,for loop
00:00:55.840000,00:00:58.229000,for loop okay
00:00:58.229000,00:00:58.239000,okay
00:00:58.239000,00:01:01.590000,okay dot cpp
00:01:03.750000,00:01:03.760000,first thing is you have to include
00:01:03.760000,00:01:06.230000,first thing is you have to include header io stream
00:01:06.230000,00:01:06.240000,header io stream
00:01:06.240000,00:01:09.429000,header io stream then
00:01:10.830000,00:01:10.840000,using
00:01:10.840000,00:01:14.950000,using namespace std
00:01:17.109000,00:01:17.119000,and then we'll write down
00:01:17.119000,00:01:19.350000,and then we'll write down main
00:01:19.350000,00:01:19.360000,main
00:01:19.360000,00:01:21.270000,main hint main
00:01:21.270000,00:01:21.280000,hint main
00:01:21.280000,00:01:23.350000,hint main here we will take two variable into i
00:01:23.350000,00:01:23.360000,here we will take two variable into i
00:01:23.360000,00:01:25.590000,here we will take two variable into i and sum sum i'm going to initialize it
00:01:25.590000,00:01:25.600000,and sum sum i'm going to initialize it
00:01:25.600000,00:01:27.030000,and sum sum i'm going to initialize it with 0
00:01:27.030000,00:01:27.040000,with 0
00:01:27.040000,00:01:28.789000,with 0 okay why so because if you don't
00:01:28.789000,00:01:28.799000,okay why so because if you don't
00:01:28.799000,00:01:30.310000,okay why so because if you don't initialize this sum
00:01:30.310000,00:01:30.320000,initialize this sum
00:01:30.320000,00:01:32.630000,initialize this sum then it will take any garbage value and
00:01:32.630000,00:01:32.640000,then it will take any garbage value and
00:01:32.640000,00:01:34.950000,then it will take any garbage value and whenever we will do some of
00:01:34.950000,00:01:34.960000,whenever we will do some of
00:01:34.960000,00:01:37.109000,whenever we will do some of the when you will add in this
00:01:37.109000,00:01:37.119000,the when you will add in this
00:01:37.119000,00:01:38.710000,the when you will add in this sum variable then maybe it will give
00:01:38.710000,00:01:38.720000,sum variable then maybe it will give
00:01:38.720000,00:01:40.310000,sum variable then maybe it will give some unexpected results so better to
00:01:40.310000,00:01:40.320000,some unexpected results so better to
00:01:40.320000,00:01:42.710000,some unexpected results so better to initialize the variables
00:01:42.710000,00:01:42.720000,initialize the variables
00:01:42.720000,00:01:44.630000,initialize the variables proper initialization
00:01:44.630000,00:01:44.640000,proper initialization
00:01:44.640000,00:01:46.789000,proper initialization now in for loop
00:01:46.789000,00:01:46.799000,now in for loop
00:01:46.799000,00:01:48.870000,now in for loop we have to do we have to iterate the
00:01:48.870000,00:01:48.880000,we have to do we have to iterate the
00:01:48.880000,00:01:51.990000,we have to do we have to iterate the thing this thing from 1 to 15
00:01:51.990000,00:01:52,thing this thing from 1 to 15
00:01:52,00:01:54.550000,thing this thing from 1 to 15 and from 1 to 15 also we will we have to
00:01:54.550000,00:01:54.560000,and from 1 to 15 also we will we have to
00:01:54.560000,00:01:56.709000,and from 1 to 15 also we will we have to find out code integers only so you have
00:01:56.709000,00:01:56.719000,find out code integers only so you have
00:01:56.719000,00:01:59.109000,find out code integers only so you have to put extra condition also so first
00:01:59.109000,00:01:59.119000,to put extra condition also so first
00:01:59.119000,00:02:01.429000,to put extra condition also so first iterator loop from 1
00:02:01.429000,00:02:01.439000,iterator loop from 1
00:02:01.439000,00:02:04.230000,iterator loop from 1 condition is less than equal to 15 equal
00:02:04.230000,00:02:04.240000,condition is less than equal to 15 equal
00:02:04.240000,00:02:06.870000,condition is less than equal to 15 equal to 15 because it is inclusive
00:02:06.870000,00:02:06.880000,to 15 because it is inclusive
00:02:06.880000,00:02:08.550000,to 15 because it is inclusive and then one by one we are going to
00:02:08.550000,00:02:08.560000,and then one by one we are going to
00:02:08.560000,00:02:09.749000,and then one by one we are going to increment
00:02:09.749000,00:02:09.759000,increment
00:02:09.759000,00:02:11.670000,increment now check
00:02:11.670000,00:02:11.680000,now check
00:02:11.680000,00:02:13.430000,now check the number is odor even because we have
00:02:13.430000,00:02:13.440000,the number is odor even because we have
00:02:13.440000,00:02:14.949000,the number is odor even because we have to do some of odd
00:02:14.949000,00:02:14.959000,to do some of odd
00:02:14.959000,00:02:17.589000,to do some of odd numbers only how to find out
00:02:17.589000,00:02:17.599000,numbers only how to find out
00:02:17.599000,00:02:19.110000,numbers only how to find out if you divide a number by two and the
00:02:19.110000,00:02:19.120000,if you divide a number by two and the
00:02:19.120000,00:02:20.869000,if you divide a number by two and the remainder is zero then it would be even
00:02:20.869000,00:02:20.879000,remainder is zero then it would be even
00:02:20.879000,00:02:23.030000,remainder is zero then it would be even number if the remainder is not 0 it
00:02:23.030000,00:02:23.040000,number if the remainder is not 0 it
00:02:23.040000,00:02:25.670000,number if the remainder is not 0 it means it would be odd number so same you
00:02:25.670000,00:02:25.680000,means it would be odd number so same you
00:02:25.680000,00:02:27.670000,means it would be odd number so same you can put how to find out remainder using
00:02:27.670000,00:02:27.680000,can put how to find out remainder using
00:02:27.680000,00:02:29.910000,can put how to find out remainder using a operator modulo
00:02:29.910000,00:02:29.920000,a operator modulo
00:02:29.920000,00:02:31.910000,a operator modulo i hope you know the working of model
00:02:31.910000,00:02:31.920000,i hope you know the working of model
00:02:31.920000,00:02:33.509000,i hope you know the working of model operator if you don't know then i we
00:02:33.509000,00:02:33.519000,operator if you don't know then i we
00:02:33.519000,00:02:35.190000,operator if you don't know then i we have discussed about these operators in
00:02:35.190000,00:02:35.200000,have discussed about these operators in
00:02:35.200000,00:02:36.550000,have discussed about these operators in the previous lecture so you can check
00:02:36.550000,00:02:36.560000,the previous lecture so you can check
00:02:36.560000,00:02:38.229000,the previous lecture so you can check out the playlist
00:02:38.229000,00:02:38.239000,out the playlist
00:02:38.239000,00:02:39.670000,out the playlist so if
00:02:39.670000,00:02:39.680000,so if
00:02:39.680000,00:02:42.309000,so if this number i
00:02:42.309000,00:02:42.319000,this number i
00:02:42.319000,00:02:43.110000,this number i and
00:02:43.110000,00:02:43.120000,and
00:02:43.120000,00:02:44.309000,and mode
00:02:44.309000,00:02:44.319000,mode
00:02:44.319000,00:02:46.309000,mode 2
00:02:46.309000,00:02:46.319000,2
00:02:46.319000,00:02:48.949000,2 not equal to 0 exclamation mark and
00:02:48.949000,00:02:48.959000,not equal to 0 exclamation mark and
00:02:48.959000,00:02:52.550000,not equal to 0 exclamation mark and equal to this is what not equal to zero
00:02:52.550000,00:02:52.560000,equal to this is what not equal to zero
00:02:52.560000,00:02:53.430000,equal to this is what not equal to zero if
00:02:53.430000,00:02:53.440000,if
00:02:53.440000,00:02:54.710000,if the condition is true this condition is
00:02:54.710000,00:02:54.720000,the condition is true this condition is
00:02:54.720000,00:02:57.589000,the condition is true this condition is true means the number is ode now do sum
00:02:57.589000,00:02:57.599000,true means the number is ode now do sum
00:02:57.599000,00:02:58.949000,true means the number is ode now do sum so what we will do
00:02:58.949000,00:02:58.959000,so what we will do
00:02:58.959000,00:03:02.949000,so what we will do in sum we will do sum plus
00:03:02.949000,00:03:02.959000,in sum we will do sum plus
00:03:02.959000,00:03:05.990000,in sum we will do sum plus i the number
00:03:05.990000,00:03:06,i the number
00:03:06,00:03:07.910000,i the number you will update the sum
00:03:07.910000,00:03:07.920000,you will update the sum
00:03:07.920000,00:03:10.309000,you will update the sum as soon as you find out number just add
00:03:10.309000,00:03:10.319000,as soon as you find out number just add
00:03:10.319000,00:03:11.990000,as soon as you find out number just add it to the previous sum
00:03:11.990000,00:03:12,it to the previous sum
00:03:12,00:03:13.830000,it to the previous sum once you find out whole number again you
00:03:13.830000,00:03:13.840000,once you find out whole number again you
00:03:13.840000,00:03:15.830000,once you find out whole number again you find out number again add some if the
00:03:15.830000,00:03:15.840000,find out number again add some if the
00:03:15.840000,00:03:19.110000,find out number again add some if the number is even just skip this part
00:03:19.110000,00:03:19.120000,number is even just skip this part
00:03:19.120000,00:03:21.030000,number is even just skip this part and just do i plus plus
00:03:21.030000,00:03:21.040000,and just do i plus plus
00:03:21.040000,00:03:21.910000,and just do i plus plus okay
00:03:21.910000,00:03:21.920000,okay
00:03:21.920000,00:03:23.750000,okay now after
00:03:23.750000,00:03:23.760000,now after
00:03:23.760000,00:03:26.869000,now after this for loop just print
00:03:26.869000,00:03:26.879000,this for loop just print
00:03:26.879000,00:03:27.990000,this for loop just print sum
00:03:27.990000,00:03:28,sum
00:03:28,00:03:30.550000,sum sum equal to we are going to
00:03:30.550000,00:03:30.560000,sum equal to we are going to
00:03:30.560000,00:03:31.830000,sum equal to we are going to print
00:03:31.830000,00:03:31.840000,print
00:03:31.840000,00:03:34.309000,print in a variable name sum we have
00:03:34.309000,00:03:34.319000,in a variable name sum we have
00:03:34.319000,00:03:35.990000,in a variable name sum we have so just
00:03:35.990000,00:03:36,so just
00:03:36,00:03:38.149000,so just use that variable to print
00:03:38.149000,00:03:38.159000,use that variable to print
00:03:38.159000,00:03:39.830000,use that variable to print and successfully
00:03:39.830000,00:03:39.840000,and successfully
00:03:39.840000,00:03:41.750000,and successfully the program will be successful then just
00:03:41.750000,00:03:41.760000,the program will be successful then just
00:03:41.760000,00:03:43.030000,the program will be successful then just return 0
00:03:43.030000,00:03:43.040000,return 0
00:03:43.040000,00:03:45.910000,return 0 okay it means program return 0 means
00:03:45.910000,00:03:45.920000,okay it means program return 0 means
00:03:45.920000,00:03:49.910000,okay it means program return 0 means successfully terminated the program okay
00:03:49.910000,00:03:49.920000,successfully terminated the program okay
00:03:49.920000,00:03:52.550000,successfully terminated the program okay now i hope you got this now let's run
00:03:52.550000,00:03:52.560000,now i hope you got this now let's run
00:03:52.560000,00:03:55.190000,now i hope you got this now let's run this and see
00:03:55.190000,00:03:55.200000,this and see
00:03:55.200000,00:03:57.750000,this and see see sum is equal to 64. so you can do
00:03:57.750000,00:03:57.760000,see sum is equal to 64. so you can do
00:03:57.760000,00:04:01.270000,see sum is equal to 64. so you can do sum of 4 integer 1 3 5 7
00:04:01.270000,00:04:01.280000,sum of 4 integer 1 3 5 7
00:04:01.280000,00:04:02.869000,sum of 4 integer 1 3 5 7 9 11
00:04:02.869000,00:04:02.879000,9 11
00:04:02.879000,00:04:05.509000,9 11 13 15. these are all integers from 1 to
00:04:05.509000,00:04:05.519000,13 15. these are all integers from 1 to
00:04:05.519000,00:04:08.309000,13 15. these are all integers from 1 to 15 and i just calculate the sum manually
00:04:08.309000,00:04:08.319000,15 and i just calculate the sum manually
00:04:08.319000,00:04:10.630000,15 and i just calculate the sum manually you will find out that sum will be 64.
00:04:10.630000,00:04:10.640000,you will find out that sum will be 64.
00:04:10.640000,00:04:13.030000,you will find out that sum will be 64. i hope you got this logic it's very
00:04:13.030000,00:04:13.040000,i hope you got this logic it's very
00:04:13.040000,00:04:14.390000,i hope you got this logic it's very simple i guess
00:04:14.390000,00:04:14.400000,simple i guess
00:04:14.400000,00:04:15.589000,simple i guess okay
00:04:15.589000,00:04:15.599000,okay
00:04:15.599000,00:04:17.189000,okay so if you don't know
00:04:17.189000,00:04:17.199000,so if you don't know
00:04:17.199000,00:04:19.270000,so if you don't know this thing the behind the scene what the
00:04:19.270000,00:04:19.280000,this thing the behind the scene what the
00:04:19.280000,00:04:21.430000,this thing the behind the scene what the execution process the step by step
00:04:21.430000,00:04:21.440000,execution process the step by step
00:04:21.440000,00:04:22.870000,execution process the step by step then you can continue watching this
00:04:22.870000,00:04:22.880000,then you can continue watching this
00:04:22.880000,00:04:25.189000,then you can continue watching this video if you have got this thing
00:04:25.189000,00:04:25.199000,video if you have got this thing
00:04:25.199000,00:04:27.670000,video if you have got this thing you can just skip the video so in the
00:04:27.670000,00:04:27.680000,you can just skip the video so in the
00:04:27.680000,00:04:29.189000,you can just skip the video so in the next part of this video
00:04:29.189000,00:04:29.199000,next part of this video
00:04:29.199000,00:04:30.550000,next part of this video right now you just continue watching
00:04:30.550000,00:04:30.560000,right now you just continue watching
00:04:30.560000,00:04:32.550000,right now you just continue watching this video i'll explain this program
00:04:32.550000,00:04:32.560000,this video i'll explain this program
00:04:32.560000,00:04:34.070000,this video i'll explain this program step by step
00:04:34.070000,00:04:34.080000,step by step
00:04:34.080000,00:04:35.030000,step by step okay
00:04:35.030000,00:04:35.040000,okay
00:04:35.040000,00:04:37.909000,okay so let's see the detailed execution of
00:04:37.909000,00:04:37.919000,so let's see the detailed execution of
00:04:37.919000,00:04:40.230000,so let's see the detailed execution of this program step by step whenever you
00:04:40.230000,00:04:40.240000,this program step by step whenever you
00:04:40.240000,00:04:42.710000,this program step by step whenever you run that program control first of all
00:04:42.710000,00:04:42.720000,run that program control first of all
00:04:42.720000,00:04:44.790000,run that program control first of all we'll go to the main function
00:04:44.790000,00:04:44.800000,we'll go to the main function
00:04:44.800000,00:04:46.870000,we'll go to the main function okay now in main function we have two
00:04:46.870000,00:04:46.880000,okay now in main function we have two
00:04:46.880000,00:04:50.390000,okay now in main function we have two variables i and some so in memory some
00:04:50.390000,00:04:50.400000,variables i and some so in memory some
00:04:50.400000,00:04:52.629000,variables i and some so in memory some memory would be allocated to this i and
00:04:52.629000,00:04:52.639000,memory would be allocated to this i and
00:04:52.639000,00:04:54.550000,memory would be allocated to this i and memory would be allocated to sum it is
00:04:54.550000,00:04:54.560000,memory would be allocated to sum it is
00:04:54.560000,00:04:56.310000,memory would be allocated to sum it is of in types of four bytes four bytes for
00:04:56.310000,00:04:56.320000,of in types of four bytes four bytes for
00:04:56.320000,00:04:58.310000,of in types of four bytes four bytes for this four bytes for this now in i we
00:04:58.310000,00:04:58.320000,this four bytes for this now in i we
00:04:58.320000,00:05:00.790000,this four bytes for this now in i we don't have anything in sum we have zero
00:05:00.790000,00:05:00.800000,don't have anything in sum we have zero
00:05:00.800000,00:05:03.670000,don't have anything in sum we have zero why i have initialized sum that also
00:05:03.670000,00:05:03.680000,why i have initialized sum that also
00:05:03.680000,00:05:04.870000,why i have initialized sum that also i'll tell you
00:05:04.870000,00:05:04.880000,i'll tell you
00:05:04.880000,00:05:07.110000,i'll tell you in i we have nothing now next statement
00:05:07.110000,00:05:07.120000,in i we have nothing now next statement
00:05:07.120000,00:05:08.950000,in i we have nothing now next statement is four i is equal to one now this
00:05:08.950000,00:05:08.960000,is four i is equal to one now this
00:05:08.960000,00:05:10.870000,is four i is equal to one now this initialization of i is equal to one now
00:05:10.870000,00:05:10.880000,initialization of i is equal to one now
00:05:10.880000,00:05:13.110000,initialization of i is equal to one now in i we have one check the condition one
00:05:13.110000,00:05:13.120000,in i we have one check the condition one
00:05:13.120000,00:05:14.870000,in i we have one check the condition one less than equal to fifteen see it is
00:05:14.870000,00:05:14.880000,less than equal to fifteen see it is
00:05:14.880000,00:05:16.150000,less than equal to fifteen see it is inclusive
00:05:16.150000,00:05:16.160000,inclusive
00:05:16.160000,00:05:18.550000,inclusive so okay one has been included as well as
00:05:18.550000,00:05:18.560000,so okay one has been included as well as
00:05:18.560000,00:05:20.230000,so okay one has been included as well as fifteen because the condition is less
00:05:20.230000,00:05:20.240000,fifteen because the condition is less
00:05:20.240000,00:05:22.790000,fifteen because the condition is less than equal to fifteen it's not less than
00:05:22.790000,00:05:22.800000,than equal to fifteen it's not less than
00:05:22.800000,00:05:25.909000,than equal to fifteen it's not less than fifteen means equal to 15 would also be
00:05:25.909000,00:05:25.919000,fifteen means equal to 15 would also be
00:05:25.919000,00:05:27.830000,fifteen means equal to 15 would also be included
00:05:27.830000,00:05:27.840000,included
00:05:27.840000,00:05:30.070000,included condition true okay fine control will
00:05:30.070000,00:05:30.080000,condition true okay fine control will
00:05:30.080000,00:05:32.950000,condition true okay fine control will enter here now check the condition if
00:05:32.950000,00:05:32.960000,enter here now check the condition if
00:05:32.960000,00:05:35.510000,enter here now check the condition if this i 1
00:05:35.510000,00:05:35.520000,this i 1
00:05:35.520000,00:05:38.390000,this i 1 mode 2 equal not equal to
00:05:38.390000,00:05:38.400000,mode 2 equal not equal to
00:05:38.400000,00:05:39.590000,mode 2 equal not equal to 0
00:05:39.590000,00:05:39.600000,0
00:05:39.600000,00:05:42.310000,0 because see if if you divide a number by
00:05:42.310000,00:05:42.320000,because see if if you divide a number by
00:05:42.320000,00:05:44.469000,because see if if you divide a number by 2 and the remainder is 0 then that would
00:05:44.469000,00:05:44.479000,2 and the remainder is 0 then that would
00:05:44.479000,00:05:46.790000,2 and the remainder is 0 then that would be even number but we want some of
00:05:46.790000,00:05:46.800000,be even number but we want some of
00:05:46.800000,00:05:49.110000,be even number but we want some of odd integers okay
00:05:49.110000,00:05:49.120000,odd integers okay
00:05:49.120000,00:05:51.029000,odd integers okay so this this operator modulo will give
00:05:51.029000,00:05:51.039000,so this this operator modulo will give
00:05:51.039000,00:05:53.990000,so this this operator modulo will give remainder so if the remainder is not
00:05:53.990000,00:05:54,remainder so if the remainder is not
00:05:54,00:05:55.909000,remainder so if the remainder is not equal to zero this operator is not equal
00:05:55.909000,00:05:55.919000,equal to zero this operator is not equal
00:05:55.919000,00:05:58.150000,equal to zero this operator is not equal to this exclamation mark and equal to
00:05:58.150000,00:05:58.160000,to this exclamation mark and equal to
00:05:58.160000,00:05:59.029000,to this exclamation mark and equal to this is
00:05:59.029000,00:05:59.039000,this is
00:05:59.039000,00:06:01.350000,this is not equal to operator okay
00:06:01.350000,00:06:01.360000,not equal to operator okay
00:06:01.360000,00:06:03.670000,not equal to operator okay not equal to zero yeah the remainder
00:06:03.670000,00:06:03.680000,not equal to zero yeah the remainder
00:06:03.680000,00:06:04.629000,not equal to zero yeah the remainder would be
00:06:04.629000,00:06:04.639000,would be
00:06:04.639000,00:06:07.749000,would be one only okay it is not equal to zero it
00:06:07.749000,00:06:07.759000,one only okay it is not equal to zero it
00:06:07.759000,00:06:09.749000,one only okay it is not equal to zero it means it is odd
00:06:09.749000,00:06:09.759000,means it is odd
00:06:09.759000,00:06:12.070000,means it is odd so now the condition is true so control
00:06:12.070000,00:06:12.080000,so now the condition is true so control
00:06:12.080000,00:06:14.230000,so now the condition is true so control will enter again into this if statement
00:06:14.230000,00:06:14.240000,will enter again into this if statement
00:06:14.240000,00:06:15.590000,will enter again into this if statement so by default
00:06:15.590000,00:06:15.600000,so by default
00:06:15.600000,00:06:17.749000,so by default we have only one statement in if so i am
00:06:17.749000,00:06:17.759000,we have only one statement in if so i am
00:06:17.759000,00:06:19.909000,we have only one statement in if so i am not putting these curly braces if you
00:06:19.909000,00:06:19.919000,not putting these curly braces if you
00:06:19.919000,00:06:21.990000,not putting these curly braces if you want to put you can put here curly
00:06:21.990000,00:06:22,want to put you can put here curly
00:06:22,00:06:24.710000,want to put you can put here curly braces here and here okay
00:06:24.710000,00:06:24.720000,braces here and here okay
00:06:24.720000,00:06:27.029000,braces here and here okay now sum equal to sum plus i
00:06:27.029000,00:06:27.039000,now sum equal to sum plus i
00:06:27.039000,00:06:29.350000,now sum equal to sum plus i now sum plus i that would be initial
00:06:29.350000,00:06:29.360000,now sum plus i that would be initial
00:06:29.360000,00:06:30.790000,now sum plus i that would be initial that would be assigned to the sum now
00:06:30.790000,00:06:30.800000,that would be assigned to the sum now
00:06:30.800000,00:06:33.029000,that would be assigned to the sum now sum is equal to sum is 0 and at this
00:06:33.029000,00:06:33.039000,sum is equal to sum is 0 and at this
00:06:33.039000,00:06:35.350000,sum is equal to sum is 0 and at this point of time i value is 1 so 0 plus 1
00:06:35.350000,00:06:35.360000,point of time i value is 1 so 0 plus 1
00:06:35.360000,00:06:37.110000,point of time i value is 1 so 0 plus 1 is 1 so now 1 would be assigned to this
00:06:37.110000,00:06:37.120000,is 1 so now 1 would be assigned to this
00:06:37.120000,00:06:40.070000,is 1 so now 1 would be assigned to this sum now sum becomes 1
00:06:40.070000,00:06:40.080000,sum now sum becomes 1
00:06:40.080000,00:06:41.510000,sum now sum becomes 1 okay
00:06:41.510000,00:06:41.520000,okay
00:06:41.520000,00:06:44.469000,okay now i plus plus next task is i plus plus
00:06:44.469000,00:06:44.479000,now i plus plus next task is i plus plus
00:06:44.479000,00:06:47.110000,now i plus plus next task is i plus plus now i becomes 2
00:06:47.110000,00:06:47.120000,now i becomes 2
00:06:47.120000,00:06:48.950000,now i becomes 2 condition true again condition would be
00:06:48.950000,00:06:48.960000,condition true again condition would be
00:06:48.960000,00:06:51.110000,condition true again condition would be checked condition true again enter here
00:06:51.110000,00:06:51.120000,checked condition true again enter here
00:06:51.120000,00:06:52.790000,checked condition true again enter here now 2
00:06:52.790000,00:06:52.800000,now 2
00:06:52.800000,00:06:54.710000,now 2 mode 2
00:06:54.710000,00:06:54.720000,mode 2
00:06:54.720000,00:06:57.270000,mode 2 it would be 0 the condition is not true
00:06:57.270000,00:06:57.280000,it would be 0 the condition is not true
00:06:57.280000,00:06:59.270000,it would be 0 the condition is not true so will not enter here
00:06:59.270000,00:06:59.280000,so will not enter here
00:06:59.280000,00:07:01.270000,so will not enter here skip this part and i plus plus now i
00:07:01.270000,00:07:01.280000,skip this part and i plus plus now i
00:07:01.280000,00:07:02.870000,skip this part and i plus plus now i becomes 3
00:07:02.870000,00:07:02.880000,becomes 3
00:07:02.880000,00:07:05.749000,becomes 3 condition true again enter 3
00:07:05.749000,00:07:05.759000,condition true again enter 3
00:07:05.759000,00:07:08.070000,condition true again enter 3 mode 2
00:07:08.070000,00:07:08.080000,mode 2
00:07:08.080000,00:07:09.510000,mode 2 remainder would be
00:07:09.510000,00:07:09.520000,remainder would be
00:07:09.520000,00:07:10.469000,remainder would be 1
00:07:10.469000,00:07:10.479000,1
00:07:10.479000,00:07:12.469000,1 so it is not equal to 0 yes condition
00:07:12.469000,00:07:12.479000,so it is not equal to 0 yes condition
00:07:12.479000,00:07:16.230000,so it is not equal to 0 yes condition true means as we know 3 is odd number so
00:07:16.230000,00:07:16.240000,true means as we know 3 is odd number so
00:07:16.240000,00:07:19.350000,true means as we know 3 is odd number so we'll enter here now sum plus i sum is
00:07:19.350000,00:07:19.360000,we'll enter here now sum plus i sum is
00:07:19.360000,00:07:22.070000,we'll enter here now sum plus i sum is equal to 1 and plus i at this point of
00:07:22.070000,00:07:22.080000,equal to 1 and plus i at this point of
00:07:22.080000,00:07:25.909000,equal to 1 and plus i at this point of time i is 3 3 plus 1 is 4 now 4 we would
00:07:25.909000,00:07:25.919000,time i is 3 3 plus 1 is 4 now 4 we would
00:07:25.919000,00:07:27.589000,time i is 3 3 plus 1 is 4 now 4 we would be assigned to the sum now sum becomes
00:07:27.589000,00:07:27.599000,be assigned to the sum now sum becomes
00:07:27.599000,00:07:28.790000,be assigned to the sum now sum becomes 4.
00:07:28.790000,00:07:28.800000,4.
00:07:28.800000,00:07:31.749000,4. now again i plus plus now i becomes 4
00:07:31.749000,00:07:31.759000,now again i plus plus now i becomes 4
00:07:31.759000,00:07:35.270000,now again i plus plus now i becomes 4 condition true yes enter here 4 mode 2
00:07:35.270000,00:07:35.280000,condition true yes enter here 4 mode 2
00:07:35.280000,00:07:37.270000,condition true yes enter here 4 mode 2 equal to 0 condition is not reduced so
00:07:37.270000,00:07:37.280000,equal to 0 condition is not reduced so
00:07:37.280000,00:07:39.670000,equal to 0 condition is not reduced so we will not enter here control will not
00:07:39.670000,00:07:39.680000,we will not enter here control will not
00:07:39.680000,00:07:41.510000,we will not enter here control will not enter here skip this part
00:07:41.510000,00:07:41.520000,enter here skip this part
00:07:41.520000,00:07:44.869000,enter here skip this part i plus plus now i becomes 5. condition
00:07:44.869000,00:07:44.879000,i plus plus now i becomes 5. condition
00:07:44.879000,00:07:46.710000,i plus plus now i becomes 5. condition true check the condition 5 less than
00:07:46.710000,00:07:46.720000,true check the condition 5 less than
00:07:46.720000,00:07:50.710000,true check the condition 5 less than equal to 15 condition true 5 mode 2
00:07:50.710000,00:07:50.720000,equal to 15 condition true 5 mode 2
00:07:50.720000,00:07:52.869000,equal to 15 condition true 5 mode 2 remainder would be 1
00:07:52.869000,00:07:52.879000,remainder would be 1
00:07:52.879000,00:07:55.189000,remainder would be 1 not equal to 0 yes condition 2 now some
00:07:55.189000,00:07:55.199000,not equal to 0 yes condition 2 now some
00:07:55.199000,00:07:57.990000,not equal to 0 yes condition 2 now some would be done like this i hope now you
00:07:57.990000,00:07:58,would be done like this i hope now you
00:07:58,00:08:00.390000,would be done like this i hope now you you can do this so you please try right
00:08:00.390000,00:08:00.400000,you can do this so you please try right
00:08:00.400000,00:08:03.110000,you can do this so you please try right right on this program at your own till i
00:08:03.110000,00:08:03.120000,right on this program at your own till i
00:08:03.120000,00:08:06.230000,right on this program at your own till i becomes 15 once i becomes 15
00:08:06.230000,00:08:06.240000,becomes 15 once i becomes 15
00:08:06.240000,00:08:08.469000,becomes 15 once i becomes 15 condition is still true i less than
00:08:08.469000,00:08:08.479000,condition is still true i less than
00:08:08.479000,00:08:11.510000,condition is still true i less than equal to 15 yes still true enter here 15
00:08:11.510000,00:08:11.520000,equal to 15 yes still true enter here 15
00:08:11.520000,00:08:14.309000,equal to 15 yes still true enter here 15 more 2 yes it it will give 1 remainder
00:08:14.309000,00:08:14.319000,more 2 yes it it will give 1 remainder
00:08:14.319000,00:08:16.950000,more 2 yes it it will give 1 remainder so condition is 2 it is not equal to 0
00:08:16.950000,00:08:16.960000,so condition is 2 it is not equal to 0
00:08:16.960000,00:08:18.710000,so condition is 2 it is not equal to 0 again in turn now some would be done at
00:08:18.710000,00:08:18.720000,again in turn now some would be done at
00:08:18.720000,00:08:21.990000,again in turn now some would be done at finally some would be 64.
00:08:21.990000,00:08:22,finally some would be 64.
00:08:22,00:08:23.749000,finally some would be 64. now i become 16
00:08:23.749000,00:08:23.759000,now i become 16
00:08:23.759000,00:08:26.790000,now i become 16 now condition is not true 16 less than
00:08:26.790000,00:08:26.800000,now condition is not true 16 less than
00:08:26.800000,00:08:29.189000,now condition is not true 16 less than equal to 15 no now exit from this for
00:08:29.189000,00:08:29.199000,equal to 15 no now exit from this for
00:08:29.199000,00:08:31.029000,equal to 15 no now exit from this for loop now out of this four loop what we
00:08:31.029000,00:08:31.039000,loop now out of this four loop what we
00:08:31.039000,00:08:33.110000,loop now out of this four loop what we are printing sum equal to whatever the
00:08:33.110000,00:08:33.120000,are printing sum equal to whatever the
00:08:33.120000,00:08:34.870000,are printing sum equal to whatever the value of sum now some would be printed
00:08:34.870000,00:08:34.880000,value of sum now some would be printed
00:08:34.880000,00:08:39.110000,value of sum now some would be printed that is 64.
00:08:40.949000,00:08:40.959000,we have initialized some with zero
00:08:40.959000,00:08:42.949000,we have initialized some with zero because if we don't initialize a number
00:08:42.949000,00:08:42.959000,because if we don't initialize a number
00:08:42.959000,00:08:45.110000,because if we don't initialize a number that will take any garbage value and
00:08:45.110000,00:08:45.120000,that will take any garbage value and
00:08:45.120000,00:08:47.110000,that will take any garbage value and suppose it will take it it is taking any
00:08:47.110000,00:08:47.120000,suppose it will take it it is taking any
00:08:47.120000,00:08:50.870000,suppose it will take it it is taking any garbage value and in garbage value plus
00:08:50.870000,00:08:50.880000,garbage value and in garbage value plus
00:08:50.880000,00:08:53.190000,garbage value and in garbage value plus at first time i was one garbage value
00:08:53.190000,00:08:53.200000,at first time i was one garbage value
00:08:53.200000,00:08:54.630000,at first time i was one garbage value plus one definitely it would be some
00:08:54.630000,00:08:54.640000,plus one definitely it would be some
00:08:54.640000,00:08:56.230000,plus one definitely it would be some garbage value so maybe the result would
00:08:56.230000,00:08:56.240000,garbage value so maybe the result would
00:08:56.240000,00:08:58.070000,garbage value so maybe the result would be something different
00:08:58.070000,00:08:58.080000,be something different
00:08:58.080000,00:08:59.110000,be something different you know
00:08:59.110000,00:08:59.120000,you know
00:08:59.120000,00:09:00.710000,you know different from whatever i have we have
00:09:00.710000,00:09:00.720000,different from whatever i have we have
00:09:00.720000,00:09:02.870000,different from whatever i have we have expected so better to initialize a
00:09:02.870000,00:09:02.880000,expected so better to initialize a
00:09:02.880000,00:09:05.750000,expected so better to initialize a variable before using it with some value
00:09:05.750000,00:09:05.760000,variable before using it with some value
00:09:05.760000,00:09:07.910000,variable before using it with some value okay here we have initialized i with one
00:09:07.910000,00:09:07.920000,okay here we have initialized i with one
00:09:07.920000,00:09:10.150000,okay here we have initialized i with one sum with zero
00:09:10.150000,00:09:10.160000,sum with zero
00:09:10.160000,00:09:12.550000,sum with zero fine i hope now you got the working of
00:09:12.550000,00:09:12.560000,fine i hope now you got the working of
00:09:12.560000,00:09:13.829000,fine i hope now you got the working of uh this
00:09:13.829000,00:09:13.839000,uh this
00:09:13.839000,00:09:15.030000,uh this program
00:09:15.030000,00:09:15.040000,program
00:09:15.040000,00:09:17.190000,program this exercise so now in the next video
00:09:17.190000,00:09:17.200000,this exercise so now in the next video
00:09:17.200000,00:09:19.350000,this exercise so now in the next video we'll see uh
00:09:19.350000,00:09:19.360000,we'll see uh
00:09:19.360000,00:09:21.110000,we'll see uh range based for loop or better we will
00:09:21.110000,00:09:21.120000,range based for loop or better we will
00:09:21.120000,00:09:22.949000,range based for loop or better we will see why loop because for range based for
00:09:22.949000,00:09:22.959000,see why loop because for range based for
00:09:22.959000,00:09:25.269000,see why loop because for range based for loop we have to you have to you know
00:09:25.269000,00:09:25.279000,loop we have to you have to you know
00:09:25.279000,00:09:27.670000,loop we have to you have to you know have some idea about arrays and vectors
00:09:27.670000,00:09:27.680000,have some idea about arrays and vectors
00:09:27.680000,00:09:29.430000,have some idea about arrays and vectors but i haven't discussed those things so
00:09:29.430000,00:09:29.440000,but i haven't discussed those things so
00:09:29.440000,00:09:30.790000,but i haven't discussed those things so first we will discuss while loop and do
00:09:30.790000,00:09:30.800000,first we will discuss while loop and do
00:09:30.800000,00:09:33.190000,first we will discuss while loop and do while loop then a small distribution
00:09:33.190000,00:09:33.200000,while loop then a small distribution
00:09:33.200000,00:09:35.590000,while loop then a small distribution discussion would be on arrays and
00:09:35.590000,00:09:35.600000,discussion would be on arrays and
00:09:35.600000,00:09:38.389000,discussion would be on arrays and vectors and then we will see that range
00:09:38.389000,00:09:38.399000,vectors and then we will see that range
00:09:38.399000,00:09:40.630000,vectors and then we will see that range based for loop so now i'll see in the
00:09:40.630000,00:09:40.640000,based for loop so now i'll see in the
00:09:40.640000,00:09:45.160000,based for loop so now i'll see in the next video till then bye take care
