Start Time,End Time,Text
00:00:02.149000,00:00:02.159000,hey everyone I hope you all are safe and
00:00:02.159000,00:00:03.530000,hey everyone I hope you all are safe and doing good so in the series of learning
00:00:03.530000,00:00:03.540000,doing good so in the series of learning
00:00:03.540000,00:00:05.090000,doing good so in the series of learning C plus plus programming language we are
00:00:05.090000,00:00:05.100000,C plus plus programming language we are
00:00:05.100000,00:00:06.590000,C plus plus programming language we are discussing Loops in C plus plus we have
00:00:06.590000,00:00:06.600000,discussing Loops in C plus plus we have
00:00:06.600000,00:00:08.030000,discussing Loops in C plus plus we have discussed four while and do while loop
00:00:08.030000,00:00:08.040000,discussed four while and do while loop
00:00:08.040000,00:00:09.410000,discussed four while and do while loop now one is linked that is range Base
00:00:09.410000,00:00:09.420000,now one is linked that is range Base
00:00:09.420000,00:00:11.690000,now one is linked that is range Base Four Loop so everything about this Loop
00:00:11.690000,00:00:11.700000,Four Loop so everything about this Loop
00:00:11.700000,00:00:13.249000,Four Loop so everything about this Loop we'll be discussing in this video and it
00:00:13.249000,00:00:13.259000,we'll be discussing in this video and it
00:00:13.259000,00:00:14.570000,we'll be discussing in this video and it was basically introduced in the version
00:00:14.570000,00:00:14.580000,was basically introduced in the version
00:00:14.580000,00:00:16.490000,was basically introduced in the version C plus plus 11 before that it was not
00:00:16.490000,00:00:16.500000,C plus plus 11 before that it was not
00:00:16.500000,00:00:18.529000,C plus plus 11 before that it was not there in C plus plus it is similar like
00:00:18.529000,00:00:18.539000,there in C plus plus it is similar like
00:00:18.539000,00:00:20.689000,there in C plus plus it is similar like orange Loop in Java and we also our
00:00:20.689000,00:00:20.699000,orange Loop in Java and we also our
00:00:20.699000,00:00:22.370000,orange Loop in Java and we also our range base for looking python that we
00:00:22.370000,00:00:22.380000,range base for looking python that we
00:00:22.380000,00:00:24.650000,range base for looking python that we have already discussed uh in that python
00:00:24.650000,00:00:24.660000,have already discussed uh in that python
00:00:24.660000,00:00:25.609000,have already discussed uh in that python series
00:00:25.609000,00:00:25.619000,series
00:00:25.619000,00:00:27.650000,series so now what is the strange based four
00:00:27.650000,00:00:27.660000,so now what is the strange based four
00:00:27.660000,00:00:29.509000,so now what is the strange based four five we use this how this is different
00:00:29.509000,00:00:29.519000,five we use this how this is different
00:00:29.519000,00:00:31.849000,five we use this how this is different from that additional code loop and the
00:00:31.849000,00:00:31.859000,from that additional code loop and the
00:00:31.859000,00:00:33.830000,from that additional code loop and the advantages of using this the benefits or
00:00:33.830000,00:00:33.840000,advantages of using this the benefits or
00:00:33.840000,00:00:35.450000,advantages of using this the benefits or the drawbacks everything we'll be
00:00:35.450000,00:00:35.460000,the drawbacks everything we'll be
00:00:35.460000,00:00:37.549000,the drawbacks everything we'll be discussing about this range based for
00:00:37.549000,00:00:37.559000,discussing about this range based for
00:00:37.559000,00:00:39.170000,discussing about this range based for Loop in this video with the help of
00:00:39.170000,00:00:39.180000,Loop in this video with the help of
00:00:39.180000,00:00:41.090000,Loop in this video with the help of program practical also I'll show you
00:00:41.090000,00:00:41.100000,program practical also I'll show you
00:00:41.100000,00:00:43.790000,program practical also I'll show you right but before that just want to tell
00:00:43.790000,00:00:43.800000,right but before that just want to tell
00:00:43.800000,00:00:45.670000,right but before that just want to tell you something important for those
00:00:45.670000,00:00:45.680000,you something important for those
00:00:45.680000,00:00:47.810000,you something important for those especially who are interested to make
00:00:47.810000,00:00:47.820000,especially who are interested to make
00:00:47.820000,00:00:49.850000,especially who are interested to make their career other full stack software
00:00:49.850000,00:00:49.860000,their career other full stack software
00:00:49.860000,00:00:53.150000,their career other full stack software developer because as We Know full stack
00:00:53.150000,00:00:53.160000,developer because as We Know full stack
00:00:53.160000,00:00:55.670000,developer because as We Know full stack development is one of the hottest job in
00:00:55.670000,00:00:55.680000,development is one of the hottest job in
00:00:55.680000,00:00:58.670000,development is one of the hottest job in IT industry nowadays and Odin school is
00:00:58.670000,00:00:58.680000,IT industry nowadays and Odin school is
00:00:58.680000,00:01:01.310000,IT industry nowadays and Odin school is conducting a six month boot camp full
00:01:01.310000,00:01:01.320000,conducting a six month boot camp full
00:01:01.320000,00:01:03.950000,conducting a six month boot camp full stack software development boot camp and
00:01:03.950000,00:01:03.960000,stack software development boot camp and
00:01:03.960000,00:01:05.630000,stack software development boot camp and the next cohort is going to be started
00:01:05.630000,00:01:05.640000,the next cohort is going to be started
00:01:05.640000,00:01:08.810000,the next cohort is going to be started from 27th of May so if you want to kick
00:01:08.810000,00:01:08.820000,from 27th of May so if you want to kick
00:01:08.820000,00:01:10.969000,from 27th of May so if you want to kick start your career in as a software full
00:01:10.969000,00:01:10.979000,start your career in as a software full
00:01:10.979000,00:01:13.190000,start your career in as a software full stack software developer join Odin
00:01:13.190000,00:01:13.200000,stack software developer join Odin
00:01:13.200000,00:01:15.830000,stack software developer join Odin school today because Odin schools food
00:01:15.830000,00:01:15.840000,school today because Odin schools food
00:01:15.840000,00:01:17.870000,school today because Odin schools food stack the software development bootcam
00:01:17.870000,00:01:17.880000,stack the software development bootcam
00:01:17.880000,00:01:20.210000,stack the software development bootcam is perfect for anyone who wants to
00:01:20.210000,00:01:20.220000,is perfect for anyone who wants to
00:01:20.220000,00:01:22.249000,is perfect for anyone who wants to access industry aligned education at a
00:01:22.249000,00:01:22.259000,access industry aligned education at a
00:01:22.259000,00:01:23.990000,access industry aligned education at a reasonable price as you can see the
00:01:23.990000,00:01:24,reasonable price as you can see the
00:01:24,00:01:26.210000,reasonable price as you can see the price detail here plus the important
00:01:26.210000,00:01:26.220000,price detail here plus the important
00:01:26.220000,00:01:27.890000,price detail here plus the important thing is you can also get a scholarship
00:01:27.890000,00:01:27.900000,thing is you can also get a scholarship
00:01:27.900000,00:01:30.350000,thing is you can also get a scholarship up to rupees 30 000 rupees and they have
00:01:30.350000,00:01:30.360000,up to rupees 30 000 rupees and they have
00:01:30.360000,00:01:32.210000,up to rupees 30 000 rupees and they have also a early bird offer which is in
00:01:32.210000,00:01:32.220000,also a early bird offer which is in
00:01:32.220000,00:01:34.969000,also a early bird offer which is in which you will get 10 000 off and what
00:01:34.969000,00:01:34.979000,which you will get 10 000 off and what
00:01:34.979000,00:01:36.590000,which you will get 10 000 off and what you will get in this boot camp classes
00:01:36.590000,00:01:36.600000,you will get in this boot camp classes
00:01:36.600000,00:01:38.210000,you will get in this boot camp classes every weekend live interactive session
00:01:38.210000,00:01:38.220000,every weekend live interactive session
00:01:38.220000,00:01:40.310000,every weekend live interactive session with industry experts hands-on
00:01:40.310000,00:01:40.320000,with industry experts hands-on
00:01:40.320000,00:01:41.929000,with industry experts hands-on experience on Project Workshop interview
00:01:41.929000,00:01:41.939000,experience on Project Workshop interview
00:01:41.939000,00:01:43.730000,experience on Project Workshop interview preparation placement assistance and
00:01:43.730000,00:01:43.740000,preparation placement assistance and
00:01:43.740000,00:01:45.590000,preparation placement assistance and many more things don't go with my words
00:01:45.590000,00:01:45.600000,many more things don't go with my words
00:01:45.600000,00:01:47.210000,many more things don't go with my words you can check out their success stories
00:01:47.210000,00:01:47.220000,you can check out their success stories
00:01:47.220000,00:01:49.609000,you can check out their success stories beta career launch or career upgrade or
00:01:49.609000,00:01:49.619000,beta career launch or career upgrade or
00:01:49.619000,00:01:51.469000,beta career launch or career upgrade or career growth there are many success
00:01:51.469000,00:01:51.479000,career growth there are many success
00:01:51.479000,00:01:55.310000,career growth there are many success stories of old in school students I they
00:01:55.310000,00:01:55.320000,stories of old in school students I they
00:01:55.320000,00:01:57.950000,stories of old in school students I they have 500 plus hiring Partners as you can
00:01:57.950000,00:01:57.960000,have 500 plus hiring Partners as you can
00:01:57.960000,00:02:00.649000,have 500 plus hiring Partners as you can see here that is Google Deloitte and
00:02:00.649000,00:02:00.659000,see here that is Google Deloitte and
00:02:00.659000,00:02:03.410000,see here that is Google Deloitte and many more top tech companies and anyone
00:02:03.410000,00:02:03.420000,many more top tech companies and anyone
00:02:03.420000,00:02:04.910000,many more top tech companies and anyone who is having a basic coding knowledge
00:02:04.910000,00:02:04.920000,who is having a basic coding knowledge
00:02:04.920000,00:02:06.889000,who is having a basic coding knowledge can apply for this boot camp but how to
00:02:06.889000,00:02:06.899000,can apply for this boot camp but how to
00:02:06.899000,00:02:08.270000,can apply for this boot camp but how to apply for this boot camp you just have
00:02:08.270000,00:02:08.280000,apply for this boot camp you just have
00:02:08.280000,00:02:09.650000,apply for this boot camp you just have to fill out these details and you can
00:02:09.650000,00:02:09.660000,to fill out these details and you can
00:02:09.660000,00:02:11.630000,to fill out these details and you can just request a callback sold in school
00:02:11.630000,00:02:11.640000,just request a callback sold in school
00:02:11.640000,00:02:12.890000,just request a callback sold in school team will call you back within one or
00:02:12.890000,00:02:12.900000,team will call you back within one or
00:02:12.900000,00:02:14.330000,team will call you back within one or two days and you can ask your doubts
00:02:14.330000,00:02:14.340000,two days and you can ask your doubts
00:02:14.340000,00:02:15.830000,two days and you can ask your doubts everything whatever you have your doubts
00:02:15.830000,00:02:15.840000,everything whatever you have your doubts
00:02:15.840000,00:02:17.510000,everything whatever you have your doubts you can ask about after that you can pay
00:02:17.510000,00:02:17.520000,you can ask about after that you can pay
00:02:17.520000,00:02:19.490000,you can ask about after that you can pay the fee and enroll in the boot camp so
00:02:19.490000,00:02:19.500000,the fee and enroll in the boot camp so
00:02:19.500000,00:02:21.229000,the fee and enroll in the boot camp so the relevant links and details you'll
00:02:21.229000,00:02:21.239000,the relevant links and details you'll
00:02:21.239000,00:02:22.490000,the relevant links and details you'll find in the description box of this
00:02:22.490000,00:02:22.500000,find in the description box of this
00:02:22.500000,00:02:24.290000,find in the description box of this video you can go and check out now let's
00:02:24.290000,00:02:24.300000,video you can go and check out now let's
00:02:24.300000,00:02:34.089000,video you can go and check out now let's see what is the strange based for Loop
00:02:37.550000,00:02:37.560000,till 10. right if I say one to five
00:02:37.560000,00:02:40.550000,till 10. right if I say one to five means one two three four five it is a
00:02:40.550000,00:02:40.560000,means one two three four five it is a
00:02:40.560000,00:02:42.830000,means one two three four five it is a range from one to five range or you can
00:02:42.830000,00:02:42.840000,range from one to five range or you can
00:02:42.840000,00:02:45.710000,range from one to five range or you can say just a collection or a container
00:02:45.710000,00:02:45.720000,say just a collection or a container
00:02:45.720000,00:02:49.430000,say just a collection or a container collection of elements right or we can
00:02:49.430000,00:02:49.440000,collection of elements right or we can
00:02:49.440000,00:02:51.410000,collection of elements right or we can say in programming language we can say
00:02:51.410000,00:02:51.420000,say in programming language we can say
00:02:51.420000,00:02:53.630000,say in programming language we can say if I write something like this it's an
00:02:53.630000,00:02:53.640000,if I write something like this it's an
00:02:53.640000,00:02:55.970000,if I write something like this it's an array array is what although in C plus
00:02:55.970000,00:02:55.980000,array array is what although in C plus
00:02:55.980000,00:02:57.650000,array array is what although in C plus we haven't discussed error in detail
00:02:57.650000,00:02:57.660000,we haven't discussed error in detail
00:02:57.660000,00:02:59.570000,we haven't discussed error in detail we'll be discussing but I hope you have
00:02:59.570000,00:02:59.580000,we'll be discussing but I hope you have
00:02:59.580000,00:03:01.430000,we'll be discussing but I hope you have a basic idea about array
00:03:01.430000,00:03:01.440000,a basic idea about array
00:03:01.440000,00:03:03.470000,a basic idea about array if you have gone through those C
00:03:03.470000,00:03:03.480000,if you have gone through those C
00:03:03.480000,00:03:05.449000,if you have gone through those C programming videos
00:03:05.449000,00:03:05.459000,programming videos
00:03:05.459000,00:03:07.250000,programming videos so array is what a collection of similar
00:03:07.250000,00:03:07.260000,so array is what a collection of similar
00:03:07.260000,00:03:10.490000,so array is what a collection of similar homogeneous data type right so all the
00:03:10.490000,00:03:10.500000,homogeneous data type right so all the
00:03:10.500000,00:03:12.290000,homogeneous data type right so all the elements are a happy data type in data
00:03:12.290000,00:03:12.300000,elements are a happy data type in data
00:03:12.300000,00:03:14.149000,elements are a happy data type in data type so it is a collection so simply it
00:03:14.149000,00:03:14.159000,type so it is a collection so simply it
00:03:14.159000,00:03:15.949000,type so it is a collection so simply it is in you can say an array or you can
00:03:15.949000,00:03:15.959000,is in you can say an array or you can
00:03:15.959000,00:03:17.390000,is in you can say an array or you can say a vector
00:03:17.390000,00:03:17.400000,say a vector
00:03:17.400000,00:03:19.610000,say a vector or list is also a collection or you can
00:03:19.610000,00:03:19.620000,or list is also a collection or you can
00:03:19.620000,00:03:20.930000,or list is also a collection or you can say it's a sequence
00:03:20.930000,00:03:20.940000,say it's a sequence
00:03:20.940000,00:03:23.330000,say it's a sequence so range based form means this for Loop
00:03:23.330000,00:03:23.340000,so range based form means this for Loop
00:03:23.340000,00:03:25.430000,so range based form means this for Loop is basically work on the Range
00:03:25.430000,00:03:25.440000,is basically work on the Range
00:03:25.440000,00:03:27.530000,is basically work on the Range specifically on the Range or you can say
00:03:27.530000,00:03:27.540000,specifically on the Range or you can say
00:03:27.540000,00:03:30.710000,specifically on the Range or you can say on collections or on arrays on vectors
00:03:30.710000,00:03:30.720000,on collections or on arrays on vectors
00:03:30.720000,00:03:33.170000,on collections or on arrays on vectors on list on strings because these are
00:03:33.170000,00:03:33.180000,on list on strings because these are
00:03:33.180000,00:03:36.170000,on list on strings because these are sequence of elements
00:03:36.170000,00:03:36.180000,sequence of elements
00:03:36.180000,00:03:38.630000,sequence of elements specifically on collections this type of
00:03:38.630000,00:03:38.640000,specifically on collections this type of
00:03:38.640000,00:03:41.390000,specifically on collections this type of for Loop would be used now why and what
00:03:41.390000,00:03:41.400000,for Loop would be used now why and what
00:03:41.400000,00:03:45.289000,for Loop would be used now why and what is the advantage let me show you so see
00:03:45.289000,00:03:45.299000,is the advantage let me show you so see
00:03:45.299000,00:03:47.390000,is the advantage let me show you so see first of all let me just show you the
00:03:47.390000,00:03:47.400000,first of all let me just show you the
00:03:47.400000,00:03:50.030000,first of all let me just show you the syntax of this phone
00:03:50.030000,00:03:50.040000,syntax of this phone
00:03:50.040000,00:03:52.490000,syntax of this phone simply will write down this four and
00:03:52.490000,00:03:52.500000,simply will write down this four and
00:03:52.500000,00:03:54.530000,simply will write down this four and here we will write down
00:03:54.530000,00:03:54.540000,here we will write down
00:03:54.540000,00:03:57.289000,here we will write down range declaration so this is the general
00:03:57.289000,00:03:57.299000,range declaration so this is the general
00:03:57.299000,00:04:00.649000,range declaration so this is the general syntax of range base for Loop in this
00:04:00.649000,00:04:00.659000,syntax of range base for Loop in this
00:04:00.659000,00:04:02.390000,syntax of range base for Loop in this four Loop we are having only two things
00:04:02.390000,00:04:02.400000,four Loop we are having only two things
00:04:02.400000,00:04:06.110000,four Loop we are having only two things one is range declaration
00:04:06.110000,00:04:06.120000,one is range declaration
00:04:06.120000,00:04:08.630000,one is range declaration column then expression now what is this
00:04:08.630000,00:04:08.640000,column then expression now what is this
00:04:08.640000,00:04:10.309000,column then expression now what is this I'll show you and in this body of the
00:04:10.309000,00:04:10.319000,I'll show you and in this body of the
00:04:10.319000,00:04:13.309000,I'll show you and in this body of the loop we have some statements so
00:04:13.309000,00:04:13.319000,loop we have some statements so
00:04:13.319000,00:04:15.830000,loop we have some statements so this Loop will execute these statements
00:04:15.830000,00:04:15.840000,this Loop will execute these statements
00:04:15.840000,00:04:18.830000,this Loop will execute these statements repeatedly and sequentially if there are
00:04:18.830000,00:04:18.840000,repeatedly and sequentially if there are
00:04:18.840000,00:04:20.449000,repeatedly and sequentially if there are multiple statements so in a sequence
00:04:20.449000,00:04:20.459000,multiple statements so in a sequence
00:04:20.459000,00:04:22.670000,multiple statements so in a sequence they'll be executed so the two will
00:04:22.670000,00:04:22.680000,they'll be executed so the two will
00:04:22.680000,00:04:24.530000,they'll be executed so the two will execute these statements repeatedly and
00:04:24.530000,00:04:24.540000,execute these statements repeatedly and
00:04:24.540000,00:04:29.150000,execute these statements repeatedly and sequentially for each element in this
00:04:29.150000,00:04:29.160000,sequentially for each element in this
00:04:29.160000,00:04:32.150000,sequentially for each element in this expression range expression for each
00:04:32.150000,00:04:32.160000,expression range expression for each
00:04:32.160000,00:04:34.850000,expression range expression for each element right so means in this
00:04:34.850000,00:04:34.860000,element right so means in this
00:04:34.860000,00:04:36.409000,element right so means in this expression it's like when say it's a
00:04:36.409000,00:04:36.419000,expression it's like when say it's a
00:04:36.419000,00:04:38.330000,expression it's like when say it's a collection or it is a range multiple
00:04:38.330000,00:04:38.340000,collection or it is a range multiple
00:04:38.340000,00:04:40.610000,collection or it is a range multiple elements it is having right okay let's
00:04:40.610000,00:04:40.620000,elements it is having right okay let's
00:04:40.620000,00:04:42.290000,elements it is having right okay let's take one example
00:04:42.290000,00:04:42.300000,take one example
00:04:42.300000,00:04:44.749000,take one example I am having in simple array in type
00:04:44.749000,00:04:44.759000,I am having in simple array in type
00:04:44.759000,00:04:46.610000,I am having in simple array in type array suppose a
00:04:46.610000,00:04:46.620000,array suppose a
00:04:46.620000,00:04:48.890000,array suppose a and I am having here one two three
00:04:48.890000,00:04:48.900000,and I am having here one two three
00:04:48.900000,00:04:50.629000,and I am having here one two three elements only
00:04:50.629000,00:04:50.639000,elements only
00:04:50.639000,00:04:53.270000,elements only so it is what arrange till one two three
00:04:53.270000,00:04:53.280000,so it is what arrange till one two three
00:04:53.280000,00:04:55.370000,so it is what arrange till one two three or you can say a collection or a list or
00:04:55.370000,00:04:55.380000,or you can say a collection or a list or
00:04:55.380000,00:04:57.230000,or you can say a collection or a list or an array or you can say it's a container
00:04:57.230000,00:04:57.240000,an array or you can say it's a container
00:04:57.240000,00:05:01.070000,an array or you can say it's a container or a sequence of elements right now how
00:05:01.070000,00:05:01.080000,or a sequence of elements right now how
00:05:01.080000,00:05:04.129000,or a sequence of elements right now how to apply this four
00:05:04.129000,00:05:04.139000,to apply this four
00:05:04.139000,00:05:06.710000,to apply this four range declaration means declare a
00:05:06.710000,00:05:06.720000,range declaration means declare a
00:05:06.720000,00:05:07.730000,range declaration means declare a variable
00:05:07.730000,00:05:07.740000,variable
00:05:07.740000,00:05:09.650000,variable and this variable data type should be of
00:05:09.650000,00:05:09.660000,and this variable data type should be of
00:05:09.660000,00:05:11.090000,and this variable data type should be of same
00:05:11.090000,00:05:11.100000,same
00:05:11.100000,00:05:14.150000,same as these this this container data type
00:05:14.150000,00:05:14.160000,as these this this container data type
00:05:14.160000,00:05:16.189000,as these this this container data type or this collection data type or this
00:05:16.189000,00:05:16.199000,or this collection data type or this
00:05:16.199000,00:05:18.350000,or this collection data type or this array data type this is what in so it
00:05:18.350000,00:05:18.360000,array data type this is what in so it
00:05:18.360000,00:05:20.330000,array data type this is what in so it should be in any variable name you can
00:05:20.330000,00:05:20.340000,should be in any variable name you can
00:05:20.340000,00:05:22.670000,should be in any variable name you can take x y z a b c d anything so let's
00:05:22.670000,00:05:22.680000,take x y z a b c d anything so let's
00:05:22.680000,00:05:24.650000,take x y z a b c d anything so let's take B but it should be different from
00:05:24.650000,00:05:24.660000,take B but it should be different from
00:05:24.660000,00:05:26.450000,take B but it should be different from this one this name
00:05:26.450000,00:05:26.460000,this one this name
00:05:26.460000,00:05:28.790000,this one this name then column and then range expression
00:05:28.790000,00:05:28.800000,then column and then range expression
00:05:28.800000,00:05:32.990000,then column and then range expression the name of this this range is what a a
00:05:32.990000,00:05:33,the name of this this range is what a a
00:05:33,00:05:35.629000,the name of this this range is what a a just write down a here that's it
00:05:35.629000,00:05:35.639000,just write down a here that's it
00:05:35.639000,00:05:37.550000,just write down a here that's it in bracket we are not doing anything we
00:05:37.550000,00:05:37.560000,in bracket we are not doing anything we
00:05:37.560000,00:05:40.010000,in bracket we are not doing anything we are just printing these elements so just
00:05:40.010000,00:05:40.020000,are just printing these elements so just
00:05:40.020000,00:05:43.629000,are just printing these elements so just write down B
00:05:47.510000,00:05:47.520000,and it will print one two three so this
00:05:47.520000,00:05:49.510000,and it will print one two three so this statement would be executed repeatedly
00:05:49.510000,00:05:49.520000,statement would be executed repeatedly
00:05:49.520000,00:05:52.790000,statement would be executed repeatedly for each element for each element in
00:05:52.790000,00:05:52.800000,for each element for each element in
00:05:52.800000,00:05:55.790000,for each element for each element in this in this expression in this a
00:05:55.790000,00:05:55.800000,this in this expression in this a
00:05:55.800000,00:05:57.830000,this in this expression in this a so for one also for two also for three
00:05:57.830000,00:05:57.840000,so for one also for two also for three
00:05:57.840000,00:06:00.170000,so for one also for two also for three hours also it would be executed so it
00:06:00.170000,00:06:00.180000,hours also it would be executed so it
00:06:00.180000,00:06:02.870000,hours also it would be executed so it will print one two three right
00:06:02.870000,00:06:02.880000,will print one two three right
00:06:02.880000,00:06:04.969000,will print one two three right and with the traditional Loop if you
00:06:04.969000,00:06:04.979000,and with the traditional Loop if you
00:06:04.979000,00:06:06.890000,and with the traditional Loop if you want to print all the elements then what
00:06:06.890000,00:06:06.900000,want to print all the elements then what
00:06:06.900000,00:06:09.770000,want to print all the elements then what you will do for we have to take like int
00:06:09.770000,00:06:09.780000,you will do for we have to take like int
00:06:09.780000,00:06:13.850000,you will do for we have to take like int I is equal to 0 then semicolon then I
00:06:13.850000,00:06:13.860000,I is equal to 0 then semicolon then I
00:06:13.860000,00:06:16.370000,I is equal to 0 then semicolon then I less than equal to you have to be aware
00:06:16.370000,00:06:16.380000,less than equal to you have to be aware
00:06:16.380000,00:06:19.010000,less than equal to you have to be aware about the size of this array how many
00:06:19.010000,00:06:19.020000,about the size of this array how many
00:06:19.020000,00:06:20.810000,about the size of this array how many elements are there one two three
00:06:20.810000,00:06:20.820000,elements are there one two three
00:06:20.820000,00:06:23.450000,elements are there one two three elements so till I less than equal to
00:06:23.450000,00:06:23.460000,elements so till I less than equal to
00:06:23.460000,00:06:27.590000,elements so till I less than equal to two or maybe less than three
00:06:27.590000,00:06:27.600000,two or maybe less than three
00:06:27.600000,00:06:30.350000,two or maybe less than three semicolon and I plus plus increment or
00:06:30.350000,00:06:30.360000,semicolon and I plus plus increment or
00:06:30.360000,00:06:31.670000,semicolon and I plus plus increment or decrement whatever you have to do you
00:06:31.670000,00:06:31.680000,decrement whatever you have to do you
00:06:31.680000,00:06:34.550000,decrement whatever you have to do you have to write and then C out
00:06:34.550000,00:06:34.560000,have to write and then C out
00:06:34.560000,00:06:37.370000,have to write and then C out this I
00:06:37.370000,00:06:37.380000,this I
00:06:37.380000,00:06:40.070000,this I right that's what you have to do
00:06:40.070000,00:06:40.080000,right that's what you have to do
00:06:40.080000,00:06:42.170000,right that's what you have to do so see the difference between the
00:06:42.170000,00:06:42.180000,so see the difference between the
00:06:42.180000,00:06:45.110000,so see the difference between the traditional Loop and this Loop here
00:06:45.110000,00:06:45.120000,traditional Loop and this Loop here
00:06:45.120000,00:06:47.510000,traditional Loop and this Loop here what you can say the benefits are no
00:06:47.510000,00:06:47.520000,what you can say the benefits are no
00:06:47.520000,00:06:49.670000,what you can say the benefits are no need to worry about the length of the
00:06:49.670000,00:06:49.680000,need to worry about the length of the
00:06:49.680000,00:06:52.370000,need to worry about the length of the array or the size of the array right no
00:06:52.370000,00:06:52.380000,array or the size of the array right no
00:06:52.380000,00:06:53.930000,array or the size of the array right no need to worry about the increment or
00:06:53.930000,00:06:53.940000,need to worry about the increment or
00:06:53.940000,00:06:57.230000,need to worry about the increment or decrement anything right you just need
00:06:57.230000,00:06:57.240000,decrement anything right you just need
00:06:57.240000,00:06:59.749000,decrement anything right you just need one iterator iterator means the B which
00:06:59.749000,00:06:59.759000,one iterator iterator means the B which
00:06:59.759000,00:07:01.850000,one iterator iterator means the B which is going to iterate for each element
00:07:01.850000,00:07:01.860000,is going to iterate for each element
00:07:01.860000,00:07:05.990000,is going to iterate for each element just an iterator right that's it
00:07:05.990000,00:07:06,just an iterator right that's it
00:07:06,00:07:07.730000,just an iterator right that's it and just write down the name of that
00:07:07.730000,00:07:07.740000,and just write down the name of that
00:07:07.740000,00:07:09.950000,and just write down the name of that collection that array and it will handle
00:07:09.950000,00:07:09.960000,collection that array and it will handle
00:07:09.960000,00:07:12.529000,collection that array and it will handle everything
00:07:16.550000,00:07:16.560000,if you update here the size four five
00:07:16.560000,00:07:18.529000,if you update here the size four five no need to update here but here you need
00:07:18.529000,00:07:18.539000,no need to update here but here you need
00:07:18.539000,00:07:20.029000,no need to update here but here you need to update if you want to access all the
00:07:20.029000,00:07:20.039000,to update if you want to access all the
00:07:20.039000,00:07:22.129000,to update if you want to access all the elements because otherwise it will
00:07:22.129000,00:07:22.139000,elements because otherwise it will
00:07:22.139000,00:07:25.670000,elements because otherwise it will access 0 1 2 till 2 it will come only
00:07:25.670000,00:07:25.680000,access 0 1 2 till 2 it will come only
00:07:25.680000,00:07:27.950000,access 0 1 2 till 2 it will come only three iterated iteration one two three
00:07:27.950000,00:07:27.960000,three iterated iteration one two three
00:07:27.960000,00:07:29.749000,three iterated iteration one two three four five are remaining so you have to
00:07:29.749000,00:07:29.759000,four five are remaining so you have to
00:07:29.759000,00:07:31.730000,four five are remaining so you have to update here less than five
00:07:31.730000,00:07:31.740000,update here less than five
00:07:31.740000,00:07:34.189000,update here less than five but he had no need to update so as you
00:07:34.189000,00:07:34.199000,but he had no need to update so as you
00:07:34.199000,00:07:36.230000,but he had no need to update so as you can see it is easy and convenient to use
00:07:36.230000,00:07:36.240000,can see it is easy and convenient to use
00:07:36.240000,00:07:38.390000,can see it is easy and convenient to use range based volume right
00:07:38.390000,00:07:38.400000,range based volume right
00:07:38.400000,00:07:40.670000,range based volume right over a collection
00:07:40.670000,00:07:40.680000,over a collection
00:07:40.680000,00:07:43.309000,over a collection fine but some drawbacks are
00:07:43.309000,00:07:43.319000,fine but some drawbacks are
00:07:43.319000,00:07:45.290000,fine but some drawbacks are this this
00:07:45.290000,00:07:45.300000,this this
00:07:45.300000,00:07:46.730000,this this will not
00:07:46.730000,00:07:46.740000,will not
00:07:46.740000,00:07:49.070000,will not work on the index
00:07:49.070000,00:07:49.080000,work on the index
00:07:49.080000,00:07:51.350000,work on the index right so if you want to Target a
00:07:51.350000,00:07:51.360000,right so if you want to Target a
00:07:51.360000,00:07:54.050000,right so if you want to Target a specific element or a element at a
00:07:54.050000,00:07:54.060000,specific element or a element at a
00:07:54.060000,00:07:56.150000,specific element or a element at a specific index we cannot Target that
00:07:56.150000,00:07:56.160000,specific index we cannot Target that
00:07:56.160000,00:07:58.129000,specific index we cannot Target that element because we are just iterating
00:07:58.129000,00:07:58.139000,element because we are just iterating
00:07:58.139000,00:08:00.890000,element because we are just iterating for f for each element we are not
00:08:00.890000,00:08:00.900000,for f for each element we are not
00:08:00.900000,00:08:02.990000,for f for each element we are not working on the index
00:08:02.990000,00:08:03,working on the index
00:08:03,00:08:05.210000,working on the index so we cannot it's like we want to skip a
00:08:05.210000,00:08:05.220000,so we cannot it's like we want to skip a
00:08:05.220000,00:08:06.890000,so we cannot it's like we want to skip a particular element we cannot skip that
00:08:06.890000,00:08:06.900000,particular element we cannot skip that
00:08:06.900000,00:08:09.110000,particular element we cannot skip that thing using index we cannot access or if
00:08:09.110000,00:08:09.120000,thing using index we cannot access or if
00:08:09.120000,00:08:10.670000,thing using index we cannot access or if you want to do so that would be very
00:08:10.670000,00:08:10.680000,you want to do so that would be very
00:08:10.680000,00:08:14.089000,you want to do so that would be very complex problem very complex right and
00:08:14.089000,00:08:14.099000,complex problem very complex right and
00:08:14.099000,00:08:16.550000,complex problem very complex right and if you want to in a reverse manner if
00:08:16.550000,00:08:16.560000,if you want to in a reverse manner if
00:08:16.560000,00:08:17.930000,if you want to in a reverse manner if you want to iterate you cannot do
00:08:17.930000,00:08:17.940000,you want to iterate you cannot do
00:08:17.940000,00:08:19.430000,you want to iterate you cannot do directly here
00:08:19.430000,00:08:19.440000,directly here
00:08:19.440000,00:08:21.170000,directly here for that also you will have to do some
00:08:21.170000,00:08:21.180000,for that also you will have to do some
00:08:21.180000,00:08:23.450000,for that also you will have to do some complex logic but here we can do simply
00:08:23.450000,00:08:23.460000,complex logic but here we can do simply
00:08:23.460000,00:08:26.330000,complex logic but here we can do simply you can iterate backward
00:08:26.330000,00:08:26.340000,you can iterate backward
00:08:26.340000,00:08:28.909000,you can iterate backward okay the index you can provide first of
00:08:28.909000,00:08:28.919000,okay the index you can provide first of
00:08:28.919000,00:08:29.930000,okay the index you can provide first of all
00:08:29.930000,00:08:29.940000,all
00:08:29.940000,00:08:33.649000,all 0 1 2 3 4 the index would be first of
00:08:33.649000,00:08:33.659000,0 1 2 3 4 the index would be first of
00:08:33.659000,00:08:36.050000,0 1 2 3 4 the index would be first of all four you can provide n i
00:08:36.050000,00:08:36.060000,all four you can provide n i
00:08:36.060000,00:08:39.949000,all four you can provide n i greater than 0 greater than equal to 0.
00:08:39.949000,00:08:39.959000,greater than 0 greater than equal to 0.
00:08:39.959000,00:08:42.230000,greater than 0 greater than equal to 0. that's it
00:08:42.230000,00:08:42.240000,that's it
00:08:42.240000,00:08:44.029000,that's it right so that would be reversibly
00:08:44.029000,00:08:44.039000,right so that would be reversibly
00:08:44.039000,00:08:46.670000,right so that would be reversibly printed as array so yeah there are some
00:08:46.670000,00:08:46.680000,printed as array so yeah there are some
00:08:46.680000,00:08:48.230000,printed as array so yeah there are some advantages of this Loop and also some
00:08:48.230000,00:08:48.240000,advantages of this Loop and also some
00:08:48.240000,00:08:50.389000,advantages of this Loop and also some drawbacks of range base volume okay now
00:08:50.389000,00:08:50.399000,drawbacks of range base volume okay now
00:08:50.399000,00:08:52.130000,drawbacks of range base volume okay now one more important point this variable
00:08:52.130000,00:08:52.140000,one more important point this variable
00:08:52.140000,00:08:55.130000,one more important point this variable this range declaration this variable is
00:08:55.130000,00:08:55.140000,this range declaration this variable is
00:08:55.140000,00:08:57.410000,this range declaration this variable is local for this for Loop you cannot
00:08:57.410000,00:08:57.420000,local for this for Loop you cannot
00:08:57.420000,00:08:59.329000,local for this for Loop you cannot re-declare this variable in this
00:08:59.329000,00:08:59.339000,re-declare this variable in this
00:08:59.339000,00:09:02.930000,re-declare this variable in this expression in this range expression or
00:09:02.930000,00:09:02.940000,expression in this range expression or
00:09:02.940000,00:09:05.030000,expression in this range expression or in these statements within this module
00:09:05.030000,00:09:05.040000,in these statements within this module
00:09:05.040000,00:09:06.710000,in these statements within this module if you want to declare another wave into
00:09:06.710000,00:09:06.720000,if you want to declare another wave into
00:09:06.720000,00:09:09.590000,if you want to declare another wave into B again here so that would give error
00:09:09.590000,00:09:09.600000,B again here so that would give error
00:09:09.600000,00:09:11.449000,B again here so that would give error right so you cannot re-declare this
00:09:11.449000,00:09:11.459000,right so you cannot re-declare this
00:09:11.459000,00:09:13.310000,right so you cannot re-declare this variable is local to this for Loop only
00:09:13.310000,00:09:13.320000,variable is local to this for Loop only
00:09:13.320000,00:09:15.170000,variable is local to this for Loop only right now
00:09:15.170000,00:09:15.180000,right now
00:09:15.180000,00:09:17.269000,right now if
00:09:17.269000,00:09:17.279000,if
00:09:17.279000,00:09:20.690000,if you you don't know like what is the data
00:09:20.690000,00:09:20.700000,you you don't know like what is the data
00:09:20.700000,00:09:22.250000,you you don't know like what is the data type of the collection you are using
00:09:22.250000,00:09:22.260000,type of the collection you are using
00:09:22.260000,00:09:24.050000,type of the collection you are using that is very complex one
00:09:24.050000,00:09:24.060000,that is very complex one
00:09:24.060000,00:09:28.009000,that is very complex one so rather than this you can simply use a
00:09:28.009000,00:09:28.019000,so rather than this you can simply use a
00:09:28.019000,00:09:32.930000,so rather than this you can simply use a keyword Auto
00:09:35.210000,00:09:35.220000,one more headache is going for you Auto
00:09:35.220000,00:09:39.769000,one more headache is going for you Auto will automatically reduce the data type
00:09:39.769000,00:09:39.779000,will automatically reduce the data type
00:09:39.779000,00:09:43.009000,will automatically reduce the data type from the initial value see what this B
00:09:43.009000,00:09:43.019000,from the initial value see what this B
00:09:43.019000,00:09:45.650000,from the initial value see what this B is getting value from a so first time
00:09:45.650000,00:09:45.660000,is getting value from a so first time
00:09:45.660000,00:09:49.850000,is getting value from a so first time from a in B1 would be assigned right
00:09:49.850000,00:09:49.860000,from a in B1 would be assigned right
00:09:49.860000,00:09:51.829000,from a in B1 would be assigned right so it will add it will check the
00:09:51.829000,00:09:51.839000,so it will add it will check the
00:09:51.839000,00:09:53.090000,so it will add it will check the expression the data type of the
00:09:53.090000,00:09:53.100000,expression the data type of the
00:09:53.100000,00:09:55.610000,expression the data type of the expression is int because it is getting
00:09:55.610000,00:09:55.620000,expression is int because it is getting
00:09:55.620000,00:09:58.490000,expression is int because it is getting the initial value from here so the here
00:09:58.490000,00:09:58.500000,the initial value from here so the here
00:09:58.500000,00:10:00.829000,the initial value from here so the here the expression the data type is in so
00:10:00.829000,00:10:00.839000,the expression the data type is in so
00:10:00.839000,00:10:03.889000,the expression the data type is in so automatically it will deduce this to n
00:10:03.889000,00:10:03.899000,automatically it will deduce this to n
00:10:03.899000,00:10:05.990000,automatically it will deduce this to n so it is what known as type inference in
00:10:05.990000,00:10:06,so it is what known as type inference in
00:10:06,00:10:07.790000,so it is what known as type inference in C plus plus automatically deduce the
00:10:07.790000,00:10:07.800000,C plus plus automatically deduce the
00:10:07.800000,00:10:09.829000,C plus plus automatically deduce the data type of any variable or function
00:10:09.829000,00:10:09.839000,data type of any variable or function
00:10:09.839000,00:10:13.070000,data type of any variable or function right we can do with this Auto keyword
00:10:13.070000,00:10:13.080000,right we can do with this Auto keyword
00:10:13.080000,00:10:15.350000,right we can do with this Auto keyword right so that is also a plus point for
00:10:15.350000,00:10:15.360000,right so that is also a plus point for
00:10:15.360000,00:10:16.790000,right so that is also a plus point for you you don't need to worry about the
00:10:16.790000,00:10:16.800000,you you don't need to worry about the
00:10:16.800000,00:10:18.110000,you you don't need to worry about the data type of the collection you are
00:10:18.110000,00:10:18.120000,data type of the collection you are
00:10:18.120000,00:10:21.230000,data type of the collection you are using just use Auto
00:10:21.230000,00:10:21.240000,using just use Auto
00:10:21.240000,00:10:24.710000,using just use Auto and also like pass by uh by reference
00:10:24.710000,00:10:24.720000,and also like pass by uh by reference
00:10:24.720000,00:10:28.070000,and also like pass by uh by reference also you can pass like address of B that
00:10:28.070000,00:10:28.080000,also you can pass like address of B that
00:10:28.080000,00:10:29.389000,also you can pass like address of B that also will be discussed like call by
00:10:29.389000,00:10:29.399000,also will be discussed like call by
00:10:29.399000,00:10:32.030000,also will be discussed like call by value and call by reference but
00:10:32.030000,00:10:32.040000,value and call by reference but
00:10:32.040000,00:10:33.410000,value and call by reference but for now
00:10:33.410000,00:10:33.420000,for now
00:10:33.420000,00:10:35.750000,for now this is the basic idea of range based
00:10:35.750000,00:10:35.760000,this is the basic idea of range based
00:10:35.760000,00:10:38.030000,this is the basic idea of range based for Loop right and rather than this
00:10:38.030000,00:10:38.040000,for Loop right and rather than this
00:10:38.040000,00:10:40.610000,for Loop right and rather than this rather than using this directly
00:10:40.610000,00:10:40.620000,rather than using this directly
00:10:40.620000,00:10:43.190000,rather than using this directly here also we can use like one two three
00:10:43.190000,00:10:43.200000,here also we can use like one two three
00:10:43.200000,00:10:45.470000,here also we can use like one two three four five
00:10:45.470000,00:10:45.480000,four five
00:10:45.480000,00:10:48.230000,four five directly collection list you can put
00:10:48.230000,00:10:48.240000,directly collection list you can put
00:10:48.240000,00:10:50.449000,directly collection list you can put here right right on a vector also you
00:10:50.449000,00:10:50.459000,here right right on a vector also you
00:10:50.459000,00:10:53.090000,here right right on a vector also you can use Vector is nothing similar array
00:10:53.090000,00:10:53.100000,can use Vector is nothing similar array
00:10:53.100000,00:10:55.490000,can use Vector is nothing similar array similar like arrays but it's a dynamic
00:10:55.490000,00:10:55.500000,similar like arrays but it's a dynamic
00:10:55.500000,00:10:57.949000,similar like arrays but it's a dynamic array dynamically the size can be
00:10:57.949000,00:10:57.959000,array dynamically the size can be
00:10:57.959000,00:11:00.829000,array dynamically the size can be changes uh changed in Vector array is
00:11:00.829000,00:11:00.839000,changes uh changed in Vector array is
00:11:00.839000,00:11:04.670000,changes uh changed in Vector array is what fixed size and if Vector is what a
00:11:04.670000,00:11:04.680000,what fixed size and if Vector is what a
00:11:04.680000,00:11:07.250000,what fixed size and if Vector is what a dynamic array so how to declare Vector
00:11:07.250000,00:11:07.260000,dynamic array so how to declare Vector
00:11:07.260000,00:11:10.670000,dynamic array so how to declare Vector simply we write down Vector here we just
00:11:10.670000,00:11:10.680000,simply we write down Vector here we just
00:11:10.680000,00:11:13.389000,simply we write down Vector here we just run on the data type suppose
00:11:13.389000,00:11:13.399000,run on the data type suppose
00:11:13.399000,00:11:16.670000,run on the data type suppose int Vector name any name a b c x y
00:11:16.670000,00:11:16.680000,int Vector name any name a b c x y
00:11:16.680000,00:11:20.630000,int Vector name any name a b c x y anything suppose a and the values one
00:11:20.630000,00:11:20.640000,anything suppose a and the values one
00:11:20.640000,00:11:22.250000,anything suppose a and the values one two three
00:11:22.250000,00:11:22.260000,two three
00:11:22.260000,00:11:24.110000,two three that is simply vector
00:11:24.110000,00:11:24.120000,that is simply vector
00:11:24.120000,00:11:26.990000,that is simply vector so rather than a here also you can do
00:11:26.990000,00:11:27,so rather than a here also you can do
00:11:27,00:11:30.230000,so rather than a here also you can do like Auto B is equal to
00:11:30.230000,00:11:30.240000,like Auto B is equal to
00:11:30.240000,00:11:32.750000,like Auto B is equal to the vector name the expression is Vector
00:11:32.750000,00:11:32.760000,the vector name the expression is Vector
00:11:32.760000,00:11:34.610000,the vector name the expression is Vector name Vector name is a so just write down
00:11:34.610000,00:11:34.620000,name Vector name is a so just write down
00:11:34.620000,00:11:36.949000,name Vector name is a so just write down a here that is also fine
00:11:36.949000,00:11:36.959000,a here that is also fine
00:11:36.959000,00:11:39.170000,a here that is also fine and whatever you want to do on these
00:11:39.170000,00:11:39.180000,and whatever you want to do on these
00:11:39.180000,00:11:41.329000,and whatever you want to do on these elements you can do here here I'm just
00:11:41.329000,00:11:41.339000,elements you can do here here I'm just
00:11:41.339000,00:11:43.069000,elements you can do here here I'm just printing but whatever you want to do if
00:11:43.069000,00:11:43.079000,printing but whatever you want to do if
00:11:43.079000,00:11:45.110000,printing but whatever you want to do if you want to add or you want to find out
00:11:45.110000,00:11:45.120000,you want to add or you want to find out
00:11:45.120000,00:11:46.790000,you want to add or you want to find out maximum number minimum number or any
00:11:46.790000,00:11:46.800000,maximum number minimum number or any
00:11:46.800000,00:11:48.470000,maximum number minimum number or any logic or average anything you can do
00:11:48.470000,00:11:48.480000,logic or average anything you can do
00:11:48.480000,00:11:51.050000,logic or average anything you can do here right these statements whatever you
00:11:51.050000,00:11:51.060000,here right these statements whatever you
00:11:51.060000,00:11:52.370000,here right these statements whatever you will write
00:11:52.370000,00:11:52.380000,will write
00:11:52.380000,00:11:55.250000,will write uh this thing you need to be very you
00:11:55.250000,00:11:55.260000,uh this thing you need to be very you
00:11:55.260000,00:11:56.990000,uh this thing you need to be very you know clear about this thing these
00:11:56.990000,00:11:57,know clear about this thing these
00:11:57,00:11:58.550000,know clear about this thing these statement would be executed repeatedly
00:11:58.550000,00:11:58.560000,statement would be executed repeatedly
00:11:58.560000,00:12:01.430000,statement would be executed repeatedly and sequently for each element in this
00:12:01.430000,00:12:01.440000,and sequently for each element in this
00:12:01.440000,00:12:03.889000,and sequently for each element in this expression for each element in here in
00:12:03.889000,00:12:03.899000,expression for each element in here in
00:12:03.899000,00:12:05.449000,expression for each element in here in this expression whatever expression you
00:12:05.449000,00:12:05.459000,this expression whatever expression you
00:12:05.459000,00:12:06.650000,this expression whatever expression you use
00:12:06.650000,00:12:06.660000,use
00:12:06.660000,00:12:09.230000,use right so let's just do some practical of
00:12:09.230000,00:12:09.240000,right so let's just do some practical of
00:12:09.240000,00:12:11.389000,right so let's just do some practical of this range based for Loop okay so let's
00:12:11.389000,00:12:11.399000,this range based for Loop okay so let's
00:12:11.399000,00:12:14.930000,this range based for Loop okay so let's create a new file here and
00:12:14.930000,00:12:14.940000,create a new file here and
00:12:14.940000,00:12:16.790000,create a new file here and the name I'm taking range based full
00:12:16.790000,00:12:16.800000,the name I'm taking range based full
00:12:16.800000,00:12:17.870000,the name I'm taking range based full loop
00:12:17.870000,00:12:17.880000,loop
00:12:17.880000,00:12:20.449000,loop first of all iostream will import this
00:12:20.449000,00:12:20.459000,first of all iostream will import this
00:12:20.459000,00:12:21.829000,first of all iostream will import this and then
00:12:21.829000,00:12:21.839000,and then
00:12:21.839000,00:12:23.810000,and then namespace
00:12:23.810000,00:12:23.820000,namespace
00:12:23.820000,00:12:27.170000,namespace namespace STD
00:12:27.170000,00:12:27.180000,namespace STD
00:12:27.180000,00:12:30.650000,namespace STD then in Main
00:12:30.650000,00:12:30.660000,then in Main
00:12:30.660000,00:12:33.889000,then in Main and the main function we write what we
00:12:33.889000,00:12:33.899000,and the main function we write what we
00:12:33.899000,00:12:35.449000,and the main function we write what we simply take first of all array an
00:12:35.449000,00:12:35.459000,simply take first of all array an
00:12:35.459000,00:12:38.569000,simply take first of all array an example of array so a and here I am
00:12:38.569000,00:12:38.579000,example of array so a and here I am
00:12:38.579000,00:12:41.269000,example of array so a and here I am taking like one two three only three
00:12:41.269000,00:12:41.279000,taking like one two three only three
00:12:41.279000,00:12:42.949000,taking like one two three only three elements that's it
00:12:42.949000,00:12:42.959000,elements that's it
00:12:42.959000,00:12:46.670000,elements that's it semicolon very important for Loop range
00:12:46.670000,00:12:46.680000,semicolon very important for Loop range
00:12:46.680000,00:12:49.730000,semicolon very important for Loop range base volume so in four first declare a
00:12:49.730000,00:12:49.740000,base volume so in four first declare a
00:12:49.740000,00:12:52.190000,base volume so in four first declare a variable so rather than end just use
00:12:52.190000,00:12:52.200000,variable so rather than end just use
00:12:52.200000,00:12:53.569000,variable so rather than end just use Auto
00:12:53.569000,00:12:53.579000,Auto
00:12:53.579000,00:12:56.509000,Auto better to use
00:12:59.509000,00:12:59.519000,Auto and any variable name let's take B
00:12:59.519000,00:13:02.030000,Auto and any variable name let's take B and colon and then name of that range
00:13:02.030000,00:13:02.040000,and colon and then name of that range
00:13:02.040000,00:13:03.290000,and colon and then name of that range expression the name of this range
00:13:03.290000,00:13:03.300000,expression the name of this range
00:13:03.300000,00:13:08.210000,expression the name of this range expression is a so a right and then
00:13:08.210000,00:13:08.220000,expression is a so a right and then
00:13:08.220000,00:13:10.009000,expression is a so a right and then we are not we are not doing anything
00:13:10.009000,00:13:10.019000,we are not we are not doing anything
00:13:10.019000,00:13:12.110000,we are not we are not doing anything just C out
00:13:12.110000,00:13:12.120000,just C out
00:13:12.120000,00:13:14.329000,just C out we are printing this B
00:13:14.329000,00:13:14.339000,we are printing this B
00:13:14.339000,00:13:16.009000,we are printing this B and
00:13:16.009000,00:13:16.019000,and
00:13:16.019000,00:13:18.050000,and line
00:13:18.050000,00:13:18.060000,line
00:13:18.060000,00:13:22.610000,line okay and then just
00:13:22.610000,00:13:22.620000,okay and then just
00:13:22.620000,00:13:25.069000,okay and then just return 0.
00:13:25.069000,00:13:25.079000,return 0.
00:13:25.079000,00:13:26.269000,return 0. fine
00:13:26.269000,00:13:26.279000,fine
00:13:26.279000,00:13:28.730000,fine let's run this in
00:13:28.730000,00:13:28.740000,let's run this in
00:13:28.740000,00:13:32.030000,let's run this in see we are getting one two three
00:13:32.030000,00:13:32.040000,see we are getting one two three
00:13:32.040000,00:13:34.370000,see we are getting one two three the output right
00:13:34.370000,00:13:34.380000,the output right
00:13:34.380000,00:13:36.290000,the output right one because the statement would be
00:13:36.290000,00:13:36.300000,one because the statement would be
00:13:36.300000,00:13:38.629000,one because the statement would be executed for each element first time one
00:13:38.629000,00:13:38.639000,executed for each element first time one
00:13:38.639000,00:13:41.030000,executed for each element first time one would be assigned to this B one would be
00:13:41.030000,00:13:41.040000,would be assigned to this B one would be
00:13:41.040000,00:13:42.829000,would be assigned to this B one would be actually copied
00:13:42.829000,00:13:42.839000,actually copied
00:13:42.839000,00:13:45.889000,actually copied to this B then it would be printed then
00:13:45.889000,00:13:45.899000,to this B then it would be printed then
00:13:45.899000,00:13:47.810000,to this B then it would be printed then second second iteration 2 would be
00:13:47.810000,00:13:47.820000,second second iteration 2 would be
00:13:47.820000,00:13:50.569000,second second iteration 2 would be copied from A to B then 2 would be
00:13:50.569000,00:13:50.579000,copied from A to B then 2 would be
00:13:50.579000,00:13:53.690000,copied from A to B then 2 would be printed then third in third iteration 3
00:13:53.690000,00:13:53.700000,printed then third in third iteration 3
00:13:53.700000,00:13:57.410000,printed then third in third iteration 3 from a would be copied to B and then it
00:13:57.410000,00:13:57.420000,from a would be copied to B and then it
00:13:57.420000,00:13:59.030000,from a would be copied to B and then it would be printed so actually it's called
00:13:59.030000,00:13:59.040000,would be printed so actually it's called
00:13:59.040000,00:14:01.190000,would be printed so actually it's called by value you can say all the elements
00:14:01.190000,00:14:01.200000,by value you can say all the elements
00:14:01.200000,00:14:04.670000,by value you can say all the elements will do three are copied basically it's
00:14:04.670000,00:14:04.680000,will do three are copied basically it's
00:14:04.680000,00:14:08.030000,will do three are copied basically it's no need to copy all the elements so we
00:14:08.030000,00:14:08.040000,no need to copy all the elements so we
00:14:08.040000,00:14:10.490000,no need to copy all the elements so we can this we can do pass by reference
00:14:10.490000,00:14:10.500000,can this we can do pass by reference
00:14:10.500000,00:14:12.050000,can this we can do pass by reference call by reference like we can do here
00:14:12.050000,00:14:12.060000,call by reference like we can do here
00:14:12.060000,00:14:14.389000,call by reference like we can do here something like this address of
00:14:14.389000,00:14:14.399000,something like this address of
00:14:14.399000,00:14:16.610000,something like this address of address of B is equal to a something
00:14:16.610000,00:14:16.620000,address of B is equal to a something
00:14:16.620000,00:14:19.190000,address of B is equal to a something like this but that will be discussing in
00:14:19.190000,00:14:19.200000,like this but that will be discussing in
00:14:19.200000,00:14:21.170000,like this but that will be discussing in other video that this video is about
00:14:21.170000,00:14:21.180000,other video that this video is about
00:14:21.180000,00:14:24.110000,other video that this video is about basic of uh range base for Loop rather
00:14:24.110000,00:14:24.120000,basic of uh range base for Loop rather
00:14:24.120000,00:14:26.629000,basic of uh range base for Loop rather than Auto if you know the data type you
00:14:26.629000,00:14:26.639000,than Auto if you know the data type you
00:14:26.639000,00:14:28.009000,than Auto if you know the data type you can simply write down the rate I but
00:14:28.009000,00:14:28.019000,can simply write down the rate I but
00:14:28.019000,00:14:29.810000,can simply write down the rate I but that should be same and if you don't
00:14:29.810000,00:14:29.820000,that should be same and if you don't
00:14:29.820000,00:14:31.670000,that should be same and if you don't want to take this headache simply write
00:14:31.670000,00:14:31.680000,want to take this headache simply write
00:14:31.680000,00:14:34.009000,want to take this headache simply write down your O2 automatically it will get
00:14:34.009000,00:14:34.019000,down your O2 automatically it will get
00:14:34.019000,00:14:36.110000,down your O2 automatically it will get the data type from the initial value of
00:14:36.110000,00:14:36.120000,the data type from the initial value of
00:14:36.120000,00:14:39.350000,the data type from the initial value of this B from this expression right so now
00:14:39.350000,00:14:39.360000,this B from this expression right so now
00:14:39.360000,00:14:41.870000,this B from this expression right so now rather than this you directly write down
00:14:41.870000,00:14:41.880000,rather than this you directly write down
00:14:41.880000,00:14:44.810000,rather than this you directly write down this thing like here
00:14:44.810000,00:14:44.820000,this thing like here
00:14:44.820000,00:14:47.509000,this thing like here rather than a if I write down
00:14:47.509000,00:14:47.519000,rather than a if I write down
00:14:47.519000,00:14:49.129000,rather than a if I write down this
00:14:49.129000,00:14:49.139000,this
00:14:49.139000,00:14:53.269000,this I'm not taking any this thing all right
00:14:53.269000,00:14:53.279000,I'm not taking any this thing all right
00:14:53.279000,00:14:55.970000,I'm not taking any this thing all right so now let's run this and see same
00:14:55.970000,00:14:55.980000,so now let's run this and see same
00:14:55.980000,00:14:58.670000,so now let's run this and see same output you will get here one two three
00:14:58.670000,00:14:58.680000,output you will get here one two three
00:14:58.680000,00:15:00.829000,output you will get here one two three right okay
00:15:00.829000,00:15:00.839000,right okay
00:15:00.839000,00:15:04.370000,right okay now let's do this on Vector I am taking
00:15:04.370000,00:15:04.380000,now let's do this on Vector I am taking
00:15:04.380000,00:15:07.069000,now let's do this on Vector I am taking a vector vector is nothing but a dynamic
00:15:07.069000,00:15:07.079000,a vector vector is nothing but a dynamic
00:15:07.079000,00:15:10.430000,a vector vector is nothing but a dynamic array vector and the syntax
00:15:10.430000,00:15:10.440000,array vector and the syntax
00:15:10.440000,00:15:14.509000,array vector and the syntax is this and data type I am taking int or
00:15:14.509000,00:15:14.519000,is this and data type I am taking int or
00:15:14.519000,00:15:16.850000,is this and data type I am taking int or flow to double or care any data type you
00:15:16.850000,00:15:16.860000,flow to double or care any data type you
00:15:16.860000,00:15:19.250000,flow to double or care any data type you can take int Vector name I am taking
00:15:19.250000,00:15:19.260000,can take int Vector name I am taking
00:15:19.260000,00:15:20.990000,can take int Vector name I am taking suppose num
00:15:20.990000,00:15:21,suppose num
00:15:21,00:15:23.090000,suppose num equal to
00:15:23.090000,00:15:23.100000,equal to
00:15:23.100000,00:15:26.569000,equal to same one three five six something like
00:15:26.569000,00:15:26.579000,same one three five six something like
00:15:26.579000,00:15:27.290000,same one three five six something like this
00:15:27.290000,00:15:27.300000,this
00:15:27.300000,00:15:28.430000,this okay
00:15:28.430000,00:15:28.440000,okay
00:15:28.440000,00:15:30.590000,okay and here same
00:15:30.590000,00:15:30.600000,and here same
00:15:30.600000,00:15:34.730000,and here same Vector the layer type is int so int any
00:15:34.730000,00:15:34.740000,Vector the layer type is int so int any
00:15:34.740000,00:15:36.650000,Vector the layer type is int so int any variable name I'm taking b or you can
00:15:36.650000,00:15:36.660000,variable name I'm taking b or you can
00:15:36.660000,00:15:38.509000,variable name I'm taking b or you can take like n
00:15:38.509000,00:15:38.519000,take like n
00:15:38.519000,00:15:40.370000,take like n and here I am taking the name of the
00:15:40.370000,00:15:40.380000,and here I am taking the name of the
00:15:40.380000,00:15:42.410000,and here I am taking the name of the expression is num okay I forgot the
00:15:42.410000,00:15:42.420000,expression is num okay I forgot the
00:15:42.420000,00:15:44.030000,expression is num okay I forgot the semicolon here
00:15:44.030000,00:15:44.040000,semicolon here
00:15:44.040000,00:15:45.670000,semicolon here right
00:15:45.670000,00:15:45.680000,right
00:15:45.680000,00:15:48.170000,right but see you cannot directly use Vector
00:15:48.170000,00:15:48.180000,but see you cannot directly use Vector
00:15:48.180000,00:15:50.150000,but see you cannot directly use Vector here see identifier Vector is undefined
00:15:50.150000,00:15:50.160000,here see identifier Vector is undefined
00:15:50.160000,00:15:52.009000,here see identifier Vector is undefined you have to
00:15:52.009000,00:15:52.019000,you have to
00:15:52.019000,00:15:53.509000,you have to import
00:15:53.509000,00:15:53.519000,import
00:15:53.519000,00:15:56.930000,import you have to include
00:16:00.290000,00:16:00.300000,vector the sender file
00:16:00.300000,00:16:03.410000,vector the sender file right then we can use Vector see now
00:16:03.410000,00:16:03.420000,right then we can use Vector see now
00:16:03.420000,00:16:05.389000,right then we can use Vector see now this is not giving any error see class
00:16:05.389000,00:16:05.399000,this is not giving any error see class
00:16:05.399000,00:16:08.990000,this is not giving any error see class STD we have Vector n in this name space
00:16:08.990000,00:16:09,STD we have Vector n in this name space
00:16:09,00:16:10.430000,STD we have Vector n in this name space STD
00:16:10.430000,00:16:10.440000,STD
00:16:10.440000,00:16:13.670000,STD so this is also important to import
00:16:13.670000,00:16:13.680000,so this is also important to import
00:16:13.680000,00:16:16.009000,so this is also important to import okay rather than V now we have variable
00:16:16.009000,00:16:16.019000,okay rather than V now we have variable
00:16:16.019000,00:16:17.329000,okay rather than V now we have variable name n
00:16:17.329000,00:16:17.339000,name n
00:16:17.339000,00:16:19.370000,name n so this also you need to take a let's
00:16:19.370000,00:16:19.380000,so this also you need to take a let's
00:16:19.380000,00:16:20.689000,so this also you need to take a let's run this
00:16:20.689000,00:16:20.699000,run this
00:16:20.699000,00:16:23.810000,run this and it will give you one three five six
00:16:23.810000,00:16:23.820000,and it will give you one three five six
00:16:23.820000,00:16:26.810000,and it will give you one three five six this output right
00:16:26.810000,00:16:26.820000,this output right
00:16:26.820000,00:16:29.269000,this output right on a string also we can apply this
00:16:29.269000,00:16:29.279000,on a string also we can apply this
00:16:29.279000,00:16:31.670000,on a string also we can apply this because string is also a range or a
00:16:31.670000,00:16:31.680000,because string is also a range or a
00:16:31.680000,00:16:33.350000,because string is also a range or a collection of characters
00:16:33.350000,00:16:33.360000,collection of characters
00:16:33.360000,00:16:35.150000,collection of characters so
00:16:35.150000,00:16:35.160000,so
00:16:35.160000,00:16:39.590000,so if I do something like this
00:16:42.290000,00:16:42.300000,here and
00:16:42.300000,00:16:46.129000,here and I'm taking like care
00:16:46.129000,00:16:46.139000,I'm taking like care
00:16:46.139000,00:16:48.650000,I'm taking like care see
00:16:48.650000,00:16:48.660000,see
00:16:48.660000,00:16:54.590000,see colon and here I'm writing Jenny
00:16:54.590000,00:16:54.600000,colon and here I'm writing Jenny
00:16:54.600000,00:16:57.170000,colon and here I'm writing Jenny something like this rather than N I am
00:16:57.170000,00:16:57.180000,something like this rather than N I am
00:16:57.180000,00:16:59.269000,something like this rather than N I am printing C now
00:16:59.269000,00:16:59.279000,printing C now
00:16:59.279000,00:17:01.009000,printing C now let's run this
00:17:01.009000,00:17:01.019000,let's run this
00:17:01.019000,00:17:03.050000,let's run this on a string also we can use this for you
00:17:03.050000,00:17:03.060000,on a string also we can use this for you
00:17:03.060000,00:17:05.990000,on a string also we can use this for you so j e n n y it will print something
00:17:05.990000,00:17:06,so j e n n y it will print something
00:17:06,00:17:08.210000,so j e n n y it will print something like this right
00:17:08.210000,00:17:08.220000,like this right
00:17:08.220000,00:17:10.130000,like this right and if I suppose update this it should
00:17:10.130000,00:17:10.140000,and if I suppose update this it should
00:17:10.140000,00:17:12.110000,and if I suppose update this it should be Jenny space
00:17:12.110000,00:17:12.120000,be Jenny space
00:17:12.120000,00:17:14.510000,be Jenny space and if I remove the C and there and just
00:17:14.510000,00:17:14.520000,and if I remove the C and there and just
00:17:14.520000,00:17:17.329000,and if I remove the C and there and just simply print C then it will print as it
00:17:17.329000,00:17:17.339000,simply print C then it will print as it
00:17:17.339000,00:17:19.429000,simply print C then it will print as it is Jenny Spacek
00:17:19.429000,00:17:19.439000,is Jenny Spacek
00:17:19.439000,00:17:21.049000,is Jenny Spacek right
00:17:21.049000,00:17:21.059000,right
00:17:21.059000,00:17:23.449000,right and if there is a if you want to print
00:17:23.449000,00:17:23.459000,and if there is a if you want to print
00:17:23.459000,00:17:25.010000,and if there is a if you want to print without any space so you can do
00:17:25.010000,00:17:25.020000,without any space so you can do
00:17:25.020000,00:17:26.270000,without any space so you can do something
00:17:26.270000,00:17:26.280000,something
00:17:26.280000,00:17:30.289000,something like if you can put some condition if C
00:17:30.289000,00:17:30.299000,like if you can put some condition if C
00:17:30.299000,00:17:35.330000,like if you can put some condition if C not equal to space
00:17:37.909000,00:17:37.919000,then only print this C
00:17:37.919000,00:17:39.169000,then only print this C right
00:17:39.169000,00:17:39.179000,right
00:17:39.179000,00:17:41.390000,right let's run this this time it will not
00:17:41.390000,00:17:41.400000,let's run this this time it will not
00:17:41.400000,00:17:43.750000,let's run this this time it will not print space
00:17:43.750000,00:17:43.760000,print space
00:17:43.760000,00:17:46.850000,print space with no space so like this you can do
00:17:46.850000,00:17:46.860000,with no space so like this you can do
00:17:46.860000,00:17:49.190000,with no space so like this you can do something different here within this
00:17:49.190000,00:17:49.200000,something different here within this
00:17:49.200000,00:17:51.529000,something different here within this block it's not like that only you have
00:17:51.529000,00:17:51.539000,block it's not like that only you have
00:17:51.539000,00:17:53.810000,block it's not like that only you have to print whatever expression you are
00:17:53.810000,00:17:53.820000,to print whatever expression you are
00:17:53.820000,00:17:55.490000,to print whatever expression you are closing you know if you are using this
00:17:55.490000,00:17:55.500000,closing you know if you are using this
00:17:55.500000,00:17:58.789000,closing you know if you are using this Vector you can do sum so suppose one
00:17:58.789000,00:17:58.799000,Vector you can do sum so suppose one
00:17:58.799000,00:18:00.230000,Vector you can do sum so suppose one assignment for you is you just take a
00:18:00.230000,00:18:00.240000,assignment for you is you just take a
00:18:00.240000,00:18:03.789000,assignment for you is you just take a vector or just array
00:18:06.650000,00:18:06.660000,Loop and calculate sum
00:18:06.660000,00:18:09.289000,Loop and calculate sum of that array or that vector or that
00:18:09.289000,00:18:09.299000,of that array or that vector or that
00:18:09.299000,00:18:11.330000,of that array or that vector or that collection and print the sum this is for
00:18:11.330000,00:18:11.340000,collection and print the sum this is for
00:18:11.340000,00:18:12.529000,collection and print the sum this is for your assignment what you can say your
00:18:12.529000,00:18:12.539000,your assignment what you can say your
00:18:12.539000,00:18:13.730000,your assignment what you can say your exercise
00:18:13.730000,00:18:13.740000,exercise
00:18:13.740000,00:18:15.650000,exercise you can just write down your comment
00:18:15.650000,00:18:15.660000,you can just write down your comment
00:18:15.660000,00:18:18.529000,you can just write down your comment error your code in the comment section
00:18:18.529000,00:18:18.539000,error your code in the comment section
00:18:18.539000,00:18:20.210000,error your code in the comment section so I hope you got what does range base
00:18:20.210000,00:18:20.220000,so I hope you got what does range base
00:18:20.220000,00:18:21.650000,so I hope you got what does range base for Loop in C plus plus now in next
00:18:21.650000,00:18:21.660000,for Loop in C plus plus now in next
00:18:21.660000,00:18:23.270000,for Loop in C plus plus now in next video we'll see one coding exercise on
00:18:23.270000,00:18:23.280000,video we'll see one coding exercise on
00:18:23.280000,00:18:24.650000,video we'll see one coding exercise on this English for Loop so now we'll see
00:18:24.650000,00:18:24.660000,this English for Loop so now we'll see
00:18:24.660000,00:18:27.080000,this English for Loop so now we'll see you next week
