Start Time,End Time,Text
00:00:02.070000,00:00:02.080000,hey everyone I hope you are safe and
00:00:02.080000,00:00:03.709000,hey everyone I hope you are safe and doing good so in the series of learning
00:00:03.709000,00:00:03.719000,doing good so in the series of learning
00:00:03.719000,00:00:05.670000,doing good so in the series of learning C++ programming language we have
00:00:05.670000,00:00:05.680000,C++ programming language we have
00:00:05.680000,00:00:07.869000,C++ programming language we have discussed Loops in C++ four Loop five
00:00:07.869000,00:00:07.879000,discussed Loops in C++ four Loop five
00:00:07.879000,00:00:10.509000,discussed Loops in C++ four Loop five Loop doy Loop and range based for Loop
00:00:10.509000,00:00:10.519000,Loop doy Loop and range based for Loop
00:00:10.519000,00:00:12.830000,Loop doy Loop and range based for Loop right now when we discussing these Loops
00:00:12.830000,00:00:12.840000,right now when we discussing these Loops
00:00:12.840000,00:00:14.829000,right now when we discussing these Loops kind of thing then we have like two
00:00:14.829000,00:00:14.839000,kind of thing then we have like two
00:00:14.839000,00:00:17.070000,kind of thing then we have like two statements break and continue or you can
00:00:17.070000,00:00:17.080000,statements break and continue or you can
00:00:17.080000,00:00:20.109000,statements break and continue or you can say two keywords right these are being
00:00:20.109000,00:00:20.119000,say two keywords right these are being
00:00:20.119000,00:00:23.150000,say two keywords right these are being used in Loops break and continue so in
00:00:23.150000,00:00:23.160000,used in Loops break and continue so in
00:00:23.160000,00:00:25.029000,used in Loops break and continue so in this video we'll see what is this brake
00:00:25.029000,00:00:25.039000,this video we'll see what is this brake
00:00:25.039000,00:00:28.070000,this video we'll see what is this brake statement why we use it how to use it
00:00:28.070000,00:00:28.080000,statement why we use it how to use it
00:00:28.080000,00:00:29.749000,statement why we use it how to use it and everything about brake statement
00:00:29.749000,00:00:29.759000,and everything about brake statement
00:00:29.759000,00:00:31.790000,and everything about brake statement with help of program also I'll show you
00:00:31.790000,00:00:31.800000,with help of program also I'll show you
00:00:31.800000,00:00:34.270000,with help of program also I'll show you practical right so first thing we will
00:00:34.270000,00:00:34.280000,practical right so first thing we will
00:00:34.280000,00:00:36.670000,practical right so first thing we will see what is break statement right and
00:00:36.670000,00:00:36.680000,see what is break statement right and
00:00:36.680000,00:00:40.709000,see what is break statement right and why we need this right so see as we have
00:00:40.709000,00:00:40.719000,why we need this right so see as we have
00:00:40.719000,00:00:42.590000,why we need this right so see as we have discussed switch case statements in
00:00:42.590000,00:00:42.600000,discussed switch case statements in
00:00:42.600000,00:00:44.310000,discussed switch case statements in previous videos in one of my previous
00:00:44.310000,00:00:44.320000,previous videos in one of my previous
00:00:44.320000,00:00:47.630000,previous videos in one of my previous video in this course C++ right there we
00:00:47.630000,00:00:47.640000,video in this course C++ right there we
00:00:47.640000,00:00:50.910000,video in this course C++ right there we have used brake to jump out of the
00:00:50.910000,00:00:50.920000,have used brake to jump out of the
00:00:50.920000,00:00:55.549000,have used brake to jump out of the switch case right same to jump out of a
00:00:55.549000,00:00:55.559000,switch case right same to jump out of a
00:00:55.559000,00:00:58.630000,switch case right same to jump out of a loop we will use we also use
00:00:58.630000,00:00:58.640000,loop we will use we also use
00:00:58.640000,00:01:01.069000,loop we will use we also use brake right
00:01:01.069000,00:01:01.079000,brake right
00:01:01.079000,00:01:03.790000,brake right now we can say it is a control statement
00:01:03.790000,00:01:03.800000,now we can say it is a control statement
00:01:03.800000,00:01:05.550000,now we can say it is a control statement so you can say it is a jump statement
00:01:05.550000,00:01:05.560000,so you can say it is a jump statement
00:01:05.560000,00:01:08.070000,so you can say it is a jump statement also right why this is called a control
00:01:08.070000,00:01:08.080000,also right why this is called a control
00:01:08.080000,00:01:11.469000,also right why this is called a control statement because it is used to control
00:01:11.469000,00:01:11.479000,statement because it is used to control
00:01:11.479000,00:01:13.789000,statement because it is used to control or it is used to break or it is used to
00:01:13.789000,00:01:13.799000,or it is used to break or it is used to
00:01:13.799000,00:01:16.429000,or it is used to break or it is used to manipulate the regular flow of your
00:01:16.429000,00:01:16.439000,manipulate the regular flow of your
00:01:16.439000,00:01:17.990000,manipulate the regular flow of your program or
00:01:17.990000,00:01:18,program or
00:01:18,00:01:21.109000,program or Loops whenever a specific condition is
00:01:21.109000,00:01:21.119000,Loops whenever a specific condition is
00:01:21.119000,00:01:24.310000,Loops whenever a specific condition is meant now what does this mean this line
00:01:24.310000,00:01:24.320000,meant now what does this mean this line
00:01:24.320000,00:01:26.550000,meant now what does this mean this line whatever I have said right now see let's
00:01:26.550000,00:01:26.560000,whatever I have said right now see let's
00:01:26.560000,00:01:29.149000,whatever I have said right now see let's take a real life example when you go to
00:01:29.149000,00:01:29.159000,take a real life example when you go to
00:01:29.159000,00:01:31.390000,take a real life example when you go to any amusement park there are so many
00:01:31.390000,00:01:31.400000,any amusement park there are so many
00:01:31.400000,00:01:35.270000,any amusement park there are so many like there is a you can say joint wheel
00:01:35.270000,00:01:35.280000,like there is a you can say joint wheel
00:01:35.280000,00:01:38.429000,like there is a you can say joint wheel right so they'll give you a ticket like
00:01:38.429000,00:01:38.439000,right so they'll give you a ticket like
00:01:38.439000,00:01:42.310000,right so they'll give you a ticket like maybe 50 rupees ticket and the time is 5
00:01:42.310000,00:01:42.320000,maybe 50 rupees ticket and the time is 5
00:01:42.320000,00:01:45.389000,maybe 50 rupees ticket and the time is 5 minutes or maybe uh you will get a 10
00:01:45.389000,00:01:45.399000,minutes or maybe uh you will get a 10
00:01:45.399000,00:01:49.230000,minutes or maybe uh you will get a 10 rounds of that joint whe right or maybe
00:01:49.230000,00:01:49.240000,rounds of that joint whe right or maybe
00:01:49.240000,00:01:52.230000,rounds of that joint whe right or maybe 5 minutes ride you will get in 50 rupees
00:01:52.230000,00:01:52.240000,5 minutes ride you will get in 50 rupees
00:01:52.240000,00:01:56.069000,5 minutes ride you will get in 50 rupees fine but suppose after five
00:01:56.069000,00:01:56.079000,fine but suppose after five
00:01:56.079000,00:02:00.310000,fine but suppose after five round because after completing 10 round
00:02:00.310000,00:02:00.320000,round because after completing 10 round
00:02:00.320000,00:02:03.270000,round because after completing 10 round that joint Feld is going to stop and
00:02:03.270000,00:02:03.280000,that joint Feld is going to stop and
00:02:03.280000,00:02:06.630000,that joint Feld is going to stop and like maybe uh the the the next who are
00:02:06.630000,00:02:06.640000,like maybe uh the the the next who are
00:02:06.640000,00:02:08.630000,like maybe uh the the the next who are in the queue are going to get on on that
00:02:08.630000,00:02:08.640000,in the queue are going to get on on that
00:02:08.640000,00:02:10.070000,in the queue are going to get on on that wheel and you have to get off from that
00:02:10.070000,00:02:10.080000,wheel and you have to get off from that
00:02:10.080000,00:02:12.550000,wheel and you have to get off from that wheel because they have complete because
00:02:12.550000,00:02:12.560000,wheel because they have complete because
00:02:12.560000,00:02:13.949000,wheel because they have complete because you have completed 10 round of that
00:02:13.949000,00:02:13.959000,you have completed 10 round of that
00:02:13.959000,00:02:15.670000,you have completed 10 round of that joint wheel so the termination condition
00:02:15.670000,00:02:15.680000,joint wheel so the termination condition
00:02:15.680000,00:02:17.710000,joint wheel so the termination condition of that joint wheel is after completing
00:02:17.710000,00:02:17.720000,of that joint wheel is after completing
00:02:17.720000,00:02:20.589000,of that joint wheel is after completing 10 round but because uh see sometimes
00:02:20.589000,00:02:20.599000,10 round but because uh see sometimes
00:02:20.599000,00:02:23.150000,10 round but because uh see sometimes after completing suppose five rounds you
00:02:23.150000,00:02:23.160000,after completing suppose five rounds you
00:02:23.160000,00:02:25.630000,after completing suppose five rounds you you got unwell you are puking and you
00:02:25.630000,00:02:25.640000,you got unwell you are puking and you
00:02:25.640000,00:02:27.589000,you got unwell you are puking and you are just screaming like hell something
00:02:27.589000,00:02:27.599000,are just screaming like hell something
00:02:27.599000,00:02:30.990000,are just screaming like hell something like this you got you know scared
00:02:30.990000,00:02:31,like this you got you know scared
00:02:31,00:02:33.110000,like this you got you know scared so in between after completing five
00:02:33.110000,00:02:33.120000,so in between after completing five
00:02:33.120000,00:02:35.390000,so in between after completing five round only in between they are going to
00:02:35.390000,00:02:35.400000,round only in between they are going to
00:02:35.400000,00:02:37.949000,round only in between they are going to stop and you can get off from that joint
00:02:37.949000,00:02:37.959000,stop and you can get off from that joint
00:02:37.959000,00:02:43.670000,stop and you can get off from that joint whe right now this is what kind of break
00:02:43.670000,00:02:43.680000,whe right now this is what kind of break
00:02:43.680000,00:02:45.910000,whe right now this is what kind of break the regular flow you have broken the
00:02:45.910000,00:02:45.920000,the regular flow you have broken the
00:02:45.920000,00:02:48.910000,the regular flow you have broken the regular flow of that joint wheel right
00:02:48.910000,00:02:48.920000,regular flow of that joint wheel right
00:02:48.920000,00:02:51.190000,regular flow of that joint wheel right because you you got unwell you are
00:02:51.190000,00:02:51.200000,because you you got unwell you are
00:02:51.200000,00:02:53.910000,because you you got unwell you are puking that is why they have to they had
00:02:53.910000,00:02:53.920000,puking that is why they have to they had
00:02:53.920000,00:02:56.070000,puking that is why they have to they had to stop that before meeting the
00:02:56.070000,00:02:56.080000,to stop that before meeting the
00:02:56.080000,00:02:58.110000,to stop that before meeting the termination condition termination
00:02:58.110000,00:02:58.120000,termination condition termination
00:02:58.120000,00:03:00.350000,termination condition termination condition is what after after completing
00:03:00.350000,00:03:00.360000,condition is what after after completing
00:03:00.360000,00:03:01.750000,condition is what after after completing the 10
00:03:01.750000,00:03:01.760000,the 10
00:03:01.760000,00:03:04.550000,the 10 round they you know usually they're
00:03:04.550000,00:03:04.560000,round they you know usually they're
00:03:04.560000,00:03:07.670000,round they you know usually they're going to stop right but in
00:03:07.670000,00:03:07.680000,going to stop right but in
00:03:07.680000,00:03:10.470000,going to stop right but in between you have broken the regular flow
00:03:10.470000,00:03:10.480000,between you have broken the regular flow
00:03:10.480000,00:03:14.309000,between you have broken the regular flow of that thing right same kind of thing
00:03:14.309000,00:03:14.319000,of that thing right same kind of thing
00:03:14.319000,00:03:18.149000,of that thing right same kind of thing if in Loops generally we use
00:03:18.149000,00:03:18.159000,if in Loops generally we use
00:03:18.159000,00:03:20.750000,if in Loops generally we use Loops when you want to repeat something
00:03:20.750000,00:03:20.760000,Loops when you want to repeat something
00:03:20.760000,00:03:22.949000,Loops when you want to repeat something suppose I want to print high five times
00:03:22.949000,00:03:22.959000,suppose I want to print high five times
00:03:22.959000,00:03:25.990000,suppose I want to print high five times so rather than printing five print F
00:03:25.990000,00:03:26,so rather than printing five print F
00:03:26,00:03:28.190000,so rather than printing five print F statement or five time like we are
00:03:28.190000,00:03:28.200000,statement or five time like we are
00:03:28.200000,00:03:31.190000,statement or five time like we are discussing now C++ C out statement we
00:03:31.190000,00:03:31.200000,discussing now C++ C out statement we
00:03:31.200000,00:03:33.470000,discussing now C++ C out statement we simply put that thing in Loop I'm just
00:03:33.470000,00:03:33.480000,simply put that thing in Loop I'm just
00:03:33.480000,00:03:35.229000,simply put that thing in Loop I'm just simply using for Loop you can use y Loop
00:03:35.229000,00:03:35.239000,simply using for Loop you can use y Loop
00:03:35.239000,00:03:37.190000,simply using for Loop you can use y Loop do y loop as you wish so the synx is
00:03:37.190000,00:03:37.200000,do y loop as you wish so the synx is
00:03:37.200000,00:03:39.030000,do y loop as you wish so the synx is like first initialization then
00:03:39.030000,00:03:39.040000,like first initialization then
00:03:39.040000,00:03:40.869000,like first initialization then termination condition less than equal to
00:03:40.869000,00:03:40.879000,termination condition less than equal to
00:03:40.879000,00:03:45.470000,termination condition less than equal to 5 and then update I ++ right and within
00:03:45.470000,00:03:45.480000,5 and then update I ++ right and within
00:03:45.480000,00:03:48.630000,5 and then update I ++ right and within this simply we can print like C out
00:03:48.630000,00:03:48.640000,this simply we can print like C out
00:03:48.640000,00:03:52.309000,this simply we can print like C out high this is the thing right so the
00:03:52.309000,00:03:52.319000,high this is the thing right so the
00:03:52.319000,00:03:54.509000,high this is the thing right so the regular flow of this Loop is what the
00:03:54.509000,00:03:54.519000,regular flow of this Loop is what the
00:03:54.519000,00:03:57.309000,regular flow of this Loop is what the high would be printed five time right
00:03:57.309000,00:03:57.319000,high would be printed five time right
00:03:57.319000,00:03:59.309000,high would be printed five time right and then the loop is going to terminate
00:03:59.309000,00:03:59.319000,and then the loop is going to terminate
00:03:59.319000,00:04:01.190000,and then the loop is going to terminate the ter condition is I less than equal
00:04:01.190000,00:04:01.200000,the ter condition is I less than equal
00:04:01.200000,00:04:03.750000,the ter condition is I less than equal to 5 but what if in between you want to
00:04:03.750000,00:04:03.760000,to 5 but what if in between you want to
00:04:03.760000,00:04:06.069000,to 5 but what if in between you want to break the loop What if after printing
00:04:06.069000,00:04:06.079000,break the loop What if after printing
00:04:06.079000,00:04:08.949000,break the loop What if after printing only three times I want to stop the loop
00:04:08.949000,00:04:08.959000,only three times I want to stop the loop
00:04:08.959000,00:04:11.550000,only three times I want to stop the loop then we can use
00:04:11.550000,00:04:11.560000,then we can use
00:04:11.560000,00:04:13.190000,then we can use break
00:04:13.190000,00:04:13.200000,break
00:04:13.200000,00:04:16.670000,break to just exit from the loop to jump out
00:04:16.670000,00:04:16.680000,to just exit from the loop to jump out
00:04:16.680000,00:04:18.870000,to just exit from the loop to jump out from the loop before meeting the
00:04:18.870000,00:04:18.880000,from the loop before meeting the
00:04:18.880000,00:04:22.390000,from the loop before meeting the termination condition but when whenever
00:04:22.390000,00:04:22.400000,termination condition but when whenever
00:04:22.400000,00:04:24.230000,termination condition but when whenever when a specific condition is made so you
00:04:24.230000,00:04:24.240000,when a specific condition is made so you
00:04:24.240000,00:04:26.230000,when a specific condition is made so you have to put what some condition
00:04:26.230000,00:04:26.240000,have to put what some condition
00:04:26.240000,00:04:29.270000,have to put what some condition something like this if this uh I becomes
00:04:29.270000,00:04:29.280000,something like this if this uh I becomes
00:04:29.280000,00:04:30.749000,something like this if this uh I becomes three
00:04:30.749000,00:04:30.759000,three
00:04:30.759000,00:04:33.749000,three then break have to use this the proper
00:04:33.749000,00:04:33.759000,then break have to use this the proper
00:04:33.759000,00:04:36.189000,then break have to use this the proper synx I'll show you right so you have to
00:04:36.189000,00:04:36.199000,synx I'll show you right so you have to
00:04:36.199000,00:04:38.070000,synx I'll show you right so you have to put some proper condition after meeting
00:04:38.070000,00:04:38.080000,put some proper condition after meeting
00:04:38.080000,00:04:41.150000,put some proper condition after meeting that condition just break from the loop
00:04:41.150000,00:04:41.160000,that condition just break from the loop
00:04:41.160000,00:04:44.390000,that condition just break from the loop right I hope you got this so the uh you
00:04:44.390000,00:04:44.400000,right I hope you got this so the uh you
00:04:44.400000,00:04:46.189000,right I hope you got this so the uh you have to note this point break you can
00:04:46.189000,00:04:46.199000,have to note this point break you can
00:04:46.199000,00:04:49.070000,have to note this point break you can use only within
00:04:49.070000,00:04:49.080000,use only within
00:04:49.080000,00:04:53.029000,use only within loops and switch State switch case
00:04:53.029000,00:04:53.039000,loops and switch State switch case
00:04:53.039000,00:04:56.029000,loops and switch State switch case statement if simply there is a program
00:04:56.029000,00:04:56.039000,statement if simply there is a program
00:04:56.039000,00:04:57.469000,statement if simply there is a program there is no Loop there is no switch case
00:04:57.469000,00:04:57.479000,there is no Loop there is no switch case
00:04:57.479000,00:04:58.710000,there is no Loop there is no switch case statement and you are using breake it
00:04:58.710000,00:04:58.720000,statement and you are using breake it
00:04:58.720000,00:05:00.950000,statement and you are using breake it will give error simply within if else
00:05:00.950000,00:05:00.960000,will give error simply within if else
00:05:00.960000,00:05:02.790000,will give error simply within if else you are using brake it will give error
00:05:02.790000,00:05:02.800000,you are using brake it will give error
00:05:02.800000,00:05:06.550000,you are using brake it will give error yeah here see if this condition is we
00:05:06.550000,00:05:06.560000,yeah here see if this condition is we
00:05:06.560000,00:05:08.710000,yeah here see if this condition is we are using this brake after this if
00:05:08.710000,00:05:08.720000,are using this brake after this if
00:05:08.720000,00:05:10.110000,are using this brake after this if because yeah obviously you have to put
00:05:10.110000,00:05:10.120000,because yeah obviously you have to put
00:05:10.120000,00:05:12.430000,because yeah obviously you have to put some condition in if and this is within
00:05:12.430000,00:05:12.440000,some condition in if and this is within
00:05:12.440000,00:05:15.070000,some condition in if and this is within this Loop that is why it it will not
00:05:15.070000,00:05:15.080000,this Loop that is why it it will not
00:05:15.080000,00:05:17.070000,this Loop that is why it it will not give any so brake can Al can be used
00:05:17.070000,00:05:17.080000,give any so brake can Al can be used
00:05:17.080000,00:05:18.590000,give any so brake can Al can be used only within loops and switch case
00:05:18.590000,00:05:18.600000,only within loops and switch case
00:05:18.600000,00:05:21.189000,only within loops and switch case statement right and it is used to jump
00:05:21.189000,00:05:21.199000,statement right and it is used to jump
00:05:21.199000,00:05:24.390000,statement right and it is used to jump out of the loop right before meeting uh
00:05:24.390000,00:05:24.400000,out of the loop right before meeting uh
00:05:24.400000,00:05:27.189000,out of the loop right before meeting uh the termination condition fine now in
00:05:27.189000,00:05:27.199000,the termination condition fine now in
00:05:27.199000,00:05:28.510000,the termination condition fine now in three ways we can use this brake
00:05:28.510000,00:05:28.520000,three ways we can use this brake
00:05:28.520000,00:05:30.629000,three ways we can use this brake statement we can use this within simple
00:05:30.629000,00:05:30.639000,statement we can use this within simple
00:05:30.639000,00:05:33.350000,statement we can use this within simple Loop like this we can use this within
00:05:33.350000,00:05:33.360000,Loop like this we can use this within
00:05:33.360000,00:05:36.350000,Loop like this we can use this within nested loops and we can use this within
00:05:36.350000,00:05:36.360000,nested loops and we can use this within
00:05:36.360000,00:05:39.350000,nested loops and we can use this within infinite Loops so these thing will I'll
00:05:39.350000,00:05:39.360000,infinite Loops so these thing will I'll
00:05:39.360000,00:05:41.550000,infinite Loops so these thing will I'll show you with the help of three programs
00:05:41.550000,00:05:41.560000,show you with the help of three programs
00:05:41.560000,00:05:43.110000,show you with the help of three programs right I hope you got the basic idea of
00:05:43.110000,00:05:43.120000,right I hope you got the basic idea of
00:05:43.120000,00:05:47.309000,right I hope you got the basic idea of break statement why we use this right so
00:05:47.309000,00:05:47.319000,break statement why we use this right so
00:05:47.319000,00:05:49.710000,break statement why we use this right so I'm working in visual studio and let's
00:05:49.710000,00:05:49.720000,I'm working in visual studio and let's
00:05:49.720000,00:05:53.350000,I'm working in visual studio and let's create a new file here the extension is
00:05:53.350000,00:05:53.360000,create a new file here the extension is
00:05:53.360000,00:05:56.990000,create a new file here the extension is do CPP right so first thing obviously
00:05:56.990000,00:05:57,do CPP right so first thing obviously
00:05:57,00:05:58.469000,do CPP right so first thing obviously what we need to
00:05:58.469000,00:05:58.479000,what we need to
00:05:58.479000,00:06:05.749000,what we need to do
00:06:08.469000,00:06:08.479000,see this thing we have discussed already
00:06:08.479000,00:06:10.990000,see this thing we have discussed already what is this iio stream why we are using
00:06:10.990000,00:06:11,what is this iio stream why we are using
00:06:11,00:06:13.670000,what is this iio stream why we are using why I'm using writing this name space
00:06:13.670000,00:06:13.680000,why I'm using writing this name space
00:06:13.680000,00:06:18.070000,why I'm using writing this name space STD so please watch out previous videos
00:06:18.070000,00:06:18.080000,STD so please watch out previous videos
00:06:18.080000,00:06:20.270000,STD so please watch out previous videos from this list right
00:06:20.270000,00:06:20.280000,from this list right
00:06:20.280000,00:06:23.230000,from this list right C++ so first obviously the name space
00:06:23.230000,00:06:23.240000,C++ so first obviously the name space
00:06:23.240000,00:06:25.189000,C++ so first obviously the name space STD because C andc out are in this name
00:06:25.189000,00:06:25.199000,STD because C andc out are in this name
00:06:25.199000,00:06:28.510000,STD because C andc out are in this name name space it is just to you know avoid
00:06:28.510000,00:06:28.520000,name space it is just to you know avoid
00:06:28.520000,00:06:30.270000,name space it is just to you know avoid the name for
00:06:30.270000,00:06:30.280000,the name for
00:06:30.280000,00:06:32.790000,the name for and then main
00:06:32.790000,00:06:32.800000,and then main
00:06:32.800000,00:06:35.110000,and then main function and here we will write down our
00:06:35.110000,00:06:35.120000,function and here we will write down our
00:06:35.120000,00:06:37.029000,function and here we will write down our logic so simple thing I'm taking first
00:06:37.029000,00:06:37.039000,logic so simple thing I'm taking first
00:06:37.039000,00:06:38.629000,logic so simple thing I'm taking first we are going to implement this break
00:06:38.629000,00:06:38.639000,we are going to implement this break
00:06:38.639000,00:06:42.309000,we are going to implement this break within a simple Loop right so just I'm
00:06:42.309000,00:06:42.319000,within a simple Loop right so just I'm
00:06:42.319000,00:06:45.870000,within a simple Loop right so just I'm using a four Loop right and let's
00:06:45.870000,00:06:45.880000,using a four Loop right and let's
00:06:45.880000,00:06:49.309000,using a four Loop right and let's initialize a variable I is equal to0
00:06:49.309000,00:06:49.319000,initialize a variable I is equal to0
00:06:49.319000,00:06:51.309000,initialize a variable I is equal to0 then some termination condition suppose
00:06:51.309000,00:06:51.319000,then some termination condition suppose
00:06:51.319000,00:06:54.110000,then some termination condition suppose I want to print
00:06:54.110000,00:06:54.120000,I want to print
00:06:54.120000,00:06:58.390000,I want to print uh from 0 to 10
00:06:58.390000,00:06:58.400000,uh from 0 to 10
00:06:58.400000,00:07:03.390000,uh from 0 to 10 numbers right or from 1 to 10 1 to I
00:07:03.390000,00:07:03.400000,numbers right or from 1 to 10 1 to I
00:07:03.400000,00:07:07.629000,numbers right or from 1 to 10 1 to I less than equal to 10 and then I ++ this
00:07:07.629000,00:07:07.639000,less than equal to 10 and then I ++ this
00:07:07.639000,00:07:09.990000,less than equal to 10 and then I ++ this thing I want to print right so within
00:07:09.990000,00:07:10,thing I want to print right so within
00:07:10,00:07:12.950000,thing I want to print right so within for Loop simply we can print C out and
00:07:12.950000,00:07:12.960000,for Loop simply we can print C out and
00:07:12.960000,00:07:16.790000,for Loop simply we can print C out and this I don't forget
00:07:16.790000,00:07:16.800000,this I don't forget
00:07:16.800000,00:07:19.790000,this I don't forget semicolon because I was working in
00:07:19.790000,00:07:19.800000,semicolon because I was working in
00:07:19.800000,00:07:21.909000,semicolon because I was working in Python for so long
00:07:21.909000,00:07:21.919000,Python for so long
00:07:21.919000,00:07:24.830000,Python for so long so yeah I have to remember this it's you
00:07:24.830000,00:07:24.840000,so yeah I have to remember this it's you
00:07:24.840000,00:07:27.589000,so yeah I have to remember this it's you have to put semicolon right so let's run
00:07:27.589000,00:07:27.599000,have to put semicolon right so let's run
00:07:27.599000,00:07:29.070000,have to put semicolon right so let's run this run this and I'll show you what
00:07:29.070000,00:07:29.080000,this run this and I'll show you what
00:07:29.080000,00:07:30.990000,this run this and I'll show you what kind of thing you will get see 1 2 3 4 5
00:07:30.990000,00:07:31,kind of thing you will get see 1 2 3 4 5
00:07:31,00:07:33.749000,kind of thing you will get see 1 2 3 4 5 6 7 8 9 10 but it's within one line and
00:07:33.749000,00:07:33.759000,6 7 8 9 10 but it's within one line and
00:07:33.759000,00:07:35.749000,6 7 8 9 10 but it's within one line and I want to print this one then in a new
00:07:35.749000,00:07:35.759000,I want to print this one then in a new
00:07:35.759000,00:07:37.950000,I want to print this one then in a new line then new line so we can use here
00:07:37.950000,00:07:37.960000,line then new line so we can use here
00:07:37.960000,00:07:41.270000,line then new line so we can use here endl or we can use here slash and also
00:07:41.270000,00:07:41.280000,endl or we can use here slash and also
00:07:41.280000,00:07:43.550000,endl or we can use here slash and also that is also Fine Again run this and
00:07:43.550000,00:07:43.560000,that is also Fine Again run this and
00:07:43.560000,00:07:45.149000,that is also Fine Again run this and I'll show you what kind of out output
00:07:45.149000,00:07:45.159000,I'll show you what kind of out output
00:07:45.159000,00:07:48.230000,I'll show you what kind of out output you will get see 1 to 10 but what if
00:07:48.230000,00:07:48.240000,you will get see 1 to 10 but what if
00:07:48.240000,00:07:50.029000,you will get see 1 to 10 but what if when the I becomes
00:07:50.029000,00:07:50.039000,when the I becomes
00:07:50.039000,00:07:55.070000,when the I becomes S I want to jump up the loop
00:07:55.070000,00:07:55.080000,S I want to jump up the loop
00:07:55.080000,00:07:59.909000,S I want to jump up the loop right so I want to break from this Loop
00:07:59.909000,00:07:59.919000,right so I want to break from this Loop
00:07:59.919000,00:08:01.230000,right so I want to break from this Loop so what we can
00:08:01.230000,00:08:01.240000,so what we can
00:08:01.240000,00:08:08.149000,so what we can use simply we just uh put a condition if
00:08:08.149000,00:08:08.159000,use simply we just uh put a condition if
00:08:08.159000,00:08:10.390000,use simply we just uh put a condition if I equal to equal to
00:08:10.390000,00:08:10.400000,I equal to equal to
00:08:10.400000,00:08:12.189000,I equal to equal to 7
00:08:12.189000,00:08:12.199000,7
00:08:12.199000,00:08:13.869000,7 then
00:08:13.869000,00:08:13.879000,then
00:08:13.879000,00:08:18.629000,then break right otherwise print I so it will
00:08:18.629000,00:08:18.639000,break right otherwise print I so it will
00:08:18.639000,00:08:20.430000,break right otherwise print I so it will print 1 to
00:08:20.430000,00:08:20.440000,print 1 to
00:08:20.440000,00:08:23.589000,print 1 to six 1 to six and if you want to print 7
00:08:23.589000,00:08:23.599000,six 1 to six and if you want to print 7
00:08:23.599000,00:08:26.790000,six 1 to six and if you want to print 7 as well then this see out statement you
00:08:26.790000,00:08:26.800000,as well then this see out statement you
00:08:26.800000,00:08:29.270000,as well then this see out statement you can use before this if then it will
00:08:29.270000,00:08:29.280000,can use before this if then it will
00:08:29.280000,00:08:31.309000,can use before this if then it will print 1 to 7 and then break but I want
00:08:31.309000,00:08:31.319000,print 1 to 7 and then break but I want
00:08:31.319000,00:08:33.430000,print 1 to 7 and then break but I want to print 1 to six as soon as I become
00:08:33.430000,00:08:33.440000,to print 1 to six as soon as I become
00:08:33.440000,00:08:35.469000,to print 1 to six as soon as I become seven out of the loop I don't want to
00:08:35.469000,00:08:35.479000,seven out of the loop I don't want to
00:08:35.479000,00:08:38.230000,seven out of the loop I don't want to print seven so see this is the break
00:08:38.230000,00:08:38.240000,print seven so see this is the break
00:08:38.240000,00:08:39.949000,print seven so see this is the break statement we have used within a simple
00:08:39.949000,00:08:39.959000,statement we have used within a simple
00:08:39.959000,00:08:42.829000,statement we have used within a simple for Loop right to jump out of this
00:08:42.829000,00:08:42.839000,for Loop right to jump out of this
00:08:42.839000,00:08:47.670000,for Loop right to jump out of this Loop so now if you want to use this in
00:08:47.670000,00:08:47.680000,Loop so now if you want to use this in
00:08:47.680000,00:08:49.030000,Loop so now if you want to use this in an infinite
00:08:49.030000,00:08:49.040000,an infinite
00:08:49.040000,00:08:52.550000,an infinite Loop let's take one more thing one more
00:08:52.550000,00:08:52.560000,Loop let's take one more thing one more
00:08:52.560000,00:08:56.389000,Loop let's take one more thing one more example and uh the example
00:08:56.389000,00:08:56.399000,example and uh the example
00:08:56.399000,00:09:00.310000,example and uh the example is suppose I want from the user
00:09:00.310000,00:09:00.320000,is suppose I want from the user
00:09:00.320000,00:09:03.949000,is suppose I want from the user to enter numbers and then some of those
00:09:03.949000,00:09:03.959000,to enter numbers and then some of those
00:09:03.959000,00:09:05.949000,to enter numbers and then some of those numbers it's not like that I want to do
00:09:05.949000,00:09:05.959000,numbers it's not like that I want to do
00:09:05.959000,00:09:07.990000,numbers it's not like that I want to do sum of one to 10 number or 1 to 15
00:09:07.990000,00:09:08,sum of one to 10 number or 1 to 15
00:09:08,00:09:10.430000,sum of one to 10 number or 1 to 15 number no the program will ask from the
00:09:10.430000,00:09:10.440000,number no the program will ask from the
00:09:10.440000,00:09:13.389000,number no the program will ask from the user enter a number and I enter a number
00:09:13.389000,00:09:13.399000,user enter a number and I enter a number
00:09:13.399000,00:09:16.269000,user enter a number and I enter a number then suppose I have entered one so again
00:09:16.269000,00:09:16.279000,then suppose I have entered one so again
00:09:16.279000,00:09:17.790000,then suppose I have entered one so again you ask enter number suppose I have
00:09:17.790000,00:09:17.800000,you ask enter number suppose I have
00:09:17.800000,00:09:20.990000,you ask enter number suppose I have entered again one so the sum becomes two
00:09:20.990000,00:09:21,entered again one so the sum becomes two
00:09:21,00:09:22.670000,entered again one so the sum becomes two again if you ask enter number suppose I
00:09:22.670000,00:09:22.680000,again if you ask enter number suppose I
00:09:22.680000,00:09:24.509000,again if you ask enter number suppose I have entered again three so the sum
00:09:24.509000,00:09:24.519000,have entered again three so the sum
00:09:24.519000,00:09:26.790000,have entered again three so the sum becomes five something like
00:09:26.790000,00:09:26.800000,becomes five something like
00:09:26.800000,00:09:29.870000,becomes five something like this so how many times it will ask from
00:09:29.870000,00:09:29.880000,this so how many times it will ask from
00:09:29.880000,00:09:32.509000,this so how many times it will ask from the user I don't know there's no fixed
00:09:32.509000,00:09:32.519000,the user I don't know there's no fixed
00:09:32.519000,00:09:34.790000,the user I don't know there's no fixed number of iteration as soon as the user
00:09:34.790000,00:09:34.800000,number of iteration as soon as the user
00:09:34.800000,00:09:38.110000,number of iteration as soon as the user enter a negative number it should stop
00:09:38.110000,00:09:38.120000,enter a negative number it should stop
00:09:38.120000,00:09:40.230000,enter a negative number it should stop and that negative number should not be
00:09:40.230000,00:09:40.240000,and that negative number should not be
00:09:40.240000,00:09:44.590000,and that negative number should not be added into the sum right so in this case
00:09:44.590000,00:09:44.600000,added into the sum right so in this case
00:09:44.600000,00:09:45.949000,added into the sum right so in this case we don't know the exact number of
00:09:45.949000,00:09:45.959000,we don't know the exact number of
00:09:45.959000,00:09:47.870000,we don't know the exact number of iteration so we cannot use full loop so
00:09:47.870000,00:09:47.880000,iteration so we cannot use full loop so
00:09:47.880000,00:09:49.710000,iteration so we cannot use full loop so better to use if you don't know number
00:09:49.710000,00:09:49.720000,better to use if you don't know number
00:09:49.720000,00:09:51.870000,better to use if you don't know number of iteration then we use while loop
00:09:51.870000,00:09:51.880000,of iteration then we use while loop
00:09:51.880000,00:09:53.790000,of iteration then we use while loop right so let's implement this thing and
00:09:53.790000,00:09:53.800000,right so let's implement this thing and
00:09:53.800000,00:09:54.750000,right so let's implement this thing and there we
00:09:54.750000,00:09:54.760000,there we
00:09:54.760000,00:09:58.509000,there we will uh implement this uh break
00:09:58.509000,00:09:58.519000,will uh implement this uh break
00:09:58.519000,00:10:00.310000,will uh implement this uh break statement right right so this is the
00:10:00.310000,00:10:00.320000,statement right right so this is the
00:10:00.320000,00:10:02.269000,statement right right so this is the implementation of break in simple Loop
00:10:02.269000,00:10:02.279000,implementation of break in simple Loop
00:10:02.279000,00:10:05.430000,implementation of break in simple Loop now we are implementing like uh this
00:10:05.430000,00:10:05.440000,now we are implementing like uh this
00:10:05.440000,00:10:07.069000,now we are implementing like uh this breake
00:10:07.069000,00:10:07.079000,breake
00:10:07.079000,00:10:13.310000,breake statement an infinite
00:10:20.990000,00:10:21,Loop so just put a while loop while one
00:10:21,00:10:25.350000,Loop so just put a while loop while one means this is true while one means true
00:10:25.350000,00:10:25.360000,means this is true while one means true
00:10:25.360000,00:10:27.710000,means this is true while one means true anything except except zero whatever you
00:10:27.710000,00:10:27.720000,anything except except zero whatever you
00:10:27.720000,00:10:29.150000,anything except except zero whatever you will write here that would be considered
00:10:29.150000,00:10:29.160000,will write here that would be considered
00:10:29.160000,00:10:33.269000,will write here that would be considered as true so while true right so it will
00:10:33.269000,00:10:33.279000,as true so while true right so it will
00:10:33.279000,00:10:45.790000,as true so while true right so it will ask from the user what enter a
00:10:49.629000,00:10:49.639000,number so obviously you have to uh use
00:10:49.639000,00:10:51.870000,number so obviously you have to uh use you have to take a variable you have to
00:10:51.870000,00:10:51.880000,you have to take a variable you have to
00:10:51.880000,00:10:54.829000,you have to take a variable you have to initialize a variable suppose in
00:10:54.829000,00:10:54.839000,initialize a variable suppose in
00:10:54.839000,00:10:58.550000,initialize a variable suppose in Num so C in in Num variable I'm going to
00:10:58.550000,00:10:58.560000,Num so C in in Num variable I'm going to
00:10:58.560000,00:10:59.550000,Num so C in in Num variable I'm going to take this
00:10:59.550000,00:10:59.560000,take this
00:10:59.560000,00:11:02.190000,take this and obviously we will also take a
00:11:02.190000,00:11:02.200000,and obviously we will also take a
00:11:02.200000,00:11:04.750000,and obviously we will also take a total for some total is equal to it
00:11:04.750000,00:11:04.760000,total for some total is equal to it
00:11:04.760000,00:11:07.910000,total for some total is equal to it starting let's initialize it with zero
00:11:07.910000,00:11:07.920000,starting let's initialize it with zero
00:11:07.920000,00:11:09.430000,starting let's initialize it with zero otherwise it will give some garbage
00:11:09.430000,00:11:09.440000,otherwise it will give some garbage
00:11:09.440000,00:11:13.750000,otherwise it will give some garbage value so in starting it will zero right
00:11:13.750000,00:11:13.760000,value so in starting it will zero right
00:11:13.760000,00:11:16.670000,value so in starting it will zero right here we have a red line okay there's two
00:11:16.670000,00:11:16.680000,here we have a red line okay there's two
00:11:16.680000,00:11:18.350000,here we have a red line okay there's two these operators
00:11:18.350000,00:11:18.360000,these operators
00:11:18.360000,00:11:19.550000,these operators right
00:11:19.550000,00:11:19.560000,right
00:11:19.560000,00:11:22.190000,right [Music]
00:11:22.190000,00:11:22.200000,[Music]
00:11:22.200000,00:11:24.990000,[Music] now you have to do total so total
00:11:24.990000,00:11:25,now you have to do total so total
00:11:25,00:11:28.069000,now you have to do total so total becomes this total plus equal to
00:11:28.069000,00:11:28.079000,becomes this total plus equal to
00:11:28.079000,00:11:29.470000,becomes this total plus equal to whatever the number you will enter this
00:11:29.470000,00:11:29.480000,whatever the number you will enter this
00:11:29.480000,00:11:31.389000,whatever the number you will enter this kind of thing but whenever you have to
00:11:31.389000,00:11:31.399000,kind of thing but whenever you have to
00:11:31.399000,00:11:35.750000,kind of thing but whenever you have to break if this number whatever you the
00:11:35.750000,00:11:35.760000,break if this number whatever you the
00:11:35.760000,00:11:37.269000,break if this number whatever you the number you have entered is less than
00:11:37.269000,00:11:37.279000,number you have entered is less than
00:11:37.279000,00:11:40.150000,number you have entered is less than zero means negative number then
00:11:40.150000,00:11:40.160000,zero means negative number then
00:11:40.160000,00:11:43.150000,zero means negative number then simply break
00:11:43.150000,00:11:43.160000,simply break
00:11:43.160000,00:11:45.590000,simply break right out of this while loop and after
00:11:45.590000,00:11:45.600000,right out of this while loop and after
00:11:45.600000,00:11:49.230000,right out of this while loop and after this y Loop let's print the
00:11:49.230000,00:11:49.240000,this y Loop let's print the
00:11:49.240000,00:11:52.949000,this y Loop let's print the total then return zero for successful
00:11:52.949000,00:11:52.959000,total then return zero for successful
00:11:52.959000,00:11:56.389000,total then return zero for successful completion right and let's run this but
00:11:56.389000,00:11:56.399000,completion right and let's run this but
00:11:56.399000,00:12:00.110000,completion right and let's run this but there is it's there's no error but but
00:12:00.110000,00:12:00.120000,there is it's there's no error but but
00:12:00.120000,00:12:03.269000,there is it's there's no error but but there's a bug in this code let me show
00:12:03.269000,00:12:03.279000,there's a bug in this code let me show
00:12:03.279000,00:12:06.269000,there's a bug in this code let me show you what is the case see it is asking me
00:12:06.269000,00:12:06.279000,you what is the case see it is asking me
00:12:06.279000,00:12:08.310000,you what is the case see it is asking me enter a number
00:12:08.310000,00:12:08.320000,enter a number
00:12:08.320000,00:12:11.670000,enter a number right so I'm entering here one again
00:12:11.670000,00:12:11.680000,right so I'm entering here one again
00:12:11.680000,00:12:14.990000,right so I'm entering here one again enter number I'm entering again one I am
00:12:14.990000,00:12:15,enter number I'm entering again one I am
00:12:15,00:12:17.910000,enter number I'm entering again one I am entering now minus one or Min -
00:12:17.910000,00:12:17.920000,entering now minus one or Min -
00:12:17.920000,00:12:21.069000,entering now minus one or Min - 6 so the sum it should give two because
00:12:21.069000,00:12:21.079000,6 so the sum it should give two because
00:12:21.079000,00:12:22.590000,6 so the sum it should give two because two number I have entered one one as
00:12:22.590000,00:12:22.600000,two number I have entered one one as
00:12:22.600000,00:12:24.110000,two number I have entered one one as soon as you enter negative number it
00:12:24.110000,00:12:24.120000,soon as you enter negative number it
00:12:24.120000,00:12:26.829000,soon as you enter negative number it should out be out of the loop so the sum
00:12:26.829000,00:12:26.839000,should out be out of the loop so the sum
00:12:26.839000,00:12:28.470000,should out be out of the loop so the sum it should give two but it is giving
00:12:28.470000,00:12:28.480000,it should give two but it is giving
00:12:28.480000,00:12:30.550000,it should give two but it is giving total is
00:12:30.550000,00:12:30.560000,total is
00:12:30.560000,00:12:34.670000,total is -4 why so because the problem is
00:12:34.670000,00:12:34.680000,-4 why so because the problem is
00:12:34.680000,00:12:37.269000,-4 why so because the problem is whenever you will enter one
00:12:37.269000,00:12:37.279000,whenever you will enter one
00:12:37.279000,00:12:40.310000,whenever you will enter one okay in Num we have one so in to in
00:12:40.310000,00:12:40.320000,okay in Num we have one so in to in
00:12:40.320000,00:12:43.710000,okay in Num we have one so in to in total we have now one now again 1 so 1 +
00:12:43.710000,00:12:43.720000,total we have now one now again 1 so 1 +
00:12:43.720000,00:12:46.670000,total we have now one now again 1 so 1 + 1 total becomes now 2 now I'm entering
00:12:46.670000,00:12:46.680000,1 total becomes now 2 now I'm entering
00:12:46.680000,00:12:50.629000,1 total becomes now 2 now I'm entering Min - 6 so first it will do total so
00:12:50.629000,00:12:50.639000,Min - 6 so first it will do total so
00:12:50.639000,00:12:52.230000,Min - 6 so first it will do total so total is equal to Total plus num total
00:12:52.230000,00:12:52.240000,total is equal to Total plus num total
00:12:52.240000,00:12:55.230000,total is equal to Total plus num total is 2 number is- 6 so it will become Min
00:12:55.230000,00:12:55.240000,is 2 number is- 6 so it will become Min
00:12:55.240000,00:12:57.790000,is 2 number is- 6 so it will become Min -4 and then this condition would be
00:12:57.790000,00:12:57.800000,-4 and then this condition would be
00:12:57.800000,00:12:59.269000,-4 and then this condition would be checked so this condition satis now it
00:12:59.269000,00:12:59.279000,checked so this condition satis now it
00:12:59.279000,00:13:01.629000,checked so this condition satis now it will break but this thing I don't want
00:13:01.629000,00:13:01.639000,will break but this thing I don't want
00:13:01.639000,00:13:02.990000,will break but this thing I don't want so you have
00:13:02.990000,00:13:03,so you have
00:13:03,00:13:04.870000,so you have to put
00:13:04.870000,00:13:04.880000,to put
00:13:04.880000,00:13:08.310000,to put this the logic this total
00:13:08.310000,00:13:08.320000,this the logic this total
00:13:08.320000,00:13:12.550000,this the logic this total logic after this break statement
00:13:12.550000,00:13:12.560000,logic after this break statement
00:13:12.560000,00:13:15.710000,logic after this break statement right this time it will give it will uh
00:13:15.710000,00:13:15.720000,right this time it will give it will uh
00:13:15.720000,00:13:17.629000,right this time it will give it will uh you know give the correct result so let
00:13:17.629000,00:13:17.639000,you know give the correct result so let
00:13:17.639000,00:13:20.870000,you know give the correct result so let me show
00:13:26.590000,00:13:26.600000,you enter number one then 1 then - 6 so
00:13:26.600000,00:13:30.389000,you enter number one then 1 then - 6 so see total is 2 now it's working fine so
00:13:30.389000,00:13:30.399000,see total is 2 now it's working fine so
00:13:30.399000,00:13:32.509000,see total is 2 now it's working fine so this is something like infinite Lo
00:13:32.509000,00:13:32.519000,this is something like infinite Lo
00:13:32.519000,00:13:34.230000,this is something like infinite Lo because this one is always true so the
00:13:34.230000,00:13:34.240000,because this one is always true so the
00:13:34.240000,00:13:36.269000,because this one is always true so the while this condition is always true so
00:13:36.269000,00:13:36.279000,while this condition is always true so
00:13:36.279000,00:13:37.670000,while this condition is always true so if this condition is always true if you
00:13:37.670000,00:13:37.680000,if this condition is always true if you
00:13:37.680000,00:13:39.990000,if this condition is always true if you don't put any break here then definitely
00:13:39.990000,00:13:40,don't put any break here then definitely
00:13:40,00:13:42.949000,don't put any break here then definitely it will be infinite Loop it would keep
00:13:42.949000,00:13:42.959000,it will be infinite Loop it would keep
00:13:42.959000,00:13:44.509000,it will be infinite Loop it would keep asking you enter number enter number
00:13:44.509000,00:13:44.519000,asking you enter number enter number
00:13:44.519000,00:13:47.829000,asking you enter number enter number enter number so to break to stop an
00:13:47.829000,00:13:47.839000,enter number so to break to stop an
00:13:47.839000,00:13:50.030000,enter number so to break to stop an infinite Loop we can use breake
00:13:50.030000,00:13:50.040000,infinite Loop we can use breake
00:13:50.040000,00:13:52.550000,infinite Loop we can use breake statement this is I think the most
00:13:52.550000,00:13:52.560000,statement this is I think the most
00:13:52.560000,00:13:54.749000,statement this is I think the most appropriate use of this breake
00:13:54.749000,00:13:54.759000,appropriate use of this breake
00:13:54.759000,00:13:57.430000,appropriate use of this breake statement to break or to stop an
00:13:57.430000,00:13:57.440000,statement to break or to stop an
00:13:57.440000,00:13:59.350000,statement to break or to stop an infinite R right
00:13:59.350000,00:13:59.360000,infinite R right
00:13:59.360000,00:14:01.550000,infinite R right so now we will use we can also use this
00:14:01.550000,00:14:01.560000,so now we will use we can also use this
00:14:01.560000,00:14:03.389000,so now we will use we can also use this within nested Loop let me show you that
00:14:03.389000,00:14:03.399000,within nested Loop let me show you that
00:14:03.399000,00:14:05.269000,within nested Loop let me show you that thing also okay I'll be using this in
00:14:05.269000,00:14:05.279000,thing also okay I'll be using this in
00:14:05.279000,00:14:07.949000,thing also okay I'll be using this in nested Loop nested Loop means if you
00:14:07.949000,00:14:07.959000,nested Loop nested Loop means if you
00:14:07.959000,00:14:10.790000,nested Loop nested Loop means if you have gone through my previous C++ sorry
00:14:10.790000,00:14:10.800000,have gone through my previous C++ sorry
00:14:10.800000,00:14:12.910000,have gone through my previous C++ sorry c playlist and there we have used uh we
00:14:12.910000,00:14:12.920000,c playlist and there we have used uh we
00:14:12.920000,00:14:14.550000,c playlist and there we have used uh we have discussed what is nested Loop and
00:14:14.550000,00:14:14.560000,have discussed what is nested Loop and
00:14:14.560000,00:14:17.150000,have discussed what is nested Loop and the need of nested Loop so that is Loop
00:14:17.150000,00:14:17.160000,the need of nested Loop so that is Loop
00:14:17.160000,00:14:19.269000,the need of nested Loop so that is Loop within a loop and these nested Loops are
00:14:19.269000,00:14:19.279000,within a loop and these nested Loops are
00:14:19.279000,00:14:21.230000,within a loop and these nested Loops are basically used to handle uh
00:14:21.230000,00:14:21.240000,basically used to handle uh
00:14:21.240000,00:14:23.110000,basically used to handle uh multi-dimensional arrays 2D array 3D
00:14:23.110000,00:14:23.120000,multi-dimensional arrays 2D array 3D
00:14:23.120000,00:14:24.949000,multi-dimensional arrays 2D array 3D array whenever you want to print that
00:14:24.949000,00:14:24.959000,array whenever you want to print that
00:14:24.959000,00:14:26.670000,array whenever you want to print that those pattern star pattern alphabet
00:14:26.670000,00:14:26.680000,those pattern star pattern alphabet
00:14:26.680000,00:14:30.310000,those pattern star pattern alphabet pattern so there we have 2D like rows
00:14:30.310000,00:14:30.320000,pattern so there we have 2D like rows
00:14:30.320000,00:14:32.150000,pattern so there we have 2D like rows and columns so to handle these things
00:14:32.150000,00:14:32.160000,and columns so to handle these things
00:14:32.160000,00:14:35.230000,and columns so to handle these things we'll discuss Ned Loop so Ned Loop means
00:14:35.230000,00:14:35.240000,we'll discuss Ned Loop so Ned Loop means
00:14:35.240000,00:14:39.790000,we'll discuss Ned Loop so Ned Loop means Loop within a loop right so let's take
00:14:39.790000,00:14:39.800000,Loop within a loop right so let's take
00:14:39.800000,00:14:43.069000,Loop within a loop right so let's take we have a four
00:14:46.949000,00:14:46.959000,Loop see n we will be discussing uh in
00:14:46.959000,00:14:50.030000,Loop see n we will be discussing uh in uh you know later videos in detail this
00:14:50.030000,00:14:50.040000,uh you know later videos in detail this
00:14:50.040000,00:14:53.150000,uh you know later videos in detail this is just brief Loop within a loop so in I
00:14:53.150000,00:14:53.160000,is just brief Loop within a loop so in I
00:14:53.160000,00:14:54.350000,is just brief Loop within a loop so in I is equal
00:14:54.350000,00:14:54.360000,is equal
00:14:54.360000,00:15:00.670000,is equal to 1 and this I should be less than
00:15:00.670000,00:15:00.680000,to 1 and this I should be less than
00:15:00.680000,00:15:03.030000,to 1 and this I should be less than three and I
00:15:03.030000,00:15:03.040000,three and I
00:15:03.040000,00:15:06.910000,three and I ++ right within this loop again I'm
00:15:06.910000,00:15:06.920000,++ right within this loop again I'm
00:15:06.920000,00:15:08.269000,++ right within this loop again I'm using one more
00:15:08.269000,00:15:08.279000,using one more
00:15:08.279000,00:15:12.269000,using one more Loop in suppose one variable is J any
00:15:12.269000,00:15:12.279000,Loop in suppose one variable is J any
00:15:12.279000,00:15:13.870000,Loop in suppose one variable is J any variable you can take I it's not like
00:15:13.870000,00:15:13.880000,variable you can take I it's not like
00:15:13.880000,00:15:15.749000,variable you can take I it's not like you have to take i j a b c x y z
00:15:15.749000,00:15:15.759000,you have to take i j a b c x y z
00:15:15.759000,00:15:18.069000,you have to take i j a b c x y z anything you can take again I'm
00:15:18.069000,00:15:18.079000,anything you can take again I'm
00:15:18.079000,00:15:22.189000,anything you can take again I'm initializing from Z J from one and J
00:15:22.189000,00:15:22.199000,initializing from Z J from one and J
00:15:22.199000,00:15:27.150000,initializing from Z J from one and J less than 5 and suppose semicolon
00:15:27.150000,00:15:27.160000,less than 5 and suppose semicolon
00:15:27.160000,00:15:29.150000,less than 5 and suppose semicolon j++ right
00:15:29.150000,00:15:29.160000,j++ right
00:15:29.160000,00:15:32.309000,j++ right and within this loop I want to print I
00:15:32.309000,00:15:32.319000,and within this loop I want to print I
00:15:32.319000,00:15:34.670000,and within this loop I want to print I and J values
00:15:34.670000,00:15:34.680000,and J values
00:15:34.680000,00:15:37.430000,and J values right and after printing both the
00:15:37.430000,00:15:37.440000,right and after printing both the
00:15:37.440000,00:15:40.990000,right and after printing both the values either you can use slash and or E
00:15:40.990000,00:15:41,values either you can use slash and or E
00:15:41,00:15:45.949000,values either you can use slash and or E and DL for new line
00:15:49.350000,00:15:49.360000,because okay this is the case right so
00:15:49.360000,00:15:50.629000,because okay this is the case right so after
00:15:50.629000,00:15:50.639000,after
00:15:50.639000,00:15:57.269000,after this return
00:16:00.670000,00:16:00.680000,zero so what it will print first I is
00:16:00.680000,00:16:02.790000,zero so what it will print first I is one condition true so it will enter here
00:16:02.790000,00:16:02.800000,one condition true so it will enter here
00:16:02.800000,00:16:05.230000,one condition true so it will enter here now J is one condition true enter here
00:16:05.230000,00:16:05.240000,now J is one condition true enter here
00:16:05.240000,00:16:07.030000,now J is one condition true enter here so first I will print one and one it
00:16:07.030000,00:16:07.040000,so first I will print one and one it
00:16:07.040000,00:16:09.269000,so first I will print one and one it will print I and J value now we are
00:16:09.269000,00:16:09.279000,will print I and J value now we are
00:16:09.279000,00:16:10.870000,will print I and J value now we are within this
00:16:10.870000,00:16:10.880000,within this
00:16:10.880000,00:16:14.749000,within this Loop right so now j++ now J becomes two
00:16:14.749000,00:16:14.759000,Loop right so now j++ now J becomes two
00:16:14.759000,00:16:18.030000,Loop right so now j++ now J becomes two so again it will print 1 2 now again j++
00:16:18.030000,00:16:18.040000,so again it will print 1 2 now again j++
00:16:18.040000,00:16:23.069000,so again it will print 1 2 now again j++ 1 3 1 4 1 5 sorry not 1 5 because I J is
00:16:23.069000,00:16:23.079000,1 3 1 4 1 5 sorry not 1 5 because I J is
00:16:23.079000,00:16:25.470000,1 3 1 4 1 5 sorry not 1 5 because I J is less than five so once J becomes five it
00:16:25.470000,00:16:25.480000,less than five so once J becomes five it
00:16:25.480000,00:16:29.350000,less than five so once J becomes five it will stop so till it will print 14 now
00:16:29.350000,00:16:29.360000,will stop so till it will print 14 now
00:16:29.360000,00:16:32.069000,will stop so till it will print 14 now as soon as J becomes five exit from this
00:16:32.069000,00:16:32.079000,as soon as J becomes five exit from this
00:16:32.079000,00:16:34.629000,as soon as J becomes five exit from this Loop now out of this inner loop now we
00:16:34.629000,00:16:34.639000,Loop now out of this inner loop now we
00:16:34.639000,00:16:37.069000,Loop now out of this inner loop now we are still in this outer loop if you're
00:16:37.069000,00:16:37.079000,are still in this outer loop if you're
00:16:37.079000,00:16:39.189000,are still in this outer loop if you're using nexted Loop then the out this Loop
00:16:39.189000,00:16:39.199000,using nexted Loop then the out this Loop
00:16:39.199000,00:16:40.870000,using nexted Loop then the out this Loop is known as outer loop and the within
00:16:40.870000,00:16:40.880000,is known as outer loop and the within
00:16:40.880000,00:16:43.509000,is known as outer loop and the within Loop is known as inner loop so now I ++
00:16:43.509000,00:16:43.519000,Loop is known as inner loop so now I ++
00:16:43.519000,00:16:46.150000,Loop is known as inner loop so now I ++ now I becomes two condition true again
00:16:46.150000,00:16:46.160000,now I becomes two condition true again
00:16:46.160000,00:16:49.949000,now I becomes two condition true again enter here now again J is be you know J
00:16:49.949000,00:16:49.959000,enter here now again J is be you know J
00:16:49.959000,00:16:50.790000,enter here now again J is be you know J will
00:16:50.790000,00:16:50.800000,will
00:16:50.800000,00:16:54.990000,will be repeating from one to 4 so 2 1 2 2 2
00:16:54.990000,00:16:55,be repeating from one to 4 so 2 1 2 2 2
00:16:55,00:16:56.269000,be repeating from one to 4 so 2 1 2 2 2 3 2
00:16:56.269000,00:16:56.279000,3 2
00:16:56.279000,00:16:58.870000,3 2 4 like this these thing would be be
00:16:58.870000,00:16:58.880000,4 like this these thing would be be
00:16:58.880000,00:17:02.230000,4 like this these thing would be be printed you can just dry run this right
00:17:02.230000,00:17:02.240000,printed you can just dry run this right
00:17:02.240000,00:17:03.430000,printed you can just dry run this right just note down this thing and you can
00:17:03.430000,00:17:03.440000,just note down this thing and you can
00:17:03.440000,00:17:07.510000,just note down this thing and you can dry run this okay we'll get an error I
00:17:07.510000,00:17:07.520000,dry run this okay we'll get an error I
00:17:07.520000,00:17:11.350000,dry run this okay we'll get an error I doesn't uh name uh type
00:17:11.350000,00:17:11.360000,doesn't uh name uh type
00:17:11.360000,00:17:14.029000,doesn't uh name uh type i+
00:17:14.029000,00:17:14.039000,i+
00:17:14.039000,00:17:17.909000,i+ okay it's okay let's run this I have
00:17:17.909000,00:17:17.919000,okay it's okay let's run this I have
00:17:17.919000,00:17:22.110000,okay it's okay let's run this I have selected that i+ so let's run this see
00:17:22.110000,00:17:22.120000,selected that i+ so let's run this see
00:17:22.120000,00:17:26.429000,selected that i+ so let's run this see i1 J should be let's decorate it a
00:17:26.429000,00:17:26.439000,i1 J should be let's decorate it a
00:17:26.439000,00:17:30.549000,i1 J should be let's decorate it a little bit J should be equal to and I
00:17:30.549000,00:17:30.559000,little bit J should be equal to and I
00:17:30.559000,00:17:34.110000,little bit J should be equal to and I equal
00:17:39.430000,00:17:39.440000,to now let's run this see i1 J1 1 2 1 3
00:17:39.440000,00:17:42.669000,to now let's run this see i1 J1 1 2 1 3 1 4 then 2 1 2 2 2 3 2 4 something like
00:17:42.669000,00:17:42.679000,1 4 then 2 1 2 2 2 3 2 4 something like
00:17:42.679000,00:17:45.110000,1 4 then 2 1 2 2 2 3 2 4 something like this but
00:17:45.110000,00:17:45.120000,this but
00:17:45.120000,00:17:47.830000,this but suppose here within this inner loop I
00:17:47.830000,00:17:47.840000,suppose here within this inner loop I
00:17:47.840000,00:17:54.549000,suppose here within this inner loop I want to break this if J equal equal to
00:17:54.549000,00:17:54.559000,want to break this if J equal equal to
00:17:54.559000,00:17:56.909000,want to break this if J equal equal to 3
00:17:56.909000,00:17:56.919000,3
00:17:56.919000,00:18:04.669000,3 then break
00:18:08.350000,00:18:08.360000,right so pause the video and let me just
00:18:08.360000,00:18:10.630000,right so pause the video and let me just show you let me just uh tell what will
00:18:10.630000,00:18:10.640000,show you let me just uh tell what will
00:18:10.640000,00:18:13.070000,show you let me just uh tell what will be the output here in this case in
00:18:13.070000,00:18:13.080000,be the output here in this case in
00:18:13.080000,00:18:15.669000,be the output here in this case in comment section let's run this now what
00:18:15.669000,00:18:15.679000,comment section let's run this now what
00:18:15.679000,00:18:22.630000,comment section let's run this now what output you will get see 1 1 1 2 then 2 1
00:18:22.630000,00:18:22.640000,output you will get see 1 1 1 2 then 2 1
00:18:22.640000,00:18:23.789000,output you will get see 1 1 1 2 then 2 1 2
00:18:23.789000,00:18:23.799000,2
00:18:23.799000,00:18:27.230000,2 2 because as soon as this J becomes
00:18:27.230000,00:18:27.240000,2 because as soon as this J becomes
00:18:27.240000,00:18:30.149000,2 because as soon as this J becomes three break break means now it is going
00:18:30.149000,00:18:30.159000,three break break means now it is going
00:18:30.159000,00:18:33.750000,three break break means now it is going to jump out from the innermost Loop
00:18:33.750000,00:18:33.760000,to jump out from the innermost Loop
00:18:33.760000,00:18:36.070000,to jump out from the innermost Loop only it's not like that if you are using
00:18:36.070000,00:18:36.080000,only it's not like that if you are using
00:18:36.080000,00:18:37.630000,only it's not like that if you are using brake you will be out from both the
00:18:37.630000,00:18:37.640000,brake you will be out from both the
00:18:37.640000,00:18:41.149000,brake you will be out from both the loops no because we are using this brake
00:18:41.149000,00:18:41.159000,loops no because we are using this brake
00:18:41.159000,00:18:42.789000,loops no because we are using this brake statement and nearest Loop for this
00:18:42.789000,00:18:42.799000,statement and nearest Loop for this
00:18:42.799000,00:18:44.789000,statement and nearest Loop for this brake statement is this Force this whole
00:18:44.789000,00:18:44.799000,brake statement is this Force this whole
00:18:44.799000,00:18:47.990000,brake statement is this Force this whole Loop so we'll be out from the innermost
00:18:47.990000,00:18:48,Loop so we'll be out from the innermost
00:18:48,00:18:50.590000,Loop so we'll be out from the innermost Loop when you using this in nested Loop
00:18:50.590000,00:18:50.600000,Loop when you using this in nested Loop
00:18:50.600000,00:18:52.750000,Loop when you using this in nested Loop we are not out from this outer loop I
00:18:52.750000,00:18:52.760000,we are not out from this outer loop I
00:18:52.760000,00:18:54.549000,we are not out from this outer loop I hope you got this this point is to be
00:18:54.549000,00:18:54.559000,hope you got this this point is to be
00:18:54.559000,00:18:57.590000,hope you got this this point is to be noted right so this is how we can
00:18:57.590000,00:18:57.600000,noted right so this is how we can
00:18:57.600000,00:18:59.430000,noted right so this is how we can implement the break statement within
00:18:59.430000,00:18:59.440000,implement the break statement within
00:18:59.440000,00:19:02.590000,implement the break statement within nested Loop in infinite Loop and simple
00:19:02.590000,00:19:02.600000,nested Loop in infinite Loop and simple
00:19:02.600000,00:19:03.990000,nested Loop in infinite Loop and simple Loop
00:19:03.990000,00:19:04,Loop
00:19:04,00:19:06.590000,Loop right now and you can use this within
00:19:06.590000,00:19:06.600000,right now and you can use this within
00:19:06.600000,00:19:08.830000,right now and you can use this within for Loop within y Loop within doy loop
00:19:08.830000,00:19:08.840000,for Loop within y Loop within doy loop
00:19:08.840000,00:19:11.350000,for Loop within y Loop within doy loop as well as in range based for loop as
00:19:11.350000,00:19:11.360000,as well as in range based for loop as
00:19:11.360000,00:19:14.510000,as well as in range based for loop as well right in doy Loop also you can you
00:19:14.510000,00:19:14.520000,well right in doy Loop also you can you
00:19:14.520000,00:19:16.510000,well right in doy Loop also you can you can implement this thing or you can
00:19:16.510000,00:19:16.520000,can implement this thing or you can
00:19:16.520000,00:19:19.310000,can implement this thing or you can implement this thing the some kind of
00:19:19.310000,00:19:19.320000,implement this thing the some kind of
00:19:19.320000,00:19:21.110000,implement this thing the some kind of thing in doy Loop and there you can use
00:19:21.110000,00:19:21.120000,thing in doy Loop and there you can use
00:19:21.120000,00:19:22.430000,thing in doy Loop and there you can use breake statement so this is for your
00:19:22.430000,00:19:22.440000,breake statement so this is for your
00:19:22.440000,00:19:25.149000,breake statement so this is for your assignment you have to implement this
00:19:25.149000,00:19:25.159000,assignment you have to implement this
00:19:25.159000,00:19:27.230000,assignment you have to implement this this program this
00:19:27.230000,00:19:27.240000,this program this
00:19:27.240000,00:19:30.149000,this program this program with do wide Loop and there you
00:19:30.149000,00:19:30.159000,program with do wide Loop and there you
00:19:30.159000,00:19:31.909000,program with do wide Loop and there you have to use breake statement right and
00:19:31.909000,00:19:31.919000,have to use breake statement right and
00:19:31.919000,00:19:33.470000,have to use breake statement right and if you want to use within range based
00:19:33.470000,00:19:33.480000,if you want to use within range based
00:19:33.480000,00:19:36.909000,if you want to use within range based for Loop see this is the previous uh in
00:19:36.909000,00:19:36.919000,for Loop see this is the previous uh in
00:19:36.919000,00:19:38.470000,for Loop see this is the previous uh in previous video we have discussed this
00:19:38.470000,00:19:38.480000,previous video we have discussed this
00:19:38.480000,00:19:40.789000,previous video we have discussed this this thing range based for Loop this is
00:19:40.789000,00:19:40.799000,this thing range based for Loop this is
00:19:40.799000,00:19:45.070000,this thing range based for Loop this is the synx for here like we have a
00:19:45.070000,00:19:45.080000,the synx for here like we have a
00:19:45.080000,00:19:47.990000,the synx for here like we have a variable car c you can take or where you
00:19:47.990000,00:19:48,variable car c you can take or where you
00:19:48,00:19:51.310000,variable car c you can take or where you can take Auto right and here we have a
00:19:51.310000,00:19:51.320000,can take Auto right and here we have a
00:19:51.320000,00:19:53.710000,can take Auto right and here we have a string J so if you take Auto then the
00:19:53.710000,00:19:53.720000,string J so if you take Auto then the
00:19:53.720000,00:19:55.669000,string J so if you take Auto then the type of this C becomes automatically
00:19:55.669000,00:19:55.679000,type of this C becomes automatically
00:19:55.679000,00:19:58.270000,type of this C becomes automatically whatever the type of this string right
00:19:58.270000,00:19:58.280000,whatever the type of this string right
00:19:58.280000,00:19:59.990000,whatever the type of this string right so it will become automatically care and
00:19:59.990000,00:20:00,so it will become automatically care and
00:20:00,00:20:02.230000,so it will become automatically care and we are going to print C so if you run
00:20:02.230000,00:20:02.240000,we are going to print C so if you run
00:20:02.240000,00:20:05.830000,we are going to print C so if you run this then it will print
00:20:09.430000,00:20:09.440000,jatri okay there is some error I have
00:20:09.440000,00:20:12.230000,jatri okay there is some error I have selected this thing let's run
00:20:12.230000,00:20:12.240000,selected this thing let's run
00:20:12.240000,00:20:16.029000,selected this thing let's run this see it will print J but what if I
00:20:16.029000,00:20:16.039000,this see it will print J but what if I
00:20:16.039000,00:20:18.950000,this see it will print J but what if I want to stop if you got a space then
00:20:18.950000,00:20:18.960000,want to stop if you got a space then
00:20:18.960000,00:20:21.510000,want to stop if you got a space then stop break out of this range B for Loop
00:20:21.510000,00:20:21.520000,stop break out of this range B for Loop
00:20:21.520000,00:20:25.590000,stop break out of this range B for Loop then we can use here also if this c
00:20:25.590000,00:20:25.600000,then we can use here also if this c
00:20:25.600000,00:20:31.470000,then we can use here also if this c equal to equal to a space just a space
00:20:31.470000,00:20:31.480000,equal to equal to a space just a space
00:20:31.480000,00:20:33.230000,equal to equal to a space just a space then
00:20:33.230000,00:20:33.240000,then
00:20:33.240000,00:20:34.830000,then use
00:20:34.830000,00:20:34.840000,use
00:20:34.840000,00:20:37.310000,use breake here I'm not using those curly
00:20:37.310000,00:20:37.320000,breake here I'm not using those curly
00:20:37.320000,00:20:39.830000,breake here I'm not using those curly bracket curly braces because if there's
00:20:39.830000,00:20:39.840000,bracket curly braces because if there's
00:20:39.840000,00:20:42.510000,bracket curly braces because if there's one statement only Within These Loop or
00:20:42.510000,00:20:42.520000,one statement only Within These Loop or
00:20:42.520000,00:20:45.390000,one statement only Within These Loop or within the IFL statement you can simply
00:20:45.390000,00:20:45.400000,within the IFL statement you can simply
00:20:45.400000,00:20:49.909000,within the IFL statement you can simply avoid that Curly braet right then break
00:20:49.909000,00:20:49.919000,avoid that Curly braet right then break
00:20:49.919000,00:20:52.950000,avoid that Curly braet right then break otherwise print C now pause the video
00:20:52.950000,00:20:52.960000,otherwise print C now pause the video
00:20:52.960000,00:20:54.310000,otherwise print C now pause the video and let me know in comment section what
00:20:54.310000,00:20:54.320000,and let me know in comment section what
00:20:54.320000,00:20:56.029000,and let me know in comment section what would be the
00:20:56.029000,00:20:56.039000,would be the
00:20:56.039000,00:20:58.669000,would be the output let's run this
00:20:58.669000,00:20:58.679000,output let's run this
00:20:58.679000,00:21:01.070000,output let's run this it will print only Jenny because as soon
00:21:01.070000,00:21:01.080000,it will print only Jenny because as soon
00:21:01.080000,00:21:04.390000,it will print only Jenny because as soon as after Jenny it will get a space break
00:21:04.390000,00:21:04.400000,as after Jenny it will get a space break
00:21:04.400000,00:21:06.350000,as after Jenny it will get a space break out of this range bed for Loop so no cut
00:21:06.350000,00:21:06.360000,out of this range bed for Loop so no cut
00:21:06.360000,00:21:08.390000,out of this range bed for Loop so no cut would be printed this is how we can use
00:21:08.390000,00:21:08.400000,would be printed this is how we can use
00:21:08.400000,00:21:10.750000,would be printed this is how we can use this break in within this range Bas for
00:21:10.750000,00:21:10.760000,this break in within this range Bas for
00:21:10.760000,00:21:13.310000,this break in within this range Bas for Loop also I hope you got this now if you
00:21:13.310000,00:21:13.320000,Loop also I hope you got this now if you
00:21:13.320000,00:21:15.190000,Loop also I hope you got this now if you want to draw the flow chart then you can
00:21:15.190000,00:21:15.200000,want to draw the flow chart then you can
00:21:15.200000,00:21:17.870000,want to draw the flow chart then you can try this out or let me just show you
00:21:17.870000,00:21:17.880000,try this out or let me just show you
00:21:17.880000,00:21:20.029000,try this out or let me just show you what is the flow chart of this break
00:21:20.029000,00:21:20.039000,what is the flow chart of this break
00:21:20.039000,00:21:22.070000,what is the flow chart of this break statement so I hope you have drawn the
00:21:22.070000,00:21:22.080000,statement so I hope you have drawn the
00:21:22.080000,00:21:25.549000,statement so I hope you have drawn the flow chart maybe it's not exactly as I
00:21:25.549000,00:21:25.559000,flow chart maybe it's not exactly as I
00:21:25.559000,00:21:28.710000,flow chart maybe it's not exactly as I have drawn but it's okay the logic you
00:21:28.710000,00:21:28.720000,have drawn but it's okay the logic you
00:21:28.720000,00:21:31.590000,have drawn but it's okay the logic you have to draw in a flowchart like how
00:21:31.590000,00:21:31.600000,have to draw in a flowchart like how
00:21:31.600000,00:21:33.230000,have to draw in a flowchart like how this is working the working of breake
00:21:33.230000,00:21:33.240000,this is working the working of breake
00:21:33.240000,00:21:35.870000,this is working the working of breake statement so first we have the condition
00:21:35.870000,00:21:35.880000,statement so first we have the condition
00:21:35.880000,00:21:38.390000,statement so first we have the condition in any Loop if you want to enter into
00:21:38.390000,00:21:38.400000,in any Loop if you want to enter into
00:21:38.400000,00:21:40.110000,in any Loop if you want to enter into that Loop if that condition is true then
00:21:40.110000,00:21:40.120000,that Loop if that condition is true then
00:21:40.120000,00:21:41.430000,that Loop if that condition is true then we will enter into the loop that means
00:21:41.430000,00:21:41.440000,we will enter into the loop that means
00:21:41.440000,00:21:43.630000,we will enter into the loop that means the body of the loop will be executed
00:21:43.630000,00:21:43.640000,the body of the loop will be executed
00:21:43.640000,00:21:45.750000,the body of the loop will be executed and that condition is false me directly
00:21:45.750000,00:21:45.760000,and that condition is false me directly
00:21:45.760000,00:21:47.870000,and that condition is false me directly out of the loop means the code after
00:21:47.870000,00:21:47.880000,out of the loop means the code after
00:21:47.880000,00:21:50.390000,out of the loop means the code after Loop body will be executed right now
00:21:50.390000,00:21:50.400000,Loop body will be executed right now
00:21:50.400000,00:21:52.590000,Loop body will be executed right now within this body of the loop you will
00:21:52.590000,00:21:52.600000,within this body of the loop you will
00:21:52.600000,00:21:55.990000,within this body of the loop you will get a condition to break from the loop
00:21:55.990000,00:21:56,get a condition to break from the loop
00:21:56,00:21:58.350000,get a condition to break from the loop if that condition is true then break
00:21:58.350000,00:21:58.360000,if that condition is true then break
00:21:58.360000,00:22:00.590000,if that condition is true then break statement will be executed and will be
00:22:00.590000,00:22:00.600000,statement will be executed and will be
00:22:00.600000,00:22:02.470000,statement will be executed and will be jump off of the loop means directly the
00:22:02.470000,00:22:02.480000,jump off of the loop means directly the
00:22:02.480000,00:22:03.870000,jump off of the loop means directly the code which is written after the loop
00:22:03.870000,00:22:03.880000,code which is written after the loop
00:22:03.880000,00:22:06.230000,code which is written after the loop body will be executed but if this
00:22:06.230000,00:22:06.240000,body will be executed but if this
00:22:06.240000,00:22:08.390000,body will be executed but if this condition is false then no break
00:22:08.390000,00:22:08.400000,condition is false then no break
00:22:08.400000,00:22:11.110000,condition is false then no break statement and again the body of the loop
00:22:11.110000,00:22:11.120000,statement and again the body of the loop
00:22:11.120000,00:22:14.110000,statement and again the body of the loop would be executed right I hope you got
00:22:14.110000,00:22:14.120000,would be executed right I hope you got
00:22:14.120000,00:22:16.549000,would be executed right I hope you got this fine now in the next video we'll
00:22:16.549000,00:22:16.559000,this fine now in the next video we'll
00:22:16.559000,00:22:18.830000,this fine now in the next video we'll see continue statement right so now I'll
00:22:18.830000,00:22:18.840000,see continue statement right so now I'll
00:22:18.840000,00:22:20.710000,see continue statement right so now I'll see in the next video then bye-bye take
00:22:20.710000,00:22:20.720000,see in the next video then bye-bye take
00:22:20.720000,00:22:23.240000,see in the next video then bye-bye take care
