Start Time,End Time,Text
00:00:01.990000,00:00:02,hey everyone I hope you are safe and
00:00:02,00:00:03.709000,hey everyone I hope you are safe and doing good so in the series of learning
00:00:03.709000,00:00:03.719000,doing good so in the series of learning
00:00:03.719000,00:00:05.190000,doing good so in the series of learning C++ programming language we are
00:00:05.190000,00:00:05.200000,C++ programming language we are
00:00:05.200000,00:00:07.190000,C++ programming language we are discussing arrays in C++ in the previous
00:00:07.190000,00:00:07.200000,discussing arrays in C++ in the previous
00:00:07.200000,00:00:10.310000,discussing arrays in C++ in the previous video we have seen what is need of array
00:00:10.310000,00:00:10.320000,video we have seen what is need of array
00:00:10.320000,00:00:12.950000,video we have seen what is need of array why you use array and what is an array
00:00:12.950000,00:00:12.960000,why you use array and what is an array
00:00:12.960000,00:00:14.430000,why you use array and what is an array how to declare an array how to
00:00:14.430000,00:00:14.440000,how to declare an array how to
00:00:14.440000,00:00:16.550000,how to declare an array how to initialize an array at compile time and
00:00:16.550000,00:00:16.560000,initialize an array at compile time and
00:00:16.560000,00:00:18.429000,initialize an array at compile time and at run time this thing we have seen
00:00:18.429000,00:00:18.439000,at run time this thing we have seen
00:00:18.439000,00:00:22.230000,at run time this thing we have seen right now the next thing in arrays are
00:00:22.230000,00:00:22.240000,right now the next thing in arrays are
00:00:22.240000,00:00:23.870000,right now the next thing in arrays are the memory representation of array
00:00:23.870000,00:00:23.880000,the memory representation of array
00:00:23.880000,00:00:26.070000,the memory representation of array elements and how to access array
00:00:26.070000,00:00:26.080000,elements and how to access array
00:00:26.080000,00:00:28.070000,elements and how to access array elements these things these two things
00:00:28.070000,00:00:28.080000,elements these things these two things
00:00:28.080000,00:00:29.990000,elements these things these two things we'll be discussing in this video right
00:00:29.990000,00:00:30,we'll be discussing in this video right
00:00:30,00:00:31.790000,we'll be discussing in this video right Theory plus practical also we'll see
00:00:31.790000,00:00:31.800000,Theory plus practical also we'll see
00:00:31.800000,00:00:33.229000,Theory plus practical also we'll see with the help of program I'll show you
00:00:33.229000,00:00:33.239000,with the help of program I'll show you
00:00:33.239000,00:00:36.630000,with the help of program I'll show you on my laptop right now before moving
00:00:36.630000,00:00:36.640000,on my laptop right now before moving
00:00:36.640000,00:00:38.790000,on my laptop right now before moving further let me just tell you one thing
00:00:38.790000,00:00:38.800000,further let me just tell you one thing
00:00:38.800000,00:00:41.190000,further let me just tell you one thing if you are preparing for gate 2024 then
00:00:41.190000,00:00:41.200000,if you are preparing for gate 2024 then
00:00:41.200000,00:00:43.549000,if you are preparing for gate 2024 then I have an exciting news for you guys an
00:00:43.549000,00:00:43.559000,I have an exciting news for you guys an
00:00:43.559000,00:00:45.630000,I have an exciting news for you guys an academy is conducting all India mock
00:00:45.630000,00:00:45.640000,academy is conducting all India mock
00:00:45.640000,00:00:48.990000,academy is conducting all India mock test for gate 2024 aspirants which is on
00:00:48.990000,00:00:49,test for gate 2024 aspirants which is on
00:00:49,00:00:51.990000,test for gate 2024 aspirants which is on 24th of December and the important point
00:00:51.990000,00:00:52,24th of December and the important point
00:00:52,00:00:54.310000,24th of December and the important point about this is you can enroll for this
00:00:54.310000,00:00:54.320000,about this is you can enroll for this
00:00:54.320000,00:00:56.270000,about this is you can enroll for this test freely you don't need to pay
00:00:56.270000,00:00:56.280000,test freely you don't need to pay
00:00:56.280000,00:00:58.310000,test freely you don't need to pay anything right the link you'll get in
00:00:58.310000,00:00:58.320000,anything right the link you'll get in
00:00:58.320000,00:01:00.270000,anything right the link you'll get in the description box of this video right
00:01:00.270000,00:01:00.280000,the description box of this video right
00:01:00.280000,00:01:03.470000,the description box of this video right now why this teste is so special because
00:01:03.470000,00:01:03.480000,now why this teste is so special because
00:01:03.480000,00:01:06.149000,now why this teste is so special because here you get a chance to win up to 100%
00:01:06.149000,00:01:06.159000,here you get a chance to win up to 100%
00:01:06.159000,00:01:09.749000,here you get a chance to win up to 100% scholarship Yes you heard it right plus
00:01:09.749000,00:01:09.759000,scholarship Yes you heard it right plus
00:01:09.759000,00:01:13.109000,scholarship Yes you heard it right plus it is all India live mock test so uh you
00:01:13.109000,00:01:13.119000,it is all India live mock test so uh you
00:01:13.119000,00:01:15.230000,it is all India live mock test so uh you have a chance to compete with thousands
00:01:15.230000,00:01:15.240000,have a chance to compete with thousands
00:01:15.240000,00:01:16.990000,have a chance to compete with thousands of Learners from all over India and you
00:01:16.990000,00:01:17,of Learners from all over India and you
00:01:17,00:01:19.469000,of Learners from all over India and you will get your all India ranking and by
00:01:19.469000,00:01:19.479000,will get your all India ranking and by
00:01:19.479000,00:01:20.789000,will get your all India ranking and by that you will get to know where you
00:01:20.789000,00:01:20.799000,that you will get to know where you
00:01:20.799000,00:01:23.950000,that you will get to know where you stand among the other Learners right how
00:01:23.950000,00:01:23.960000,stand among the other Learners right how
00:01:23.960000,00:01:26.190000,stand among the other Learners right how your preparation is going on so actually
00:01:26.190000,00:01:26.200000,your preparation is going on so actually
00:01:26.200000,00:01:28.350000,your preparation is going on so actually it's right time to test your uh gate
00:01:28.350000,00:01:28.360000,it's right time to test your uh gate
00:01:28.360000,00:01:30.429000,it's right time to test your uh gate preparation and this test has been
00:01:30.429000,00:01:30.439000,preparation and this test has been
00:01:30.439000,00:01:33.389000,preparation and this test has been created by their top Educators based on
00:01:33.389000,00:01:33.399000,created by their top Educators based on
00:01:33.399000,00:01:37.149000,created by their top Educators based on the latest exam exam pattern right so
00:01:37.149000,00:01:37.159000,the latest exam exam pattern right so
00:01:37.159000,00:01:39.830000,the latest exam exam pattern right so you will get here actual exam like
00:01:39.830000,00:01:39.840000,you will get here actual exam like
00:01:39.840000,00:01:41.749000,you will get here actual exam like experience which is definitely help you
00:01:41.749000,00:01:41.759000,experience which is definitely help you
00:01:41.759000,00:01:43.389000,experience which is definitely help you when you are going to sit in actual gate
00:01:43.389000,00:01:43.399000,when you are going to sit in actual gate
00:01:43.399000,00:01:46.270000,when you are going to sit in actual gate exam so the enrollment link and the
00:01:46.270000,00:01:46.280000,exam so the enrollment link and the
00:01:46.280000,00:01:48.630000,exam so the enrollment link and the other information related to this exam
00:01:48.630000,00:01:48.640000,other information related to this exam
00:01:48.640000,00:01:50.270000,other information related to this exam I'll put in the description box of this
00:01:50.270000,00:01:50.280000,I'll put in the description box of this
00:01:50.280000,00:01:52.389000,I'll put in the description box of this video you can go and check out right now
00:01:52.389000,00:01:52.399000,video you can go and check out right now
00:01:52.399000,00:01:54.870000,video you can go and check out right now let's discuss memory representation of
00:01:54.870000,00:01:54.880000,let's discuss memory representation of
00:01:54.880000,00:01:57.990000,let's discuss memory representation of array elements see we have discussed if
00:01:57.990000,00:01:58,array elements see we have discussed if
00:01:58,00:02:00.630000,array elements see we have discussed if I want to take array of five elements
00:02:00.630000,00:02:00.640000,I want to take array of five elements
00:02:00.640000,00:02:02.510000,I want to take array of five elements and I want to initialize it at this time
00:02:02.510000,00:02:02.520000,and I want to initialize it at this time
00:02:02.520000,00:02:05.310000,and I want to initialize it at this time only like 1 2 Z only three elements I
00:02:05.310000,00:02:05.320000,only like 1 2 Z only three elements I
00:02:05.320000,00:02:07.950000,only like 1 2 Z only three elements I have so remaining elements would be zero
00:02:07.950000,00:02:07.960000,have so remaining elements would be zero
00:02:07.960000,00:02:10.630000,have so remaining elements would be zero right data type name of aray size of
00:02:10.630000,00:02:10.640000,right data type name of aray size of
00:02:10.640000,00:02:12.150000,right data type name of aray size of aray and something like this if you
00:02:12.150000,00:02:12.160000,aray and something like this if you
00:02:12.160000,00:02:14.550000,aray and something like this if you don't give size here that is also fine
00:02:14.550000,00:02:14.560000,don't give size here that is also fine
00:02:14.560000,00:02:16.229000,don't give size here that is also fine size would be
00:02:16.229000,00:02:16.239000,size would be
00:02:16.239000,00:02:18.910000,size would be automatically uh you can say calculated
00:02:18.910000,00:02:18.920000,automatically uh you can say calculated
00:02:18.920000,00:02:21.630000,automatically uh you can say calculated right but here the size would be only
00:02:21.630000,00:02:21.640000,right but here the size would be only
00:02:21.640000,00:02:23.790000,right but here the size would be only three according to this because we have
00:02:23.790000,00:02:23.800000,three according to this because we have
00:02:23.800000,00:02:25.869000,three according to this because we have given three elements only but if suppose
00:02:25.869000,00:02:25.879000,given three elements only but if suppose
00:02:25.879000,00:02:30.229000,given three elements only but if suppose you give size five right so how in m
00:02:30.229000,00:02:30.239000,you give size five right so how in m
00:02:30.239000,00:02:31.869000,you give size five right so how in m this these array elements are to be
00:02:31.869000,00:02:31.879000,this these array elements are to be
00:02:31.879000,00:02:35.309000,this these array elements are to be stored so this is like we
00:02:35.309000,00:02:35.319000,stored so this is like we
00:02:35.319000,00:02:39.350000,stored so this is like we have memory memory blocks right
00:02:39.350000,00:02:39.360000,have memory memory blocks right
00:02:39.360000,00:02:42.630000,have memory memory blocks right something like this you can represent
00:02:42.630000,00:02:42.640000,something like this you can represent
00:02:42.640000,00:02:45.229000,something like this you can represent this horizontally or vertically it's up
00:02:45.229000,00:02:45.239000,this horizontally or vertically it's up
00:02:45.239000,00:02:47.470000,this horizontally or vertically it's up to you I'm comfortable with this thing
00:02:47.470000,00:02:47.480000,to you I'm comfortable with this thing
00:02:47.480000,00:02:50.750000,to you I'm comfortable with this thing horiz horizontally right so suppose one
00:02:50.750000,00:02:50.760000,horiz horizontally right so suppose one
00:02:50.760000,00:02:52.990000,horiz horizontally right so suppose one bite I don't know the address suppose
00:02:52.990000,00:02:53,bite I don't know the address suppose
00:02:53,00:02:54.949000,bite I don't know the address suppose the address of this one by I'm taking
00:02:54.949000,00:02:54.959000,the address of this one by I'm taking
00:02:54.959000,00:03:01.149000,the address of this one by I'm taking 100 101 102 103 104 5 six something like
00:03:01.149000,00:03:01.159000,100 101 102 103 104 5 six something like
00:03:01.159000,00:03:03.470000,100 101 102 103 104 5 six something like this right I don't know the address I'm
00:03:03.470000,00:03:03.480000,this right I don't know the address I'm
00:03:03.480000,00:03:06.309000,this right I don't know the address I'm just supposing the address of each bite
00:03:06.309000,00:03:06.319000,just supposing the address of each bite
00:03:06.319000,00:03:09.390000,just supposing the address of each bite right now how how much memory to be
00:03:09.390000,00:03:09.400000,right now how how much memory to be
00:03:09.400000,00:03:12.670000,right now how how much memory to be allocated first this would be calculated
00:03:12.670000,00:03:12.680000,allocated first this would be calculated
00:03:12.680000,00:03:16.229000,allocated first this would be calculated right so the type is integer integer
00:03:16.229000,00:03:16.239000,right so the type is integer integer
00:03:16.239000,00:03:19.110000,right so the type is integer integer will take four bytes five integer the
00:03:19.110000,00:03:19.120000,will take four bytes five integer the
00:03:19.120000,00:03:22.350000,will take four bytes five integer the size is five so 5 into 4 20 bytes would
00:03:22.350000,00:03:22.360000,size is five so 5 into 4 20 bytes would
00:03:22.360000,00:03:26.350000,size is five so 5 into 4 20 bytes would be allocated by the memory manager right
00:03:26.350000,00:03:26.360000,be allocated by the memory manager right
00:03:26.360000,00:03:29.110000,be allocated by the memory manager right and these bytes would be allocated
00:03:29.110000,00:03:29.120000,and these bytes would be allocated
00:03:29.120000,00:03:32.750000,and these bytes would be allocated contigous L memory like if I start from
00:03:32.750000,00:03:32.760000,contigous L memory like if I start from
00:03:32.760000,00:03:35.229000,contigous L memory like if I start from here if the memory manager has started
00:03:35.229000,00:03:35.239000,here if the memory manager has started
00:03:35.239000,00:03:36.990000,here if the memory manager has started to allocate memory for this array from
00:03:36.990000,00:03:37,to allocate memory for this array from
00:03:37,00:03:40.990000,to allocate memory for this array from here 100 so till sorry till uh till
00:03:40.990000,00:03:41,here 100 so till sorry till uh till
00:03:41,00:03:43.630000,here 100 so till sorry till uh till suppose here is last is the address of
00:03:43.630000,00:03:43.640000,suppose here is last is the address of
00:03:43.640000,00:03:47.030000,suppose here is last is the address of last bite would be 119 right from 100 to
00:03:47.030000,00:03:47.040000,last bite would be 119 right from 100 to
00:03:47.040000,00:03:50.789000,last bite would be 119 right from 100 to 119 so 20 bytes are there so
00:03:50.789000,00:03:50.799000,119 so 20 bytes are there so
00:03:50.799000,00:03:53.789000,119 so 20 bytes are there so these these Arrow elements are to be
00:03:53.789000,00:03:53.799000,these these Arrow elements are to be
00:03:53.799000,00:03:57.710000,these these Arrow elements are to be stored continuously in memory right in
00:03:57.710000,00:03:57.720000,stored continuously in memory right in
00:03:57.720000,00:04:00.350000,stored continuously in memory right in continuous memory locations
00:04:00.350000,00:04:00.360000,continuous memory locations
00:04:00.360000,00:04:02.830000,continuous memory locations so now one would be stored in these four
00:04:02.830000,00:04:02.840000,so now one would be stored in these four
00:04:02.840000,00:04:05.149000,so now one would be stored in these four bytes from here to
00:04:05.149000,00:04:05.159000,bytes from here to
00:04:05.159000,00:04:08.390000,bytes from here to here one would be stored in these four
00:04:08.390000,00:04:08.400000,here one would be stored in these four
00:04:08.400000,00:04:10.630000,here one would be stored in these four bytes right then here two would be
00:04:10.630000,00:04:10.640000,bytes right then here two would be
00:04:10.640000,00:04:12.750000,bytes right then here two would be stored in these four bytes then next
00:04:12.750000,00:04:12.760000,stored in these four bytes then next
00:04:12.760000,00:04:15.270000,stored in these four bytes then next four bytes the zero would be stored next
00:04:15.270000,00:04:15.280000,four bytes the zero would be stored next
00:04:15.280000,00:04:17.430000,four bytes the zero would be stored next four bytes again zero would be stored
00:04:17.430000,00:04:17.440000,four bytes again zero would be stored
00:04:17.440000,00:04:18.830000,four bytes again zero would be stored next four bytes again zero would be
00:04:18.830000,00:04:18.840000,next four bytes again zero would be
00:04:18.840000,00:04:21.310000,next four bytes again zero would be stored because only three elements we
00:04:21.310000,00:04:21.320000,stored because only three elements we
00:04:21.320000,00:04:22.590000,stored because only three elements we have given remaining two elements would
00:04:22.590000,00:04:22.600000,have given remaining two elements would
00:04:22.600000,00:04:26.749000,have given remaining two elements would be by default zero right so that is why
00:04:26.749000,00:04:26.759000,be by default zero right so that is why
00:04:26.759000,00:04:30.790000,be by default zero right so that is why if if more simply if I this then we can
00:04:30.790000,00:04:30.800000,if if more simply if I this then we can
00:04:30.800000,00:04:35.150000,if if more simply if I this then we can draw something like this 1 2 3 4 5 so 1
00:04:35.150000,00:04:35.160000,draw something like this 1 2 3 4 5 so 1
00:04:35.160000,00:04:38.390000,draw something like this 1 2 3 4 5 so 1 2 0 and remaining would be 0 0 so if the
00:04:38.390000,00:04:38.400000,2 0 and remaining would be 0 0 so if the
00:04:38.400000,00:04:41.670000,2 0 and remaining would be 0 0 so if the address is 100 next address would be 104
00:04:41.670000,00:04:41.680000,address is 100 next address would be 104
00:04:41.680000,00:04:44.430000,address is 100 next address would be 104 108 112 and
00:04:44.430000,00:04:44.440000,108 112 and
00:04:44.440000,00:04:48.350000,108 112 and 116 so now the name of this array is a
00:04:48.350000,00:04:48.360000,116 so now the name of this array is a
00:04:48.360000,00:04:51.710000,116 so now the name of this array is a and in a the address of first element is
00:04:51.710000,00:04:51.720000,and in a the address of first element is
00:04:51.720000,00:04:53.629000,and in a the address of first element is stored or you can say this is the Base
00:04:53.629000,00:04:53.639000,stored or you can say this is the Base
00:04:53.639000,00:04:55.469000,stored or you can say this is the Base address of this are Base address the
00:04:55.469000,00:04:55.479000,address of this are Base address the
00:04:55.479000,00:04:59.590000,address of this are Base address the starting address so in a the name of the
00:04:59.590000,00:04:59.600000,starting address so in a the name of the
00:04:59.600000,00:05:02.029000,starting address so in a the name of the array stores the address of the first
00:05:02.029000,00:05:02.039000,array stores the address of the first
00:05:02.039000,00:05:04.550000,array stores the address of the first element right so these are you know by
00:05:04.550000,00:05:04.560000,element right so these are you know by
00:05:04.560000,00:05:07.870000,element right so these are you know by default considered as pointers but
00:05:07.870000,00:05:07.880000,default considered as pointers but
00:05:07.880000,00:05:11.390000,default considered as pointers but sometimes know except sometimes if I use
00:05:11.390000,00:05:11.400000,sometimes know except sometimes if I use
00:05:11.400000,00:05:13.990000,sometimes know except sometimes if I use something like this size of operator
00:05:13.990000,00:05:14,something like this size of operator
00:05:14,00:05:16.590000,something like this size of operator with size of operator if I uh write down
00:05:16.590000,00:05:16.600000,with size of operator if I uh write down
00:05:16.600000,00:05:18.870000,with size of operator if I uh write down the name of this array here it is not
00:05:18.870000,00:05:18.880000,the name of this array here it is not
00:05:18.880000,00:05:20.590000,the name of this array here it is not considered as pointer it will give the
00:05:20.590000,00:05:20.600000,considered as pointer it will give the
00:05:20.600000,00:05:23.110000,considered as pointer it will give the size of this complete array not just the
00:05:23.110000,00:05:23.120000,size of this complete array not just the
00:05:23.120000,00:05:26.070000,size of this complete array not just the size of this pointer right so here are
00:05:26.070000,00:05:26.080000,size of this pointer right so here are
00:05:26.080000,00:05:29.070000,size of this pointer right so here are some situation where arrays array name
00:05:29.070000,00:05:29.080000,some situation where arrays array name
00:05:29.080000,00:05:31.990000,some situation where arrays array name is not considered by default you know as
00:05:31.990000,00:05:32,is not considered by default you know as
00:05:32,00:05:35.350000,is not considered by default you know as a pointer but other than that array
00:05:35.350000,00:05:35.360000,a pointer but other than that array
00:05:35.360000,00:05:38.270000,a pointer but other than that array names are implicitly considered as
00:05:38.270000,00:05:38.280000,names are implicitly considered as
00:05:38.280000,00:05:41.189000,names are implicitly considered as pointer right so you have to take care
00:05:41.189000,00:05:41.199000,pointer right so you have to take care
00:05:41.199000,00:05:45.029000,pointer right so you have to take care of this thing also now if I say m a it
00:05:45.029000,00:05:45.039000,of this thing also now if I say m a it
00:05:45.039000,00:05:48.550000,of this thing also now if I say m a it means it is indicating the Base address
00:05:48.550000,00:05:48.560000,means it is indicating the Base address
00:05:48.560000,00:05:51.749000,means it is indicating the Base address of the sing right so this is how memory
00:05:51.749000,00:05:51.759000,of the sing right so this is how memory
00:05:51.759000,00:05:54.350000,of the sing right so this is how memory is to be allocated now if I want to
00:05:54.350000,00:05:54.360000,is to be allocated now if I want to
00:05:54.360000,00:05:57.590000,is to be allocated now if I want to allocate memory to a second array
00:05:57.590000,00:05:57.600000,allocate memory to a second array
00:05:57.600000,00:06:01.309000,allocate memory to a second array suppose if I write down here here um
00:06:01.309000,00:06:01.319000,suppose if I write down here here um
00:06:01.319000,00:06:03.870000,suppose if I write down here here um float
00:06:03.870000,00:06:03.880000,float
00:06:03.880000,00:06:06.040000,float marks and
00:06:06.040000,00:06:06.050000,marks and
00:06:06.050000,00:06:07.710000,marks and [Music]
00:06:07.710000,00:06:07.720000,[Music]
00:06:07.720000,00:06:10.029000,[Music] 10 now you have to tell me in comment
00:06:10.029000,00:06:10.039000,10 now you have to tell me in comment
00:06:10.039000,00:06:12.029000,10 now you have to tell me in comment section how much memory is to be
00:06:12.029000,00:06:12.039000,section how much memory is to be
00:06:12.039000,00:06:15.550000,section how much memory is to be allocated right so same float is going
00:06:15.550000,00:06:15.560000,allocated right so same float is going
00:06:15.560000,00:06:18.909000,allocated right so same float is going to take 4 bytes 4 into 10 like 40 bytes
00:06:18.909000,00:06:18.919000,to take 4 bytes 4 into 10 like 40 bytes
00:06:18.919000,00:06:20.710000,to take 4 bytes 4 into 10 like 40 bytes is to be loated but continuous family
00:06:20.710000,00:06:20.720000,is to be loated but continuous family
00:06:20.720000,00:06:24.309000,is to be loated but continuous family location right if we are going to start
00:06:24.309000,00:06:24.319000,location right if we are going to start
00:06:24.319000,00:06:26.870000,location right if we are going to start it's not like that maybe from one uh
00:06:26.870000,00:06:26.880000,it's not like that maybe from one uh
00:06:26.880000,00:06:29.830000,it's not like that maybe from one uh here you can say from 120 Maybe from
00:06:29.830000,00:06:29.840000,here you can say from 120 Maybe from
00:06:29.840000,00:06:33.150000,here you can say from 120 Maybe from this 120 memories to be located to this
00:06:33.150000,00:06:33.160000,this 120 memories to be located to this
00:06:33.160000,00:06:35.670000,this 120 memories to be located to this Marx array or maybe from some other
00:06:35.670000,00:06:35.680000,Marx array or maybe from some other
00:06:35.680000,00:06:37.749000,Marx array or maybe from some other memory location maybe from 150 address
00:06:37.749000,00:06:37.759000,memory location maybe from 150 address
00:06:37.759000,00:06:39.390000,memory location maybe from 150 address or maybe from th000 address I'm just
00:06:39.390000,00:06:39.400000,or maybe from th000 address I'm just
00:06:39.400000,00:06:41.390000,or maybe from th000 address I'm just supposing this address it's not the
00:06:41.390000,00:06:41.400000,supposing this address it's not the
00:06:41.400000,00:06:43.629000,supposing this address it's not the actual address like 100 or 150 no I'm
00:06:43.629000,00:06:43.639000,actual address like 100 or 150 no I'm
00:06:43.639000,00:06:47.510000,actual address like 100 or 150 no I'm just supposing it right so maybe from
00:06:47.510000,00:06:47.520000,just supposing it right so maybe from
00:06:47.520000,00:06:50.070000,"just supposing it right so maybe from th000 address starting from 1,000 how"
00:06:50.070000,00:06:50.080000,"th000 address starting from 1,000 how"
00:06:50.080000,00:06:52.189000,"th000 address starting from 1,000 how much by is to be allocated for this 40"
00:06:52.189000,00:06:52.199000,much by is to be allocated for this 40
00:06:52.199000,00:06:56.390000,"much by is to be allocated for this 40 bytes continously in memory from 1,00 to"
00:06:56.390000,00:06:56.400000,"bytes continously in memory from 1,00 to"
00:06:56.400000,00:07:00.950000,"bytes continously in memory from 1,00 to 10 39 40 bytes right it's up to you know"
00:07:00.950000,00:07:00.960000,10 39 40 bytes right it's up to you know
00:07:00.960000,00:07:03.150000,10 39 40 bytes right it's up to you know how much data you store how much how
00:07:03.150000,00:07:03.160000,how much data you store how much how
00:07:03.160000,00:07:05.670000,how much data you store how much how many elements you store 1 2 3 4 or 10
00:07:05.670000,00:07:05.680000,many elements you store 1 2 3 4 or 10
00:07:05.680000,00:07:08.749000,many elements you store 1 2 3 4 or 10 elements right so this is how the uh you
00:07:08.749000,00:07:08.759000,elements right so this is how the uh you
00:07:08.759000,00:07:11.070000,elements right so this is how the uh you know the memory representation of the
00:07:11.070000,00:07:11.080000,know the memory representation of the
00:07:11.080000,00:07:13.230000,know the memory representation of the array elements so this is how the arrays
00:07:13.230000,00:07:13.240000,array elements so this is how the arrays
00:07:13.240000,00:07:15.230000,array elements so this is how the arrays elements are to be stored in memory
00:07:15.230000,00:07:15.240000,elements are to be stored in memory
00:07:15.240000,00:07:18.390000,elements are to be stored in memory right now how to access these Arrow
00:07:18.390000,00:07:18.400000,right now how to access these Arrow
00:07:18.400000,00:07:21.629000,right now how to access these Arrow elements if I have I'll show you
00:07:21.629000,00:07:21.639000,elements if I have I'll show you
00:07:21.639000,00:07:23.550000,elements if I have I'll show you practically also we'll just access we
00:07:23.550000,00:07:23.560000,practically also we'll just access we
00:07:23.560000,00:07:26.150000,practically also we'll just access we will print the memory address also of
00:07:26.150000,00:07:26.160000,will print the memory address also of
00:07:26.160000,00:07:29.670000,will print the memory address also of array elements don't worry if I write I
00:07:29.670000,00:07:29.680000,array elements don't worry if I write I
00:07:29.680000,00:07:33.189000,array elements don't worry if I write I have a int x
00:07:33.189000,00:07:33.199000,have a int x
00:07:33.199000,00:07:36.830000,have a int x 5 so if I want to access this just see
00:07:36.830000,00:07:36.840000,5 so if I want to access this just see
00:07:36.840000,00:07:39.029000,5 so if I want to access this just see out and X that's
00:07:39.029000,00:07:39.039000,out and X that's
00:07:39.039000,00:07:41.830000,out and X that's it but in Array I have three elements in
00:07:41.830000,00:07:41.840000,it but in Array I have three elements in
00:07:41.840000,00:07:43.350000,it but in Array I have three elements in this array I want to access these three
00:07:43.350000,00:07:43.360000,this array I want to access these three
00:07:43.360000,00:07:46.749000,this array I want to access these three elements so first thing randomly you can
00:07:46.749000,00:07:46.759000,elements so first thing randomly you can
00:07:46.759000,00:07:48.670000,elements so first thing randomly you can access any element directly you can
00:07:48.670000,00:07:48.680000,access any element directly you can
00:07:48.680000,00:07:50.990000,access any element directly you can access any any element of the array if
00:07:50.990000,00:07:51,access any any element of the array if
00:07:51,00:07:52.990000,access any any element of the array if you want to access zero directly you can
00:07:52.990000,00:07:53,you want to access zero directly you can
00:07:53,00:07:54.869000,you want to access zero directly you can access it's not like that you have to go
00:07:54.869000,00:07:54.879000,access it's not like that you have to go
00:07:54.879000,00:07:57.469000,access it's not like that you have to go from 1 to Z no directly you can access
00:07:57.469000,00:07:57.479000,from 1 to Z no directly you can access
00:07:57.479000,00:08:01.990000,from 1 to Z no directly you can access this zero how using indexing using index
00:08:01.990000,00:08:02,this zero how using indexing using index
00:08:02,00:08:04.510000,this zero how using indexing using index actually
00:08:04.510000,00:08:04.520000,actually
00:08:04.520000,00:08:07.869000,actually index now this is
00:08:07.869000,00:08:07.879000,index now this is
00:08:07.879000,00:08:12.790000,index now this is what main thing here index starts from
00:08:12.790000,00:08:12.800000,what main thing here index starts from
00:08:12.800000,00:08:18.510000,what main thing here index starts from zero in arrays so here 0 1 2 3 4 maybe
00:08:18.510000,00:08:18.520000,zero in arrays so here 0 1 2 3 4 maybe
00:08:18.520000,00:08:19.909000,zero in arrays so here 0 1 2 3 4 maybe you think
00:08:19.909000,00:08:19.919000,you think
00:08:19.919000,00:08:22.550000,you think that how to exis let me just show you
00:08:22.550000,00:08:22.560000,that how to exis let me just show you
00:08:22.560000,00:08:25.390000,that how to exis let me just show you the array name and in this these
00:08:25.390000,00:08:25.400000,the array name and in this these
00:08:25.400000,00:08:27.469000,the array name and in this these brackets are known as subscript just
00:08:27.469000,00:08:27.479000,brackets are known as subscript just
00:08:27.479000,00:08:29.869000,brackets are known as subscript just write down the index suppose
00:08:29.869000,00:08:29.879000,write down the index suppose
00:08:29.879000,00:08:33.269000,write down the index suppose if I simply if you don't know the index
00:08:33.269000,00:08:33.279000,if I simply if you don't know the index
00:08:33.279000,00:08:35.110000,if I simply if you don't know the index start from zero if I say I want to
00:08:35.110000,00:08:35.120000,start from zero if I say I want to
00:08:35.120000,00:08:36.790000,start from zero if I say I want to access the first element so obviously
00:08:36.790000,00:08:36.800000,access the first element so obviously
00:08:36.800000,00:08:38.509000,access the first element so obviously you will say the position of first
00:08:38.509000,00:08:38.519000,you will say the position of first
00:08:38.519000,00:08:40.909000,you will say the position of first element I think should be one so it
00:08:40.909000,00:08:40.919000,element I think should be one so it
00:08:40.919000,00:08:43.029000,element I think should be one so it should be a of one means a of one will
00:08:43.029000,00:08:43.039000,should be a of one means a of one will
00:08:43.039000,00:08:45.670000,should be a of one means a of one will give you first element a of two will
00:08:45.670000,00:08:45.680000,give you first element a of two will
00:08:45.680000,00:08:48.230000,give you first element a of two will give you second element but no that is
00:08:48.230000,00:08:48.240000,give you second element but no that is
00:08:48.240000,00:08:50.470000,give you second element but no that is not a case if you want to access the
00:08:50.470000,00:08:50.480000,not a case if you want to access the
00:08:50.480000,00:08:54.430000,not a case if you want to access the first element then index would be zero
00:08:54.430000,00:08:54.440000,first element then index would be zero
00:08:54.440000,00:08:57.389000,first element then index would be zero now why this index start from
00:08:57.389000,00:08:57.399000,now why this index start from
00:08:57.399000,00:09:00.190000,now why this index start from zero actually there was a programming
00:09:00.190000,00:09:00.200000,zero actually there was a programming
00:09:00.200000,00:09:03.230000,zero actually there was a programming language bcpm they designed this
00:09:03.230000,00:09:03.240000,language bcpm they designed this
00:09:03.240000,00:09:06.389000,language bcpm they designed this language you know uh Martin Richard that
00:09:06.389000,00:09:06.399000,language you know uh Martin Richard that
00:09:06.399000,00:09:08.470000,language you know uh Martin Richard that they designed arrays in that language in
00:09:08.470000,00:09:08.480000,they designed arrays in that language in
00:09:08.480000,00:09:10.750000,they designed arrays in that language in such a way that it would be initiating
00:09:10.750000,00:09:10.760000,such a way that it would be initiating
00:09:10.760000,00:09:14.670000,such a way that it would be initiating from zero Index right and after that b
00:09:14.670000,00:09:14.680000,from zero Index right and after that b
00:09:14.680000,00:09:16.389000,from zero Index right and after that b language comes after that c language
00:09:16.389000,00:09:16.399000,language comes after that c language
00:09:16.399000,00:09:18.110000,language comes after that c language comes and they followed the same pattern
00:09:18.110000,00:09:18.120000,comes and they followed the same pattern
00:09:18.120000,00:09:20.710000,comes and they followed the same pattern and C language actually becom so popular
00:09:20.710000,00:09:20.720000,and C language actually becom so popular
00:09:20.720000,00:09:24.269000,and C language actually becom so popular that all the other languages considered
00:09:24.269000,00:09:24.279000,that all the other languages considered
00:09:24.279000,00:09:25.990000,that all the other languages considered consider c as a base language so they
00:09:25.990000,00:09:26,consider c as a base language so they
00:09:26,00:09:28.150000,consider c as a base language so they follow the same pattern right although
00:09:28.150000,00:09:28.160000,follow the same pattern right although
00:09:28.160000,00:09:30.790000,follow the same pattern right although we have some except cases also like
00:09:30.790000,00:09:30.800000,we have some except cases also like
00:09:30.800000,00:09:34.949000,we have some except cases also like language mat lab Lua and I think Small
00:09:34.949000,00:09:34.959000,language mat lab Lua and I think Small
00:09:34.959000,00:09:39.269000,language mat lab Lua and I think Small Talk Pascal these languages Visual Basic
00:09:39.269000,00:09:39.279000,Talk Pascal these languages Visual Basic
00:09:39.279000,00:09:43.910000,Talk Pascal these languages Visual Basic in that array starts from not from zero
00:09:43.910000,00:09:43.920000,in that array starts from not from zero
00:09:43.920000,00:09:46.030000,in that array starts from not from zero right so there are exception languages
00:09:46.030000,00:09:46.040000,right so there are exception languages
00:09:46.040000,00:09:47.230000,right so there are exception languages also it's not like that all the
00:09:47.230000,00:09:47.240000,also it's not like that all the
00:09:47.240000,00:09:49.310000,also it's not like that all the programming language consider this
00:09:49.310000,00:09:49.320000,programming language consider this
00:09:49.320000,00:09:52.710000,programming language consider this pattern and array starts from zero index
00:09:52.710000,00:09:52.720000,pattern and array starts from zero index
00:09:52.720000,00:09:57.110000,pattern and array starts from zero index no but why now this in C language
00:09:57.110000,00:09:57.120000,no but why now this in C language
00:09:57.120000,00:10:00.870000,no but why now this in C language actually this index I mean this actually
00:10:00.870000,00:10:00.880000,actually this index I mean this actually
00:10:00.880000,00:10:03.350000,actually this index I mean this actually we call this Index this subscript this
00:10:03.350000,00:10:03.360000,we call this Index this subscript this
00:10:03.360000,00:10:06.590000,we call this Index this subscript this is actually offset it is not the
00:10:06.590000,00:10:06.600000,is actually offset it is not the
00:10:06.600000,00:10:08.790000,is actually offset it is not the position first position second position
00:10:08.790000,00:10:08.800000,position first position second position
00:10:08.800000,00:10:11.069000,position first position second position no it is actually
00:10:11.069000,00:10:11.079000,no it is actually
00:10:11.079000,00:10:12.630000,no it is actually offset
00:10:12.630000,00:10:12.640000,offset
00:10:12.640000,00:10:15.269000,offset means the number of or you can say the
00:10:15.269000,00:10:15.279000,means the number of or you can say the
00:10:15.279000,00:10:18.269000,means the number of or you can say the distance from the first element of the
00:10:18.269000,00:10:18.279000,distance from the first element of the
00:10:18.279000,00:10:20.870000,distance from the first element of the array right the distance from the
00:10:20.870000,00:10:20.880000,array right the distance from the
00:10:20.880000,00:10:22.069000,array right the distance from the array's
00:10:22.069000,00:10:22.079000,array's
00:10:22.079000,00:10:25.829000,array's head right so if I write here if I want
00:10:25.829000,00:10:25.839000,head right so if I write here if I want
00:10:25.839000,00:10:29.870000,head right so if I write here if I want to access this zero right so the
00:10:29.870000,00:10:29.880000,to access this zero right so the
00:10:29.880000,00:10:31.829000,to access this zero right so the distance from of this Zero from the
00:10:31.829000,00:10:31.839000,distance from of this Zero from the
00:10:31.839000,00:10:34.470000,distance from of this Zero from the first element is how much step you need
00:10:34.470000,00:10:34.480000,first element is how much step you need
00:10:34.480000,00:10:37.230000,first element is how much step you need to take to reach to this zero if you are
00:10:37.230000,00:10:37.240000,to take to reach to this zero if you are
00:10:37.240000,00:10:40.110000,to take to reach to this zero if you are here then one and two after taking two
00:10:40.110000,00:10:40.120000,here then one and two after taking two
00:10:40.120000,00:10:42.870000,here then one and two after taking two step you will reach to this zero so that
00:10:42.870000,00:10:42.880000,step you will reach to this zero so that
00:10:42.880000,00:10:44.710000,step you will reach to this zero so that is why index is two means this is
00:10:44.710000,00:10:44.720000,is why index is two means this is
00:10:44.720000,00:10:46.310000,is why index is two means this is actually the offset from the first
00:10:46.310000,00:10:46.320000,actually the offset from the first
00:10:46.320000,00:10:48.870000,actually the offset from the first element right if you want to exess the
00:10:48.870000,00:10:48.880000,element right if you want to exess the
00:10:48.880000,00:10:51.990000,element right if you want to exess the fourth element the last element so the
00:10:51.990000,00:10:52,fourth element the last element so the
00:10:52,00:10:54.550000,fourth element the last element so the last element in this arrays how much
00:10:54.550000,00:10:54.560000,last element in this arrays how much
00:10:54.560000,00:10:56.949000,last element in this arrays how much step away from the first element the
00:10:56.949000,00:10:56.959000,step away from the first element the
00:10:56.959000,00:10:59.710000,step away from the first element the distance so if you are here then one 1 2
00:10:59.710000,00:10:59.720000,distance so if you are here then one 1 2
00:10:59.720000,00:11:02.550000,distance so if you are here then one 1 2 3 4 if you take four step then you will
00:11:02.550000,00:11:02.560000,3 4 if you take four step then you will
00:11:02.560000,00:11:04.430000,3 4 if you take four step then you will reach to this last element that is why
00:11:04.430000,00:11:04.440000,reach to this last element that is why
00:11:04.440000,00:11:08.670000,reach to this last element that is why index is four right so the first element
00:11:08.670000,00:11:08.680000,index is four right so the first element
00:11:08.680000,00:11:11.190000,index is four right so the first element from the starting is how much step you
00:11:11.190000,00:11:11.200000,from the starting is how much step you
00:11:11.200000,00:11:13.670000,from the starting is how much step you need to take to reach to first element
00:11:13.670000,00:11:13.680000,need to take to reach to first element
00:11:13.680000,00:11:15.590000,need to take to reach to first element no step because first element is at
00:11:15.590000,00:11:15.600000,no step because first element is at
00:11:15.600000,00:11:18.470000,no step because first element is at starting only right that is why index is
00:11:18.470000,00:11:18.480000,starting only right that is why index is
00:11:18.480000,00:11:20.590000,starting only right that is why index is at zeroth element so this is actually an
00:11:20.590000,00:11:20.600000,at zeroth element so this is actually an
00:11:20.600000,00:11:25.430000,at zeroth element so this is actually an offset offset from the AR's head
00:11:25.430000,00:11:25.440000,offset offset from the AR's head
00:11:25.440000,00:11:29.110000,offset offset from the AR's head right and it makes we you know generally
00:11:29.110000,00:11:29.120000,right and it makes we you know generally
00:11:29.120000,00:11:31.710000,right and it makes we you know generally the second reason is what it makes uh
00:11:31.710000,00:11:31.720000,the second reason is what it makes uh
00:11:31.720000,00:11:34.350000,the second reason is what it makes uh you know simpler implementation of these
00:11:34.350000,00:11:34.360000,you know simpler implementation of these
00:11:34.360000,00:11:37.389000,you know simpler implementation of these things because in C arrays are closely
00:11:37.389000,00:11:37.399000,things because in C arrays are closely
00:11:37.399000,00:11:40.629000,things because in C arrays are closely tied with pointer pointer arithmetics I
00:11:40.629000,00:11:40.639000,tied with pointer pointer arithmetics I
00:11:40.639000,00:11:44.150000,tied with pointer pointer arithmetics I have told you right now in C many times
00:11:44.150000,00:11:44.160000,have told you right now in C many times
00:11:44.160000,00:11:46.310000,have told you right now in C many times this AR name is considered as pointer
00:11:46.310000,00:11:46.320000,this AR name is considered as pointer
00:11:46.320000,00:11:50.870000,this AR name is considered as pointer implicitly except few cases right so
00:11:50.870000,00:11:50.880000,implicitly except few cases right so
00:11:50.880000,00:11:52.629000,implicitly except few cases right so when you want to access actually if you
00:11:52.629000,00:11:52.639000,when you want to access actually if you
00:11:52.639000,00:11:54.790000,when you want to access actually if you want to exess any element in the array
00:11:54.790000,00:11:54.800000,want to exess any element in the array
00:11:54.800000,00:11:58.230000,want to exess any element in the array so we will write a of here the number
00:11:58.230000,00:11:58.240000,so we will write a of here the number
00:11:58.240000,00:12:00.430000,so we will write a of here the number Index right right so if I write here
00:12:00.430000,00:12:00.440000,Index right right so if I write here
00:12:00.440000,00:12:02.269000,Index right right so if I write here suppose I
00:12:02.269000,00:12:02.279000,suppose I
00:12:02.279000,00:12:06.230000,suppose I General then this would be
00:12:11.190000,00:12:11.200000,converted a + I like this the inner
00:12:11.200000,00:12:13.670000,converted a + I like this the inner working I'm telling you and you have to
00:12:13.670000,00:12:13.680000,working I'm telling you and you have to
00:12:13.680000,00:12:17.110000,working I'm telling you and you have to deference this to get the actual element
00:12:17.110000,00:12:17.120000,deference this to get the actual element
00:12:17.120000,00:12:19.750000,deference this to get the actual element so this star is D referencing operator
00:12:19.750000,00:12:19.760000,so this star is D referencing operator
00:12:19.760000,00:12:20.990000,so this star is D referencing operator don't worry we'll discuss this thing in
00:12:20.990000,00:12:21,don't worry we'll discuss this thing in
00:12:21,00:12:24.069000,don't worry we'll discuss this thing in detail when when we'll discuss pointers
00:12:24.069000,00:12:24.079000,detail when when we'll discuss pointers
00:12:24.079000,00:12:26.910000,detail when when we'll discuss pointers okay so this is how it is to be
00:12:26.910000,00:12:26.920000,okay so this is how it is to be
00:12:26.920000,00:12:30.829000,okay so this is how it is to be converted A+ I this now a is having
00:12:30.829000,00:12:30.839000,converted A+ I this now a is having
00:12:30.839000,00:12:32.790000,converted A+ I this now a is having address of the first element or the Base
00:12:32.790000,00:12:32.800000,address of the first element or the Base
00:12:32.800000,00:12:34.389000,address of the first element or the Base address suppose we are taking this
00:12:34.389000,00:12:34.399000,address suppose we are taking this
00:12:34.399000,00:12:38.389000,address suppose we are taking this example to 100 100 plus here I is what
00:12:38.389000,00:12:38.399000,example to 100 100 plus here I is what
00:12:38.399000,00:12:41.790000,example to 100 100 plus here I is what suppose I want to exess a of one right
00:12:41.790000,00:12:41.800000,suppose I want to exess a of one right
00:12:41.800000,00:12:43.350000,suppose I want to exess a of one right so I is
00:12:43.350000,00:12:43.360000,so I is
00:12:43.360000,00:12:46.910000,so I is one so one means in pointer arithmetic
00:12:46.910000,00:12:46.920000,one so one means in pointer arithmetic
00:12:46.920000,00:12:48.470000,one so one means in pointer arithmetic this one means it's not like that it
00:12:48.470000,00:12:48.480000,this one means it's not like that it
00:12:48.480000,00:12:52.030000,this one means it's not like that it will become one 1 no this is what
00:12:52.030000,00:12:52.040000,will become one 1 no this is what
00:12:52.040000,00:12:55.110000,will become one 1 no this is what address so if you add one here means
00:12:55.110000,00:12:55.120000,address so if you add one here means
00:12:55.120000,00:12:58.829000,address so if you add one here means address of next element not one 1 and
00:12:58.829000,00:12:58.839000,address of next element not one 1 and
00:12:58.839000,00:13:01.750000,address of next element not one 1 and and one element take here because it is
00:13:01.750000,00:13:01.760000,and one element take here because it is
00:13:01.760000,00:13:04.470000,and one element take here because it is integer four bytes so address of next
00:13:04.470000,00:13:04.480000,integer four bytes so address of next
00:13:04.480000,00:13:07.389000,integer four bytes so address of next element is what you have to add four
00:13:07.389000,00:13:07.399000,element is what you have to add four
00:13:07.399000,00:13:11.150000,element is what you have to add four here so this one means actually + 4
00:13:11.150000,00:13:11.160000,here so this one means actually + 4
00:13:11.160000,00:13:17.030000,here so this one means actually + 4 right it's plus actually + 4 so 1 4 and
00:13:17.030000,00:13:17.040000,right it's plus actually + 4 so 1 4 and
00:13:17.040000,00:13:19.430000,right it's plus actually + 4 so 1 4 and this is D referencing operator so at 104
00:13:19.430000,00:13:19.440000,this is D referencing operator so at 104
00:13:19.440000,00:13:22.310000,this is D referencing operator so at 104 I have two D referencing operator will
00:13:22.310000,00:13:22.320000,I have two D referencing operator will
00:13:22.320000,00:13:27.389000,I have two D referencing operator will give the actual value two right so if I
00:13:27.389000,00:13:27.399000,give the actual value two right so if I
00:13:27.399000,00:13:29.230000,give the actual value two right so if I want to exess the first element maybe
00:13:29.230000,00:13:29.240000,want to exess the first element maybe
00:13:29.240000,00:13:31.870000,want to exess the first element maybe you will like you think that it should
00:13:31.870000,00:13:31.880000,you will like you think that it should
00:13:31.880000,00:13:34.550000,you will like you think that it should print one but it is printing two so if
00:13:34.550000,00:13:34.560000,print one but it is printing two so if
00:13:34.560000,00:13:36.509000,print one but it is printing two so if the array index start from one the first
00:13:36.509000,00:13:36.519000,the array index start from one the first
00:13:36.519000,00:13:39.509000,the array index start from one the first element we are never going to you know
00:13:39.509000,00:13:39.519000,element we are never going to you know
00:13:39.519000,00:13:42.829000,element we are never going to you know fetch right that is why this says that
00:13:42.829000,00:13:42.839000,fetch right that is why this says that
00:13:42.839000,00:13:47.590000,fetch right that is why this says that zero index I hope you got this so if I
00:13:47.590000,00:13:47.600000,zero index I hope you got this so if I
00:13:47.600000,00:13:49.629000,zero index I hope you got this so if I want to access like a of Z first element
00:13:49.629000,00:13:49.639000,want to access like a of Z first element
00:13:49.639000,00:13:55.629000,want to access like a of Z first element zero so I is what here zero right so
00:13:55.629000,00:13:55.639000,zero so I is what here zero right so
00:13:55.639000,00:13:59.550000,zero so I is what here zero right so obviously 100 plus I is Zer so same Z Z
00:13:59.550000,00:13:59.560000,obviously 100 plus I is Zer so same Z Z
00:13:59.560000,00:14:01.710000,obviously 100 plus I is Zer so same Z Z right it is at first element it is the
00:14:01.710000,00:14:01.720000,right it is at first element it is the
00:14:01.720000,00:14:05.150000,right it is at first element it is the first element only so address 100 so at
00:14:05.150000,00:14:05.160000,first element only so address 100 so at
00:14:05.160000,00:14:08.230000,first element only so address 100 so at 100 at first first element is one right
00:14:08.230000,00:14:08.240000,100 at first first element is one right
00:14:08.240000,00:14:09.550000,100 at first first element is one right so you
00:14:09.550000,00:14:09.560000,so you
00:14:09.560000,00:14:13.629000,so you will it one would be printed here right
00:14:13.629000,00:14:13.639000,will it one would be printed here right
00:14:13.639000,00:14:15.590000,will it one would be printed here right it's okay we'll discuss this pointer and
00:14:15.590000,00:14:15.600000,it's okay we'll discuss this pointer and
00:14:15.600000,00:14:19.389000,it's okay we'll discuss this pointer and all in detail right just a brief just to
00:14:19.389000,00:14:19.399000,all in detail right just a brief just to
00:14:19.399000,00:14:22.389000,all in detail right just a brief just to uh you know make things clear out like
00:14:22.389000,00:14:22.399000,uh you know make things clear out like
00:14:22.399000,00:14:26.550000,uh you know make things clear out like why index starts from zero right if you
00:14:26.550000,00:14:26.560000,why index starts from zero right if you
00:14:26.560000,00:14:28.110000,why index starts from zero right if you got this you can let me know in comment
00:14:28.110000,00:14:28.120000,got this you can let me know in comment
00:14:28.120000,00:14:30.389000,got this you can let me know in comment section yeah about this why index start
00:14:30.389000,00:14:30.399000,section yeah about this why index start
00:14:30.399000,00:14:31.710000,section yeah about this why index start from zero you can just write down the
00:14:31.710000,00:14:31.720000,from zero you can just write down the
00:14:31.720000,00:14:33.030000,from zero you can just write down the answer if you're not getting this you
00:14:33.030000,00:14:33.040000,answer if you're not getting this you
00:14:33.040000,00:14:34.230000,answer if you're not getting this you can just let me know in comment section
00:14:34.230000,00:14:34.240000,can just let me know in comment section
00:14:34.240000,00:14:37.310000,can just let me know in comment section we can make a different video on this
00:14:37.310000,00:14:37.320000,we can make a different video on this
00:14:37.320000,00:14:39.910000,we can make a different video on this right so like this we can access AR
00:14:39.910000,00:14:39.920000,right so like this we can access AR
00:14:39.920000,00:14:42.550000,right so like this we can access AR elements so if you want to access any
00:14:42.550000,00:14:42.560000,elements so if you want to access any
00:14:42.560000,00:14:45.990000,elements so if you want to access any element right in Array so index would be
00:14:45.990000,00:14:46,element right in Array so index would be
00:14:46,00:14:48.990000,element right in Array so index would be from 0 to size minus one size of array
00:14:48.990000,00:14:49,from 0 to size minus one size of array
00:14:49,00:14:53.110000,from 0 to size minus one size of array is five so 0 to 4 so like this a of 0 a
00:14:53.110000,00:14:53.120000,is five so 0 to 4 so like this a of 0 a
00:14:53.120000,00:14:55.670000,is five so 0 to 4 so like this a of 0 a of 1 in C out we can simply write C out
00:14:55.670000,00:14:55.680000,of 1 in C out we can simply write C out
00:14:55.680000,00:14:57.949000,of 1 in C out we can simply write C out a of Zer so it will print it will give
00:14:57.949000,00:14:57.959000,a of Zer so it will print it will give
00:14:57.959000,00:14:59.230000,a of Zer so it will print it will give you output
00:14:59.230000,00:14:59.240000,you output
00:14:59.240000,00:15:03.710000,you output one right and to access these obviously
00:15:03.710000,00:15:03.720000,one right and to access these obviously
00:15:03.720000,00:15:08.110000,one right and to access these obviously we need a loop because if I want to
00:15:08.110000,00:15:08.120000,we need a loop because if I want to
00:15:08.120000,00:15:10.949000,we need a loop because if I want to print all the elements so one way is you
00:15:10.949000,00:15:10.959000,print all the elements so one way is you
00:15:10.959000,00:15:13.790000,print all the elements so one way is you can simply write C
00:15:13.790000,00:15:13.800000,can simply write C
00:15:13.800000,00:15:16.269000,can simply write C out if you want to print all the five
00:15:16.269000,00:15:16.279000,out if you want to print all the five
00:15:16.279000,00:15:19.069000,out if you want to print all the five elements in this so simply one way is
00:15:19.069000,00:15:19.079000,elements in this so simply one way is
00:15:19.079000,00:15:20.670000,elements in this so simply one way is five C out statement you can write down
00:15:20.670000,00:15:20.680000,five C out statement you can write down
00:15:20.680000,00:15:22.870000,five C out statement you can write down a of Z A of 1 a of 2 a of 3 a of four
00:15:22.870000,00:15:22.880000,a of Z A of 1 a of 2 a of 3 a of four
00:15:22.880000,00:15:24.829000,a of Z A of 1 a of 2 a of 3 a of four something like this it will give you all
00:15:24.829000,00:15:24.839000,something like this it will give you all
00:15:24.839000,00:15:28.829000,something like this it will give you all the five elements right 1 2 0 0 0 but if
00:15:28.829000,00:15:28.839000,the five elements right 1 2 0 0 0 but if
00:15:28.839000,00:15:30.749000,the five elements right 1 2 0 0 0 but if in AR I have 10 element I have 100
00:15:30.749000,00:15:30.759000,in AR I have 10 element I have 100
00:15:30.759000,00:15:32.110000,in AR I have 10 element I have 100 element I have thousand elements
00:15:32.110000,00:15:32.120000,element I have thousand elements
00:15:32.120000,00:15:33.670000,element I have thousand elements obviously we cannot write down thousand
00:15:33.670000,00:15:33.680000,obviously we cannot write down thousand
00:15:33.680000,00:15:35.670000,obviously we cannot write down thousand statement see out statement right
00:15:35.670000,00:15:35.680000,statement see out statement right
00:15:35.680000,00:15:37.069000,statement see out statement right because
00:15:37.069000,00:15:37.079000,because
00:15:37.079000,00:15:39.790000,because here something is repeating as you can
00:15:39.790000,00:15:39.800000,here something is repeating as you can
00:15:39.800000,00:15:42.710000,here something is repeating as you can see see out we are accessing a only this
00:15:42.710000,00:15:42.720000,see see out we are accessing a only this
00:15:42.720000,00:15:46.150000,see see out we are accessing a only this index is changing right it is
00:15:46.150000,00:15:46.160000,index is changing right it is
00:15:46.160000,00:15:49.790000,index is changing right it is increasing you know one uh by one number
00:15:49.790000,00:15:49.800000,increasing you know one uh by one number
00:15:49.800000,00:15:53.629000,increasing you know one uh by one number first 0 1 2 3 like this right so
00:15:53.629000,00:15:53.639000,first 0 1 2 3 like this right so
00:15:53.639000,00:15:57.670000,first 0 1 2 3 like this right so obviously this is what repetion of these
00:15:57.670000,00:15:57.680000,obviously this is what repetion of these
00:15:57.680000,00:16:00.590000,obviously this is what repetion of these statements so repetion we use Loops that
00:16:00.590000,00:16:00.600000,statements so repetion we use Loops that
00:16:00.600000,00:16:03.430000,statements so repetion we use Loops that is why we use Loops in arrays right to
00:16:03.430000,00:16:03.440000,is why we use Loops in arrays right to
00:16:03.440000,00:16:04.910000,is why we use Loops in arrays right to access all the elements we can just
00:16:04.910000,00:16:04.920000,access all the elements we can just
00:16:04.920000,00:16:06.710000,access all the elements we can just write down one four Loop y Loop do y
00:16:06.710000,00:16:06.720000,write down one four Loop y Loop do y
00:16:06.720000,00:16:08.949000,write down one four Loop y Loop do y Loop or R based for Loop and there only
00:16:08.949000,00:16:08.959000,Loop or R based for Loop and there only
00:16:08.959000,00:16:11.749000,Loop or R based for Loop and there only single C out statement how to write that
00:16:11.749000,00:16:11.759000,single C out statement how to write that
00:16:11.759000,00:16:15.829000,single C out statement how to write that I'll show you this I'm telling you this
00:16:15.829000,00:16:15.839000,I'll show you this I'm telling you this
00:16:15.839000,00:16:18.389000,I'll show you this I'm telling you this because I have seen one comment like why
00:16:18.389000,00:16:18.399000,because I have seen one comment like why
00:16:18.399000,00:16:20.710000,because I have seen one comment like why in Array we use four Loops to
00:16:20.710000,00:16:20.720000,in Array we use four Loops to
00:16:20.720000,00:16:23.670000,in Array we use four Loops to get to access elements in from the array
00:16:23.670000,00:16:23.680000,get to access elements in from the array
00:16:23.680000,00:16:25.949000,get to access elements in from the array or to get input from the user why we use
00:16:25.949000,00:16:25.959000,or to get input from the user why we use
00:16:25.959000,00:16:28.949000,or to get input from the user why we use Loops so this is the reason we use loops
00:16:28.949000,00:16:28.959000,Loops so this is the reason we use loops
00:16:28.959000,00:16:32.110000,Loops so this is the reason we use loops right because of this repetition right
00:16:32.110000,00:16:32.120000,right because of this repetition right
00:16:32.120000,00:16:34.069000,right because of this repetition right now let me just show you
00:16:34.069000,00:16:34.079000,now let me just show you
00:16:34.079000,00:16:35.870000,now let me just show you practically so this was we have
00:16:35.870000,00:16:35.880000,practically so this was we have
00:16:35.880000,00:16:37.990000,practically so this was we have discussed in previous video how to take
00:16:37.990000,00:16:38,discussed in previous video how to take
00:16:38,00:16:40.309000,discussed in previous video how to take declare array how to you know initialize
00:16:40.309000,00:16:40.319000,declare array how to you know initialize
00:16:40.319000,00:16:41.990000,declare array how to you know initialize the array at run time this is at run
00:16:41.990000,00:16:42,the array at run time this is at run
00:16:42,00:16:44.309000,the array at run time this is at run time see we have taken a loop you can
00:16:44.309000,00:16:44.319000,time see we have taken a loop you can
00:16:44.319000,00:16:45.910000,time see we have taken a loop you can take four Loop while while loop or any
00:16:45.910000,00:16:45.920000,take four Loop while while loop or any
00:16:45.920000,00:16:47.030000,take four Loop while while loop or any loop I have taken four Loop to
00:16:47.030000,00:16:47.040000,loop I have taken four Loop to
00:16:47.040000,00:16:49.350000,loop I have taken four Loop to initialize arrays because we want to
00:16:49.350000,00:16:49.360000,initialize arrays because we want to
00:16:49.360000,00:16:52.069000,initialize arrays because we want to enter Five Element from the user we are
00:16:52.069000,00:16:52.079000,enter Five Element from the user we are
00:16:52.079000,00:16:54.949000,enter Five Element from the user we are we are going to ask Five Element right
00:16:54.949000,00:16:54.959000,we are going to ask Five Element right
00:16:54.959000,00:16:57.910000,we are going to ask Five Element right that is why obviously we'll repeat enter
00:16:57.910000,00:16:57.920000,that is why obviously we'll repeat enter
00:16:57.920000,00:16:59.829000,that is why obviously we'll repeat enter first element enter second element enter
00:16:59.829000,00:16:59.839000,first element enter second element enter
00:16:59.839000,00:17:01.749000,first element enter second element enter third element fourth element Five
00:17:01.749000,00:17:01.759000,third element fourth element Five
00:17:01.759000,00:17:03.509000,third element fourth element Five Element right so we are repeating here
00:17:03.509000,00:17:03.519000,Element right so we are repeating here
00:17:03.519000,00:17:05.990000,Element right so we are repeating here so that is why we are using Loop so AR
00:17:05.990000,00:17:06,so that is why we are using Loop so AR
00:17:06,00:17:08.630000,so that is why we are using Loop so AR index start from zero so I would be 0
00:17:08.630000,00:17:08.640000,index start from zero so I would be 0
00:17:08.640000,00:17:11.630000,index start from zero so I would be 0 less than 5 I ++ and just to take input
00:17:11.630000,00:17:11.640000,less than 5 I ++ and just to take input
00:17:11.640000,00:17:14.110000,less than 5 I ++ and just to take input from the user we use C in this object R
00:17:14.110000,00:17:14.120000,from the user we use C in this object R
00:17:14.120000,00:17:16.710000,from the user we use C in this object R number and in subscript simply I so at
00:17:16.710000,00:17:16.720000,number and in subscript simply I so at
00:17:16.720000,00:17:19.630000,number and in subscript simply I so at first I value is zero so at zero index
00:17:19.630000,00:17:19.640000,first I value is zero so at zero index
00:17:19.640000,00:17:21.350000,first I value is zero so at zero index value would be stored then whatever you
00:17:21.350000,00:17:21.360000,value would be stored then whatever you
00:17:21.360000,00:17:23.669000,value would be stored then whatever you will enter I value becomes one then at
00:17:23.669000,00:17:23.679000,will enter I value becomes one then at
00:17:23.679000,00:17:26.029000,will enter I value becomes one then at one index value would be stored then 2 3
00:17:26.029000,00:17:26.039000,one index value would be stored then 2 3
00:17:26.039000,00:17:28.909000,one index value would be stored then 2 3 4 till four right
00:17:28.909000,00:17:28.919000,4 till four right
00:17:28.919000,00:17:31.110000,4 till four right and how memory is to be allocated that
00:17:31.110000,00:17:31.120000,and how memory is to be allocated that
00:17:31.120000,00:17:33.430000,and how memory is to be allocated that also I have shown you let me just show
00:17:33.430000,00:17:33.440000,also I have shown you let me just show
00:17:33.440000,00:17:37.070000,also I have shown you let me just show you address if you want to you know
00:17:37.070000,00:17:37.080000,you address if you want to you know
00:17:37.080000,00:17:40.029000,you address if you want to you know print the address of
00:17:40.029000,00:17:40.039000,print the address of
00:17:40.039000,00:17:44.230000,print the address of array okay it's not a actually it's the
00:17:44.230000,00:17:44.240000,array okay it's not a actually it's the
00:17:44.240000,00:17:47.430000,array okay it's not a actually it's the sorry the name of the arrrow here is RO
00:17:47.430000,00:17:47.440000,sorry the name of the arrrow here is RO
00:17:47.440000,00:17:49.029000,sorry the name of the arrrow here is RO number
00:17:49.029000,00:17:49.039000,number
00:17:49.039000,00:17:52.430000,number right so let's just run this and we'll
00:17:52.430000,00:17:52.440000,right so let's just run this and we'll
00:17:52.440000,00:17:55.950000,right so let's just run this and we'll see what output we'll get
00:17:58.950000,00:17:58.960000,here enter the role number first second
00:17:58.960000,00:18:02.270000,here enter the role number first second third fourth five so this address is
00:18:02.270000,00:18:02.280000,third fourth five so this address is
00:18:02.280000,00:18:05.630000,third fourth five so this address is some in some hexadecimal form see 0 x61
00:18:05.630000,00:18:05.640000,some in some hexadecimal form see 0 x61
00:18:05.640000,00:18:06.630000,some in some hexadecimal form see 0 x61 f
00:18:06.630000,00:18:06.640000,f
00:18:06.640000,00:18:11.470000,f f8 right and if you want to print the
00:18:11.470000,00:18:11.480000,f8 right and if you want to print the
00:18:11.480000,00:18:14.029000,f8 right and if you want to print the address of first element so if you don't
00:18:14.029000,00:18:14.039000,address of first element so if you don't
00:18:14.039000,00:18:15.789000,address of first element so if you don't write this address of Operator just
00:18:15.789000,00:18:15.799000,write this address of Operator just
00:18:15.799000,00:18:17.990000,write this address of Operator just simply R number I want to print let's
00:18:17.990000,00:18:18,simply R number I want to print let's
00:18:18,00:18:19.630000,simply R number I want to print let's run this and see what output you will
00:18:19.630000,00:18:19.640000,run this and see what output you will
00:18:19.640000,00:18:21.630000,run this and see what output you will get
00:18:21.630000,00:18:21.640000,get
00:18:21.640000,00:18:26.149000,get here see then also you will get address
00:18:26.149000,00:18:26.159000,here see then also you will get address
00:18:26.159000,00:18:29.870000,here see then also you will get address why so because array name name is array
00:18:29.870000,00:18:29.880000,why so because array name name is array
00:18:29.880000,00:18:32.990000,why so because array name name is array name this contains the address of the
00:18:32.990000,00:18:33,name this contains the address of the
00:18:33,00:18:35.270000,name this contains the address of the first element it itself acts as a
00:18:35.270000,00:18:35.280000,first element it itself acts as a
00:18:35.280000,00:18:36.950000,first element it itself acts as a pointer that is why I no need to write
00:18:36.950000,00:18:36.960000,pointer that is why I no need to write
00:18:36.960000,00:18:40.070000,pointer that is why I no need to write down here address of so to print to
00:18:40.070000,00:18:40.080000,down here address of so to print to
00:18:40.080000,00:18:41.990000,down here address of so to print to access the Base address of the array
00:18:41.990000,00:18:42,access the Base address of the array
00:18:42,00:18:44.070000,access the Base address of the array just simply write down name of array and
00:18:44.070000,00:18:44.080000,just simply write down name of array and
00:18:44.080000,00:18:45.630000,just simply write down name of array and I have shown you it will give you
00:18:45.630000,00:18:45.640000,I have shown you it will give you
00:18:45.640000,00:18:47.430000,I have shown you it will give you address right no need to write down the
00:18:47.430000,00:18:47.440000,address right no need to write down the
00:18:47.440000,00:18:50.149000,address right no need to write down the address of operator but if you want to
00:18:50.149000,00:18:50.159000,address of operator but if you want to
00:18:50.159000,00:18:53.029000,address of operator but if you want to access suppose address of first element
00:18:53.029000,00:18:53.039000,access suppose address of first element
00:18:53.039000,00:18:54.510000,access suppose address of first element second element third element fourth
00:18:54.510000,00:18:54.520000,second element third element fourth
00:18:54.520000,00:18:57.870000,second element third element fourth element all the element then obviously
00:18:57.870000,00:18:57.880000,element all the element then obviously
00:18:57.880000,00:19:00.350000,element all the element then obviously you need to write down address
00:19:00.350000,00:19:00.360000,you need to write down address
00:19:00.360000,00:19:03.029000,you need to write down address of because in Array we have just the
00:19:03.029000,00:19:03.039000,of because in Array we have just the
00:19:03.039000,00:19:05.870000,of because in Array we have just the Base address of the array in Array name
00:19:05.870000,00:19:05.880000,Base address of the array in Array name
00:19:05.880000,00:19:07.750000,Base address of the array in Array name right or you can see the element the
00:19:07.750000,00:19:07.760000,right or you can see the element the
00:19:07.760000,00:19:11.110000,right or you can see the element the address of the first element so simply
00:19:11.110000,00:19:11.120000,address of the first element so simply
00:19:11.120000,00:19:13.789000,address of the first element so simply I'm just printing writing here address
00:19:13.789000,00:19:13.799000,I'm just printing writing here address
00:19:13.799000,00:19:16.669000,I'm just printing writing here address of R number 0 1 2 3 4 this is what and
00:19:16.669000,00:19:16.679000,of R number 0 1 2 3 4 this is what and
00:19:16.679000,00:19:18.510000,of R number 0 1 2 3 4 this is what and the Base address of the array as well
00:19:18.510000,00:19:18.520000,the Base address of the array as well
00:19:18.520000,00:19:21.830000,the Base address of the array as well right so let's save this and run this
00:19:21.830000,00:19:21.840000,right so let's save this and run this
00:19:21.840000,00:19:23.470000,right so let's save this and run this let me show you what kind of output you
00:19:23.470000,00:19:23.480000,let me show you what kind of output you
00:19:23.480000,00:19:25.270000,let me show you what kind of output you will get
00:19:25.270000,00:19:25.280000,will get
00:19:25.280000,00:19:28.710000,will get here okay you have selected this yes
00:19:28.710000,00:19:28.720000,here okay you have selected this yes
00:19:28.720000,00:19:30.710000,here okay you have selected this yes it's okay just run this again there is
00:19:30.710000,00:19:30.720000,it's okay just run this again there is
00:19:30.720000,00:19:33.310000,it's okay just run this again there is no error actually so enter the role
00:19:33.310000,00:19:33.320000,no error actually so enter the role
00:19:33.320000,00:19:38.350000,no error actually so enter the role number 1 2 3 4 uh sorry 4 and five okay
00:19:38.350000,00:19:38.360000,number 1 2 3 4 uh sorry 4 and five okay
00:19:38.360000,00:19:39.990000,number 1 2 3 4 uh sorry 4 and five okay address we are getting in this line so
00:19:39.990000,00:19:40,address we are getting in this line so
00:19:40,00:19:42.470000,address we are getting in this line so you have to put
00:19:42.470000,00:19:42.480000,you have to put
00:19:42.480000,00:19:46.870000,you have to put a endl or sln also for new line
00:19:46.870000,00:19:46.880000,a endl or sln also for new line
00:19:46.880000,00:19:52.149000,a endl or sln also for new line right now let's run
00:19:57.230000,00:19:57.240000,this see addresses this first f8
00:19:57.240000,00:20:00.590000,this see addresses this first f8 starting two address are same because
00:20:00.590000,00:20:00.600000,starting two address are same because
00:20:00.600000,00:20:03.190000,starting two address are same because the Base address of the array as well as
00:20:03.190000,00:20:03.200000,the Base address of the array as well as
00:20:03.200000,00:20:05.390000,the Base address of the array as well as the address of first element obviously
00:20:05.390000,00:20:05.400000,the address of first element obviously
00:20:05.400000,00:20:07.549000,the address of first element obviously that is at zero index so that would be
00:20:07.549000,00:20:07.559000,that is at zero index so that would be
00:20:07.559000,00:20:10.110000,that is at zero index so that would be same so as you can see these are same
00:20:10.110000,00:20:10.120000,same so as you can see these are same
00:20:10.120000,00:20:14.310000,same so as you can see these are same and then different if you add four by
00:20:14.310000,00:20:14.320000,and then different if you add four by
00:20:14.320000,00:20:15.789000,and then different if you add four by then you will get the same address in
00:20:15.789000,00:20:15.799000,then you will get the same address in
00:20:15.799000,00:20:19.270000,then you will get the same address in the first address right 8 + 4 12 12 is
00:20:19.270000,00:20:19.280000,the first address right 8 + 4 12 12 is
00:20:19.280000,00:20:21.750000,the first address right 8 + 4 12 12 is in hexadecimal it's C right something
00:20:21.750000,00:20:21.760000,in hexadecimal it's C right something
00:20:21.760000,00:20:23.990000,in hexadecimal it's C right something like this now same see here we are
00:20:23.990000,00:20:24,like this now same see here we are
00:20:24,00:20:26.430000,like this now same see here we are repeating the same line again and again
00:20:26.430000,00:20:26.440000,repeating the same line again and again
00:20:26.440000,00:20:28.549000,repeating the same line again and again for printing everything for for printing
00:20:28.549000,00:20:28.559000,for printing everything for for printing
00:20:28.559000,00:20:30.230000,for printing everything for for printing the address so you just put these thing
00:20:30.230000,00:20:30.240000,the address so you just put these thing
00:20:30.240000,00:20:33.630000,the address so you just put these thing also in a loop right for Loop would be
00:20:33.630000,00:20:33.640000,also in a loop right for Loop would be
00:20:33.640000,00:20:37.190000,also in a loop right for Loop would be from 0 to 5 and there just print uh
00:20:37.190000,00:20:37.200000,from 0 to 5 and there just print uh
00:20:37.200000,00:20:39.350000,from 0 to 5 and there just print uh address of R number and in bracket just
00:20:39.350000,00:20:39.360000,address of R number and in bracket just
00:20:39.360000,00:20:42.549000,address of R number and in bracket just put I that's it so you just do this
00:20:42.549000,00:20:42.559000,put I that's it so you just do this
00:20:42.559000,00:20:44.390000,put I that's it so you just do this thing this is assignment for you guys
00:20:44.390000,00:20:44.400000,thing this is assignment for you guys
00:20:44.400000,00:20:47.190000,thing this is assignment for you guys right now this is how memory is to be
00:20:47.190000,00:20:47.200000,right now this is how memory is to be
00:20:47.200000,00:20:49.029000,right now this is how memory is to be allocated
00:20:49.029000,00:20:49.039000,allocated
00:20:49.039000,00:20:51.830000,allocated continuously if you run this again if
00:20:51.830000,00:20:51.840000,continuously if you run this again if
00:20:51.840000,00:20:53.710000,continuously if you run this again if you just pause the video there write
00:20:53.710000,00:20:53.720000,you just pause the video there write
00:20:53.720000,00:20:56.710000,you just pause the video there write down the address hexadecimal form and
00:20:56.710000,00:20:56.720000,down the address hexadecimal form and
00:20:56.720000,00:20:59.630000,down the address hexadecimal form and then starting take the first address and
00:20:59.630000,00:20:59.640000,then starting take the first address and
00:20:59.640000,00:21:01.590000,then starting take the first address and add four by four by four by you will get
00:21:01.590000,00:21:01.600000,add four by four by four by you will get
00:21:01.600000,00:21:04.549000,add four by four by four by you will get the consecutive those same addresses
00:21:04.549000,00:21:04.559000,the consecutive those same addresses
00:21:04.559000,00:21:07.390000,the consecutive those same addresses right now next is how to access array
00:21:07.390000,00:21:07.400000,right now next is how to access array
00:21:07.400000,00:21:09.590000,right now next is how to access array elements so let's not print these
00:21:09.590000,00:21:09.600000,elements so let's not print these
00:21:09.600000,00:21:10.710000,elements so let's not print these addresses
00:21:10.710000,00:21:10.720000,addresses
00:21:10.720000,00:21:13.510000,addresses now now how to access we have entered
00:21:13.510000,00:21:13.520000,now now how to access we have entered
00:21:13.520000,00:21:15.630000,now now how to access we have entered five R numbers so how to access those
00:21:15.630000,00:21:15.640000,five R numbers so how to access those
00:21:15.640000,00:21:17.390000,five R numbers so how to access those five R numbers one way I have told you
00:21:17.390000,00:21:17.400000,five R numbers one way I have told you
00:21:17.400000,00:21:18.870000,five R numbers one way I have told you just write down five C out statement but
00:21:18.870000,00:21:18.880000,just write down five C out statement but
00:21:18.880000,00:21:21.750000,just write down five C out statement but no that is not I want so we'll just take
00:21:21.750000,00:21:21.760000,no that is not I want so we'll just take
00:21:21.760000,00:21:25.190000,no that is not I want so we'll just take a four Loop same so here obviously you
00:21:25.190000,00:21:25.200000,a four Loop same so here obviously you
00:21:25.200000,00:21:29.990000,a four Loop same so here obviously you have to uh declare the cyer in I I mean
00:21:29.990000,00:21:30,have to uh declare the cyer in I I mean
00:21:30,00:21:31.310000,have to uh declare the cyer in I I mean you have to tell the data type also
00:21:31.310000,00:21:31.320000,you have to tell the data type also
00:21:31.320000,00:21:33.710000,you have to tell the data type also before using this I because this scope
00:21:33.710000,00:21:33.720000,before using this I because this scope
00:21:33.720000,00:21:35.789000,before using this I because this scope of this I is within this for Loop only
00:21:35.789000,00:21:35.799000,of this I is within this for Loop only
00:21:35.799000,00:21:38.430000,of this I is within this for Loop only so we cannot use this I here if you
00:21:38.430000,00:21:38.440000,so we cannot use this I here if you
00:21:38.440000,00:21:42.110000,so we cannot use this I here if you declare in I here then you can directly
00:21:42.110000,00:21:42.120000,declare in I here then you can directly
00:21:42.120000,00:21:43.549000,declare in I here then you can directly use in this for Loop this for Loop
00:21:43.549000,00:21:43.559000,use in this for Loop this for Loop
00:21:43.559000,00:21:46.149000,use in this for Loop this for Loop throughout the program I is equal to Z
00:21:46.149000,00:21:46.159000,throughout the program I is equal to Z
00:21:46.159000,00:21:48.110000,throughout the program I is equal to Z without writing this int right I hope
00:21:48.110000,00:21:48.120000,without writing this int right I hope
00:21:48.120000,00:21:52.149000,without writing this int right I hope you are getting my point so 0 to 5 I ++
00:21:52.149000,00:21:52.159000,you are getting my point so 0 to 5 I ++
00:21:52.159000,00:21:54.990000,you are getting my point so 0 to 5 I ++ and how to access the values to print
00:21:54.990000,00:21:55,and how to access the values to print
00:21:55,00:21:57.269000,and how to access the values to print values we use C out to take values to
00:21:57.269000,00:21:57.279000,values we use C out to take values to
00:21:57.279000,00:22:00.310000,values we use C out to take values to input values we use you seen so see out
00:22:00.310000,00:22:00.320000,input values we use you seen so see out
00:22:00.320000,00:22:04.350000,input values we use you seen so see out and just name of the array in subscript
00:22:04.350000,00:22:04.360000,and just name of the array in subscript
00:22:04.360000,00:22:09.110000,and just name of the array in subscript the index or the offset so that is I
00:22:09.110000,00:22:09.120000,the index or the offset so that is I
00:22:09.120000,00:22:11.230000,the index or the offset so that is I right at first I zero then one then two
00:22:11.230000,00:22:11.240000,right at first I zero then one then two
00:22:11.240000,00:22:13.789000,right at first I zero then one then two then three then four so like this we are
00:22:13.789000,00:22:13.799000,then three then four so like this we are
00:22:13.799000,00:22:15.590000,then three then four so like this we are will'll be able to access all the
00:22:15.590000,00:22:15.600000,will'll be able to access all the
00:22:15.600000,00:22:20.190000,will'll be able to access all the elements 1 3 4
00:22:20.190000,00:22:20.200000,elements 1 3 4
00:22:20.200000,00:22:23.990000,elements 1 3 4 67 okay you have to decorate it a little
00:22:23.990000,00:22:24,67 okay you have to decorate it a little
00:22:24,00:22:25.830000,67 okay you have to decorate it a little bit
00:22:25.830000,00:22:25.840000,bit
00:22:25.840000,00:22:28.750000,bit obviously uh that new line after
00:22:28.750000,00:22:28.760000,obviously uh that new line after
00:22:28.760000,00:22:32.310000,obviously uh that new line after printing every roll number so just enter
00:22:32.310000,00:22:32.320000,printing every roll number so just enter
00:22:32.320000,00:22:42.070000,printing every roll number so just enter roll
00:22:46.149000,00:22:46.159000,numbers 13456 78 45 so again it is
00:22:46.159000,00:22:50.269000,numbers 13456 78 45 so again it is printing 13456 7845 right before this
00:22:50.269000,00:22:50.279000,printing 13456 7845 right before this
00:22:50.279000,00:22:52.630000,printing 13456 7845 right before this for Loop just to decorate it a little
00:22:52.630000,00:22:52.640000,for Loop just to decorate it a little
00:22:52.640000,00:22:56.190000,for Loop just to decorate it a little bit you can just write down the R
00:22:56.190000,00:22:56.200000,bit you can just write down the R
00:22:56.200000,00:23:01.149000,bit you can just write down the R numbers are like this so if if I run
00:23:04.710000,00:23:04.720000,this R numbers are this right so this is
00:23:04.720000,00:23:07.909000,this R numbers are this right so this is how we can access or if any particular R
00:23:07.909000,00:23:07.919000,how we can access or if any particular R
00:23:07.919000,00:23:11.070000,how we can access or if any particular R you want to access like at maybe zero
00:23:11.070000,00:23:11.080000,you want to access like at maybe zero
00:23:11.080000,00:23:13.789000,you want to access like at maybe zero element or first r or second R something
00:23:13.789000,00:23:13.799000,element or first r or second R something
00:23:13.799000,00:23:15.710000,element or first r or second R something like this so directly also we can access
00:23:15.710000,00:23:15.720000,like this so directly also we can access
00:23:15.720000,00:23:18.870000,like this so directly also we can access using index so rather than this for Loop
00:23:18.870000,00:23:18.880000,using index so rather than this for Loop
00:23:18.880000,00:23:21.710000,using index so rather than this for Loop like the role number of First Student is
00:23:21.710000,00:23:21.720000,like the role number of First Student is
00:23:21.720000,00:23:23.950000,like the role number of First Student is so number of First Student means
00:23:23.950000,00:23:23.960000,so number of First Student means
00:23:23.960000,00:23:25.430000,so number of First Student means obviously the first R number would be at
00:23:25.430000,00:23:25.440000,obviously the first R number would be at
00:23:25.440000,00:23:28.669000,obviously the first R number would be at zero index so just in subscript just
00:23:28.669000,00:23:28.679000,zero index so just in subscript just
00:23:28.679000,00:23:30.789000,zero index so just in subscript just write down
00:23:30.789000,00:23:30.799000,write down
00:23:30.799000,00:23:33.110000,write down zero see the RO number of First Student
00:23:33.110000,00:23:33.120000,zero see the RO number of First Student
00:23:33.120000,00:23:36.870000,zero see the RO number of First Student is 23 so it will print 23
00:23:36.870000,00:23:36.880000,is 23 so it will print 23
00:23:36.880000,00:23:39.430000,is 23 so it will print 23 here so directly also you can access you
00:23:39.430000,00:23:39.440000,here so directly also you can access you
00:23:39.440000,00:23:44.230000,here so directly also you can access you can zero or either 1 2 3 4 till 4 right
00:23:44.230000,00:23:44.240000,can zero or either 1 2 3 4 till 4 right
00:23:44.240000,00:23:46.669000,can zero or either 1 2 3 4 till 4 right now one thing is if I want to access a r
00:23:46.669000,00:23:46.679000,now one thing is if I want to access a r
00:23:46.679000,00:23:49.310000,now one thing is if I want to access a r number of R number six so obviously
00:23:49.310000,00:23:49.320000,number of R number six so obviously
00:23:49.320000,00:23:51.630000,number of R number six so obviously there is no index six because there are
00:23:51.630000,00:23:51.640000,there is no index six because there are
00:23:51.640000,00:23:55.230000,there is no index six because there are only five the AR size is five so index
00:23:55.230000,00:23:55.240000,only five the AR size is five so index
00:23:55.240000,00:23:57.269000,only five the AR size is five so index will be from 0 to four but I I am
00:23:57.269000,00:23:57.279000,will be from 0 to four but I I am
00:23:57.279000,00:23:58.630000,will be from 0 to four but I I am accessing
00:23:58.630000,00:23:58.640000,accessing
00:23:58.640000,00:24:02.830000,accessing six right so what you think pause the
00:24:02.830000,00:24:02.840000,six right so what you think pause the
00:24:02.840000,00:24:04.830000,six right so what you think pause the video and just give it a try what it
00:24:04.830000,00:24:04.840000,video and just give it a try what it
00:24:04.840000,00:24:06.549000,video and just give it a try what it should give I think it should give an
00:24:06.549000,00:24:06.559000,should give I think it should give an
00:24:06.559000,00:24:09.390000,should give I think it should give an error but no it will not give any error
00:24:09.390000,00:24:09.400000,error but no it will not give any error
00:24:09.400000,00:24:11.630000,error but no it will not give any error it will give a garbage value let me just
00:24:11.630000,00:24:11.640000,it will give a garbage value let me just
00:24:11.640000,00:24:15.269000,it will give a garbage value let me just show you
00:24:17.590000,00:24:17.600000,this see the RO number of First
00:24:17.600000,00:24:19.470000,this see the RO number of First obviously this we haven't changed but
00:24:19.470000,00:24:19.480000,obviously this we haven't changed but
00:24:19.480000,00:24:22.789000,obviously this we haven't changed but see the value is any gbas value why so
00:24:22.789000,00:24:22.799000,see the value is any gbas value why so
00:24:22.799000,00:24:24.830000,see the value is any gbas value why so because there is no bound checking in
00:24:24.830000,00:24:24.840000,because there is no bound checking in
00:24:24.840000,00:24:27.110000,because there is no bound checking in Array this is the major drawback in
00:24:27.110000,00:24:27.120000,Array this is the major drawback in
00:24:27.120000,00:24:28.549000,Array this is the major drawback in Array
00:24:28.549000,00:24:28.559000,Array
00:24:28.559000,00:24:30.590000,Array bound checking means it is not checking
00:24:30.590000,00:24:30.600000,bound checking means it is not checking
00:24:30.600000,00:24:33.110000,bound checking means it is not checking the boundaries you have to if you're
00:24:33.110000,00:24:33.120000,the boundaries you have to if you're
00:24:33.120000,00:24:35.830000,the boundaries you have to if you're using array this kind of thing you have
00:24:35.830000,00:24:35.840000,using array this kind of thing you have
00:24:35.840000,00:24:38.389000,using array this kind of thing you have to take care the array of the size or
00:24:38.389000,00:24:38.399000,to take care the array of the size or
00:24:38.399000,00:24:40.590000,to take care the array of the size or the boundaries of the arrays right if
00:24:40.590000,00:24:40.600000,the boundaries of the arrays right if
00:24:40.600000,00:24:42.710000,the boundaries of the arrays right if you will access anything outside of
00:24:42.710000,00:24:42.720000,you will access anything outside of
00:24:42.720000,00:24:44.070000,you will access anything outside of beyond the boundaries it will not give
00:24:44.070000,00:24:44.080000,beyond the boundaries it will not give
00:24:44.080000,00:24:45.630000,beyond the boundaries it will not give any error it will just give you any
00:24:45.630000,00:24:45.640000,any error it will just give you any
00:24:45.640000,00:24:48.110000,any error it will just give you any garbage value or just unexpected
00:24:48.110000,00:24:48.120000,garbage value or just unexpected
00:24:48.120000,00:24:50.510000,garbage value or just unexpected output right so this thing you need to
00:24:50.510000,00:24:50.520000,output right so this thing you need to
00:24:50.520000,00:24:53.430000,output right so this thing you need to take care so the drawback one drawback
00:24:53.430000,00:24:53.440000,take care so the drawback one drawback
00:24:53.440000,00:24:56.230000,take care so the drawback one drawback is this there is no bound checking in
00:24:56.230000,00:24:56.240000,is this there is no bound checking in
00:24:56.240000,00:24:59.549000,is this there is no bound checking in arrays fine and arrays are of fixed size
00:24:59.549000,00:24:59.559000,arrays fine and arrays are of fixed size
00:24:59.559000,00:25:02.149000,arrays fine and arrays are of fixed size actually and maybe next drawback you can
00:25:02.149000,00:25:02.159000,actually and maybe next drawback you can
00:25:02.159000,00:25:04.830000,actually and maybe next drawback you can write down like this contains elements
00:25:04.830000,00:25:04.840000,write down like this contains elements
00:25:04.840000,00:25:08.669000,write down like this contains elements of same type right this can be a
00:25:08.669000,00:25:08.679000,of same type right this can be a
00:25:08.679000,00:25:11.430000,of same type right this can be a drawback but advantages are like more
00:25:11.430000,00:25:11.440000,drawback but advantages are like more
00:25:11.440000,00:25:13.190000,drawback but advantages are like more than one element we can store under a
00:25:13.190000,00:25:13.200000,than one element we can store under a
00:25:13.200000,00:25:15.350000,than one element we can store under a single variable I'm using arrays and
00:25:15.350000,00:25:15.360000,single variable I'm using arrays and
00:25:15.360000,00:25:18.830000,single variable I'm using arrays and these are simple to use fine second
00:25:18.830000,00:25:18.840000,these are simple to use fine second
00:25:18.840000,00:25:21.389000,these are simple to use fine second thing is you can directly access any
00:25:21.389000,00:25:21.399000,thing is you can directly access any
00:25:21.399000,00:25:23.310000,thing is you can directly access any element in the array with the help of
00:25:23.310000,00:25:23.320000,element in the array with the help of
00:25:23.320000,00:25:25.269000,element in the array with the help of index that's it that is very simple
00:25:25.269000,00:25:25.279000,index that's it that is very simple
00:25:25.279000,00:25:27.789000,index that's it that is very simple accessing is very simple right when you
00:25:27.789000,00:25:27.799000,accessing is very simple right when you
00:25:27.799000,00:25:29.870000,accessing is very simple right when you discuss list then accessing is not that
00:25:29.870000,00:25:29.880000,discuss list then accessing is not that
00:25:29.880000,00:25:31.510000,discuss list then accessing is not that simple you cannot directly access any
00:25:31.510000,00:25:31.520000,simple you cannot directly access any
00:25:31.520000,00:25:33.990000,simple you cannot directly access any list element you have to start from
00:25:33.990000,00:25:34,list element you have to start from
00:25:34,00:25:36.350000,list element you have to start from first first element then you'll go to
00:25:36.350000,00:25:36.360000,first first element then you'll go to
00:25:36.360000,00:25:37.669000,first first element then you'll go to Second element third element fourth
00:25:37.669000,00:25:37.679000,Second element third element fourth
00:25:37.679000,00:25:39.909000,Second element third element fourth element like this if you want to exess
00:25:39.909000,00:25:39.919000,element like this if you want to exess
00:25:39.919000,00:25:41.350000,element like this if you want to exess the last element then you have to start
00:25:41.350000,00:25:41.360000,the last element then you have to start
00:25:41.360000,00:25:42.750000,the last element then you have to start from first first second thir four like
00:25:42.750000,00:25:42.760000,from first first second thir four like
00:25:42.760000,00:25:46.830000,from first first second thir four like this right except the case it is a that
00:25:46.830000,00:25:46.840000,this right except the case it is a that
00:25:46.840000,00:25:50.029000,this right except the case it is a that double link list but that is different
00:25:50.029000,00:25:50.039000,double link list but that is different
00:25:50.039000,00:25:51.870000,double link list but that is different you know concept the linked list
00:25:51.870000,00:25:51.880000,you know concept the linked list
00:25:51.880000,00:25:54.029000,you know concept the linked list actually linked list list is in Python
00:25:54.029000,00:25:54.039000,actually linked list list is in Python
00:25:54.039000,00:25:57.789000,actually linked list list is in Python but here that is linked list right so
00:25:57.789000,00:25:57.799000,but here that is linked list right so
00:25:57.799000,00:26:00.470000,but here that is linked list right so after arrays we'll discuss those also so
00:26:00.470000,00:26:00.480000,after arrays we'll discuss those also so
00:26:00.480000,00:26:03.909000,after arrays we'll discuss those also so I hope arrays are clear to you guys so
00:26:03.909000,00:26:03.919000,I hope arrays are clear to you guys so
00:26:03.919000,00:26:05.990000,I hope arrays are clear to you guys so this is about 1D arrays actually so in
00:26:05.990000,00:26:06,this is about 1D arrays actually so in
00:26:06,00:26:08.310000,this is about 1D arrays actually so in the next video we'll see 2D arrays so
00:26:08.310000,00:26:08.320000,the next video we'll see 2D arrays so
00:26:08.320000,00:26:09.590000,the next video we'll see 2D arrays so now I'll see you in the next then
00:26:09.590000,00:26:09.600000,now I'll see you in the next then
00:26:09.600000,00:26:15.310000,now I'll see you in the next then bye-bye take
