Start Time,End Time,Text
00:00:02.149000,00:00:02.159000,hey everyone I hope you are safe and
00:00:02.159000,00:00:03.669000,hey everyone I hope you are safe and doing good so in the series of learning
00:00:03.669000,00:00:03.679000,doing good so in the series of learning
00:00:03.679000,00:00:05.789000,doing good so in the series of learning C++ programming language in the previous
00:00:05.789000,00:00:05.799000,C++ programming language in the previous
00:00:05.799000,00:00:08.110000,C++ programming language in the previous video we have seen arrays in C me we
00:00:08.110000,00:00:08.120000,video we have seen arrays in C me we
00:00:08.120000,00:00:09.870000,video we have seen arrays in C me we have discussed the concept of arrays 1D
00:00:09.870000,00:00:09.880000,have discussed the concept of arrays 1D
00:00:09.880000,00:00:12.870000,have discussed the concept of arrays 1D arrays in see right the need of 1D array
00:00:12.870000,00:00:12.880000,arrays in see right the need of 1D array
00:00:12.880000,00:00:15.230000,arrays in see right the need of 1D array what is 1D array how to declare 1D array
00:00:15.230000,00:00:15.240000,what is 1D array how to declare 1D array
00:00:15.240000,00:00:17.429000,what is 1D array how to declare 1D array how to initialize 1D array how to uh you
00:00:17.429000,00:00:17.439000,how to initialize 1D array how to uh you
00:00:17.439000,00:00:19.750000,how to initialize 1D array how to uh you know the memory representation of 1D
00:00:19.750000,00:00:19.760000,know the memory representation of 1D
00:00:19.760000,00:00:21.710000,know the memory representation of 1D arrays and how to access elements of
00:00:21.710000,00:00:21.720000,arrays and how to access elements of
00:00:21.720000,00:00:23.310000,arrays and how to access elements of those arrays and based on that we have
00:00:23.310000,00:00:23.320000,those arrays and based on that we have
00:00:23.320000,00:00:25.670000,those arrays and based on that we have discussed four or five coding problems
00:00:25.670000,00:00:25.680000,discussed four or five coding problems
00:00:25.680000,00:00:29.070000,discussed four or five coding problems as well lead code problem right so now
00:00:29.070000,00:00:29.080000,as well lead code problem right so now
00:00:29.080000,00:00:31.029000,as well lead code problem right so now in this video we'll see see what are
00:00:31.029000,00:00:31.039000,in this video we'll see see what are
00:00:31.039000,00:00:33.389000,in this video we'll see see what are multi-dimensional arrays especially 2D
00:00:33.389000,00:00:33.399000,multi-dimensional arrays especially 2D
00:00:33.399000,00:00:34.950000,multi-dimensional arrays especially 2D arrays
00:00:34.950000,00:00:34.960000,arrays
00:00:34.960000,00:00:37.430000,arrays right so multi-dimensional arrays are
00:00:37.430000,00:00:37.440000,right so multi-dimensional arrays are
00:00:37.440000,00:00:40.069000,right so multi-dimensional arrays are having more than one dimension that is
00:00:40.069000,00:00:40.079000,having more than one dimension that is
00:00:40.079000,00:00:43.029000,having more than one dimension that is for sure right so you see how you
00:00:43.029000,00:00:43.039000,for sure right so you see how you
00:00:43.039000,00:00:47.830000,for sure right so you see how you declare 1D array just write data type
00:00:47.830000,00:00:47.840000,declare 1D array just write data type
00:00:47.840000,00:00:51.790000,declare 1D array just write data type right like this int a AR name and here
00:00:51.790000,00:00:51.800000,right like this int a AR name and here
00:00:51.800000,00:00:55.029000,right like this int a AR name and here size like five so data type here we
00:00:55.029000,00:00:55.039000,size like five so data type here we
00:00:55.039000,00:00:57.150000,size like five so data type here we write array name
00:00:57.150000,00:00:57.160000,write array name
00:00:57.160000,00:01:00.270000,write array name and size of the array that's it this is
00:01:00.270000,00:01:00.280000,and size of the array that's it this is
00:01:00.280000,00:01:03.430000,and size of the array that's it this is how you declare 1D aray so now if you
00:01:03.430000,00:01:03.440000,how you declare 1D aray so now if you
00:01:03.440000,00:01:05.990000,how you declare 1D aray so now if you have more than one dimension so you can
00:01:05.990000,00:01:06,have more than one dimension so you can
00:01:06,00:01:08.149000,have more than one dimension so you can declare you can give like same data type
00:01:08.149000,00:01:08.159000,declare you can give like same data type
00:01:08.159000,00:01:11.950000,declare you can give like same data type array name here size one size two
00:01:11.950000,00:01:11.960000,array name here size one size two
00:01:11.960000,00:01:15.030000,array name here size one size two according to the dimension and up to
00:01:15.030000,00:01:15.040000,according to the dimension and up to
00:01:15.040000,00:01:19.030000,according to the dimension and up to size n how many Dimension you
00:01:19.030000,00:01:19.040000,size n how many Dimension you
00:01:19.040000,00:01:22.550000,size n how many Dimension you have that many size you have to give
00:01:22.550000,00:01:22.560000,have that many size you have to give
00:01:22.560000,00:01:26.910000,have that many size you have to give here right so like 2D array 3D arrays
00:01:26.910000,00:01:26.920000,here right so like 2D array 3D arrays
00:01:26.920000,00:01:31.350000,here right so like 2D array 3D arrays mostly we use 2D arrays right so now if
00:01:31.350000,00:01:31.360000,mostly we use 2D arrays right so now if
00:01:31.360000,00:01:34.870000,mostly we use 2D arrays right so now if I take like example of 2D arrays
00:01:34.870000,00:01:34.880000,I take like example of 2D arrays
00:01:34.880000,00:01:38.310000,I take like example of 2D arrays so 2D array it is the simplest form of
00:01:38.310000,00:01:38.320000,so 2D array it is the simplest form of
00:01:38.320000,00:01:41.230000,so 2D array it is the simplest form of multi-dimensional arrays right so have
00:01:41.230000,00:01:41.240000,multi-dimensional arrays right so have
00:01:41.240000,00:01:43.190000,multi-dimensional arrays right so have you declare 2D arrays same data type
00:01:43.190000,00:01:43.200000,you declare 2D arrays same data type
00:01:43.200000,00:01:45.749000,you declare 2D arrays same data type array name and only two size size one
00:01:45.749000,00:01:45.759000,array name and only two size size one
00:01:45.759000,00:01:48.030000,array name and only two size size one size two because we are having only two
00:01:48.030000,00:01:48.040000,size two because we are having only two
00:01:48.040000,00:01:50.590000,size two because we are having only two Dimension right so which type of data to
00:01:50.590000,00:01:50.600000,Dimension right so which type of data to
00:01:50.600000,00:01:54.910000,Dimension right so which type of data to be stored right this is AR name and here
00:01:54.910000,00:01:54.920000,be stored right this is AR name and here
00:01:54.920000,00:01:57.069000,be stored right this is AR name and here the you can say the maximum element to
00:01:57.069000,00:01:57.079000,the you can say the maximum element to
00:01:57.079000,00:01:59.389000,the you can say the maximum element to be stored in that array that size we
00:01:59.389000,00:01:59.399000,be stored in that array that size we
00:01:59.399000,00:02:00.670000,be stored in that array that size we give
00:02:00.670000,00:02:00.680000,give
00:02:00.680000,00:02:03.510000,give right now first of all we will see like
00:02:03.510000,00:02:03.520000,right now first of all we will see like
00:02:03.520000,00:02:06.350000,right now first of all we will see like what is 2D array but the need of 2D
00:02:06.350000,00:02:06.360000,what is 2D array but the need of 2D
00:02:06.360000,00:02:10.470000,what is 2D array but the need of 2D array we discuss first right so if I ask
00:02:10.470000,00:02:10.480000,array we discuss first right so if I ask
00:02:10.480000,00:02:12.830000,array we discuss first right so if I ask you I just declare you have to declare
00:02:12.830000,00:02:12.840000,you I just declare you have to declare
00:02:12.840000,00:02:16.030000,you I just declare you have to declare an array uh in which I want to store
00:02:16.030000,00:02:16.040000,an array uh in which I want to store
00:02:16.040000,00:02:19.710000,an array uh in which I want to store marks of 15 students let's suppose in my
00:02:19.710000,00:02:19.720000,marks of 15 students let's suppose in my
00:02:19.720000,00:02:20.670000,marks of 15 students let's suppose in my class I
00:02:20.670000,00:02:20.680000,class I
00:02:20.680000,00:02:24.869000,class I have 15 students so you simply declare a
00:02:24.869000,00:02:24.879000,have 15 students so you simply declare a
00:02:24.879000,00:02:28.830000,have 15 students so you simply declare a array of marks with name marks and size
00:02:28.830000,00:02:28.840000,array of marks with name marks and size
00:02:28.840000,00:02:33.550000,array of marks with name marks and size 15 okay fine now I say marks of 15
00:02:33.550000,00:02:33.560000,15 okay fine now I say marks of 15
00:02:33.560000,00:02:35.910000,15 okay fine now I say marks of 15 students but in five subjects in each
00:02:35.910000,00:02:35.920000,students but in five subjects in each
00:02:35.920000,00:02:38.509000,students but in five subjects in each subject you I want to store the marks of
00:02:38.509000,00:02:38.519000,subject you I want to store the marks of
00:02:38.519000,00:02:43.190000,subject you I want to store the marks of 15 uh students so one way is what either
00:02:43.190000,00:02:43.200000,15 uh students so one way is what either
00:02:43.200000,00:02:46.550000,15 uh students so one way is what either I can say like marks or you can
00:02:46.550000,00:02:46.560000,I can say like marks or you can
00:02:46.560000,00:02:51.589000,I can say like marks or you can say sub one for 15 student then another
00:02:51.589000,00:02:51.599000,say sub one for 15 student then another
00:02:51.599000,00:02:56.309000,say sub one for 15 student then another array name sub two marks for 15 student
00:02:56.309000,00:02:56.319000,array name sub two marks for 15 student
00:02:56.319000,00:03:00.390000,array name sub two marks for 15 student like this and you just declare
00:03:00.390000,00:03:00.400000,like this and you just declare
00:03:00.400000,00:03:03.869000,like this and you just declare five arrays because you have five
00:03:03.869000,00:03:03.879000,five arrays because you have five
00:03:03.879000,00:03:05.589000,five arrays because you have five subjects
00:03:05.589000,00:03:05.599000,subjects
00:03:05.599000,00:03:09.030000,subjects right now you have five arrays but is
00:03:09.030000,00:03:09.040000,right now you have five arrays but is
00:03:09.040000,00:03:11.830000,right now you have five arrays but is there any you know simple way in which I
00:03:11.830000,00:03:11.840000,there any you know simple way in which I
00:03:11.840000,00:03:14.030000,there any you know simple way in which I just have to declare only
00:03:14.030000,00:03:14.040000,just have to declare only
00:03:14.040000,00:03:17.229000,just have to declare only once yeah we can do this with the help
00:03:17.229000,00:03:17.239000,once yeah we can do this with the help
00:03:17.239000,00:03:19.869000,once yeah we can do this with the help of 2D AR just add one dimension here
00:03:19.869000,00:03:19.879000,of 2D AR just add one dimension here
00:03:19.879000,00:03:21.949000,of 2D AR just add one dimension here only for five subject that's it no need
00:03:21.949000,00:03:21.959000,only for five subject that's it no need
00:03:21.959000,00:03:25.550000,only for five subject that's it no need to declare five times the arrays right
00:03:25.550000,00:03:25.560000,to declare five times the arrays right
00:03:25.560000,00:03:28.429000,to declare five times the arrays right that is why we also say that 2D arrays
00:03:28.429000,00:03:28.439000,that is why we also say that 2D arrays
00:03:28.439000,00:03:30.710000,that is why we also say that 2D arrays array of arrays
00:03:30.710000,00:03:30.720000,array of arrays
00:03:30.720000,00:03:33.509000,array of arrays right because here we are five arrays
00:03:33.509000,00:03:33.519000,right because here we are five arrays
00:03:33.519000,00:03:35.750000,right because here we are five arrays but in one array I'm going
00:03:35.750000,00:03:35.760000,but in one array I'm going
00:03:35.760000,00:03:40.630000,but in one array I'm going to declare this so simply I can say like
00:03:40.630000,00:03:40.640000,to declare this so simply I can say like
00:03:40.640000,00:03:43.550000,to declare this so simply I can say like how to declare that thing float name of
00:03:43.550000,00:03:43.560000,how to declare that thing float name of
00:03:43.560000,00:03:48.270000,how to declare that thing float name of the array five subjects and 15 students
00:03:48.270000,00:03:48.280000,the array five subjects and 15 students
00:03:48.280000,00:03:50.949000,the array five subjects and 15 students that's it oh you can also declare
00:03:50.949000,00:03:50.959000,that's it oh you can also declare
00:03:50.959000,00:03:53.229000,that's it oh you can also declare something like this maybe this question
00:03:53.229000,00:03:53.239000,something like this maybe this question
00:03:53.239000,00:03:57.350000,something like this maybe this question is in your mind like 15 here five here
00:03:57.350000,00:03:57.360000,is in your mind like 15 here five here
00:03:57.360000,00:04:00.470000,is in your mind like 15 here five here that is also fine okay
00:04:00.470000,00:04:00.480000,that is also fine okay
00:04:00.480000,00:04:02.390000,that is also fine okay but the difference is what I'm going to
00:04:02.390000,00:04:02.400000,but the difference is what I'm going to
00:04:02.400000,00:04:06.429000,but the difference is what I'm going to tell you so here also five subject 15
00:04:06.429000,00:04:06.439000,tell you so here also five subject 15
00:04:06.439000,00:04:09.429000,tell you so here also five subject 15 students or 15 subjects we have and each
00:04:09.429000,00:04:09.439000,students or 15 subjects we have and each
00:04:09.439000,00:04:12.229000,students or 15 subjects we have and each subject I have sorry 15 students and in
00:04:12.229000,00:04:12.239000,subject I have sorry 15 students and in
00:04:12.239000,00:04:14.550000,subject I have sorry 15 students and in five subject I want to store the marks
00:04:14.550000,00:04:14.560000,five subject I want to store the marks
00:04:14.560000,00:04:19.629000,five subject I want to store the marks right it's okay now we so how we can say
00:04:19.629000,00:04:19.639000,right it's okay now we so how we can say
00:04:19.639000,00:04:23.350000,right it's okay now we so how we can say that this is row so if you write the
00:04:23.350000,00:04:23.360000,that this is row so if you write the
00:04:23.360000,00:04:26.590000,that this is row so if you write the general syntax of declaring 2D array
00:04:26.590000,00:04:26.600000,general syntax of declaring 2D array
00:04:26.600000,00:04:28.870000,general syntax of declaring 2D array then simply we write here data type
00:04:28.870000,00:04:28.880000,then simply we write here data type
00:04:28.880000,00:04:32.830000,then simply we write here data type array name and here we write row size
00:04:32.830000,00:04:32.840000,array name and here we write row size
00:04:32.840000,00:04:35.909000,array name and here we write row size and the first one is sorry the first one
00:04:35.909000,00:04:35.919000,and the first one is sorry the first one
00:04:35.919000,00:04:38.390000,and the first one is sorry the first one is row size the second one is column
00:04:38.390000,00:04:38.400000,is row size the second one is column
00:04:38.400000,00:04:44.029000,is row size the second one is column size right this you need to take
00:04:46.830000,00:04:46.840000,care so in this case we have five rows
00:04:46.840000,00:04:49.150000,care so in this case we have five rows 15 columns in this case we have 15 rows
00:04:49.150000,00:04:49.160000,15 columns in this case we have 15 rows
00:04:49.160000,00:04:51.909000,15 columns in this case we have 15 rows and five columns right first would be
00:04:51.909000,00:04:51.919000,and five columns right first would be
00:04:51.919000,00:04:53.870000,and five columns right first would be row size second dimension would be
00:04:53.870000,00:04:53.880000,row size second dimension would be
00:04:53.880000,00:04:55.870000,row size second dimension would be column size that is for
00:04:55.870000,00:04:55.880000,column size that is for
00:04:55.880000,00:05:01.029000,column size that is for sure right now have you you you know if
00:05:01.029000,00:05:01.039000,sure right now have you you you know if
00:05:01.039000,00:05:04.830000,sure right now have you you you know if I declare this this array so how you
00:05:04.830000,00:05:04.840000,I declare this this array so how you
00:05:04.840000,00:05:06.870000,I declare this this array so how you think like if I say how you can
00:05:06.870000,00:05:06.880000,think like if I say how you can
00:05:06.880000,00:05:08.550000,think like if I say how you can visualize this array how this array is
00:05:08.550000,00:05:08.560000,visualize this array how this array is
00:05:08.560000,00:05:11.189000,visualize this array how this array is to be stored in memory so generally we
00:05:11.189000,00:05:11.199000,to be stored in memory so generally we
00:05:11.199000,00:05:13.790000,to be stored in memory so generally we visualize this thing something like this
00:05:13.790000,00:05:13.800000,visualize this thing something like this
00:05:13.800000,00:05:18.309000,visualize this thing something like this like rather than 15 let's take only uh
00:05:18.309000,00:05:18.319000,like rather than 15 let's take only uh
00:05:18.319000,00:05:20.710000,like rather than 15 let's take only uh five subject and or we can say let's
00:05:20.710000,00:05:20.720000,five subject and or we can say let's
00:05:20.720000,00:05:24.590000,five subject and or we can say let's take a smaller number two and three only
00:05:24.590000,00:05:24.600000,take a smaller number two and three only
00:05:24.600000,00:05:26.909000,take a smaller number two and three only right two subject and three students
00:05:26.909000,00:05:26.919000,right two subject and three students
00:05:26.919000,00:05:30.990000,right two subject and three students that's it I have a very special subject
00:05:30.990000,00:05:31,that's it I have a very special subject
00:05:31,00:05:32.590000,that's it I have a very special subject two special subject in which I have only
00:05:32.590000,00:05:32.600000,two special subject in which I have only
00:05:32.600000,00:05:35.270000,two special subject in which I have only three student like maybe I'm guiding PhD
00:05:35.270000,00:05:35.280000,three student like maybe I'm guiding PhD
00:05:35.280000,00:05:38.550000,three student like maybe I'm guiding PhD students right so now or second way is
00:05:38.550000,00:05:38.560000,students right so now or second way is
00:05:38.560000,00:05:40.670000,students right so now or second way is here we can write down write down two
00:05:40.670000,00:05:40.680000,here we can write down write down two
00:05:40.680000,00:05:43.950000,here we can write down write down two and three so how you visualize this
00:05:43.950000,00:05:43.960000,and three so how you visualize this
00:05:43.960000,00:05:47.710000,and three so how you visualize this thing in memory sorry not in memory but
00:05:47.710000,00:05:47.720000,thing in memory sorry not in memory but
00:05:47.720000,00:05:50.430000,thing in memory sorry not in memory but how we visualize this thing first is row
00:05:50.430000,00:05:50.440000,how we visualize this thing first is row
00:05:50.440000,00:05:51.830000,how we visualize this thing first is row size so two
00:05:51.830000,00:05:51.840000,size so two
00:05:51.840000,00:05:55.230000,size so two rows column size so three columns
00:05:55.230000,00:05:55.240000,rows column size so three columns
00:05:55.240000,00:05:57.909000,rows column size so three columns something like this right and index
00:05:57.909000,00:05:57.919000,something like this right and index
00:05:57.919000,00:06:00.110000,something like this right and index would be start you note index start from
00:06:00.110000,00:06:00.120000,would be start you note index start from
00:06:00.120000,00:06:05.990000,would be start you note index start from 0o right so 0 1 0 1 2 these are rows and
00:06:05.990000,00:06:06,0o right so 0 1 0 1 2 these are rows and
00:06:06,00:06:08.390000,0o right so 0 1 0 1 2 these are rows and these are
00:06:08.390000,00:06:08.400000,these are
00:06:08.400000,00:06:11.189000,these are columns something like this right this
00:06:11.189000,00:06:11.199000,columns something like this right this
00:06:11.199000,00:06:14.710000,columns something like this right this is how we see so we can say 2D arrays we
00:06:14.710000,00:06:14.720000,is how we see so we can say 2D arrays we
00:06:14.720000,00:06:16.510000,is how we see so we can say 2D arrays we can also see this in a matrix form or
00:06:16.510000,00:06:16.520000,can also see this in a matrix form or
00:06:16.520000,00:06:20.029000,can also see this in a matrix form or tab form right it's nothing but but a t
00:06:20.029000,00:06:20.039000,tab form right it's nothing but but a t
00:06:20.039000,00:06:21.950000,tab form right it's nothing but but a t table or we can say it's like a matrix
00:06:21.950000,00:06:21.960000,table or we can say it's like a matrix
00:06:21.960000,00:06:25.150000,table or we can say it's like a matrix also Matrix is something like this so in
00:06:25.150000,00:06:25.160000,also Matrix is something like this so in
00:06:25.160000,00:06:27.270000,also Matrix is something like this so in Matrix also we store data something in
00:06:27.270000,00:06:27.280000,Matrix also we store data something in
00:06:27.280000,00:06:30.070000,Matrix also we store data something in this form only so that is Matrix also
00:06:30.070000,00:06:30.080000,this form only so that is Matrix also
00:06:30.080000,00:06:32.230000,this form only so that is Matrix also right now if you want to access the
00:06:32.230000,00:06:32.240000,right now if you want to access the
00:06:32.240000,00:06:34.510000,right now if you want to access the element of 2D array then we need more
00:06:34.510000,00:06:34.520000,element of 2D array then we need more
00:06:34.520000,00:06:36.430000,element of 2D array then we need more than one index in 1D array we need only
00:06:36.430000,00:06:36.440000,than one index in 1D array we need only
00:06:36.440000,00:06:38.469000,than one index in 1D array we need only one index there 0 1 2 3 4 but here if
00:06:38.469000,00:06:38.479000,one index there 0 1 2 3 4 but here if
00:06:38.479000,00:06:40.550000,one index there 0 1 2 3 4 but here if you want to access this element you need
00:06:40.550000,00:06:40.560000,you want to access this element you need
00:06:40.560000,00:06:43.110000,you want to access this element you need two index which row and which column you
00:06:43.110000,00:06:43.120000,two index which row and which column you
00:06:43.120000,00:06:45.150000,two index which row and which column you need to specify two thing which row and
00:06:45.150000,00:06:45.160000,need to specify two thing which row and
00:06:45.160000,00:06:48.150000,need to specify two thing which row and which column right so row index is zero
00:06:48.150000,00:06:48.160000,which column right so row index is zero
00:06:48.160000,00:06:50.070000,which column right so row index is zero and column index is also
00:06:50.070000,00:06:50.080000,and column index is also
00:06:50.080000,00:06:53.189000,and column index is also zero for this element row is zero column
00:06:53.189000,00:06:53.199000,zero for this element row is zero column
00:06:53.199000,00:06:57.029000,zero for this element row is zero column is one for this 02 for this 1 0 1 1 and
00:06:57.029000,00:06:57.039000,is one for this 02 for this 1 0 1 1 and
00:06:57.039000,00:06:57.790000,is one for this 02 for this 1 0 1 1 and 1
00:06:57.790000,00:06:57.800000,1
00:06:57.800000,00:07:00.550000,1 2 so more than one index you need
00:07:00.550000,00:07:00.560000,2 so more than one index you need
00:07:00.560000,00:07:02.990000,2 so more than one index you need basically two index you need if you are
00:07:02.990000,00:07:03,basically two index you need if you are
00:07:03,00:07:04.869000,basically two index you need if you are accessing element any element from 2D
00:07:04.869000,00:07:04.879000,accessing element any element from 2D
00:07:04.879000,00:07:06.909000,accessing element any element from 2D array right but this is not how exactly
00:07:06.909000,00:07:06.919000,array right but this is not how exactly
00:07:06.919000,00:07:09.150000,array right but this is not how exactly in memory the data is to be stored of 2D
00:07:09.150000,00:07:09.160000,in memory the data is to be stored of 2D
00:07:09.160000,00:07:11.350000,in memory the data is to be stored of 2D no no no no no because memories it's
00:07:11.350000,00:07:11.360000,no no no no no because memories it's
00:07:11.360000,00:07:16.510000,no no no no no because memories it's like a long tape of you know b in a
00:07:16.510000,00:07:16.520000,like a long tape of you know b in a
00:07:16.520000,00:07:18.749000,like a long tape of you know b in a sequence so we cannot store data in
00:07:18.749000,00:07:18.759000,sequence so we cannot store data in
00:07:18.759000,00:07:21.150000,sequence so we cannot store data in Matrix form or tular form but how the
00:07:21.150000,00:07:21.160000,Matrix form or tular form but how the
00:07:21.160000,00:07:22.749000,Matrix form or tular form but how the data should be stored that I'm going to
00:07:22.749000,00:07:22.759000,data should be stored that I'm going to
00:07:22.759000,00:07:25.670000,data should be stored that I'm going to show you in detail in the next video but
00:07:25.670000,00:07:25.680000,show you in detail in the next video but
00:07:25.680000,00:07:28.309000,show you in detail in the next video but for now in this video for this video let
00:07:28.309000,00:07:28.319000,for now in this video for this video let
00:07:28.319000,00:07:29.990000,for now in this video for this video let me just tell you in brief
00:07:29.990000,00:07:30,me just tell you in brief
00:07:30,00:07:32.309000,me just tell you in brief this first row would be stored here
00:07:32.309000,00:07:32.319000,this first row would be stored here
00:07:32.319000,00:07:34.270000,this first row would be stored here continuously then the second row would
00:07:34.270000,00:07:34.280000,continuously then the second row would
00:07:34.280000,00:07:35.189000,continuously then the second row would be
00:07:35.189000,00:07:35.199000,be
00:07:35.199000,00:07:38.230000,be stored rowwise there is to be stor but
00:07:38.230000,00:07:38.240000,stored rowwise there is to be stor but
00:07:38.240000,00:07:39.710000,stored rowwise there is to be stor but in detail we'll discuss in next video
00:07:39.710000,00:07:39.720000,in detail we'll discuss in next video
00:07:39.720000,00:07:41.670000,in detail we'll discuss in next video the memory representation and accessing
00:07:41.670000,00:07:41.680000,the memory representation and accessing
00:07:41.680000,00:07:44.390000,the memory representation and accessing of the array elements like 2D array
00:07:44.390000,00:07:44.400000,of the array elements like 2D array
00:07:44.400000,00:07:45.670000,of the array elements like 2D array elements
00:07:45.670000,00:07:45.680000,elements
00:07:45.680000,00:07:47.909000,elements right so this is the pictorial
00:07:47.909000,00:07:47.919000,right so this is the pictorial
00:07:47.919000,00:07:49.710000,right so this is the pictorial representation if the array is something
00:07:49.710000,00:07:49.720000,representation if the array is something
00:07:49.720000,00:07:53.749000,representation if the array is something like this so nothing change here column
00:07:53.749000,00:07:53.759000,like this so nothing change here column
00:07:53.759000,00:07:55.350000,like this so nothing change here column size is
00:07:55.350000,00:07:55.360000,size is
00:07:55.360000,00:07:59.749000,size is three and rows sorry rows are three rows
00:07:59.749000,00:07:59.759000,three and rows sorry rows are three rows
00:07:59.759000,00:08:02.550000,three and rows sorry rows are three rows are three columns are
00:08:02.550000,00:08:02.560000,are three columns are
00:08:02.560000,00:08:05.909000,are three columns are two 0 1 2 0
00:08:05.909000,00:08:05.919000,two 0 1 2 0
00:08:05.919000,00:08:09.350000,two 0 1 2 0 1 right so in this case suppose three
00:08:09.350000,00:08:09.360000,1 right so in this case suppose three
00:08:09.360000,00:08:13.270000,1 right so in this case suppose three student so here I have student in this
00:08:13.270000,00:08:13.280000,student so here I have student in this
00:08:13.280000,00:08:16.469000,student so here I have student in this Dimension and two subject so in this
00:08:16.469000,00:08:16.479000,Dimension and two subject so in this
00:08:16.479000,00:08:19.390000,Dimension and two subject so in this Dimension I have subject but here in
00:08:19.390000,00:08:19.400000,Dimension I have subject but here in
00:08:19.400000,00:08:21.950000,Dimension I have subject but here in this Dimension I have student and here I
00:08:21.950000,00:08:21.960000,this Dimension I have student and here I
00:08:21.960000,00:08:24.270000,this Dimension I have student and here I have subject it's okay you can do either
00:08:24.270000,00:08:24.280000,have subject it's okay you can do either
00:08:24.280000,00:08:27.189000,have subject it's okay you can do either this or this it's fine right but first
00:08:27.189000,00:08:27.199000,this or this it's fine right but first
00:08:27.199000,00:08:28.869000,this or this it's fine right but first would be row size second would be column
00:08:28.869000,00:08:28.879000,would be row size second would be column
00:08:28.879000,00:08:30.950000,would be row size second would be column size this you need to take care right so
00:08:30.950000,00:08:30.960000,size this you need to take care right so
00:08:30.960000,00:08:32.909000,size this you need to take care right so this is the difference between these two
00:08:32.909000,00:08:32.919000,this is the difference between these two
00:08:32.919000,00:08:35.990000,this is the difference between these two uh declaration right now if you want to
00:08:35.990000,00:08:36,uh declaration right now if you want to
00:08:36,00:08:38.750000,uh declaration right now if you want to calculate how many element you can store
00:08:38.750000,00:08:38.760000,calculate how many element you can store
00:08:38.760000,00:08:40.670000,calculate how many element you can store or how much memory how many bytes are to
00:08:40.670000,00:08:40.680000,or how much memory how many bytes are to
00:08:40.680000,00:08:42.750000,or how much memory how many bytes are to be allocated for the particular array so
00:08:42.750000,00:08:42.760000,be allocated for the particular array so
00:08:42.760000,00:08:45.590000,be allocated for the particular array so if this is the case first one so how
00:08:45.590000,00:08:45.600000,if this is the case first one so how
00:08:45.600000,00:08:48.310000,if this is the case first one so how many elements we can store two row and
00:08:48.310000,00:08:48.320000,many elements we can store two row and
00:08:48.320000,00:08:50.190000,many elements we can store two row and in each row we have three columns means
00:08:50.190000,00:08:50.200000,in each row we have three columns means
00:08:50.200000,00:08:52.670000,in each row we have three columns means we can store 2 into three total six
00:08:52.670000,00:08:52.680000,we can store 2 into three total six
00:08:52.680000,00:08:55.269000,we can store 2 into three total six elements in the St so the memory manager
00:08:55.269000,00:08:55.279000,elements in the St so the memory manager
00:08:55.279000,00:08:58.190000,elements in the St so the memory manager has to allocate bytes for memory for six
00:08:58.190000,00:08:58.200000,has to allocate bytes for memory for six
00:08:58.200000,00:09:00.350000,has to allocate bytes for memory for six elements and it is a
00:09:00.350000,00:09:00.360000,elements and it is a
00:09:00.360000,00:09:03.630000,elements and it is a float type so each element will take 4
00:09:03.630000,00:09:03.640000,float type so each element will take 4
00:09:03.640000,00:09:06.790000,float type so each element will take 4 by so 6 into 4 that is 24 by would be
00:09:06.790000,00:09:06.800000,by so 6 into 4 that is 24 by would be
00:09:06.800000,00:09:08.670000,by so 6 into 4 that is 24 by would be allocated for this array for this AR
00:09:08.670000,00:09:08.680000,allocated for this array for this AR
00:09:08.680000,00:09:11.949000,allocated for this array for this AR also 3 into 2 6 6 into 4 24 by would be
00:09:11.949000,00:09:11.959000,also 3 into 2 6 6 into 4 24 by would be
00:09:11.959000,00:09:13.509000,also 3 into 2 6 6 into 4 24 by would be allocated
00:09:13.509000,00:09:13.519000,allocated
00:09:13.519000,00:09:16.829000,allocated right okay this is how I'm going to tell
00:09:16.829000,00:09:16.839000,right okay this is how I'm going to tell
00:09:16.839000,00:09:18.230000,right okay this is how I'm going to tell you I'm going to show you like if you
00:09:18.230000,00:09:18.240000,you I'm going to show you like if you
00:09:18.240000,00:09:20.030000,you I'm going to show you like if you want to calculate the size of these
00:09:20.030000,00:09:20.040000,want to calculate the size of these
00:09:20.040000,00:09:22.790000,want to calculate the size of these thing then we have a size of operator
00:09:22.790000,00:09:22.800000,thing then we have a size of operator
00:09:22.800000,00:09:24.509000,thing then we have a size of operator also this thing practically I'll show
00:09:24.509000,00:09:24.519000,also this thing practically I'll show
00:09:24.519000,00:09:26.870000,also this thing practically I'll show you right we'll calculate the size we'll
00:09:26.870000,00:09:26.880000,you right we'll calculate the size we'll
00:09:26.880000,00:09:28.310000,you right we'll calculate the size we'll show the size also with the help of
00:09:28.310000,00:09:28.320000,show the size also with the help of
00:09:28.320000,00:09:30.470000,show the size also with the help of program using size of operator right
00:09:30.470000,00:09:30.480000,program using size of operator right
00:09:30.480000,00:09:32.230000,program using size of operator right this is our first program and I'll show
00:09:32.230000,00:09:32.240000,this is our first program and I'll show
00:09:32.240000,00:09:33.430000,this is our first program and I'll show you with the help of program how to
00:09:33.430000,00:09:33.440000,you with the help of program how to
00:09:33.440000,00:09:35.350000,you with the help of program how to declare array how to initialize array
00:09:35.350000,00:09:35.360000,declare array how to initialize array
00:09:35.360000,00:09:37.509000,declare array how to initialize array it's okay now the Declaration is I think
00:09:37.509000,00:09:37.519000,it's okay now the Declaration is I think
00:09:37.519000,00:09:39.550000,it's okay now the Declaration is I think almost clear to you guys if you are just
00:09:39.550000,00:09:39.560000,almost clear to you guys if you are just
00:09:39.560000,00:09:42.069000,almost clear to you guys if you are just only you know if you are only uh
00:09:42.069000,00:09:42.079000,only you know if you are only uh
00:09:42.079000,00:09:44.389000,only you know if you are only uh declaring the array you're not
00:09:44.389000,00:09:44.399000,declaring the array you're not
00:09:44.399000,00:09:46.389000,declaring the array you're not initializing the array then you have to
00:09:46.389000,00:09:46.399000,initializing the array then you have to
00:09:46.399000,00:09:49.110000,initializing the array then you have to give both the size column size and row
00:09:49.110000,00:09:49.120000,give both the size column size and row
00:09:49.120000,00:09:53.550000,give both the size column size and row size right but yeah we can skip this row
00:09:53.550000,00:09:53.560000,size right but yeah we can skip this row
00:09:53.560000,00:09:56.750000,size right but yeah we can skip this row size this can be
00:09:56.750000,00:09:56.760000,size this can be
00:09:56.760000,00:09:59.790000,size this can be empty but that case is different right
00:09:59.790000,00:09:59.800000,empty but that case is different right
00:09:59.800000,00:10:01.430000,empty but that case is different right for now if you are just declaring
00:10:01.430000,00:10:01.440000,for now if you are just declaring
00:10:01.440000,00:10:02.990000,for now if you are just declaring something like this you have to specify
00:10:02.990000,00:10:03,something like this you have to specify
00:10:03,00:10:04.870000,something like this you have to specify both row size and row size and column
00:10:04.870000,00:10:04.880000,both row size and row size and column
00:10:04.880000,00:10:06.269000,both row size and row size and column size so I hope the Declaration is clear
00:10:06.269000,00:10:06.279000,size so I hope the Declaration is clear
00:10:06.279000,00:10:07.990000,size so I hope the Declaration is clear to you guys and how to calculate the
00:10:07.990000,00:10:08,to you guys and how to calculate the
00:10:08,00:10:09.389000,to you guys and how to calculate the number of elements and the how much
00:10:09.389000,00:10:09.399000,number of elements and the how much
00:10:09.399000,00:10:11.389000,number of elements and the how much memory would be allocated to the 2D
00:10:11.389000,00:10:11.399000,memory would be allocated to the 2D
00:10:11.399000,00:10:13.230000,memory would be allocated to the 2D array right and the pictorial
00:10:13.230000,00:10:13.240000,array right and the pictorial
00:10:13.240000,00:10:15.670000,array right and the pictorial representation how you visualize 2D
00:10:15.670000,00:10:15.680000,representation how you visualize 2D
00:10:15.680000,00:10:19.430000,representation how you visualize 2D array right how to access that in detail
00:10:19.430000,00:10:19.440000,array right how to access that in detail
00:10:19.440000,00:10:21.310000,array right how to access that in detail I'll show you next video now next thing
00:10:21.310000,00:10:21.320000,I'll show you next video now next thing
00:10:21.320000,00:10:24.269000,I'll show you next video now next thing is how to initialize 2D array so same as
00:10:24.269000,00:10:24.279000,is how to initialize 2D array so same as
00:10:24.279000,00:10:27.550000,is how to initialize 2D array so same as 1D ARR we have two you
00:10:27.550000,00:10:27.560000,1D ARR we have two you
00:10:27.560000,00:10:29.590000,1D ARR we have two you know method
00:10:29.590000,00:10:29.600000,know method
00:10:29.600000,00:10:31.949000,know method like we can initialize this at compile
00:10:31.949000,00:10:31.959000,like we can initialize this at compile
00:10:31.959000,00:10:34.630000,like we can initialize this at compile time and at run time so at compile time
00:10:34.630000,00:10:34.640000,time and at run time so at compile time
00:10:34.640000,00:10:38.150000,time and at run time so at compile time just we give the initializer list at
00:10:38.150000,00:10:38.160000,just we give the initializer list at
00:10:38.160000,00:10:40.590000,just we give the initializer list at compile time only and at run time if you
00:10:40.590000,00:10:40.600000,compile time only and at run time if you
00:10:40.600000,00:10:42.350000,compile time only and at run time if you want to initialize and if you want to
00:10:42.350000,00:10:42.360000,want to initialize and if you want to
00:10:42.360000,00:10:45.110000,want to initialize and if you want to ask the numbers the element of the from
00:10:45.110000,00:10:45.120000,ask the numbers the element of the from
00:10:45.120000,00:10:47.670000,ask the numbers the element of the from the user at run time then we use Loops
00:10:47.670000,00:10:47.680000,the user at run time then we use Loops
00:10:47.680000,00:10:49.550000,the user at run time then we use Loops right so first we'll see how to
00:10:49.550000,00:10:49.560000,right so first we'll see how to
00:10:49.560000,00:10:52.350000,right so first we'll see how to initialize it at compile time right
00:10:52.350000,00:10:52.360000,initialize it at compile time right
00:10:52.360000,00:10:54.590000,initialize it at compile time right don't worry I'll you know show you this
00:10:54.590000,00:10:54.600000,don't worry I'll you know show you this
00:10:54.600000,00:10:57.150000,don't worry I'll you know show you this thing with the help of program as well
00:10:57.150000,00:10:57.160000,thing with the help of program as well
00:10:57.160000,00:11:01.389000,thing with the help of program as well so while declaring only like float marks
00:11:01.389000,00:11:01.399000,so while declaring only like float marks
00:11:01.399000,00:11:05.750000,so while declaring only like float marks 2 and three here only I
00:11:05.750000,00:11:05.760000,2 and three here only I
00:11:05.760000,00:11:10.030000,2 and three here only I can this is two sorry two and three here
00:11:10.030000,00:11:10.040000,can this is two sorry two and three here
00:11:10.040000,00:11:13.310000,can this is two sorry two and three here only I can give the data the elements
00:11:13.310000,00:11:13.320000,only I can give the data the elements
00:11:13.320000,00:11:16.110000,only I can give the data the elements the marks this is known as the
00:11:16.110000,00:11:16.120000,the marks this is known as the
00:11:16.120000,00:11:18.870000,the marks this is known as the initializer list using initializer list
00:11:18.870000,00:11:18.880000,initializer list using initializer list
00:11:18.880000,00:11:21.509000,initializer list using initializer list so how you been initialize this thing we
00:11:21.509000,00:11:21.519000,so how you been initialize this thing we
00:11:21.519000,00:11:24.190000,so how you been initialize this thing we can do in three ways so first way how
00:11:24.190000,00:11:24.200000,can do in three ways so first way how
00:11:24.200000,00:11:25.870000,can do in three ways so first way how many element we can store 3 into two six
00:11:25.870000,00:11:25.880000,many element we can store 3 into two six
00:11:25.880000,00:11:28.590000,many element we can store 3 into two six element so just give six element so you
00:11:28.590000,00:11:28.600000,element so just give six element so you
00:11:28.600000,00:11:31.829000,element so just give six element so you just give give the marks six element we
00:11:31.829000,00:11:31.839000,just give give the marks six element we
00:11:31.839000,00:11:35.790000,just give give the marks six element we can store just give six marks right so
00:11:35.790000,00:11:35.800000,can store just give six marks right so
00:11:35.800000,00:11:39.710000,can store just give six marks right so how this is going to be stored in memory
00:11:39.710000,00:11:39.720000,how this is going to be stored in memory
00:11:39.720000,00:11:44.269000,how this is going to be stored in memory now here this is one thing so first two
00:11:44.269000,00:11:44.279000,now here this is one thing so first two
00:11:44.279000,00:11:46.870000,now here this is one thing so first two rows so first we'll take the first value
00:11:46.870000,00:11:46.880000,rows so first we'll take the first value
00:11:46.880000,00:11:50.509000,rows so first we'll take the first value and that like this is the array
00:11:50.509000,00:11:50.519000,and that like this is the array
00:11:50.519000,00:11:52.350000,and that like this is the array victorial representation of the AR so
00:11:52.350000,00:11:52.360000,victorial representation of the AR so
00:11:52.360000,00:11:54.310000,victorial representation of the AR so first is
00:11:54.310000,00:11:54.320000,first is
00:11:54.320000,00:11:59.509000,first is 5695 next in the same row 10.2 98
00:11:59.509000,00:11:59.519000,5695 next in the same row 10.2 98
00:11:59.519000,00:12:03.230000,5695 next in the same row 10.2 98 99 three elements we have three columns
00:12:03.230000,00:12:03.240000,99 three elements we have three columns
00:12:03.240000,00:12:07.629000,99 three elements we have three columns then next row 95 91 like
00:12:07.629000,00:12:07.639000,then next row 95 91 like
00:12:07.639000,00:12:11.430000,then next row 95 91 like this so this is first row this is second
00:12:11.430000,00:12:11.440000,this so this is first row this is second
00:12:11.440000,00:12:15.150000,this so this is first row this is second row or one more clear way is you can
00:12:15.150000,00:12:15.160000,row or one more clear way is you can
00:12:15.160000,00:12:18.069000,row or one more clear way is you can some do something like this initializer
00:12:18.069000,00:12:18.079000,some do something like this initializer
00:12:18.079000,00:12:23.310000,some do something like this initializer list uh let me just write down here like
00:12:23.310000,00:12:23.320000,list uh let me just write down here like
00:12:23.320000,00:12:26.310000,list uh let me just write down here like this nested list we can use like within
00:12:26.310000,00:12:26.320000,this nested list we can use like within
00:12:26.320000,00:12:30.110000,this nested list we can use like within this we can just have one more like list
00:12:30.110000,00:12:30.120000,this we can just have one more like list
00:12:30.120000,00:12:32.389000,this we can just have one more like list and only three elements for first row
00:12:32.389000,00:12:32.399000,and only three elements for first row
00:12:32.399000,00:12:33.870000,and only three elements for first row and three elements for second row so
00:12:33.870000,00:12:33.880000,and three elements for second row so
00:12:33.880000,00:12:35.829000,and three elements for second row so this is I think more clear way here we
00:12:35.829000,00:12:35.839000,this is I think more clear way here we
00:12:35.839000,00:12:37.710000,this is I think more clear way here we can directly say like this is Row one
00:12:37.710000,00:12:37.720000,can directly say like this is Row one
00:12:37.720000,00:12:39.150000,can directly say like this is Row one and these element would be stored in row
00:12:39.150000,00:12:39.160000,and these element would be stored in row
00:12:39.160000,00:12:42.670000,and these element would be stored in row two right or something like this also we
00:12:42.670000,00:12:42.680000,two right or something like this also we
00:12:42.680000,00:12:46.629000,two right or something like this also we can do like here just this bracket this
00:12:46.629000,00:12:46.639000,can do like here just this bracket this
00:12:46.639000,00:12:49.750000,can do like here just this bracket this would be same and in the next we can
00:12:49.750000,00:12:49.760000,would be same and in the next we can
00:12:49.760000,00:12:53.189000,would be same and in the next we can just store the
00:12:53.189000,00:12:53.199000,just store the
00:12:53.199000,00:12:56.069000,just store the marks then in Matrix
00:12:56.069000,00:12:56.079000,marks then in Matrix
00:12:56.079000,00:13:01.790000,marks then in Matrix form 91 91
00:13:03.870000,00:13:03.880000,and that's it this also you can write
00:13:03.880000,00:13:05.870000,and that's it this also you can write down this bracket then in next line this
00:13:05.870000,00:13:05.880000,down this bracket then in next line this
00:13:05.880000,00:13:07.949000,down this bracket then in next line this thing in next line write down this thing
00:13:07.949000,00:13:07.959000,thing in next line write down this thing
00:13:07.959000,00:13:09.670000,thing in next line write down this thing then in next line this bracket and just
00:13:09.670000,00:13:09.680000,then in next line this bracket and just
00:13:09.680000,00:13:12.949000,then in next line this bracket and just close right this also we can do so this
00:13:12.949000,00:13:12.959000,close right this also we can do so this
00:13:12.959000,00:13:16.230000,close right this also we can do so this is more clear way right like Row one and
00:13:16.230000,00:13:16.240000,is more clear way right like Row one and
00:13:16.240000,00:13:18.310000,is more clear way right like Row one and row two so this is how you can
00:13:18.310000,00:13:18.320000,row two so this is how you can
00:13:18.320000,00:13:20.670000,row two so this is how you can initialize that compile time with
00:13:20.670000,00:13:20.680000,initialize that compile time with
00:13:20.680000,00:13:22.269000,initialize that compile time with initializer list this is known as
00:13:22.269000,00:13:22.279000,initializer list this is known as
00:13:22.279000,00:13:23.990000,initializer list this is known as initializer list and now if you do this
00:13:23.990000,00:13:24,initializer list and now if you do this
00:13:24,00:13:27.350000,initializer list and now if you do this thing here we can skip this row size
00:13:27.350000,00:13:27.360000,thing here we can skip this row size
00:13:27.360000,00:13:30.470000,thing here we can skip this row size here also we can skip this row size
00:13:30.470000,00:13:30.480000,here also we can skip this row size
00:13:30.480000,00:13:32.470000,here also we can skip this row size in this case also we can skip row size
00:13:32.470000,00:13:32.480000,in this case also we can skip row size
00:13:32.480000,00:13:35.189000,in this case also we can skip row size because ultimately we know okay row size
00:13:35.189000,00:13:35.199000,because ultimately we know okay row size
00:13:35.199000,00:13:38.110000,because ultimately we know okay row size is not there but we have three columns
00:13:38.110000,00:13:38.120000,is not there but we have three columns
00:13:38.120000,00:13:41.590000,is not there but we have three columns so we'll take first element 1 2 3 three
00:13:41.590000,00:13:41.600000,so we'll take first element 1 2 3 three
00:13:41.600000,00:13:43.910000,so we'll take first element 1 2 3 three columns would be there that is for sure
00:13:43.910000,00:13:43.920000,columns would be there that is for sure
00:13:43.920000,00:13:45.670000,columns would be there that is for sure now if there is next element after the
00:13:45.670000,00:13:45.680000,now if there is next element after the
00:13:45.680000,00:13:47.629000,now if there is next element after the three values so that would be stored
00:13:47.629000,00:13:47.639000,three values so that would be stored
00:13:47.639000,00:13:50.310000,three values so that would be stored definitely in the next Row 1 2 3 so
00:13:50.310000,00:13:50.320000,definitely in the next Row 1 2 3 so
00:13:50.320000,00:13:53.310000,definitely in the next Row 1 2 3 so ultimately row would be two row size
00:13:53.310000,00:13:53.320000,ultimately row would be two row size
00:13:53.320000,00:13:55.389000,ultimately row would be two row size would be automatically calculated you
00:13:55.389000,00:13:55.399000,would be automatically calculated you
00:13:55.399000,00:13:57.350000,would be automatically calculated you can skip row size but you cannot skip
00:13:57.350000,00:13:57.360000,can skip row size but you cannot skip
00:13:57.360000,00:13:59.550000,can skip row size but you cannot skip column size if you give a row size and
00:13:59.550000,00:13:59.560000,column size if you give a row size and
00:13:59.560000,00:14:02.749000,column size if you give a row size and no column size that would
00:14:02.749000,00:14:02.759000,no column size that would
00:14:02.759000,00:14:05.350000,no column size that would be you know
00:14:05.350000,00:14:05.360000,be you know
00:14:05.360000,00:14:09.870000,be you know confusing because 56 95 this this this I
00:14:09.870000,00:14:09.880000,confusing because 56 95 this this this I
00:14:09.880000,00:14:12.470000,confusing because 56 95 this this this I don't know how many columns so in one
00:14:12.470000,00:14:12.480000,don't know how many columns so in one
00:14:12.480000,00:14:14.110000,don't know how many columns so in one row I don't know how many columns are
00:14:14.110000,00:14:14.120000,row I don't know how many columns are
00:14:14.120000,00:14:17.470000,row I don't know how many columns are there right so this is the case this
00:14:17.470000,00:14:17.480000,there right so this is the case this
00:14:17.480000,00:14:20.069000,there right so this is the case this would be given error but that this is
00:14:20.069000,00:14:20.079000,would be given error but that this is
00:14:20.079000,00:14:23.829000,would be given error but that this is fine sorry this is fine you can skip row
00:14:23.829000,00:14:23.839000,fine sorry this is fine you can skip row
00:14:23.839000,00:14:27.110000,fine sorry this is fine you can skip row siid right but here if I take this
00:14:27.110000,00:14:27.120000,siid right but here if I take this
00:14:27.120000,00:14:29.230000,siid right but here if I take this example like three and
00:14:29.230000,00:14:29.240000,example like three and
00:14:29.240000,00:14:32.150000,example like three and two so half the STA is to be stored we
00:14:32.150000,00:14:32.160000,two so half the STA is to be stored we
00:14:32.160000,00:14:35.870000,two so half the STA is to be stored we have two columns so this in first row
00:14:35.870000,00:14:35.880000,have two columns so this in first row
00:14:35.880000,00:14:37.829000,have two columns so this in first row these two in second row these two in
00:14:37.829000,00:14:37.839000,these two in second row these two in
00:14:37.839000,00:14:40.870000,these two in second row these two in third row like this right I hope this is
00:14:40.870000,00:14:40.880000,third row like this right I hope this is
00:14:40.880000,00:14:43.030000,third row like this right I hope this is clear to you guys now if I write
00:14:43.030000,00:14:43.040000,clear to you guys now if I write
00:14:43.040000,00:14:46.189000,clear to you guys now if I write something like this if this is the case
00:14:46.189000,00:14:46.199000,something like this if this is the case
00:14:46.199000,00:14:48.670000,something like this if this is the case a name is a I I haven't specified row
00:14:48.670000,00:14:48.680000,a name is a I I haven't specified row
00:14:48.680000,00:14:51.110000,a name is a I I haven't specified row size columns are three and only one
00:14:51.110000,00:14:51.120000,size columns are three and only one
00:14:51.120000,00:14:55.749000,size columns are three and only one value zero then how many rows would be
00:14:55.749000,00:14:55.759000,value zero then how many rows would be
00:14:55.759000,00:14:59.829000,value zero then how many rows would be there here so Z would be stored 0 would
00:14:59.829000,00:14:59.839000,there here so Z would be stored 0 would
00:14:59.839000,00:15:01.590000,there here so Z would be stored 0 would be stored Z would be stored because
00:15:01.590000,00:15:01.600000,be stored Z would be stored because
00:15:01.600000,00:15:02.590000,be stored Z would be stored because there are three
00:15:02.590000,00:15:02.600000,there are three
00:15:02.600000,00:15:06.269000,there are three columns then nothing else so this is
00:15:06.269000,00:15:06.279000,columns then nothing else so this is
00:15:06.279000,00:15:09.749000,columns then nothing else so this is like 1D right if I write something like
00:15:09.749000,00:15:09.759000,like 1D right if I write something like
00:15:09.759000,00:15:11.470000,like 1D right if I write something like this rather than this zero I write
00:15:11.470000,00:15:11.480000,this rather than this zero I write
00:15:11.480000,00:15:13.550000,this rather than this zero I write something like this 0 1
00:15:13.550000,00:15:13.560000,something like this 0 1
00:15:13.560000,00:15:18.069000,something like this 0 1 2 in that case in that case also 0 1 2
00:15:18.069000,00:15:18.079000,2 in that case in that case also 0 1 2
00:15:18.079000,00:15:19.069000,2 in that case in that case also 0 1 2 would be
00:15:19.069000,00:15:19.079000,would be
00:15:19.079000,00:15:21.230000,would be stored because there are three columns
00:15:21.230000,00:15:21.240000,stored because there are three columns
00:15:21.240000,00:15:22.910000,stored because there are three columns but we don't know the row so is there
00:15:22.910000,00:15:22.920000,but we don't know the row so is there
00:15:22.920000,00:15:25.949000,but we don't know the row so is there any Element no no element so this also
00:15:25.949000,00:15:25.959000,any Element no no element so this also
00:15:25.959000,00:15:29.110000,any Element no no element so this also will act as a 1D array that's it right
00:15:29.110000,00:15:29.120000,will act as a 1D array that's it right
00:15:29.120000,00:15:33.389000,will act as a 1D array that's it right but if I write something like this - 2
00:15:33.389000,00:15:33.399000,but if I write something like this - 2
00:15:33.399000,00:15:35.870000,but if I write something like this - 2 now in this
00:15:35.870000,00:15:35.880000,now in this
00:15:35.880000,00:15:39.309000,now in this case three columns so 0 1 2 would be
00:15:39.309000,00:15:39.319000,case three columns so 0 1 2 would be
00:15:39.319000,00:15:41.949000,case three columns so 0 1 2 would be stored next we have any element yes so
00:15:41.949000,00:15:41.959000,stored next we have any element yes so
00:15:41.959000,00:15:45.189000,stored next we have any element yes so that would be in next row so definitely
00:15:45.189000,00:15:45.199000,that would be in next row so definitely
00:15:45.199000,00:15:46.990000,that would be in next row so definitely there would be two rows and remaining
00:15:46.990000,00:15:47,there would be two rows and remaining
00:15:47,00:15:49.189000,there would be two rows and remaining element would be 0 0 initialized with 0
00:15:49.189000,00:15:49.199000,element would be 0 0 initialized with 0
00:15:49.199000,00:15:51.110000,element would be 0 0 initialized with 0 0 so this is how this would be
00:15:51.110000,00:15:51.120000,0 so this is how this would be
00:15:51.120000,00:15:53.150000,0 so this is how this would be initialized right and if you want to
00:15:53.150000,00:15:53.160000,initialized right and if you want to
00:15:53.160000,00:15:56.470000,initialized right and if you want to store this 02 in First Row 2 two in
00:15:56.470000,00:15:56.480000,store this 02 in First Row 2 two in
00:15:56.480000,00:15:58.350000,store this 02 in First Row 2 two in second row so just do something like
00:15:58.350000,00:15:58.360000,second row so just do something like
00:15:58.360000,00:16:00.550000,second row so just do something like this explicitly you have to
00:16:00.550000,00:16:00.560000,this explicitly you have to
00:16:00.560000,00:16:03.990000,this explicitly you have to tell like this so now this is first row
00:16:03.990000,00:16:04,tell like this so now this is first row
00:16:04,00:16:07.629000,tell like this so now this is first row this is second row we can clearly see
00:16:07.629000,00:16:07.639000,this is second row we can clearly see
00:16:07.639000,00:16:13.230000,this is second row we can clearly see right so here 0 1 and 2 - 2 so remaining
00:16:13.230000,00:16:13.240000,right so here 0 1 and 2 - 2 so remaining
00:16:13.240000,00:16:14.590000,right so here 0 1 and 2 - 2 so remaining would be 0
00:16:14.590000,00:16:14.600000,would be 0
00:16:14.600000,00:16:17.590000,would be 0 0 I hope you're getting these things
00:16:17.590000,00:16:17.600000,0 I hope you're getting these things
00:16:17.600000,00:16:20.550000,0 I hope you're getting these things right okay now this is like compile time
00:16:20.550000,00:16:20.560000,right okay now this is like compile time
00:16:20.560000,00:16:23.949000,right okay now this is like compile time initialization at run time at run time
00:16:23.949000,00:16:23.959000,initialization at run time at run time
00:16:23.959000,00:16:27.309000,initialization at run time at run time how you can
00:16:29.350000,00:16:29.360000,initialize so so let's take a simple
00:16:29.360000,00:16:31.550000,initialize so so let's take a simple array we have two rows and three columns
00:16:31.550000,00:16:31.560000,array we have two rows and three columns
00:16:31.560000,00:16:34.389000,array we have two rows and three columns so we have something like this two rows
00:16:34.389000,00:16:34.399000,so we have something like this two rows
00:16:34.399000,00:16:38.670000,so we have something like this two rows and three columns index would be like
00:16:38.670000,00:16:38.680000,and three columns index would be like
00:16:38.680000,00:16:41.670000,and three columns index would be like this so obviously we need nested Loops
00:16:41.670000,00:16:41.680000,this so obviously we need nested Loops
00:16:41.680000,00:16:44.790000,this so obviously we need nested Loops to initialize to uh you know take value
00:16:44.790000,00:16:44.800000,to initialize to uh you know take value
00:16:44.800000,00:16:47.829000,to initialize to uh you know take value from the user when we use Loops so we
00:16:47.829000,00:16:47.839000,from the user when we use Loops so we
00:16:47.839000,00:16:50.949000,from the user when we use Loops so we use two Loops we require nested Loops
00:16:50.949000,00:16:50.959000,use two Loops we require nested Loops
00:16:50.959000,00:16:52.509000,use two Loops we require nested Loops because two Dimension so we need two
00:16:52.509000,00:16:52.519000,because two Dimension so we need two
00:16:52.519000,00:16:53.949000,because two Dimension so we need two Loops if there are three dimension we'll
00:16:53.949000,00:16:53.959000,Loops if there are three dimension we'll
00:16:53.959000,00:16:57.189000,Loops if there are three dimension we'll need three Loops right one Loop is for
00:16:57.189000,00:16:57.199000,need three Loops right one Loop is for
00:16:57.199000,00:16:59.470000,need three Loops right one Loop is for rows one Loop is for columns I have
00:16:59.470000,00:16:59.480000,rows one Loop is for columns I have
00:16:59.480000,00:17:01.470000,rows one Loop is for columns I have already discussed in a video the need of
00:17:01.470000,00:17:01.480000,already discussed in a video the need of
00:17:01.480000,00:17:03.910000,already discussed in a video the need of nested Loops in C programming language
00:17:03.910000,00:17:03.920000,nested Loops in C programming language
00:17:03.920000,00:17:06.309000,nested Loops in C programming language in that playlist also and in C++ also
00:17:06.309000,00:17:06.319000,in that playlist also and in C++ also
00:17:06.319000,00:17:08.390000,in that playlist also and in C++ also right so if you deal with something like
00:17:08.390000,00:17:08.400000,right so if you deal with something like
00:17:08.400000,00:17:10.230000,right so if you deal with something like this with Matrix or tular form obviously
00:17:10.230000,00:17:10.240000,this with Matrix or tular form obviously
00:17:10.240000,00:17:13.189000,this with Matrix or tular form obviously you need one Loop for to increase the
00:17:13.189000,00:17:13.199000,you need one Loop for to increase the
00:17:13.199000,00:17:17.390000,you need one Loop for to increase the row and one is for to Traverse columns
00:17:17.390000,00:17:17.400000,row and one is for to Traverse columns
00:17:17.400000,00:17:19.549000,row and one is for to Traverse columns right so
00:17:19.549000,00:17:19.559000,right so
00:17:19.559000,00:17:23.990000,right so first this first row within this we have
00:17:23.990000,00:17:24,first this first row within this we have
00:17:24,00:17:27.230000,first this first row within this we have three columns so I will take I and J2
00:17:27.230000,00:17:27.240000,three columns so I will take I and J2
00:17:27.240000,00:17:29.669000,three columns so I will take I and J2 variable so let's take I is equal to 0
00:17:29.669000,00:17:29.679000,variable so let's take I is equal to 0
00:17:29.679000,00:17:32.190000,variable so let's take I is equal to 0 and I less than I would Traverse number
00:17:32.190000,00:17:32.200000,and I less than I would Traverse number
00:17:32.200000,00:17:34.950000,and I less than I would Traverse number of rows so outer loop would be for rows
00:17:34.950000,00:17:34.960000,of rows so outer loop would be for rows
00:17:34.960000,00:17:36.750000,of rows so outer loop would be for rows and inner loop would be for columns
00:17:36.750000,00:17:36.760000,and inner loop would be for columns
00:17:36.760000,00:17:40.870000,and inner loop would be for columns right less than two number of row row
00:17:40.870000,00:17:40.880000,right less than two number of row row
00:17:40.880000,00:17:45.470000,right less than two number of row row sizes two within this we
00:17:45.470000,00:17:45.480000,sizes two within this we
00:17:45.480000,00:17:50.549000,sizes two within this we have J less than column and j++ and
00:17:50.549000,00:17:50.559000,have J less than column and j++ and
00:17:50.559000,00:17:53.710000,have J less than column and j++ and within this we can simply take the value
00:17:53.710000,00:17:53.720000,within this we can simply take the value
00:17:53.720000,00:17:57.750000,within this we can simply take the value a r r first is I second is J because I
00:17:57.750000,00:17:57.760000,a r r first is I second is J because I
00:17:57.760000,00:18:00.470000,a r r first is I second is J because I is handling row and J is handing column
00:18:00.470000,00:18:00.480000,is handling row and J is handing column
00:18:00.480000,00:18:02.350000,is handling row and J is handing column so first is row second is column
00:18:02.350000,00:18:02.360000,so first is row second is column
00:18:02.360000,00:18:07.029000,so first is row second is column definitely right that's it right so
00:18:07.029000,00:18:07.039000,definitely right that's it right so
00:18:07.039000,00:18:09.590000,definitely right that's it right so first thing we have an element like I we
00:18:09.590000,00:18:09.600000,first thing we have an element like I we
00:18:09.600000,00:18:13.110000,first thing we have an element like I we have J so I is zero at first right
00:18:13.110000,00:18:13.120000,have J so I is zero at first right
00:18:13.120000,00:18:14.789000,have J so I is zero at first right condition true yes we'll enter here now
00:18:14.789000,00:18:14.799000,condition true yes we'll enter here now
00:18:14.799000,00:18:17.350000,condition true yes we'll enter here now J is z condition true yes we will enter
00:18:17.350000,00:18:17.360000,J is z condition true yes we will enter
00:18:17.360000,00:18:20.830000,J is z condition true yes we will enter here now a r r of i j now I is z J is z
00:18:20.830000,00:18:20.840000,here now a r r of i j now I is z J is z
00:18:20.840000,00:18:23.789000,here now a r r of i j now I is z J is z 0 0 means this we can access this memory
00:18:23.789000,00:18:23.799000,0 0 means this we can access this memory
00:18:23.799000,00:18:26.270000,0 0 means this we can access this memory location so whatever you will enter that
00:18:26.270000,00:18:26.280000,location so whatever you will enter that
00:18:26.280000,00:18:27.750000,location so whatever you will enter that element would be stored here suppose I'm
00:18:27.750000,00:18:27.760000,element would be stored here suppose I'm
00:18:27.760000,00:18:28.830000,element would be stored here suppose I'm entering minus
00:18:28.830000,00:18:28.840000,entering minus
00:18:28.840000,00:18:31.270000,entering minus one now we are within this inner loop so
00:18:31.270000,00:18:31.280000,one now we are within this inner loop so
00:18:31.280000,00:18:34.310000,one now we are within this inner loop so j++ J becomes one so condition true yes
00:18:34.310000,00:18:34.320000,j++ J becomes one so condition true yes
00:18:34.320000,00:18:36.990000,j++ J becomes one so condition true yes we will enter here I still one I is Zer
00:18:36.990000,00:18:37,we will enter here I still one I is Zer
00:18:37,00:18:39.310000,we will enter here I still one I is Zer and J is 1 so 0 1 means this location so
00:18:39.310000,00:18:39.320000,and J is 1 so 0 1 means this location so
00:18:39.320000,00:18:40.510000,and J is 1 so 0 1 means this location so whatever you will enter that would be
00:18:40.510000,00:18:40.520000,whatever you will enter that would be
00:18:40.520000,00:18:41.870000,whatever you will enter that would be stored here so let's suppose I'm
00:18:41.870000,00:18:41.880000,stored here so let's suppose I'm
00:18:41.880000,00:18:42.909000,stored here so let's suppose I'm entering
00:18:42.909000,00:18:42.919000,entering
00:18:42.919000,00:18:47.470000,entering one like this now j++ J is 2 now 02 so
00:18:47.470000,00:18:47.480000,one like this now j++ J is 2 now 02 so
00:18:47.480000,00:18:49.070000,one like this now j++ J is 2 now 02 so next element suppose I'm entering 10
00:18:49.070000,00:18:49.080000,next element suppose I'm entering 10
00:18:49.080000,00:18:50.669000,next element suppose I'm entering 10 that will be stored here now j++ J
00:18:50.669000,00:18:50.679000,that will be stored here now j++ J
00:18:50.679000,00:18:52.190000,that will be stored here now j++ J becomes three but this condition is not
00:18:52.190000,00:18:52.200000,becomes three but this condition is not
00:18:52.200000,00:18:54.710000,becomes three but this condition is not true so exit from inner loop but still
00:18:54.710000,00:18:54.720000,true so exit from inner loop but still
00:18:54.720000,00:18:56.590000,true so exit from inner loop but still we are in outer loop so I ++ now I
00:18:56.590000,00:18:56.600000,we are in outer loop so I ++ now I
00:18:56.600000,00:18:58.310000,we are in outer loop so I ++ now I becomes one condition true yes and
00:18:58.310000,00:18:58.320000,becomes one condition true yes and
00:18:58.320000,00:18:59.990000,becomes one condition true yes and Center here again J would be initialized
00:18:59.990000,00:19:00,Center here again J would be initialized
00:19:00,00:19:02.110000,Center here again J would be initialized with
00:19:02.110000,00:19:02.120000,with
00:19:02.120000,00:19:06.350000,with zero now for i1 first R so this process
00:19:06.350000,00:19:06.360000,zero now for i1 first R so this process
00:19:06.360000,00:19:08.110000,zero now for i1 first R so this process would be repeated and three element like
00:19:08.110000,00:19:08.120000,would be repeated and three element like
00:19:08.120000,00:19:10.430000,would be repeated and three element like this we can you know take input from the
00:19:10.430000,00:19:10.440000,this we can you know take input from the
00:19:10.440000,00:19:13.510000,this we can you know take input from the user using Loops I hope you are clear
00:19:13.510000,00:19:13.520000,user using Loops I hope you are clear
00:19:13.520000,00:19:16.950000,user using Loops I hope you are clear with the fun nested Loops right so but
00:19:16.950000,00:19:16.960000,with the fun nested Loops right so but
00:19:16.960000,00:19:18.430000,with the fun nested Loops right so but how actually these elements are to be
00:19:18.430000,00:19:18.440000,how actually these elements are to be
00:19:18.440000,00:19:19.950000,how actually these elements are to be stored that we'll see next video in
00:19:19.950000,00:19:19.960000,stored that we'll see next video in
00:19:19.960000,00:19:21.549000,stored that we'll see next video in memory and how to access these element
00:19:21.549000,00:19:21.559000,memory and how to access these element
00:19:21.559000,00:19:22.950000,memory and how to access these element that also I'll show you in next video
00:19:22.950000,00:19:22.960000,that also I'll show you in next video
00:19:22.960000,00:19:25.350000,that also I'll show you in next video right now let's you know discuss this
00:19:25.350000,00:19:25.360000,right now let's you know discuss this
00:19:25.360000,00:19:26.549000,right now let's you know discuss this thing practically and I'll show you
00:19:26.549000,00:19:26.559000,thing practically and I'll show you
00:19:26.559000,00:19:29.470000,thing practically and I'll show you programs as well okay so so let's create
00:19:29.470000,00:19:29.480000,programs as well okay so so let's create
00:19:29.480000,00:19:33.909000,programs as well okay so so let's create a new file here
00:19:36.310000,00:19:36.320000,and okay now in main function let's
00:19:36.320000,00:19:38.909000,and okay now in main function let's declare first a 2d array so simple let's
00:19:38.909000,00:19:38.919000,declare first a 2d array so simple let's
00:19:38.919000,00:19:42.909000,declare first a 2d array so simple let's take any element AR or if you take like
00:19:42.909000,00:19:42.919000,take any element AR or if you take like
00:19:42.919000,00:19:44.789000,take any element AR or if you take like float marks
00:19:44.789000,00:19:44.799000,float marks
00:19:44.799000,00:19:51.390000,float marks float marks of I have only like two
00:19:51.390000,00:19:51.400000,float marks of I have only like two
00:19:51.400000,00:19:55.110000,float marks of I have only like two subject and I have suppose uh three
00:19:55.110000,00:19:55.120000,subject and I have suppose uh three
00:19:55.120000,00:19:57.230000,subject and I have suppose uh three students
00:19:57.230000,00:19:57.240000,students
00:19:57.240000,00:20:01.549000,students right so this is how we can declare and
00:20:01.549000,00:20:01.559000,right so this is how we can declare and
00:20:01.559000,00:20:05.470000,right so this is how we can declare and if I write here
00:20:16.390000,00:20:16.400000,int this is another array and suppose we
00:20:16.400000,00:20:18.390000,int this is another array and suppose we have one more array the DAT type is
00:20:18.390000,00:20:18.400000,have one more array the DAT type is
00:20:18.400000,00:20:20.390000,have one more array the DAT type is because type can be anything int care
00:20:20.390000,00:20:20.400000,because type can be anything int care
00:20:20.400000,00:20:24.870000,because type can be anything int care float double right so I'm taking care so
00:20:24.870000,00:20:24.880000,float double right so I'm taking care so
00:20:24.880000,00:20:30.950000,float double right so I'm taking care so care and just I'm taking like
00:20:33.549000,00:20:33.559000,name
00:20:33.559000,00:20:37.789000,name 20 or
00:20:40.830000,00:20:40.840000,15 so if you want to calculate the size
00:20:40.840000,00:20:42.710000,15 so if you want to calculate the size of these arrays then we have a size of
00:20:42.710000,00:20:42.720000,of these arrays then we have a size of
00:20:42.720000,00:20:44.390000,of these arrays then we have a size of operator I have told you this is just
00:20:44.390000,00:20:44.400000,operator I have told you this is just
00:20:44.400000,00:20:46.270000,operator I have told you this is just the Declaration or here like memory has
00:20:46.270000,00:20:46.280000,the Declaration or here like memory has
00:20:46.280000,00:20:49.190000,the Declaration or here like memory has been also located for these thing right
00:20:49.190000,00:20:49.200000,been also located for these thing right
00:20:49.200000,00:20:51.390000,been also located for these thing right so we can say
00:20:51.390000,00:20:51.400000,so we can say
00:20:51.400000,00:20:53.789000,so we can say it's uh definition actually more
00:20:53.789000,00:20:53.799000,it's uh definition actually more
00:20:53.799000,00:20:56.070000,it's uh definition actually more precisely I say I say then definition
00:20:56.070000,00:20:56.080000,precisely I say I say then definition
00:20:56.080000,00:20:58.630000,precisely I say I say then definition because in declaration we just declare
00:20:58.630000,00:20:58.640000,because in declaration we just declare
00:20:58.640000,00:21:00.470000,because in declaration we just declare no memory allocation is there but here
00:21:00.470000,00:21:00.480000,no memory allocation is there but here
00:21:00.480000,00:21:05.149000,no memory allocation is there but here memory has been allocated right so
00:21:05.149000,00:21:05.159000,memory has been allocated right so
00:21:05.159000,00:21:08.909000,memory has been allocated right so now if I want to print like C
00:21:08.909000,00:21:08.919000,now if I want to print like C
00:21:08.919000,00:21:12.149000,now if I want to print like C out size of aray one that is marks so we
00:21:12.149000,00:21:12.159000,out size of aray one that is marks so we
00:21:12.159000,00:21:14.789000,out size of aray one that is marks so we have a size of operator size of just
00:21:14.789000,00:21:14.799000,have a size of operator size of just
00:21:14.799000,00:21:17.870000,have a size of operator size of just give the name of that array
00:21:17.870000,00:21:17.880000,give the name of that array
00:21:17.880000,00:21:20.310000,give the name of that array marks and obviously if you want to print
00:21:20.310000,00:21:20.320000,marks and obviously if you want to print
00:21:20.320000,00:21:23.230000,marks and obviously if you want to print bytes as well so you have to write down
00:21:23.230000,00:21:23.240000,bytes as well so you have to write down
00:21:23.240000,00:21:24.549000,bytes as well so you have to write down here
00:21:24.549000,00:21:24.559000,here
00:21:24.559000,00:21:29.590000,here bytes and for new line e and
00:21:29.590000,00:21:29.600000,bytes and for new line e and
00:21:29.600000,00:21:33.750000,bytes and for new line e and right same for next array and next
00:21:33.750000,00:21:33.760000,right same for next array and next
00:21:33.760000,00:21:38.029000,right same for next array and next array so just try this out with me right
00:21:38.029000,00:21:38.039000,array so just try this out with me right
00:21:38.039000,00:21:41.430000,array so just try this out with me right so like this we have calculated the size
00:21:41.430000,00:21:41.440000,so like this we have calculated the size
00:21:41.440000,00:21:43.630000,so like this we have calculated the size of each
00:21:43.630000,00:21:43.640000,of each
00:21:43.640000,00:21:48.310000,of each array so first calculate this right and
00:21:48.310000,00:21:48.320000,array so first calculate this right and
00:21:48.320000,00:21:51.029000,array so first calculate this right and then run this and tell your answer let's
00:21:51.029000,00:21:51.039000,then run this and tell your answer let's
00:21:51.039000,00:21:52.789000,then run this and tell your answer let's run
00:21:52.789000,00:21:52.799000,run
00:21:52.799000,00:21:56.390000,run this size of array Marks One is 24 bytes
00:21:56.390000,00:21:56.400000,this size of array Marks One is 24 bytes
00:21:56.400000,00:22:00.750000,this size of array Marks One is 24 bytes second 48 by and and third 15 by so
00:22:00.750000,00:22:00.760000,second 48 by and and third 15 by so
00:22:00.760000,00:22:05.549000,second 48 by and and third 15 by so first is 24 by 3 into 2 6 6 into 4 24
00:22:05.549000,00:22:05.559000,first is 24 by 3 into 2 6 6 into 4 24
00:22:05.559000,00:22:10.909000,first is 24 by 3 into 2 6 6 into 4 24 next 4 into 3 12 12 into 4 48 by right
00:22:10.909000,00:22:10.919000,next 4 into 3 12 12 into 4 48 by right
00:22:10.919000,00:22:12.789000,next 4 into 3 12 12 into 4 48 by right because in also take 4 by actually
00:22:12.789000,00:22:12.799000,because in also take 4 by actually
00:22:12.799000,00:22:13.870000,because in also take 4 by actually depends on
00:22:13.870000,00:22:13.880000,depends on
00:22:13.880000,00:22:16.350000,depends on compiler so in my compiler it take four
00:22:16.350000,00:22:16.360000,compiler so in my compiler it take four
00:22:16.360000,00:22:19.310000,compiler so in my compiler it take four bytes car car take only one by so 15
00:22:19.310000,00:22:19.320000,bytes car car take only one by so 15
00:22:19.320000,00:22:23.070000,bytes car car take only one by so 15 bytes only right so this is how we can
00:22:23.070000,00:22:23.080000,bytes only right so this is how we can
00:22:23.080000,00:22:25.830000,bytes only right so this is how we can calculate the size also we can see and
00:22:25.830000,00:22:25.840000,calculate the size also we can see and
00:22:25.840000,00:22:28.630000,calculate the size also we can see and if you now declare sorry initialize the
00:22:28.630000,00:22:28.640000,if you now declare sorry initialize the
00:22:28.640000,00:22:30.390000,if you now declare sorry initialize the array at compile time only so equal to
00:22:30.390000,00:22:30.400000,array at compile time only so equal to
00:22:30.400000,00:22:32.110000,array at compile time only so equal to here we can give the initializer list
00:22:32.110000,00:22:32.120000,here we can give the initializer list
00:22:32.120000,00:22:35.669000,here we can give the initializer list only so this is how we can write down
00:22:35.669000,00:22:35.679000,only so this is how we can write down
00:22:35.679000,00:22:38.510000,only so this is how we can write down marks or second way is if I want to
00:22:38.510000,00:22:38.520000,marks or second way is if I want to
00:22:38.520000,00:22:39.830000,marks or second way is if I want to write if I want to write down something
00:22:39.830000,00:22:39.840000,write if I want to write down something
00:22:39.840000,00:22:43.430000,write if I want to write down something like this like in bracket so three rows
00:22:43.430000,00:22:43.440000,like this like in bracket so three rows
00:22:43.440000,00:22:45.470000,like this like in bracket so three rows and four column so in each row I have
00:22:45.470000,00:22:45.480000,and four column so in each row I have
00:22:45.480000,00:22:48.549000,and four column so in each row I have four values so first row let's
00:22:48.549000,00:22:48.559000,four values so first row let's
00:22:48.559000,00:22:53.549000,four values so first row let's give four values right then this is for
00:22:53.549000,00:22:53.559000,give four values right then this is for
00:22:53.559000,00:22:57.510000,give four values right then this is for second row four values this is for third
00:22:57.510000,00:22:57.520000,second row four values this is for third
00:22:57.520000,00:23:01.830000,second row four values this is for third row
00:23:04.950000,00:23:04.960000,four values and this is for fourth row
00:23:04.960000,00:23:07.909000,four values and this is for fourth row in fourth I'm just giving only one value
00:23:07.909000,00:23:07.919000,in fourth I'm just giving only one value
00:23:07.919000,00:23:10.909000,in fourth I'm just giving only one value sorry we have only three row right so we
00:23:10.909000,00:23:10.919000,sorry we have only three row right so we
00:23:10.919000,00:23:12.750000,sorry we have only three row right so we have only three row so in third row I'm
00:23:12.750000,00:23:12.760000,have only three row so in third row I'm
00:23:12.760000,00:23:15.630000,have only three row so in third row I'm just giving two values it's
00:23:15.630000,00:23:15.640000,just giving two values it's
00:23:15.640000,00:23:17.870000,just giving two values it's okay first row would be this second row
00:23:17.870000,00:23:17.880000,okay first row would be this second row
00:23:17.880000,00:23:20.630000,okay first row would be this second row would be this third row would be 2 3 0 0
00:23:20.630000,00:23:20.640000,would be this third row would be 2 3 0 0
00:23:20.640000,00:23:23.110000,would be this third row would be 2 3 0 0 right so this also we can do right and
00:23:23.110000,00:23:23.120000,right so this also we can do right and
00:23:23.120000,00:23:25.230000,right so this also we can do right and yeah third this is like simple example
00:23:25.230000,00:23:25.240000,yeah third this is like simple example
00:23:25.240000,00:23:28.630000,yeah third this is like simple example of 1D so let's remove this right
00:23:28.630000,00:23:28.640000,of 1D so let's remove this right
00:23:28.640000,00:23:31.470000,of 1D so let's remove this right so that is fine if you remove this size
00:23:31.470000,00:23:31.480000,so that is fine if you remove this size
00:23:31.480000,00:23:32.990000,so that is fine if you remove this size that is also fine you will not get get
00:23:32.990000,00:23:33,that is also fine you will not get get
00:23:33,00:23:36.789000,that is also fine you will not get get any error right but if you remove this
00:23:36.789000,00:23:36.799000,any error right but if you remove this
00:23:36.799000,00:23:39.149000,any error right but if you remove this suppose here I'm just removing this
00:23:39.149000,00:23:39.159000,suppose here I'm just removing this
00:23:39.159000,00:23:41.870000,suppose here I'm just removing this three let's see what is happening
00:23:41.870000,00:23:41.880000,three let's see what is happening
00:23:41.880000,00:23:44.830000,three let's see what is happening here see you got a red line here an
00:23:44.830000,00:23:44.840000,here see you got a red line here an
00:23:44.840000,00:23:47.149000,here see you got a red line here an array may not have an element of this
00:23:47.149000,00:23:47.159000,array may not have an element of this
00:23:47.159000,00:23:50.430000,array may not have an element of this type right so if I run this what error
00:23:50.430000,00:23:50.440000,type right so if I run this what error
00:23:50.440000,00:23:51.710000,type right so if I run this what error you will get
00:23:51.710000,00:23:51.720000,you will get
00:23:51.720000,00:23:55.310000,you will get here so in line number five we have
00:23:55.310000,00:23:55.320000,here so in line number five we have
00:23:55.320000,00:23:56.390000,here so in line number five we have declaration of marks as
00:23:56.390000,00:23:56.400000,declaration of marks as
00:23:56.400000,00:23:58.190000,declaration of marks as multi-dimensional array must have B BS
00:23:58.190000,00:23:58.200000,multi-dimensional array must have B BS
00:23:58.200000,00:24:01.110000,multi-dimensional array must have B BS for all the dimension except the first
00:24:01.110000,00:24:01.120000,for all the dimension except the first
00:24:01.120000,00:24:06.310000,for all the dimension except the first except the first so first is row you can
00:24:06.310000,00:24:06.320000,except the first so first is row you can
00:24:06.320000,00:24:08.470000,except the first so first is row you can skip this one but other than that if
00:24:08.470000,00:24:08.480000,skip this one but other than that if
00:24:08.480000,00:24:11.310000,skip this one but other than that if there are here we have 2D array so other
00:24:11.310000,00:24:11.320000,there are here we have 2D array so other
00:24:11.320000,00:24:12.630000,there are here we have 2D array so other than this we have only one dimension so
00:24:12.630000,00:24:12.640000,than this we have only one dimension so
00:24:12.640000,00:24:14.230000,than this we have only one dimension so you have to specify this if you have 3D
00:24:14.230000,00:24:14.240000,you have to specify this if you have 3D
00:24:14.240000,00:24:16.710000,you have to specify this if you have 3D array then 1 2 3 three dimension so
00:24:16.710000,00:24:16.720000,array then 1 2 3 three dimension so
00:24:16.720000,00:24:18.950000,array then 1 2 3 three dimension so first you can skip but other than first
00:24:18.950000,00:24:18.960000,first you can skip but other than first
00:24:18.960000,00:24:20.789000,first you can skip but other than first you have to give for two you have to
00:24:20.789000,00:24:20.799000,you have to give for two you have to
00:24:20.799000,00:24:21.830000,you have to give for two you have to give
00:24:21.830000,00:24:21.840000,give
00:24:21.840000,00:24:25.870000,give the limit or you can see that bound
00:24:25.870000,00:24:25.880000,the limit or you can see that bound
00:24:25.880000,00:24:29.230000,the limit or you can see that bound right so this is we giving you an error
00:24:29.230000,00:24:29.240000,right so this is we giving you an error
00:24:29.240000,00:24:33.029000,right so this is we giving you an error so let's two and here we have what three
00:24:33.029000,00:24:33.039000,so let's two and here we have what three
00:24:33.039000,00:24:35.350000,so let's two and here we have what three now you just try out the different
00:24:35.350000,00:24:35.360000,now you just try out the different
00:24:35.360000,00:24:38.029000,now you just try out the different different declaration I have you know
00:24:38.029000,00:24:38.039000,different declaration I have you know
00:24:38.039000,00:24:40.430000,different declaration I have you know told you while you discussing this thing
00:24:40.430000,00:24:40.440000,told you while you discussing this thing
00:24:40.440000,00:24:42.470000,told you while you discussing this thing so just try out all the Declaration and
00:24:42.470000,00:24:42.480000,so just try out all the Declaration and
00:24:42.480000,00:24:44.669000,so just try out all the Declaration and just calculate the size of that array
00:24:44.669000,00:24:44.679000,just calculate the size of that array
00:24:44.679000,00:24:47.350000,just calculate the size of that array right now how to initialize the array if
00:24:47.350000,00:24:47.360000,right now how to initialize the array if
00:24:47.360000,00:24:51.630000,right now how to initialize the array if I don't want to initialize this array
00:24:51.630000,00:24:51.640000,I don't want to initialize this array
00:24:51.640000,00:24:55.230000,I don't want to initialize this array at compile time so if this is not the
00:24:55.230000,00:24:55.240000,at compile time so if this is not the
00:24:55.240000,00:24:57.149000,at compile time so if this is not the case then you have to specify the row
00:24:57.149000,00:24:57.159000,case then you have to specify the row
00:24:57.159000,00:25:00.149000,case then you have to specify the row size here right incomplete type is not
00:25:00.149000,00:25:00.159000,size here right incomplete type is not
00:25:00.159000,00:25:01.870000,size here right incomplete type is not allowed right because we are not
00:25:01.870000,00:25:01.880000,allowed right because we are not
00:25:01.880000,00:25:04.070000,allowed right because we are not initializing so how to calculate the
00:25:04.070000,00:25:04.080000,initializing so how to calculate the
00:25:04.080000,00:25:06.510000,initializing so how to calculate the size because this is actually definition
00:25:06.510000,00:25:06.520000,size because this is actually definition
00:25:06.520000,00:25:08.909000,size because this is actually definition the memory manager is going to allocate
00:25:08.909000,00:25:08.919000,the memory manager is going to allocate
00:25:08.919000,00:25:11.070000,the memory manager is going to allocate memory based on this so have to
00:25:11.070000,00:25:11.080000,memory based on this so have to
00:25:11.080000,00:25:12.630000,memory based on this so have to calculate how many bytes to be allocated
00:25:12.630000,00:25:12.640000,calculate how many bytes to be allocated
00:25:12.640000,00:25:15.149000,calculate how many bytes to be allocated because there is no row size you know we
00:25:15.149000,00:25:15.159000,because there is no row size you know we
00:25:15.159000,00:25:17.070000,because there is no row size you know we know the number of columns I four but we
00:25:17.070000,00:25:17.080000,know the number of columns I four but we
00:25:17.080000,00:25:18.750000,know the number of columns I four but we don't know number of rows so how to
00:25:18.750000,00:25:18.760000,don't know number of rows so how to
00:25:18.760000,00:25:22.230000,don't know number of rows so how to calculate the size now how to the how to
00:25:22.230000,00:25:22.240000,calculate the size now how to the how to
00:25:22.240000,00:25:25.070000,calculate the size now how to the how to allocate the number of pipes so you have
00:25:25.070000,00:25:25.080000,allocate the number of pipes so you have
00:25:25.080000,00:25:28.230000,allocate the number of pipes so you have to specify so let's suppose two
00:25:28.230000,00:25:28.240000,to specify so let's suppose two
00:25:28.240000,00:25:31.310000,to specify so let's suppose two you have only two now it will give it
00:25:31.310000,00:25:31.320000,you have only two now it will give it
00:25:31.320000,00:25:33.630000,you have only two now it will give it will not give any error and now let's
00:25:33.630000,00:25:33.640000,will not give any error and now let's
00:25:33.640000,00:25:35.310000,will not give any error and now let's initialize this
00:25:35.310000,00:25:35.320000,initialize this
00:25:35.320000,00:25:38.430000,initialize this with initialize at run time with loops
00:25:38.430000,00:25:38.440000,with initialize at run time with loops
00:25:38.440000,00:25:42.549000,with initialize at run time with loops so we have one variable to Travers or to
00:25:42.549000,00:25:42.559000,so we have one variable to Travers or to
00:25:42.559000,00:25:45.470000,so we have one variable to Travers or to hold the rows so number of row the row
00:25:45.470000,00:25:45.480000,hold the rows so number of row the row
00:25:45.480000,00:25:49.510000,hold the rows so number of row the row size is two so this would be like this
00:25:49.510000,00:25:49.520000,size is two so this would be like this
00:25:49.520000,00:25:51.269000,size is two so this would be like this now inner loop would
00:25:51.269000,00:25:51.279000,now inner loop would
00:25:51.279000,00:25:55.430000,now inner loop would be for columns so obviously initialize
00:25:55.430000,00:25:55.440000,be for columns so obviously initialize
00:25:55.440000,00:25:57.710000,be for columns so obviously initialize with zero index would be zero less than
00:25:57.710000,00:25:57.720000,with zero index would be zero less than
00:25:57.720000,00:25:59.510000,with zero index would be zero less than column size is
00:25:59.510000,00:25:59.520000,column size is
00:25:59.520000,00:26:02.470000,column size is four it it should not be like less than
00:26:02.470000,00:26:02.480000,four it it should not be like less than
00:26:02.480000,00:26:03.389000,four it it should not be like less than equal to
00:26:03.389000,00:26:03.399000,equal to
00:26:03.399000,00:26:07.149000,equal to 4 index should be always less than the
00:26:07.149000,00:26:07.159000,4 index should be always less than the
00:26:07.159000,00:26:11.269000,4 index should be always less than the size not less than equal to right now
00:26:11.269000,00:26:11.279000,size not less than equal to right now
00:26:11.279000,00:26:14.110000,size not less than equal to right now within this simply with C in we can take
00:26:14.110000,00:26:14.120000,within this simply with C in we can take
00:26:14.120000,00:26:17.630000,within this simply with C in we can take the value name of that is a first I
00:26:17.630000,00:26:17.640000,the value name of that is a first I
00:26:17.640000,00:26:20.029000,the value name of that is a first I second is
00:26:20.029000,00:26:20.039000,second is
00:26:20.039000,00:26:23.710000,second is J first is row so first obviously this I
00:26:23.710000,00:26:23.720000,J first is row so first obviously this I
00:26:23.720000,00:26:25.870000,J first is row so first obviously this I you have to specify next element is J
00:26:25.870000,00:26:25.880000,you have to specify next element is J
00:26:25.880000,00:26:30.909000,you have to specify next element is J for column we have taken J so J
00:26:33.590000,00:26:33.600000,right if I run this let's run this and
00:26:33.600000,00:26:35.630000,right if I run this let's run this and see what kind of output you are
00:26:35.630000,00:26:35.640000,see what kind of output you are
00:26:35.640000,00:26:38.669000,see what kind of output you are getting so it it will just ask the
00:26:38.669000,00:26:38.679000,getting so it it will just ask the
00:26:38.679000,00:26:40.549000,getting so it it will just ask the elements so how many elements we need to
00:26:40.549000,00:26:40.559000,elements so how many elements we need to
00:26:40.559000,00:26:45.070000,elements so how many elements we need to give here see 4 into to eight elements
00:26:45.070000,00:26:45.080000,give here see 4 into to eight elements
00:26:45.080000,00:26:48.470000,give here see 4 into to eight elements it will accept only eight element so 1 2
00:26:48.470000,00:26:48.480000,it will accept only eight element so 1 2
00:26:48.480000,00:26:52.269000,it will accept only eight element so 1 2 3 4 5 6 7 8 and that's it it is not
00:26:52.269000,00:26:52.279000,3 4 5 6 7 8 and that's it it is not
00:26:52.279000,00:26:53.909000,3 4 5 6 7 8 and that's it it is not printing anything obviously we are not
00:26:53.909000,00:26:53.919000,printing anything obviously we are not
00:26:53.919000,00:26:55.990000,printing anything obviously we are not accessing the those elements we are just
00:26:55.990000,00:26:56,accessing the those elements we are just
00:26:56,00:26:57.789000,accessing the those elements we are just taking the values from the user so this
00:26:57.789000,00:26:57.799000,taking the values from the user so this
00:26:57.799000,00:26:59.909000,taking the values from the user so this is how we can take value from the user
00:26:59.909000,00:26:59.919000,is how we can take value from the user
00:26:59.919000,00:27:02.990000,is how we can take value from the user right with nested Loops this is at run
00:27:02.990000,00:27:03,right with nested Loops this is at run
00:27:03,00:27:04.590000,right with nested Loops this is at run time initialization at run time so I
00:27:04.590000,00:27:04.600000,time initialization at run time so I
00:27:04.600000,00:27:06.110000,time initialization at run time so I hope till now this is clear to you guys
00:27:06.110000,00:27:06.120000,hope till now this is clear to you guys
00:27:06.120000,00:27:07.350000,hope till now this is clear to you guys if you have any doubt you can just let
00:27:07.350000,00:27:07.360000,if you have any doubt you can just let
00:27:07.360000,00:27:09.470000,if you have any doubt you can just let me know in comment section so in the
00:27:09.470000,00:27:09.480000,me know in comment section so in the
00:27:09.480000,00:27:10.750000,me know in comment section so in the next video we'll see memory
00:27:10.750000,00:27:10.760000,next video we'll see memory
00:27:10.760000,00:27:12.870000,next video we'll see memory representation of 2D array and how to
00:27:12.870000,00:27:12.880000,representation of 2D array and how to
00:27:12.880000,00:27:15.190000,representation of 2D array and how to access elements of 2D are right so now
00:27:15.190000,00:27:15.200000,access elements of 2D are right so now
00:27:15.200000,00:27:16.909000,access elements of 2D are right so now I'll see in the next video Then by bye
00:27:16.909000,00:27:16.919000,I'll see in the next video Then by bye
00:27:16.919000,00:27:22.029000,I'll see in the next video Then by bye take
