Start Time,End Time,Text
00:00:02.070000,00:00:02.080000,hey everyone I hope you are safe and
00:00:02.080000,00:00:03.909000,hey everyone I hope you are safe and doing good so in the series of learning
00:00:03.909000,00:00:03.919000,doing good so in the series of learning
00:00:03.919000,00:00:05.710000,doing good so in the series of learning C++ programming language we have
00:00:05.710000,00:00:05.720000,C++ programming language we have
00:00:05.720000,00:00:07.990000,C++ programming language we have discussed arrays and C 1D array but
00:00:07.990000,00:00:08,discussed arrays and C 1D array but
00:00:08,00:00:09.910000,discussed arrays and C 1D array but there's a small topic left in 1D array
00:00:09.910000,00:00:09.920000,there's a small topic left in 1D array
00:00:09.920000,00:00:12.669000,there's a small topic left in 1D array so before discussing 2D array Let's uh
00:00:12.669000,00:00:12.679000,so before discussing 2D array Let's uh
00:00:12.679000,00:00:15.070000,so before discussing 2D array Let's uh finish this topic as well that is the
00:00:15.070000,00:00:15.080000,finish this topic as well that is the
00:00:15.080000,00:00:16.670000,finish this topic as well that is the addressing of array elements how to
00:00:16.670000,00:00:16.680000,addressing of array elements how to
00:00:16.680000,00:00:19.349000,addressing of array elements how to calculate address of the elements of 1D
00:00:19.349000,00:00:19.359000,calculate address of the elements of 1D
00:00:19.359000,00:00:21.990000,calculate address of the elements of 1D array right okay if you're not getting
00:00:21.990000,00:00:22,array right okay if you're not getting
00:00:22,00:00:23.710000,array right okay if you're not getting anything have patience you'll get
00:00:23.710000,00:00:23.720000,anything have patience you'll get
00:00:23.720000,00:00:27.750000,anything have patience you'll get everything right what is when 1 D if I
00:00:27.750000,00:00:27.760000,everything right what is when 1 D if I
00:00:27.760000,00:00:29.429000,everything right what is when 1 D if I take one example like I'm just taking an
00:00:29.429000,00:00:29.439000,take one example like I'm just taking an
00:00:29.439000,00:00:32.709000,take one example like I'm just taking an integer as AR of name a and just only
00:00:32.709000,00:00:32.719000,integer as AR of name a and just only
00:00:32.719000,00:00:35.869000,integer as AR of name a and just only five integer right and suppose here I
00:00:35.869000,00:00:35.879000,five integer right and suppose here I
00:00:35.879000,00:00:38.350000,five integer right and suppose here I have like some values five values in
00:00:38.350000,00:00:38.360000,have like some values five values in
00:00:38.360000,00:00:40.510000,have like some values five values in this array right this is I have
00:00:40.510000,00:00:40.520000,this array right this is I have
00:00:40.520000,00:00:42.150000,this array right this is I have initialized this array with some
00:00:42.150000,00:00:42.160000,initialized this array with some
00:00:42.160000,00:00:45.350000,initialized this array with some initializer list so how in memory this
00:00:45.350000,00:00:45.360000,initializer list so how in memory this
00:00:45.360000,00:00:48.029000,initializer list so how in memory this is to be stored in continuous memory
00:00:48.029000,00:00:48.039000,is to be stored in continuous memory
00:00:48.039000,00:00:49.830000,is to be stored in continuous memory location
00:00:49.830000,00:00:49.840000,location
00:00:49.840000,00:00:54.389000,location right so if the Base address suppose I
00:00:54.389000,00:00:54.399000,right so if the Base address suppose I
00:00:54.399000,00:00:56.510000,right so if the Base address suppose I don't know the address suppose because
00:00:56.510000,00:00:56.520000,don't know the address suppose because
00:00:56.520000,00:00:58.430000,don't know the address suppose because that is in hexadecimal form suppose the
00:00:58.430000,00:00:58.440000,that is in hexadecimal form suppose the
00:00:58.440000,00:01:01.670000,that is in hexadecimal form suppose the address is 100 simple address I'm taking
00:01:01.670000,00:01:01.680000,address is 100 simple address I'm taking
00:01:01.680000,00:01:03.830000,address is 100 simple address I'm taking right so integer is going to take
00:01:03.830000,00:01:03.840000,right so integer is going to take
00:01:03.840000,00:01:06.550000,right so integer is going to take obviously four bytes right actually
00:01:06.550000,00:01:06.560000,obviously four bytes right actually
00:01:06.560000,00:01:09.390000,obviously four bytes right actually depends on it depends on compiler also
00:01:09.390000,00:01:09.400000,depends on it depends on compiler also
00:01:09.400000,00:01:12.149000,depends on it depends on compiler also but in my case in my laptop it is taking
00:01:12.149000,00:01:12.159000,but in my case in my laptop it is taking
00:01:12.159000,00:01:14.270000,but in my case in my laptop it is taking four bytes right so you can check out in
00:01:14.270000,00:01:14.280000,four bytes right so you can check out in
00:01:14.280000,00:01:17.469000,four bytes right so you can check out in your laptop right size of int and you
00:01:17.469000,00:01:17.479000,your laptop right size of int and you
00:01:17.479000,00:01:20.429000,your laptop right size of int and you can just print that thing 100 now the
00:01:20.429000,00:01:20.439000,can just print that thing 100 now the
00:01:20.439000,00:01:22.749000,can just print that thing 100 now the next element would be at 104 because
00:01:22.749000,00:01:22.759000,next element would be at 104 because
00:01:22.759000,00:01:25.149000,next element would be at 104 because this is going to take four byes one
00:01:25.149000,00:01:25.159000,this is going to take four byes one
00:01:25.159000,00:01:31.670000,this is going to take four byes one element 104 108 112 and 11 6 right index
00:01:31.670000,00:01:31.680000,element 104 108 112 and 11 6 right index
00:01:31.680000,00:01:37.389000,element 104 108 112 and 11 6 right index always starts from zero 0 1 2 3 4 Arrow
00:01:37.389000,00:01:37.399000,always starts from zero 0 1 2 3 4 Arrow
00:01:37.399000,00:01:39.069000,always starts from zero 0 1 2 3 4 Arrow Index
00:01:39.069000,00:01:39.079000,Index
00:01:39.079000,00:01:42.270000,Index right this is what array name a and in
00:01:42.270000,00:01:42.280000,right this is what array name a and in
00:01:42.280000,00:01:43.950000,right this is what array name a and in Array
00:01:43.950000,00:01:43.960000,Array
00:01:43.960000,00:01:46.830000,Array here what is to be stored The Base
00:01:46.830000,00:01:46.840000,here what is to be stored The Base
00:01:46.840000,00:01:49.510000,here what is to be stored The Base address of the array Base address is 100
00:01:49.510000,00:01:49.520000,address of the array Base address is 100
00:01:49.520000,00:01:51.709000,address of the array Base address is 100 or you can say the address of first
00:01:51.709000,00:01:51.719000,or you can say the address of first
00:01:51.719000,00:01:54.670000,or you can say the address of first element of array right so 100 is to be
00:01:54.670000,00:01:54.680000,element of array right so 100 is to be
00:01:54.680000,00:01:57.230000,element of array right so 100 is to be stored and so this is pointing to here
00:01:57.230000,00:01:57.240000,stored and so this is pointing to here
00:01:57.240000,00:01:59.870000,stored and so this is pointing to here AR name a so I have told you like
00:01:59.870000,00:01:59.880000,AR name a so I have told you like
00:01:59.880000,00:02:02.990000,AR name a so I have told you like internally implicitly it is AR name is
00:02:02.990000,00:02:03,internally implicitly it is AR name is
00:02:03,00:02:07.589000,internally implicitly it is AR name is acting as a pointer except few cases
00:02:07.589000,00:02:07.599000,acting as a pointer except few cases
00:02:07.599000,00:02:10.309000,acting as a pointer except few cases right see we have discussed this thing
00:02:10.309000,00:02:10.319000,right see we have discussed this thing
00:02:10.319000,00:02:13.190000,right see we have discussed this thing why this is start from zero and all
00:02:13.190000,00:02:13.200000,why this is start from zero and all
00:02:13.200000,00:02:14.790000,why this is start from zero and all these things the index start from zero
00:02:14.790000,00:02:14.800000,these things the index start from zero
00:02:14.800000,00:02:16.670000,these things the index start from zero when we're discussing the very first
00:02:16.670000,00:02:16.680000,when we're discussing the very first
00:02:16.680000,00:02:19.630000,when we're discussing the very first video of array I guess the introdu
00:02:19.630000,00:02:19.640000,video of array I guess the introdu
00:02:19.640000,00:02:21.750000,video of array I guess the introdu introductory part introduction to 1D
00:02:21.750000,00:02:21.760000,introductory part introduction to 1D
00:02:21.760000,00:02:24.150000,introductory part introduction to 1D aray right you can go and check out that
00:02:24.150000,00:02:24.160000,aray right you can go and check out that
00:02:24.160000,00:02:28.070000,aray right you can go and check out that video so see now this is what if you
00:02:28.070000,00:02:28.080000,video so see now this is what if you
00:02:28.080000,00:02:30.030000,video so see now this is what if you want to access the array elements then
00:02:30.030000,00:02:30.040000,want to access the array elements then
00:02:30.040000,00:02:31.990000,want to access the array elements then directly we can access AR any array
00:02:31.990000,00:02:32,directly we can access AR any array
00:02:32,00:02:35.790000,directly we can access AR any array element randomly right so if I want to
00:02:35.790000,00:02:35.800000,element randomly right so if I want to
00:02:35.800000,00:02:38.990000,element randomly right so if I want to access this this element so the index is
00:02:38.990000,00:02:39,access this this element so the index is
00:02:39,00:02:41.949000,access this this element so the index is a what you have to write a of 1 and it
00:02:41.949000,00:02:41.959000,a what you have to write a of 1 and it
00:02:41.959000,00:02:45.830000,a what you have to write a of 1 and it will give you zero if I write a of three
00:02:45.830000,00:02:45.840000,will give you zero if I write a of three
00:02:45.840000,00:02:47.550000,will give you zero if I write a of three it will give you
00:02:47.550000,00:02:47.560000,it will give you
00:02:47.560000,00:02:50.190000,it will give you one right it's not like that the third
00:02:50.190000,00:02:50.200000,one right it's not like that the third
00:02:50.200000,00:02:53.350000,one right it's not like that the third element 1 2 3 no this index is actually
00:02:53.350000,00:02:53.360000,element 1 2 3 no this index is actually
00:02:53.360000,00:02:55.509000,element 1 2 3 no this index is actually the offset mean the distance from the
00:02:55.509000,00:02:55.519000,the offset mean the distance from the
00:02:55.519000,00:02:57.350000,the offset mean the distance from the first element how many step you need to
00:02:57.350000,00:02:57.360000,first element how many step you need to
00:02:57.360000,00:03:01.670000,first element how many step you need to take to reach to this this this offset
00:03:01.670000,00:03:01.680000,take to reach to this this this offset
00:03:01.680000,00:03:06.110000,take to reach to this this this offset third offset so 1 2 3 so this is the
00:03:06.110000,00:03:06.120000,third offset so 1 2 3 so this is the
00:03:06.120000,00:03:08.750000,third offset so 1 2 3 so this is the output one right but how the address is
00:03:08.750000,00:03:08.760000,output one right but how the address is
00:03:08.760000,00:03:09.789000,output one right but how the address is to be
00:03:09.789000,00:03:09.799000,to be
00:03:09.799000,00:03:12.070000,to be calculated obviously when we are writing
00:03:12.070000,00:03:12.080000,calculated obviously when we are writing
00:03:12.080000,00:03:13.350000,calculated obviously when we are writing something then there is some inner
00:03:13.350000,00:03:13.360000,something then there is some inner
00:03:13.360000,00:03:14.789000,something then there is some inner working
00:03:14.789000,00:03:14.799000,working
00:03:14.799000,00:03:19.190000,working right the address is like 112 and at 112
00:03:19.190000,00:03:19.200000,right the address is like 112 and at 112
00:03:19.200000,00:03:22.110000,right the address is like 112 and at 112 there is one so one is to be fast
00:03:22.110000,00:03:22.120000,there is one so one is to be fast
00:03:22.120000,00:03:24.390000,there is one so one is to be fast suppose if you have five friends and
00:03:24.390000,00:03:24.400000,suppose if you have five friends and
00:03:24.400000,00:03:26.470000,suppose if you have five friends and your five friends are you know their
00:03:26.470000,00:03:26.480000,your five friends are you know their
00:03:26.480000,00:03:29.309000,your five friends are you know their houses are in a line something like this
00:03:29.309000,00:03:29.319000,houses are in a line something like this
00:03:29.319000,00:03:33.350000,houses are in a line something like this so if I say and and this house is of
00:03:33.350000,00:03:33.360000,so if I say and and this house is of
00:03:33.360000,00:03:36.630000,so if I say and and this house is of your friend like maybe uh Rahul so if I
00:03:36.630000,00:03:36.640000,your friend like maybe uh Rahul so if I
00:03:36.640000,00:03:38.630000,your friend like maybe uh Rahul so if I say go and call Rahul so you will
00:03:38.630000,00:03:38.640000,say go and call Rahul so you will
00:03:38.640000,00:03:42.229000,say go and call Rahul so you will directly go to rahul's house because you
00:03:42.229000,00:03:42.239000,directly go to rahul's house because you
00:03:42.239000,00:03:45.949000,directly go to rahul's house because you know the address right so how to
00:03:45.949000,00:03:45.959000,know the address right so how to
00:03:45.959000,00:03:48.309000,know the address right so how to calculate this address what is the
00:03:48.309000,00:03:48.319000,calculate this address what is the
00:03:48.319000,00:03:51.030000,calculate this address what is the formula how this addressing addressing
00:03:51.030000,00:03:51.040000,formula how this addressing addressing
00:03:51.040000,00:03:52.589000,formula how this addressing addressing is to be done of every element so there
00:03:52.589000,00:03:52.599000,is to be done of every element so there
00:03:52.599000,00:03:56.990000,is to be done of every element so there is a simple formula what is that
00:03:56.990000,00:03:57,is a simple formula what is that
00:03:57,00:04:01.990000,is a simple formula what is that see now here this B is Base address so
00:04:01.990000,00:04:02,see now here this B is Base address so
00:04:02,00:04:04.990000,see now here this B is Base address so if I take example of a of
00:04:04.990000,00:04:05,if I take example of a of
00:04:05,00:04:07.550000,if I take example of a of three Base address of the Base address
00:04:07.550000,00:04:07.560000,three Base address of the Base address
00:04:07.560000,00:04:10.309000,three Base address of the Base address of this array is what 100 so let's take
00:04:10.309000,00:04:10.319000,of this array is what 100 so let's take
00:04:10.319000,00:04:13.869000,of this array is what 100 so let's take 100 plus this s is what size of a single
00:04:13.869000,00:04:13.879000,100 plus this s is what size of a single
00:04:13.879000,00:04:16.830000,100 plus this s is what size of a single element of that array in bites so in
00:04:16.830000,00:04:16.840000,element of that array in bites so in
00:04:16.840000,00:04:18.670000,element of that array in bites so in this array size of a single element
00:04:18.670000,00:04:18.680000,this array size of a single element
00:04:18.680000,00:04:20.590000,this array size of a single element because this is of integer type right
00:04:20.590000,00:04:20.600000,because this is of integer type right
00:04:20.600000,00:04:22.110000,because this is of integer type right and obviously all the element would be
00:04:22.110000,00:04:22.120000,and obviously all the element would be
00:04:22.120000,00:04:23.990000,and obviously all the element would be integer because array is collection of
00:04:23.990000,00:04:24,integer because array is collection of
00:04:24,00:04:27.030000,integer because array is collection of homogeneous stereotypes right so one
00:04:27.030000,00:04:27.040000,homogeneous stereotypes right so one
00:04:27.040000,00:04:30.629000,homogeneous stereotypes right so one element will take four bytes so sizes 4
00:04:30.629000,00:04:30.639000,element will take four bytes so sizes 4
00:04:30.639000,00:04:33.390000,element will take four bytes so sizes 4 into this I is what the
00:04:33.390000,00:04:33.400000,into this I is what the
00:04:33.400000,00:04:36.629000,into this I is what the index right index is
00:04:36.629000,00:04:36.639000,index right index is
00:04:36.639000,00:04:39.029000,index right index is three because for this I want to
00:04:39.029000,00:04:39.039000,three because for this I want to
00:04:39.039000,00:04:41.270000,three because for this I want to calculate the address so index is three
00:04:41.270000,00:04:41.280000,calculate the address so index is three
00:04:41.280000,00:04:43.830000,calculate the address so index is three minus this lb is what lower
00:04:43.830000,00:04:43.840000,minus this lb is what lower
00:04:43.840000,00:04:46.510000,minus this lb is what lower bound lower bound is what you can say
00:04:46.510000,00:04:46.520000,bound lower bound is what you can say
00:04:46.520000,00:04:48.510000,bound lower bound is what you can say that array of the address of the first
00:04:48.510000,00:04:48.520000,that array of the address of the first
00:04:48.520000,00:04:51.070000,that array of the address of the first element or the index of the sorry index
00:04:51.070000,00:04:51.080000,element or the index of the sorry index
00:04:51.080000,00:04:53.950000,element or the index of the sorry index of the first element of the if no lower
00:04:53.950000,00:04:53.960000,of the first element of the if no lower
00:04:53.960000,00:04:55.870000,of the first element of the if no lower bound is given then you have to assume
00:04:55.870000,00:04:55.880000,bound is given then you have to assume
00:04:55.880000,00:05:01.710000,bound is given then you have to assume it zero so lower bound is in this case
00:05:04.790000,00:05:04.800000,zero right because no lower bound is
00:05:04.800000,00:05:12.230000,zero right because no lower bound is given now 100 + 4 into 3 so it is 1 1 2
00:05:12.230000,00:05:12.240000,given now 100 + 4 into 3 so it is 1 1 2
00:05:12.240000,00:05:14.670000,given now 100 + 4 into 3 so it is 1 1 2 and we know array of this third this
00:05:14.670000,00:05:14.680000,and we know array of this third this
00:05:14.680000,00:05:17.029000,and we know array of this third this element is what at address
00:05:17.029000,00:05:17.039000,element is what at address
00:05:17.039000,00:05:19.940000,element is what at address 112 right so this is the simple
00:05:19.940000,00:05:19.950000,112 right so this is the simple
00:05:19.950000,00:05:21.430000,112 right so this is the simple [Music]
00:05:21.430000,00:05:21.440000,[Music]
00:05:21.440000,00:05:24.189000,[Music] formula you can take any suppose I'm
00:05:24.189000,00:05:24.199000,formula you can take any suppose I'm
00:05:24.199000,00:05:25.430000,formula you can take any suppose I'm taking a
00:05:25.430000,00:05:25.440000,taking a
00:05:25.440000,00:05:30.430000,taking a of0 right so Base address 100 plus size
00:05:30.430000,00:05:30.440000,of0 right so Base address 100 plus size
00:05:30.440000,00:05:35.430000,of0 right so Base address 100 plus size 4 bytes into I is what index 0 minus
00:05:35.430000,00:05:35.440000,4 bytes into I is what index 0 minus
00:05:35.440000,00:05:38.150000,4 bytes into I is what index 0 minus lower bound is also zero so this would
00:05:38.150000,00:05:38.160000,lower bound is also zero so this would
00:05:38.160000,00:05:42.110000,lower bound is also zero so this would be 100 only and we know a of0 is the
00:05:42.110000,00:05:42.120000,be 100 only and we know a of0 is the
00:05:42.120000,00:05:44.629000,be 100 only and we know a of0 is the address of a of0 this element is what
00:05:44.629000,00:05:44.639000,address of a of0 this element is what
00:05:44.639000,00:05:46.469000,address of a of0 this element is what 100 only
00:05:46.469000,00:05:46.479000,100 only
00:05:46.479000,00:05:49.430000,100 only right so this formula you need to you
00:05:49.430000,00:05:49.440000,right so this formula you need to you
00:05:49.440000,00:05:53.309000,right so this formula you need to you know remember right if you want to
00:05:53.309000,00:05:53.319000,know remember right if you want to
00:05:53.319000,00:05:55.430000,know remember right if you want to calculate the address of any array
00:05:55.430000,00:05:55.440000,calculate the address of any array
00:05:55.440000,00:05:58.749000,calculate the address of any array element 1D array right for 2D array it's
00:05:58.749000,00:05:58.759000,element 1D array right for 2D array it's
00:05:58.759000,00:06:00.749000,element 1D array right for 2D array it's little bit different so that thing we'll
00:06:00.749000,00:06:00.759000,little bit different so that thing we'll
00:06:00.759000,00:06:02.670000,little bit different so that thing we'll discuss in next video like from next
00:06:02.670000,00:06:02.680000,discuss in next video like from next
00:06:02.680000,00:06:05.029000,discuss in next video like from next video we'll see about multi-dimensional
00:06:05.029000,00:06:05.039000,video we'll see about multi-dimensional
00:06:05.039000,00:06:08.430000,video we'll see about multi-dimensional arrays especially 2D arrays right so now
00:06:08.430000,00:06:08.440000,arrays especially 2D arrays right so now
00:06:08.440000,00:06:09.629000,arrays especially 2D arrays right so now that's it for this video now I'll see
00:06:09.629000,00:06:09.639000,that's it for this video now I'll see
00:06:09.639000,00:06:16.309000,that's it for this video now I'll see you in the next Tut then bye take
