Start Time,End Time,Text
00:00:02.070000,00:00:02.080000,hey everyone I hope you are safe and
00:00:02.080000,00:00:04.070000,hey everyone I hope you are safe and doing good so in the series of learning
00:00:04.070000,00:00:04.080000,doing good so in the series of learning
00:00:04.080000,00:00:05.869000,doing good so in the series of learning C++ programming language we are
00:00:05.869000,00:00:05.879000,C++ programming language we are
00:00:05.879000,00:00:08.070000,C++ programming language we are discussing 2D arrays in the previous
00:00:08.070000,00:00:08.080000,discussing 2D arrays in the previous
00:00:08.080000,00:00:09.549000,discussing 2D arrays in the previous video we have seen what is 2D array how
00:00:09.549000,00:00:09.559000,video we have seen what is 2D array how
00:00:09.559000,00:00:12.030000,video we have seen what is 2D array how to declare 2D array how to initialize
00:00:12.030000,00:00:12.040000,to declare 2D array how to initialize
00:00:12.040000,00:00:15.110000,to declare 2D array how to initialize this right now the next point is in this
00:00:15.110000,00:00:15.120000,this right now the next point is in this
00:00:15.120000,00:00:17.070000,this right now the next point is in this video we'll discuss like memory
00:00:17.070000,00:00:17.080000,video we'll discuss like memory
00:00:17.080000,00:00:19.269000,video we'll discuss like memory representation of 2D array and how to
00:00:19.269000,00:00:19.279000,representation of 2D array and how to
00:00:19.279000,00:00:23.189000,representation of 2D array and how to access elements from that array right
00:00:23.189000,00:00:23.199000,access elements from that array right
00:00:23.199000,00:00:24.950000,access elements from that array right because obviously when in the previous
00:00:24.950000,00:00:24.960000,because obviously when in the previous
00:00:24.960000,00:00:26.710000,because obviously when in the previous video we have seen like generally we
00:00:26.710000,00:00:26.720000,video we have seen like generally we
00:00:26.720000,00:00:28.910000,video we have seen like generally we visualize 2D something like this uh in
00:00:28.910000,00:00:28.920000,visualize 2D something like this uh in
00:00:28.920000,00:00:30.790000,visualize 2D something like this uh in metrix form in rows and
00:00:30.790000,00:00:30.800000,metrix form in rows and
00:00:30.800000,00:00:34.110000,metrix form in rows and columns right here we have like 1 2 3
00:00:34.110000,00:00:34.120000,columns right here we have like 1 2 3
00:00:34.120000,00:00:36.229000,columns right here we have like 1 2 3 three rows and three columns three two
00:00:36.229000,00:00:36.239000,three rows and three columns three two
00:00:36.239000,00:00:38.869000,three rows and three columns three two three Matrix so here the data is to be
00:00:38.869000,00:00:38.879000,three Matrix so here the data is to be
00:00:38.879000,00:00:40.750000,three Matrix so here the data is to be stored whatever you say the elements but
00:00:40.750000,00:00:40.760000,stored whatever you say the elements but
00:00:40.760000,00:00:42.630000,stored whatever you say the elements but it's not like that in memory this is
00:00:42.630000,00:00:42.640000,it's not like that in memory this is
00:00:42.640000,00:00:44.709000,it's not like that in memory this is stored in this form only because memory
00:00:44.709000,00:00:44.719000,stored in this form only because memory
00:00:44.719000,00:00:47.350000,stored in this form only because memory is a like tape
00:00:47.350000,00:00:47.360000,is a like tape
00:00:47.360000,00:00:52.110000,is a like tape of this B right either you can represent
00:00:52.110000,00:00:52.120000,of this B right either you can represent
00:00:52.120000,00:00:53.869000,of this B right either you can represent it in horizontal form or vertical form
00:00:53.869000,00:00:53.879000,it in horizontal form or vertical form
00:00:53.879000,00:00:56.750000,it in horizontal form or vertical form so this is not the case like just pick
00:00:56.750000,00:00:56.760000,so this is not the case like just pick
00:00:56.760000,00:00:58.509000,so this is not the case like just pick this and place this in memory something
00:00:58.509000,00:00:58.519000,this and place this in memory something
00:00:58.519000,00:01:01.509000,this and place this in memory something like this no you have to store the these
00:01:01.509000,00:01:01.519000,like this no you have to store the these
00:01:01.519000,00:01:05.469000,like this no you have to store the these elements in this form only right so how
00:01:05.469000,00:01:05.479000,elements in this form only right so how
00:01:05.479000,00:01:07.950000,elements in this form only right so how to map this thing how those elements of
00:01:07.950000,00:01:07.960000,to map this thing how those elements of
00:01:07.960000,00:01:10.710000,to map this thing how those elements of 2D array the data is stored in memory
00:01:10.710000,00:01:10.720000,2D array the data is stored in memory
00:01:10.720000,00:01:13.190000,2D array the data is stored in memory that thing we'll see in this video right
00:01:13.190000,00:01:13.200000,that thing we'll see in this video right
00:01:13.200000,00:01:15.710000,that thing we'll see in this video right and how to access definitely those
00:01:15.710000,00:01:15.720000,and how to access definitely those
00:01:15.720000,00:01:18.950000,and how to access definitely those elements from AR right but before that I
00:01:18.950000,00:01:18.960000,elements from AR right but before that I
00:01:18.960000,00:01:20.429000,elements from AR right but before that I want to tell you something if you are
00:01:20.429000,00:01:20.439000,want to tell you something if you are
00:01:20.439000,00:01:22.590000,want to tell you something if you are interested if you are a gate aspirant or
00:01:22.590000,00:01:22.600000,interested if you are a gate aspirant or
00:01:22.600000,00:01:24.109000,interested if you are a gate aspirant or especially especially if you are
00:01:24.109000,00:01:24.119000,especially especially if you are
00:01:24.119000,00:01:26.270000,especially especially if you are interested in uh data science and
00:01:26.270000,00:01:26.280000,interested in uh data science and
00:01:26.280000,00:01:30.350000,interested in uh data science and artificial intelligence field right so
00:01:30.350000,00:01:30.360000,artificial intelligence field right so
00:01:30.360000,00:01:32.350000,artificial intelligence field right so like we know AI is future it is going to
00:01:32.350000,00:01:32.360000,like we know AI is future it is going to
00:01:32.360000,00:01:33.950000,like we know AI is future it is going to replace many jobs and even it has
00:01:33.950000,00:01:33.960000,replace many jobs and even it has
00:01:33.960000,00:01:36.789000,replace many jobs and even it has already replaced some jobs right so in
00:01:36.789000,00:01:36.799000,already replaced some jobs right so in
00:01:36.799000,00:01:40.830000,already replaced some jobs right so in this Academic Year for 2024 gate 2024
00:01:40.830000,00:01:40.840000,this Academic Year for 2024 gate 2024
00:01:40.840000,00:01:43.230000,this Academic Year for 2024 gate 2024 this IC Bangalore has introduced a new
00:01:43.230000,00:01:43.240000,this IC Bangalore has introduced a new
00:01:43.240000,00:01:45.230000,this IC Bangalore has introduced a new paper for data science and artificial
00:01:45.230000,00:01:45.240000,paper for data science and artificial
00:01:45.240000,00:01:47.230000,paper for data science and artificial intelligence having code
00:01:47.230000,00:01:47.240000,intelligence having code
00:01:47.240000,00:01:50.749000,intelligence having code da and this is open for all the students
00:01:50.749000,00:01:50.759000,da and this is open for all the students
00:01:50.759000,00:01:53.190000,da and this is open for all the students who have uh you know bachelor degree in
00:01:53.190000,00:01:53.200000,who have uh you know bachelor degree in
00:01:53.200000,00:01:55.789000,who have uh you know bachelor degree in engineering uh technology or even in
00:01:55.789000,00:01:55.799000,engineering uh technology or even in
00:01:55.799000,00:01:58.429000,engineering uh technology or even in architecture science technology right so
00:01:58.429000,00:01:58.439000,architecture science technology right so
00:01:58.439000,00:02:01.109000,architecture science technology right so even known csit students can write this
00:02:01.109000,00:02:01.119000,even known csit students can write this
00:02:01.119000,00:02:03.270000,even known csit students can write this paper and get benefit benefit from it
00:02:03.270000,00:02:03.280000,paper and get benefit benefit from it
00:02:03.280000,00:02:04.870000,paper and get benefit benefit from it like if you want to want to go for
00:02:04.870000,00:02:04.880000,like if you want to want to go for
00:02:04.880000,00:02:06.670000,like if you want to want to go for higher education like for get admiss in
00:02:06.670000,00:02:06.680000,higher education like for get admiss in
00:02:06.680000,00:02:08.389000,higher education like for get admiss in mtech or PHD programs in data science
00:02:08.389000,00:02:08.399000,mtech or PHD programs in data science
00:02:08.399000,00:02:10.469000,mtech or PHD programs in data science and AI then definitely if you go for
00:02:10.469000,00:02:10.479000,and AI then definitely if you go for
00:02:10.479000,00:02:12.869000,and AI then definitely if you go for this gate paper gate 2024 da then it
00:02:12.869000,00:02:12.879000,this gate paper gate 2024 da then it
00:02:12.879000,00:02:15.030000,this gate paper gate 2024 da then it will be helpful for you guys right and
00:02:15.030000,00:02:15.040000,will be helpful for you guys right and
00:02:15.040000,00:02:17.270000,will be helpful for you guys right and for job perspective also you can stand
00:02:17.270000,00:02:17.280000,for job perspective also you can stand
00:02:17.280000,00:02:20.190000,for job perspective also you can stand out in the job market right so the thing
00:02:20.190000,00:02:20.200000,out in the job market right so the thing
00:02:20.200000,00:02:22.670000,out in the job market right so the thing is there like if you want to prepare for
00:02:22.670000,00:02:22.680000,is there like if you want to prepare for
00:02:22.680000,00:02:24.790000,is there like if you want to prepare for this gate this paper then there is a
00:02:24.790000,00:02:24.800000,this gate this paper then there is a
00:02:24.800000,00:02:26.869000,this gate this paper then there is a good news for you guys an academy is
00:02:26.869000,00:02:26.879000,good news for you guys an academy is
00:02:26.879000,00:02:30.630000,good news for you guys an academy is going to launch India's biggest and best
00:02:30.630000,00:02:30.640000,going to launch India's biggest and best
00:02:30.640000,00:02:34.270000,going to launch India's biggest and best team G team csit for csit and this DS
00:02:34.270000,00:02:34.280000,team G team csit for csit and this DS
00:02:34.280000,00:02:38.229000,team G team csit for csit and this DS and AI paper and why I saying like one
00:02:38.229000,00:02:38.239000,and AI paper and why I saying like one
00:02:38.239000,00:02:40.350000,and AI paper and why I saying like one of the best team because of their
00:02:40.350000,00:02:40.360000,of the best team because of their
00:02:40.360000,00:02:43.070000,of the best team because of their credentials their Educators credentials
00:02:43.070000,00:02:43.080000,credentials their Educators credentials
00:02:43.080000,00:02:45.070000,credentials their Educators credentials their teaching experience and even they
00:02:45.070000,00:02:45.080000,their teaching experience and even they
00:02:45.080000,00:02:47.270000,their teaching experience and even they have also correct many exam gate net
00:02:47.270000,00:02:47.280000,have also correct many exam gate net
00:02:47.280000,00:02:50.509000,have also correct many exam gate net ISRO they all ining in those exams they
00:02:50.509000,00:02:50.519000,ISRO they all ining in those exams they
00:02:50.519000,00:02:52.910000,ISRO they all ining in those exams they have published many research papers and
00:02:52.910000,00:02:52.920000,have published many research papers and
00:02:52.920000,00:02:55.390000,have published many research papers and even writing PhD students and already
00:02:55.390000,00:02:55.400000,even writing PhD students and already
00:02:55.400000,00:02:57.949000,even writing PhD students and already mentoring gate aspirant so if you want
00:02:57.949000,00:02:57.959000,mentoring gate aspirant so if you want
00:02:57.959000,00:03:00.670000,mentoring gate aspirant so if you want to prepare for gate csit or this DS a
00:03:00.670000,00:03:00.680000,to prepare for gate csit or this DS a
00:03:00.680000,00:03:02.149000,to prepare for gate csit or this DS a paper then this is I guess one of the
00:03:02.149000,00:03:02.159000,paper then this is I guess one of the
00:03:02.159000,00:03:04.470000,paper then this is I guess one of the best platform on Academy so all the
00:03:04.470000,00:03:04.480000,best platform on Academy so all the
00:03:04.480000,00:03:05.670000,best platform on Academy so all the links and detail I'll put in the
00:03:05.670000,00:03:05.680000,links and detail I'll put in the
00:03:05.680000,00:03:06.949000,links and detail I'll put in the description box of this video you can go
00:03:06.949000,00:03:06.959000,description box of this video you can go
00:03:06.959000,00:03:09.309000,description box of this video you can go and check out now let's get back to this
00:03:09.309000,00:03:09.319000,and check out now let's get back to this
00:03:09.319000,00:03:11.990000,and check out now let's get back to this video so see there are two technique to
00:03:11.990000,00:03:12,video so see there are two technique to
00:03:12,00:03:14.470000,video so see there are two technique to store the elements of 2D array in memory
00:03:14.470000,00:03:14.480000,store the elements of 2D array in memory
00:03:14.480000,00:03:16.350000,store the elements of 2D array in memory one is row measure and second is column
00:03:16.350000,00:03:16.360000,one is row measure and second is column
00:03:16.360000,00:03:17.869000,one is row measure and second is column Mees both things we'll discuss in this
00:03:17.869000,00:03:17.879000,Mees both things we'll discuss in this
00:03:17.879000,00:03:20.630000,Mees both things we'll discuss in this video now how to how to you know
00:03:20.630000,00:03:20.640000,video now how to how to you know
00:03:20.640000,00:03:23.110000,video now how to how to you know initialize at compile time a let's take
00:03:23.110000,00:03:23.120000,initialize at compile time a let's take
00:03:23.120000,00:03:26.070000,initialize at compile time a let's take a 2d array like this right number of
00:03:26.070000,00:03:26.080000,a 2d array like this right number of
00:03:26.080000,00:03:28.110000,a 2d array like this right number of rows number of columns right this thing
00:03:28.110000,00:03:28.120000,rows number of columns right this thing
00:03:28.120000,00:03:30.470000,rows number of columns right this thing we have seen in previous video right now
00:03:30.470000,00:03:30.480000,we have seen in previous video right now
00:03:30.480000,00:03:33.270000,we have seen in previous video right now how to initialize it at compile time
00:03:33.270000,00:03:33.280000,how to initialize it at compile time
00:03:33.280000,00:03:35.229000,how to initialize it at compile time directly there are three ways that those
00:03:35.229000,00:03:35.239000,directly there are three ways that those
00:03:35.239000,00:03:36.990000,directly there are three ways that those also we we have seen in the previous
00:03:36.990000,00:03:37,also we we have seen in the previous
00:03:37,00:03:39.030000,also we we have seen in the previous video one way is like I can write
00:03:39.030000,00:03:39.040000,video one way is like I can write
00:03:39.040000,00:03:40.229000,video one way is like I can write something like this if I write something
00:03:40.229000,00:03:40.239000,something like this if I write something
00:03:40.239000,00:03:44.190000,something like this if I write something like this like uh so this is one way
00:03:44.190000,00:03:44.200000,like this like uh so this is one way
00:03:44.200000,00:03:46.429000,like this like uh so this is one way like here we have two rows three columns
00:03:46.429000,00:03:46.439000,like here we have two rows three columns
00:03:46.439000,00:03:48.949000,like here we have two rows three columns so this value I have given one row
00:03:48.949000,00:03:48.959000,so this value I have given one row
00:03:48.959000,00:03:51.110000,so this value I have given one row second row and for three columns I have
00:03:51.110000,00:03:51.120000,second row and for three columns I have
00:03:51.120000,00:03:53.550000,second row and for three columns I have given value so if you visualize this
00:03:53.550000,00:03:53.560000,given value so if you visualize this
00:03:53.560000,00:03:56.990000,given value so if you visualize this thing then we will visualize this
00:03:56.990000,00:03:57,thing then we will visualize this
00:03:57,00:03:58.190000,thing then we will visualize this something like this we are having two
00:03:58.190000,00:03:58.200000,something like this we are having two
00:03:58.200000,00:04:00.149000,something like this we are having two rows and three columns so how we are
00:04:00.149000,00:04:00.159000,rows and three columns so how we are
00:04:00.159000,00:04:02.110000,rows and three columns so how we are going to store in first row we are
00:04:02.110000,00:04:02.120000,going to store in first row we are
00:04:02.120000,00:04:05.710000,going to store in first row we are having 1 10 so there is no third element
00:04:05.710000,00:04:05.720000,having 1 10 so there is no third element
00:04:05.720000,00:04:07.190000,having 1 10 so there is no third element we have given so by default it would be
00:04:07.190000,00:04:07.200000,we have given so by default it would be
00:04:07.200000,00:04:12.710000,we have given so by default it would be zero -1 12 and 1 row and columns so 0
00:04:12.710000,00:04:12.720000,zero -1 12 and 1 row and columns so 0
00:04:12.720000,00:04:14.670000,zero -1 12 and 1 row and columns so 0 and one index would be started from zero
00:04:14.670000,00:04:14.680000,and one index would be started from zero
00:04:14.680000,00:04:18.430000,and one index would be started from zero we know 0 1 2 this is zeroth Row first
00:04:18.430000,00:04:18.440000,we know 0 1 2 this is zeroth Row first
00:04:18.440000,00:04:20.189000,we know 0 1 2 this is zeroth Row first row zeroth column First Column second
00:04:20.189000,00:04:20.199000,row zeroth column First Column second
00:04:20.199000,00:04:23.909000,row zeroth column First Column second column something like this right row and
00:04:23.909000,00:04:23.919000,column something like this right row and
00:04:23.919000,00:04:25.189000,column something like this right row and column so we'll see first the row
00:04:25.189000,00:04:25.199000,column so we'll see first the row
00:04:25.199000,00:04:26.710000,column so we'll see first the row measure representation memory
00:04:26.710000,00:04:26.720000,measure representation memory
00:04:26.720000,00:04:29.629000,measure representation memory representation right now in row measure
00:04:29.629000,00:04:29.639000,representation right now in row measure
00:04:29.639000,00:04:31.629000,representation right now in row measure presentation because we know memory is
00:04:31.629000,00:04:31.639000,presentation because we know memory is
00:04:31.639000,00:04:34.150000,presentation because we know memory is like it's like a long tape of
00:04:34.150000,00:04:34.160000,like it's like a long tape of
00:04:34.160000,00:04:38.710000,like it's like a long tape of bytes right so in row measure rowwise
00:04:38.710000,00:04:38.720000,bytes right so in row measure rowwise
00:04:38.720000,00:04:43.110000,bytes right so in row measure rowwise the data is to be stored means first row
00:04:43.110000,00:04:43.120000,the data is to be stored means first row
00:04:43.120000,00:04:45.070000,the data is to be stored means first row second row third row fourth row
00:04:45.070000,00:04:45.080000,second row third row fourth row
00:04:45.080000,00:04:47.670000,second row third row fourth row something like this means all the
00:04:47.670000,00:04:47.680000,something like this means all the
00:04:47.680000,00:04:49.749000,something like this means all the elements or All The Columns of first row
00:04:49.749000,00:04:49.759000,elements or All The Columns of first row
00:04:49.759000,00:04:51.790000,elements or All The Columns of first row will be stored then second row then
00:04:51.790000,00:04:51.800000,will be stored then second row then
00:04:51.800000,00:04:55.350000,will be stored then second row then third row right so first zero throw
00:04:55.350000,00:04:55.360000,third row right so first zero throw
00:04:55.360000,00:04:56.909000,third row right so first zero throw would be stored I mean the first row
00:04:56.909000,00:04:56.919000,would be stored I mean the first row
00:04:56.919000,00:04:59.629000,would be stored I mean the first row index is zero so suppose suppose the
00:04:59.629000,00:04:59.639000,index is zero so suppose suppose the
00:04:59.639000,00:05:01.270000,index is zero so suppose suppose the Base address memory manager has
00:05:01.270000,00:05:01.280000,Base address memory manager has
00:05:01.280000,00:05:05.510000,Base address memory manager has allocated some Base address uh 100 from
00:05:05.510000,00:05:05.520000,allocated some Base address uh 100 from
00:05:05.520000,00:05:08.430000,allocated some Base address uh 100 from this B 100
00:05:08.430000,00:05:08.440000,this B 100
00:05:08.440000,00:05:12.749000,this B 100 right so first one would be stored then
00:05:12.749000,00:05:12.759000,right so first one would be stored then
00:05:12.759000,00:05:14.469000,right so first one would be stored then 10 would be stored then zero would be
00:05:14.469000,00:05:14.479000,10 would be stored then zero would be
00:05:14.479000,00:05:18.390000,10 would be stored then zero would be stored obviously here this is not if you
00:05:18.390000,00:05:18.400000,stored obviously here this is not if you
00:05:18.400000,00:05:22.029000,stored obviously here this is not if you consider it one by then this one would
00:05:22.029000,00:05:22.039000,consider it one by then this one would
00:05:22.039000,00:05:24.550000,consider it one by then this one would be uh stored in four bytes because
00:05:24.550000,00:05:24.560000,be uh stored in four bytes because
00:05:24.560000,00:05:26.390000,be uh stored in four bytes because integer is going to take four bytes
00:05:26.390000,00:05:26.400000,integer is going to take four bytes
00:05:26.400000,00:05:34.029000,integer is going to take four bytes right so 10 1 102 1 3 like 1 2 3 4 in
00:05:34.029000,00:05:34.039000,right so 10 1 102 1 3 like 1 2 3 4 in
00:05:34.039000,00:05:37.029000,right so 10 1 102 1 3 like 1 2 3 4 in these four byes one would be stored
00:05:37.029000,00:05:37.039000,these four byes one would be stored
00:05:37.039000,00:05:39.990000,these four byes one would be stored right obviously in a binary form zeros
00:05:39.990000,00:05:40,right obviously in a binary form zeros
00:05:40,00:05:42.790000,right obviously in a binary form zeros and ones right converted and then store
00:05:42.790000,00:05:42.800000,and ones right converted and then store
00:05:42.800000,00:05:44.350000,and ones right converted and then store then again in four bytes 10 would be
00:05:44.350000,00:05:44.360000,then again in four bytes 10 would be
00:05:44.360000,00:05:45.990000,then again in four bytes 10 would be stored then in four byes zero would be
00:05:45.990000,00:05:46,stored then in four byes zero would be
00:05:46,00:05:49.469000,stored then in four byes zero would be stored right so I'm not taking it
00:05:49.469000,00:05:49.479000,stored right so I'm not taking it
00:05:49.479000,00:05:52.710000,stored right so I'm not taking it something like this directly I'll take a
00:05:52.710000,00:05:52.720000,something like this directly I'll take a
00:05:52.720000,00:05:56.590000,something like this directly I'll take a block of 4 bytes right in memory so if
00:05:56.590000,00:05:56.600000,block of 4 bytes right in memory so if
00:05:56.600000,00:05:58.590000,block of 4 bytes right in memory so if the Base address is 100 one would be
00:05:58.590000,00:05:58.600000,the Base address is 100 one would be
00:05:58.600000,00:06:01.550000,the Base address is 100 one would be stored then 10 then zero rowwise first
00:06:01.550000,00:06:01.560000,stored then 10 then zero rowwise first
00:06:01.560000,00:06:05.469000,stored then 10 then zero rowwise first row then second row -1 20 and 1
00:06:05.469000,00:06:05.479000,row then second row -1 20 and 1
00:06:05.479000,00:06:07.670000,row then second row -1 20 and 1 something like this right so if it is
00:06:07.670000,00:06:07.680000,something like this right so if it is
00:06:07.680000,00:06:11.309000,something like this right so if it is 100 it's 104 it's 108 so how much
00:06:11.309000,00:06:11.319000,100 it's 104 it's 108 so how much
00:06:11.319000,00:06:12.990000,100 it's 104 it's 108 so how much memories to be allocated for this how
00:06:12.990000,00:06:13,memories to be allocated for this how
00:06:13,00:06:14.990000,memories to be allocated for this how many elements we have 3 into two number
00:06:14.990000,00:06:15,many elements we have 3 into two number
00:06:15,00:06:17.790000,many elements we have 3 into two number of rows number of columns six for one
00:06:17.790000,00:06:17.800000,of rows number of columns six for one
00:06:17.800000,00:06:20.270000,of rows number of columns six for one element four bytes into 4 24 bytes so
00:06:20.270000,00:06:20.280000,element four bytes into 4 24 bytes so
00:06:20.280000,00:06:23.270000,element four bytes into 4 24 bytes so 100 to obviously this 124 these are 24
00:06:23.270000,00:06:23.280000,100 to obviously this 124 these are 24
00:06:23.280000,00:06:25.189000,100 to obviously this 124 these are 24 bytes located for this so this is how
00:06:25.189000,00:06:25.199000,bytes located for this so this is how
00:06:25.199000,00:06:27.230000,bytes located for this so this is how this to be stored in R is a
00:06:27.230000,00:06:27.240000,this to be stored in R is a
00:06:27.240000,00:06:29.110000,this to be stored in R is a representation and in continuous memory
00:06:29.110000,00:06:29.120000,representation and in continuous memory
00:06:29.120000,00:06:31.950000,representation and in continuous memory location now how to access elements if
00:06:31.950000,00:06:31.960000,location now how to access elements if
00:06:31.960000,00:06:34.150000,location now how to access elements if these are stored something like this
00:06:34.150000,00:06:34.160000,these are stored something like this
00:06:34.160000,00:06:37.670000,these are stored something like this same we'll give index so here we have
00:06:37.670000,00:06:37.680000,same we'll give index so here we have
00:06:37.680000,00:06:39.589000,same we'll give index so here we have obviously two index one for Row one for
00:06:39.589000,00:06:39.599000,obviously two index one for Row one for
00:06:39.599000,00:06:43.390000,obviously two index one for Row one for column if I want to access this 20 so
00:06:43.390000,00:06:43.400000,column if I want to access this 20 so
00:06:43.400000,00:06:45.110000,column if I want to access this 20 so which row and which column you have to
00:06:45.110000,00:06:45.120000,which row and which column you have to
00:06:45.120000,00:06:47.350000,which row and which column you have to give two index in One D array we will
00:06:47.350000,00:06:47.360000,give two index in One D array we will
00:06:47.360000,00:06:49.909000,give two index in One D array we will give only one index so the name of the
00:06:49.909000,00:06:49.919000,give only one index so the name of the
00:06:49.919000,00:06:53.749000,give only one index so the name of the array and first is row index second is
00:06:53.749000,00:06:53.759000,array and first is row index second is
00:06:53.759000,00:06:55.749000,array and first is row index second is column index so if you want to exess
00:06:55.749000,00:06:55.759000,column index so if you want to exess
00:06:55.759000,00:06:57.830000,column index so if you want to exess this 20 then row index is one column
00:06:57.830000,00:06:57.840000,this 20 then row index is one column
00:06:57.840000,00:07:00.150000,this 20 then row index is one column index is one so something like this will
00:07:00.150000,00:07:00.160000,index is one so something like this will
00:07:00.160000,00:07:02.589000,index is one so something like this will write if you write a11 it will give you
00:07:02.589000,00:07:02.599000,write if you write a11 it will give you
00:07:02.599000,00:07:07.550000,write if you write a11 it will give you 20 now if I write like 0 and 1 what it
00:07:07.550000,00:07:07.560000,20 now if I write like 0 and 1 what it
00:07:07.560000,00:07:09.790000,20 now if I write like 0 and 1 what it will give 0 and 1
00:07:09.790000,00:07:09.800000,will give 0 and 1
00:07:09.800000,00:07:12.830000,will give 0 and 1 10 so you have to give two index row
00:07:12.830000,00:07:12.840000,10 so you have to give two index row
00:07:12.840000,00:07:17.029000,10 so you have to give two index row index and column Index right okay now
00:07:17.029000,00:07:17.039000,index and column Index right okay now
00:07:17.039000,00:07:19.270000,index and column Index right okay now next is column measure I think you have
00:07:19.270000,00:07:19.280000,next is column measure I think you have
00:07:19.280000,00:07:20.670000,next is column measure I think you have understood in column measure what would
00:07:20.670000,00:07:20.680000,understood in column measure what would
00:07:20.680000,00:07:22.749000,understood in column measure what would be done column wise the data is to be
00:07:22.749000,00:07:22.759000,be done column wise the data is to be
00:07:22.759000,00:07:25.309000,be done column wise the data is to be stored means First Column all the
00:07:25.309000,00:07:25.319000,stored means First Column all the
00:07:25.319000,00:07:26.830000,stored means First Column all the element of First Column then second
00:07:26.830000,00:07:26.840000,element of First Column then second
00:07:26.840000,00:07:28.629000,element of First Column then second column third column and so on in
00:07:28.629000,00:07:28.639000,column third column and so on in
00:07:28.639000,00:07:31.350000,column third column and so on in continuous memory locations right so
00:07:31.350000,00:07:31.360000,continuous memory locations right so
00:07:31.360000,00:07:34.110000,continuous memory locations right so pause the video and just draw how column
00:07:34.110000,00:07:34.120000,pause the video and just draw how column
00:07:34.120000,00:07:36.270000,pause the video and just draw how column wise this data is to be stored any
00:07:36.270000,00:07:36.280000,wise this data is to be stored any
00:07:36.280000,00:07:37.790000,wise this data is to be stored any address you can take like here I'm
00:07:37.790000,00:07:37.800000,address you can take like here I'm
00:07:37.800000,00:07:40.070000,address you can take like here I'm taking another address like 200 so I
00:07:40.070000,00:07:40.080000,taking another address like 200 so I
00:07:40.080000,00:07:42.189000,taking another address like 200 so I know it is not the exact address like
00:07:42.189000,00:07:42.199000,know it is not the exact address like
00:07:42.199000,00:07:43.749000,know it is not the exact address like and you should know also this thing
00:07:43.749000,00:07:43.759000,and you should know also this thing
00:07:43.759000,00:07:45.110000,and you should know also this thing because that would be in hexadecimal
00:07:45.110000,00:07:45.120000,because that would be in hexadecimal
00:07:45.120000,00:07:47.510000,because that would be in hexadecimal form but for Simplicity purpose just to
00:07:47.510000,00:07:47.520000,form but for Simplicity purpose just to
00:07:47.520000,00:07:49.110000,form but for Simplicity purpose just to you know make you understand I'm taking
00:07:49.110000,00:07:49.120000,you know make you understand I'm taking
00:07:49.120000,00:07:51.230000,you know make you understand I'm taking simple address 100 200 something like
00:07:51.230000,00:07:51.240000,simple address 100 200 something like
00:07:51.240000,00:07:53.790000,simple address 100 200 something like this so column wise means First Column
00:07:53.790000,00:07:53.800000,this so column wise means First Column
00:07:53.800000,00:07:57.070000,this so column wise means First Column like this then this then this so all the
00:07:57.070000,00:07:57.080000,like this then this then this so all the
00:07:57.080000,00:07:59.790000,like this then this then this so all the element of First Column 1 - one 1 then
00:07:59.790000,00:07:59.800000,element of First Column 1 - one 1 then
00:07:59.800000,00:08:04.749000,element of First Column 1 - one 1 then second column 10 20 then third 0 1 this
00:08:04.749000,00:08:04.759000,second column 10 20 then third 0 1 this
00:08:04.759000,00:08:07.029000,second column 10 20 then third 0 1 this is column meor representation this is
00:08:07.029000,00:08:07.039000,is column meor representation this is
00:08:07.039000,00:08:09.309000,is column meor representation this is row is a representation memory
00:08:09.309000,00:08:09.319000,row is a representation memory
00:08:09.319000,00:08:13.189000,row is a representation memory representation right but in this case if
00:08:13.189000,00:08:13.199000,representation right but in this case if
00:08:13.199000,00:08:14.749000,representation right but in this case if in this memory this has been stored
00:08:14.749000,00:08:14.759000,in this memory this has been stored
00:08:14.759000,00:08:16.230000,in this memory this has been stored column is a representation we have store
00:08:16.230000,00:08:16.240000,column is a representation we have store
00:08:16.240000,00:08:17.950000,column is a representation we have store data in this form then if I write
00:08:17.950000,00:08:17.960000,data in this form then if I write
00:08:17.960000,00:08:19.749000,data in this form then if I write something like this a11 then what it
00:08:19.749000,00:08:19.759000,something like this a11 then what it
00:08:19.759000,00:08:22.070000,something like this a11 then what it will give it will give same or
00:08:22.070000,00:08:22.080000,will give it will give same or
00:08:22.080000,00:08:24.670000,will give it will give same or different it will give different because
00:08:24.670000,00:08:24.680000,different it will give different because
00:08:24.680000,00:08:28.230000,different it will give different because see a11 here
00:08:28.230000,00:08:28.240000,see a11 here
00:08:28.240000,00:08:46.470000,see a11 here is
00:08:49.829000,00:08:49.839000,it will give 20 because one row and one
00:08:49.839000,00:08:53.230000,it will give 20 because one row and one column 20 so what is the difference
00:08:53.230000,00:08:53.240000,column 20 so what is the difference
00:08:53.240000,00:08:56.829000,column 20 so what is the difference value is same the difference is here the
00:08:56.829000,00:08:56.839000,value is same the difference is here the
00:08:56.839000,00:08:59.990000,value is same the difference is here the address of this 20 is 116
00:08:59.990000,00:09:00,address of this 20 is 116
00:09:00,00:09:03.949000,address of this 20 is 116 but here the address of 20 is if you
00:09:03.949000,00:09:03.959000,but here the address of 20 is if you
00:09:03.959000,00:09:06.670000,but here the address of 20 is if you take the same thing 100 suppose let's
00:09:06.670000,00:09:06.680000,take the same thing 100 suppose let's
00:09:06.680000,00:09:09.470000,take the same thing 100 suppose let's take not 200 let's take 100 because
00:09:09.470000,00:09:09.480000,take not 200 let's take 100 because
00:09:09.480000,00:09:12.430000,take not 200 let's take 100 because obviously at one time we can store
00:09:12.430000,00:09:12.440000,obviously at one time we can store
00:09:12.440000,00:09:14.230000,obviously at one time we can store either we can use row measure or column
00:09:14.230000,00:09:14.240000,either we can use row measure or column
00:09:14.240000,00:09:17.030000,either we can use row measure or column measure not both the things don't just
00:09:17.030000,00:09:17.040000,measure not both the things don't just
00:09:17.040000,00:09:20.030000,measure not both the things don't just get confused like 100 100 same address
00:09:20.030000,00:09:20.040000,get confused like 100 100 same address
00:09:20.040000,00:09:22.030000,get confused like 100 100 same address and I'm storing like two values one and
00:09:22.030000,00:09:22.040000,and I'm storing like two values one and
00:09:22.040000,00:09:24.150000,and I'm storing like two values one and one and something like this no no no no
00:09:24.150000,00:09:24.160000,one and something like this no no no no
00:09:24.160000,00:09:26.990000,one and something like this no no no no these are two different cases right just
00:09:26.990000,00:09:27,these are two different cases right just
00:09:27,00:09:28.829000,these are two different cases right just to make you understand like the address
00:09:28.829000,00:09:28.839000,to make you understand like the address
00:09:28.839000,00:09:31.470000,to make you understand like the address would be different here address of 20 is
00:09:31.470000,00:09:31.480000,would be different here address of 20 is
00:09:31.480000,00:09:34.949000,would be different here address of 20 is 116 here address of 20 is 112 in column
00:09:34.949000,00:09:34.959000,116 here address of 20 is 112 in column
00:09:34.959000,00:09:38.110000,116 here address of 20 is 112 in column measor right so how this addressing is
00:09:38.110000,00:09:38.120000,measor right so how this addressing is
00:09:38.120000,00:09:40.150000,measor right so how this addressing is to be done that is a different topic
00:09:40.150000,00:09:40.160000,to be done that is a different topic
00:09:40.160000,00:09:43.030000,to be done that is a different topic that is important one also right so the
00:09:43.030000,00:09:43.040000,that is important one also right so the
00:09:43.040000,00:09:45.509000,that is important one also right so the addressing of 2D element that thing
00:09:45.509000,00:09:45.519000,addressing of 2D element that thing
00:09:45.519000,00:09:47.509000,addressing of 2D element that thing we'll see in next video right there are
00:09:47.509000,00:09:47.519000,we'll see in next video right there are
00:09:47.519000,00:09:49.269000,we'll see in next video right there are two formulas one for row measure one for
00:09:49.269000,00:09:49.279000,two formulas one for row measure one for
00:09:49.279000,00:09:52.430000,two formulas one for row measure one for column measure and B on these things
00:09:52.430000,00:09:52.440000,column measure and B on these things
00:09:52.440000,00:09:54.030000,column measure and B on these things you'll get some question also maybe in
00:09:54.030000,00:09:54.040000,you'll get some question also maybe in
00:09:54.040000,00:09:55.350000,you'll get some question also maybe in some interview they can ask you this
00:09:55.350000,00:09:55.360000,some interview they can ask you this
00:09:55.360000,00:09:57.710000,some interview they can ask you this question or definitely in University
00:09:57.710000,00:09:57.720000,question or definitely in University
00:09:57.720000,00:09:59.430000,question or definitely in University exam or sometime in competitive exam
00:09:59.430000,00:09:59.440000,exam or sometime in competitive exam
00:09:59.440000,00:10:01.670000,exam or sometime in competitive exam also they ask this type of question
00:10:01.670000,00:10:01.680000,also they ask this type of question
00:10:01.680000,00:10:03.910000,also they ask this type of question tricky questions right so in the next
00:10:03.910000,00:10:03.920000,tricky questions right so in the next
00:10:03.920000,00:10:05.509000,tricky questions right so in the next video we'll see addressing right with
00:10:05.509000,00:10:05.519000,video we'll see addressing right with
00:10:05.519000,00:10:06.829000,video we'll see addressing right with some questions different type of
00:10:06.829000,00:10:06.839000,some questions different type of
00:10:06.839000,00:10:09.069000,some questions different type of questions as well two or three questions
00:10:09.069000,00:10:09.079000,questions as well two or three questions
00:10:09.079000,00:10:11.069000,questions as well two or three questions right I hope you got how to access
00:10:11.069000,00:10:11.079000,right I hope you got how to access
00:10:11.079000,00:10:13.310000,right I hope you got how to access elements and how the the elements are to
00:10:13.310000,00:10:13.320000,elements and how the the elements are to
00:10:13.320000,00:10:16.269000,elements and how the the elements are to be stored in memory the row measure
00:10:16.269000,00:10:16.279000,be stored in memory the row measure
00:10:16.279000,00:10:17.790000,be stored in memory the row measure column measure you have got and
00:10:17.790000,00:10:17.800000,column measure you have got and
00:10:17.800000,00:10:20.230000,column measure you have got and accessing is uh simple just provide
00:10:20.230000,00:10:20.240000,accessing is uh simple just provide
00:10:20.240000,00:10:22.710000,accessing is uh simple just provide index column index and row index two
00:10:22.710000,00:10:22.720000,index column index and row index two
00:10:22.720000,00:10:25.509000,index column index and row index two index you have to provide right so in
00:10:25.509000,00:10:25.519000,index you have to provide right so in
00:10:25.519000,00:10:26.949000,index you have to provide right so in the next video we'll see the important
00:10:26.949000,00:10:26.959000,the next video we'll see the important
00:10:26.959000,00:10:29.670000,the next video we'll see the important part the addressing right
00:10:29.670000,00:10:29.680000,part the addressing right
00:10:29.680000,00:10:31.069000,part the addressing right so now I'll see you in the next video
00:10:31.069000,00:10:31.079000,so now I'll see you in the next video
00:10:31.079000,00:10:34.880000,so now I'll see you in the next video till then bye-bye take care
