Start Time,End Time,Text
00:00:01.870000,00:00:01.880000,hey everyone I hope you all are safe and
00:00:01.880000,00:00:03.669000,hey everyone I hope you all are safe and doing good so in the series of learning
00:00:03.669000,00:00:03.679000,doing good so in the series of learning
00:00:03.679000,00:00:05.030000,doing good so in the series of learning C++ programming language we are
00:00:05.030000,00:00:05.040000,C++ programming language we are
00:00:05.040000,00:00:06.670000,C++ programming language we are discussing vectors in C++ in the
00:00:06.670000,00:00:06.680000,discussing vectors in C++ in the
00:00:06.680000,00:00:07.990000,discussing vectors in C++ in the previous video we have seen different
00:00:07.990000,00:00:08,previous video we have seen different
00:00:08,00:00:09.549000,previous video we have seen different different functions what we can perform
00:00:09.549000,00:00:09.559000,different functions what we can perform
00:00:09.559000,00:00:12.789000,different functions what we can perform on vectors the member functions right
00:00:12.789000,00:00:12.799000,on vectors the member functions right
00:00:12.799000,00:00:15.310000,on vectors the member functions right now uh we'll be seeing two to three
00:00:15.310000,00:00:15.320000,now uh we'll be seeing two to three
00:00:15.320000,00:00:16.630000,now uh we'll be seeing two to three problems like you can say coding
00:00:16.630000,00:00:16.640000,problems like you can say coding
00:00:16.640000,00:00:20.189000,problems like you can say coding exercises on vectors right so these are
00:00:20.189000,00:00:20.199000,exercises on vectors right so these are
00:00:20.199000,00:00:22.910000,exercises on vectors right so these are three uh questions first this is the
00:00:22.910000,00:00:22.920000,three uh questions first this is the
00:00:22.920000,00:00:24.710000,three uh questions first this is the vector from 1 to 10 and you have to
00:00:24.710000,00:00:24.720000,vector from 1 to 10 and you have to
00:00:24.720000,00:00:26.390000,vector from 1 to 10 and you have to erase all the even numbers from this
00:00:26.390000,00:00:26.400000,erase all the even numbers from this
00:00:26.400000,00:00:28.710000,erase all the even numbers from this Vector right in next question we have
00:00:28.710000,00:00:28.720000,Vector right in next question we have
00:00:28.720000,00:00:30.470000,Vector right in next question we have two vectors and you have to swap the
00:00:30.470000,00:00:30.480000,two vectors and you have to swap the
00:00:30.480000,00:00:33.270000,two vectors and you have to swap the values of these two vectors next is this
00:00:33.270000,00:00:33.280000,values of these two vectors next is this
00:00:33.280000,00:00:36.110000,values of these two vectors next is this is the vector and you have to sort this
00:00:36.110000,00:00:36.120000,is the vector and you have to sort this
00:00:36.120000,00:00:39.830000,is the vector and you have to sort this Vector right so take the screenshot of
00:00:39.830000,00:00:39.840000,Vector right so take the screenshot of
00:00:39.840000,00:00:42.270000,Vector right so take the screenshot of these three questions pause the video
00:00:42.270000,00:00:42.280000,these three questions pause the video
00:00:42.280000,00:00:44.510000,these three questions pause the video and try this out right now now before
00:00:44.510000,00:00:44.520000,and try this out right now now before
00:00:44.520000,00:00:45.950000,and try this out right now now before jumping to the solution I just want to
00:00:45.950000,00:00:45.960000,jumping to the solution I just want to
00:00:45.960000,00:00:47.430000,jumping to the solution I just want to share an exciting news for all the gate
00:00:47.430000,00:00:47.440000,share an exciting news for all the gate
00:00:47.440000,00:00:49.229000,share an exciting news for all the gate aspirant see yesterday there was an
00:00:49.229000,00:00:49.239000,aspirant see yesterday there was an
00:00:49.239000,00:00:50.790000,aspirant see yesterday there was an event of unacademy gate Champions
00:00:50.790000,00:00:50.800000,event of unacademy gate Champions
00:00:50.800000,00:00:53.389000,event of unacademy gate Champions conclave 2024 the link of that event
00:00:53.389000,00:00:53.399000,conclave 2024 the link of that event
00:00:53.399000,00:00:55.510000,conclave 2024 the link of that event also I have shared on my Instagram story
00:00:55.510000,00:00:55.520000,also I have shared on my Instagram story
00:00:55.520000,00:00:58.470000,also I have shared on my Instagram story day before yesterday and in my telegram
00:00:58.470000,00:00:58.480000,day before yesterday and in my telegram
00:00:58.480000,00:01:00.029000,day before yesterday and in my telegram uh Channel also I hope many of you you
00:01:00.029000,00:01:00.039000,uh Channel also I hope many of you you
00:01:00.039000,00:01:01.310000,uh Channel also I hope many of you you have joined their live stream and you
00:01:01.310000,00:01:01.320000,have joined their live stream and you
00:01:01.320000,00:01:26.230000,have joined their live stream and you have watched that event it was a great
00:01:29.030000,00:01:29.040000,event where they have invited all the
00:01:29.040000,00:01:31.230000,event where they have invited all the top rankers great rankers all India rank
00:01:31.230000,00:01:31.240000,top rankers great rankers all India rank
00:01:31.240000,00:01:33.749000,top rankers great rankers all India rank one all India rank three who were
00:01:33.749000,00:01:33.759000,one all India rank three who were
00:01:33.759000,00:01:36.030000,one all India rank three who were students of an Academy of all the
00:01:36.030000,00:01:36.040000,students of an Academy of all the
00:01:36.040000,00:01:38.789000,students of an Academy of all the branches right so maybe you can also be
00:01:38.789000,00:01:38.799000,branches right so maybe you can also be
00:01:38.799000,00:01:40.990000,branches right so maybe you can also be a part of this kind of event maybe next
00:01:40.990000,00:01:41,a part of this kind of event maybe next
00:01:41,00:01:43.749000,a part of this kind of event maybe next year just by starting from the you know
00:01:43.749000,00:01:43.759000,year just by starting from the you know
00:01:43.759000,00:01:46.069000,year just by starting from the you know best of the Educators in the industry
00:01:46.069000,00:01:46.079000,best of the Educators in the industry
00:01:46.079000,00:01:48.230000,best of the Educators in the industry with an academy so here comes what is
00:01:48.230000,00:01:48.240000,with an academy so here comes what is
00:01:48.240000,00:01:50.550000,with an academy so here comes what is the exciting news because unacademy is
00:01:50.550000,00:01:50.560000,the exciting news because unacademy is
00:01:50.560000,00:01:53.230000,the exciting news because unacademy is conducting a unacademy scholarship test
00:01:53.230000,00:01:53.240000,conducting a unacademy scholarship test
00:01:53.240000,00:01:57.310000,conducting a unacademy scholarship test for gate 2025 on 24th of March at 11:00
00:01:57.310000,00:01:57.320000,for gate 2025 on 24th of March at 11:00
00:01:57.320000,00:01:59.270000,for gate 2025 on 24th of March at 11:00 a.m. and time limit would be 45 minutes
00:01:59.270000,00:01:59.280000,a.m. and time limit would be 45 minutes
00:01:59.280000,00:02:01.149000,a.m. and time limit would be 45 minutes and you will get question in this test
00:02:01.149000,00:02:01.159000,and you will get question in this test
00:02:01.159000,00:02:02.749000,and you will get question in this test and this was to curated by their top
00:02:02.749000,00:02:02.759000,and this was to curated by their top
00:02:02.759000,00:02:05.149000,and this was to curated by their top Educators right and you can enroll for
00:02:05.149000,00:02:05.159000,Educators right and you can enroll for
00:02:05.159000,00:02:06.709000,Educators right and you can enroll for this test freely this is the best part
00:02:06.709000,00:02:06.719000,this test freely this is the best part
00:02:06.719000,00:02:08.270000,this test freely this is the best part you don't need to pay anything to take
00:02:08.270000,00:02:08.280000,you don't need to pay anything to take
00:02:08.280000,00:02:10.469000,you don't need to pay anything to take this test right plus one more thing what
00:02:10.469000,00:02:10.479000,this test right plus one more thing what
00:02:10.479000,00:02:12.430000,this test right plus one more thing what is so special about this test you have a
00:02:12.430000,00:02:12.440000,is so special about this test you have a
00:02:12.440000,00:02:14.750000,is so special about this test you have a chance to win up to 100% scholarship and
00:02:14.750000,00:02:14.760000,chance to win up to 100% scholarship and
00:02:14.760000,00:02:16.229000,chance to win up to 100% scholarship and some other rewards also like you have a
00:02:16.229000,00:02:16.239000,some other rewards also like you have a
00:02:16.239000,00:02:18.270000,some other rewards also like you have a chance to win Amazon vouchers worth
00:02:18.270000,00:02:18.280000,chance to win Amazon vouchers worth
00:02:18.280000,00:02:20.830000,chance to win Amazon vouchers worth worth rupes th000 monthly free test with
00:02:20.830000,00:02:20.840000,worth rupes th000 monthly free test with
00:02:20.840000,00:02:22.990000,worth rupes th000 monthly free test with 30 practice questions so how to enroll
00:02:22.990000,00:02:23,30 practice questions so how to enroll
00:02:23,00:02:24.550000,30 practice questions so how to enroll for this test enrollment link I'll put
00:02:24.550000,00:02:24.560000,for this test enrollment link I'll put
00:02:24.560000,00:02:25.630000,for this test enrollment link I'll put in the description box of this video
00:02:25.630000,00:02:25.640000,in the description box of this video
00:02:25.640000,00:02:27.710000,in the description box of this video just click on that link and this type of
00:02:27.710000,00:02:27.720000,just click on that link and this type of
00:02:27.720000,00:02:29.430000,just click on that link and this type of page will be open in front of you right
00:02:29.430000,00:02:29.440000,page will be open in front of you right
00:02:29.440000,00:02:31.390000,page will be open in front of you right you just have have to enter your mobile
00:02:31.390000,00:02:31.400000,you just have have to enter your mobile
00:02:31.400000,00:02:33.470000,you just have have to enter your mobile number and when whenever you click on
00:02:33.470000,00:02:33.480000,number and when whenever you click on
00:02:33.480000,00:02:35.430000,number and when whenever you click on enroll for free you'll get an OTP and
00:02:35.430000,00:02:35.440000,enroll for free you'll get an OTP and
00:02:35.440000,00:02:38.990000,enroll for free you'll get an OTP and just verify on that thing right you just
00:02:38.990000,00:02:39,just verify on that thing right you just
00:02:39,00:02:40.710000,just verify on that thing right you just verify the OTP so if you want to prepare
00:02:40.710000,00:02:40.720000,verify the OTP so if you want to prepare
00:02:40.720000,00:02:43.229000,verify the OTP so if you want to prepare for gate 2025 better to start early so
00:02:43.229000,00:02:43.239000,for gate 2025 better to start early so
00:02:43.239000,00:02:45.790000,for gate 2025 better to start early so all the U relevant link and detail I'll
00:02:45.790000,00:02:45.800000,all the U relevant link and detail I'll
00:02:45.800000,00:02:47.430000,all the U relevant link and detail I'll put in the description box of this video
00:02:47.430000,00:02:47.440000,put in the description box of this video
00:02:47.440000,00:02:50.149000,put in the description box of this video you can go and check out now let's get
00:02:50.149000,00:02:50.159000,you can go and check out now let's get
00:02:50.159000,00:02:52.509000,you can go and check out now let's get back to the solution part of our
00:02:52.509000,00:02:52.519000,back to the solution part of our
00:02:52.519000,00:02:55.630000,back to the solution part of our question so I hope you have done these
00:02:55.630000,00:02:55.640000,question so I hope you have done these
00:02:55.640000,00:02:57.910000,question so I hope you have done these three exercises two are very simple one
00:02:57.910000,00:02:57.920000,three exercises two are very simple one
00:02:57.920000,00:03:00.430000,three exercises two are very simple one is little bit difficult the first one
00:03:00.430000,00:03:00.440000,is little bit difficult the first one
00:03:00.440000,00:03:02.589000,is little bit difficult the first one if not it's okay let's try this out so
00:03:02.589000,00:03:02.599000,if not it's okay let's try this out so
00:03:02.599000,00:03:04.910000,if not it's okay let's try this out so we're going to create a new file
00:03:04.910000,00:03:04.920000,we're going to create a new file
00:03:04.920000,00:03:08.229000,we're going to create a new file first so Vector values are given from 1
00:03:08.229000,00:03:08.239000,first so Vector values are given from 1
00:03:08.239000,00:03:10.710000,first so Vector values are given from 1 to 10 and you have to erase only even
00:03:10.710000,00:03:10.720000,to 10 and you have to erase only even
00:03:10.720000,00:03:13.110000,to 10 and you have to erase only even numbers so yeah we have a function
00:03:13.110000,00:03:13.120000,numbers so yeah we have a function
00:03:13.120000,00:03:15.350000,numbers so yeah we have a function number function erase we can use that in
00:03:15.350000,00:03:15.360000,number function erase we can use that in
00:03:15.360000,00:03:16.670000,number function erase we can use that in CPP uh
00:03:16.670000,00:03:16.680000,CPP uh
00:03:16.680000,00:03:19.550000,CPP uh sorry in C++ in STL we have this
00:03:19.550000,00:03:19.560000,sorry in C++ in STL we have this
00:03:19.560000,00:03:24.589000,sorry in C++ in STL we have this function eras right so you can pass here
00:03:24.589000,00:03:24.599000,function eras right so you can pass here
00:03:24.599000,00:03:27.430000,function eras right so you can pass here like a position the position on which
00:03:27.430000,00:03:27.440000,like a position the position on which
00:03:27.440000,00:03:29.869000,like a position the position on which you want to delete the element right
00:03:29.869000,00:03:29.879000,you want to delete the element right
00:03:29.879000,00:03:32.589000,you want to delete the element right right itat position or in a Range also
00:03:32.589000,00:03:32.599000,right itat position or in a Range also
00:03:32.599000,00:03:35.070000,right itat position or in a Range also we can pass from first to last the first
00:03:35.070000,00:03:35.080000,we can pass from first to last the first
00:03:35.080000,00:03:37.270000,we can pass from first to last the first is included last one is not included
00:03:37.270000,00:03:37.280000,is included last one is not included
00:03:37.280000,00:03:40.589000,is included last one is not included right okay so for even we have to find
00:03:40.589000,00:03:40.599000,right okay so for even we have to find
00:03:40.599000,00:03:42.030000,right okay so for even we have to find out first like
00:03:42.030000,00:03:42.040000,out first like
00:03:42.040000,00:03:45.270000,out first like even we will first make an iterator okay
00:03:45.270000,00:03:45.280000,even we will first make an iterator okay
00:03:45.280000,00:03:47.670000,even we will first make an iterator okay because you have to iterator is like
00:03:47.670000,00:03:47.680000,because you have to iterator is like
00:03:47.680000,00:03:51.309000,because you have to iterator is like obviously is going to point the element
00:03:51.309000,00:03:51.319000,obviously is going to point the element
00:03:51.319000,00:03:53.149000,obviously is going to point the element so iterator will will give us the
00:03:53.149000,00:03:53.159000,so iterator will will give us the
00:03:53.159000,00:03:55.190000,so iterator will will give us the position the location right and in erase
00:03:55.190000,00:03:55.200000,position the location right and in erase
00:03:55.200000,00:03:57.229000,position the location right and in erase function we pass obviously the position
00:03:57.229000,00:03:57.239000,function we pass obviously the position
00:03:57.239000,00:04:01.589000,function we pass obviously the position iterator right so let's create an
00:04:01.589000,00:04:01.599000,iterator right so let's create an
00:04:01.599000,00:04:04.589000,iterator right so let's create an first for the
00:04:04.589000,00:04:04.599000,first for the
00:04:04.599000,00:04:09.229000,first for the vector v and which is of type int right
00:04:09.229000,00:04:09.239000,vector v and which is of type int right
00:04:09.239000,00:04:11.949000,vector v and which is of type int right so same type we are going to take then
00:04:11.949000,00:04:11.959000,so same type we are going to take then
00:04:11.959000,00:04:16.189000,so same type we are going to take then this and iterator let's suppose the name
00:04:16.189000,00:04:16.199000,this and iterator let's suppose the name
00:04:16.199000,00:04:18.550000,this and iterator let's suppose the name I'm taking it or any name you can take
00:04:18.550000,00:04:18.560000,I'm taking it or any name you can take
00:04:18.560000,00:04:24.710000,I'm taking it or any name you can take righty okay not righty right fine now
00:04:24.710000,00:04:24.720000,righty okay not righty right fine now
00:04:24.720000,00:04:27.870000,righty okay not righty right fine now let's suppose this it this iterator is
00:04:27.870000,00:04:27.880000,let's suppose this it this iterator is
00:04:27.880000,00:04:31.710000,let's suppose this it this iterator is at first we are pointing this to the
00:04:31.710000,00:04:31.720000,at first we are pointing this to the
00:04:31.720000,00:04:34.270000,at first we are pointing this to the vector v dot
00:04:34.270000,00:04:34.280000,vector v dot
00:04:34.280000,00:04:36.950000,vector v dot begin in beginning right now the cator
00:04:36.950000,00:04:36.960000,begin in beginning right now the cator
00:04:36.960000,00:04:40.029000,begin in beginning right now the cator is pointing to here right so find out
00:04:40.029000,00:04:40.039000,is pointing to here right so find out
00:04:40.039000,00:04:42.510000,is pointing to here right so find out the even number and erase those
00:04:42.510000,00:04:42.520000,the even number and erase those
00:04:42.520000,00:04:46.029000,the even number and erase those number so we'll do let's take a y Loop
00:04:46.029000,00:04:46.039000,number so we'll do let's take a y Loop
00:04:46.039000,00:04:47.629000,number so we'll do let's take a y Loop while this
00:04:47.629000,00:04:47.639000,while this
00:04:47.639000,00:04:49.830000,while this iterator not equal
00:04:49.830000,00:04:49.840000,iterator not equal
00:04:49.840000,00:04:53.670000,iterator not equal to V do end till then obviously we are
00:04:53.670000,00:04:53.680000,to V do end till then obviously we are
00:04:53.680000,00:04:57.430000,to V do end till then obviously we are going to repeat this while loop right
00:04:57.430000,00:04:57.440000,going to repeat this while loop right
00:04:57.440000,00:04:59.749000,going to repeat this while loop right now what in while loop we will do so
00:04:59.749000,00:04:59.759000,now what in while loop we will do so
00:04:59.759000,00:05:02.150000,now what in while loop we will do so let's check if
00:05:02.150000,00:05:02.160000,let's check if
00:05:02.160000,00:05:05.830000,let's check if if the iterator which is pointing to the
00:05:05.830000,00:05:05.840000,if the iterator which is pointing to the
00:05:05.840000,00:05:08.270000,if the iterator which is pointing to the location on that location if the value
00:05:08.270000,00:05:08.280000,location on that location if the value
00:05:08.280000,00:05:11.790000,location on that location if the value is even and how to check mode 2 is equal
00:05:11.790000,00:05:11.800000,is even and how to check mode 2 is equal
00:05:11.800000,00:05:15.790000,is even and how to check mode 2 is equal to equal to Z if the value is even then
00:05:15.790000,00:05:15.800000,to equal to Z if the value is even then
00:05:15.800000,00:05:18.909000,to equal to Z if the value is even then delete it otherwise just increase just
00:05:18.909000,00:05:18.919000,delete it otherwise just increase just
00:05:18.919000,00:05:22.430000,delete it otherwise just increase just you can say increment the iterator right
00:05:22.430000,00:05:22.440000,you can say increment the iterator right
00:05:22.440000,00:05:26.270000,you can say increment the iterator right okay if now how to get the uh value from
00:05:26.270000,00:05:26.280000,okay if now how to get the uh value from
00:05:26.280000,00:05:28.550000,okay if now how to get the uh value from uh that location we have a d referencing
00:05:28.550000,00:05:28.560000,uh that location we have a d referencing
00:05:28.560000,00:05:31.110000,uh that location we have a d referencing operator S2
00:05:31.110000,00:05:31.120000,operator S2
00:05:31.120000,00:05:35.390000,operator S2 if estri it so it will give us the value
00:05:35.390000,00:05:35.400000,if estri it so it will give us the value
00:05:35.400000,00:05:37.710000,if estri it so it will give us the value right
00:05:37.710000,00:05:37.720000,right
00:05:37.720000,00:05:42.029000,right mode 2 = to equal
00:05:42.029000,00:05:42.039000,mode 2 = to equal
00:05:42.039000,00:05:44.550000,mode 2 = to equal to0 if this is the
00:05:44.550000,00:05:44.560000,to0 if this is the
00:05:44.560000,00:05:49.270000,to0 if this is the case then only we'll call erase function
00:05:49.270000,00:05:49.280000,case then only we'll call erase function
00:05:49.280000,00:05:52.390000,case then only we'll call erase function means on this Vector let's call erase
00:05:52.390000,00:05:52.400000,means on this Vector let's call erase
00:05:52.400000,00:05:54.629000,means on this Vector let's call erase and in erase we just pass the iterator
00:05:54.629000,00:05:54.639000,and in erase we just pass the iterator
00:05:54.639000,00:05:57.629000,and in erase we just pass the iterator means from this position you have to
00:05:57.629000,00:05:57.639000,means from this position you have to
00:05:57.639000,00:06:00.710000,means from this position you have to delete the element
00:06:00.710000,00:06:00.720000,delete the element
00:06:00.720000,00:06:05.150000,delete the element otherwise we are going to just do what
00:06:05.150000,00:06:05.160000,otherwise we are going to just do what
00:06:05.160000,00:06:08.110000,otherwise we are going to just do what increment the iterator it
00:06:08.110000,00:06:08.120000,increment the iterator it
00:06:08.120000,00:06:11.909000,increment the iterator it ++ if erase that element like if
00:06:11.909000,00:06:11.919000,++ if erase that element like if
00:06:11.919000,00:06:14.629000,++ if erase that element like if iterator is at two then it will it is
00:06:14.629000,00:06:14.639000,iterator is at two then it will it is
00:06:14.639000,00:06:17.189000,iterator is at two then it will it is going to erase this element to right in
00:06:17.189000,00:06:17.199000,going to erase this element to right in
00:06:17.199000,00:06:21.150000,going to erase this element to right in that case no it ++ because after erasing
00:06:21.150000,00:06:21.160000,that case no it ++ because after erasing
00:06:21.160000,00:06:23.150000,that case no it ++ because after erasing this element has been destroyed and
00:06:23.150000,00:06:23.160000,this element has been destroyed and
00:06:23.160000,00:06:25.589000,this element has been destroyed and these all these elements would be
00:06:25.589000,00:06:25.599000,these all these elements would be
00:06:25.599000,00:06:28.629000,these all these elements would be repositioned relocated so three would be
00:06:28.629000,00:06:28.639000,repositioned relocated so three would be
00:06:28.639000,00:06:30.189000,repositioned relocated so three would be here four would be here here like one
00:06:30.189000,00:06:30.199000,here four would be here here like one
00:06:30.199000,00:06:33.430000,here four would be here here like one position before right so no need to
00:06:33.430000,00:06:33.440000,position before right so no need to
00:06:33.440000,00:06:36.390000,position before right so no need to increment the iterator after two now
00:06:36.390000,00:06:36.400000,increment the iterator after two now
00:06:36.400000,00:06:38.510000,increment the iterator after two now iterator is here and it is pointing to
00:06:38.510000,00:06:38.520000,iterator is here and it is pointing to
00:06:38.520000,00:06:42.589000,iterator is here and it is pointing to three right but that if it is not even
00:06:42.589000,00:06:42.599000,three right but that if it is not even
00:06:42.599000,00:06:45.189000,three right but that if it is not even number like one it is at first at one
00:06:45.189000,00:06:45.199000,number like one it is at first at one
00:06:45.199000,00:06:46.870000,number like one it is at first at one but this is not even number so increment
00:06:46.870000,00:06:46.880000,but this is not even number so increment
00:06:46.880000,00:06:50.670000,but this is not even number so increment the now it is at two right then erase it
00:06:50.670000,00:06:50.680000,the now it is at two right then erase it
00:06:50.680000,00:06:53.670000,the now it is at two right then erase it okay I hope you got this so you can just
00:06:53.670000,00:06:53.680000,okay I hope you got this so you can just
00:06:53.680000,00:06:56.350000,okay I hope you got this so you can just dry run this thing write down this code
00:06:56.350000,00:06:56.360000,dry run this thing write down this code
00:06:56.360000,00:06:59.710000,dry run this thing write down this code on a piece of paper and dry run this and
00:06:59.710000,00:06:59.720000,on a piece of paper and dry run this and
00:06:59.720000,00:07:03.749000,on a piece of paper and dry run this and after that just print the vector so we
00:07:03.749000,00:07:03.759000,after that just print the vector so we
00:07:03.759000,00:07:06.270000,after that just print the vector so we we have many method to print the vector
00:07:06.270000,00:07:06.280000,we have many method to print the vector
00:07:06.280000,00:07:07.950000,we have many method to print the vector one more we'll discuss in this video
00:07:07.950000,00:07:07.960000,one more we'll discuss in this video
00:07:07.960000,00:07:09.869000,one more we'll discuss in this video that I think we have forgot to discuss
00:07:09.869000,00:07:09.879000,that I think we have forgot to discuss
00:07:09.879000,00:07:13.110000,that I think we have forgot to discuss we can use a range based for Loop right
00:07:13.110000,00:07:13.120000,we can use a range based for Loop right
00:07:13.120000,00:07:15.550000,we can use a range based for Loop right so Auto means it it will automatically
00:07:15.550000,00:07:15.560000,so Auto means it it will automatically
00:07:15.560000,00:07:18.950000,so Auto means it it will automatically detect the data type suppose I'm taking
00:07:18.950000,00:07:18.960000,detect the data type suppose I'm taking
00:07:18.960000,00:07:24.430000,detect the data type suppose I'm taking uh any variable name n and from vector
00:07:24.430000,00:07:24.440000,uh any variable name n and from vector
00:07:24.440000,00:07:28.830000,uh any variable name n and from vector v or Auto element here anything a BC
00:07:28.830000,00:07:28.840000,v or Auto element here anything a BC
00:07:28.840000,00:07:31.110000,v or Auto element here anything a BC element or anything right but this is
00:07:31.110000,00:07:31.120000,element or anything right but this is
00:07:31.120000,00:07:32.790000,element or anything right but this is from where you want to take the values
00:07:32.790000,00:07:32.800000,from where you want to take the values
00:07:32.800000,00:07:35.110000,from where you want to take the values from Vector the name is V so here should
00:07:35.110000,00:07:35.120000,from Vector the name is V so here should
00:07:35.120000,00:07:39.070000,from Vector the name is V so here should be V right now one by one we are going
00:07:39.070000,00:07:39.080000,be V right now one by one we are going
00:07:39.080000,00:07:42.670000,be V right now one by one we are going to print C out just
00:07:42.670000,00:07:42.680000,to print C out just
00:07:42.680000,00:07:44.790000,to print C out just n with some
00:07:44.790000,00:07:44.800000,n with some
00:07:44.800000,00:07:48.510000,n with some space
00:07:51.469000,00:07:51.479000,right so at first you know the working
00:07:51.479000,00:07:53.990000,right so at first you know the working of range based for loop from V first the
00:07:53.990000,00:07:54,of range based for loop from V first the
00:07:54,00:07:56.230000,of range based for loop from V first the one first element would be assigned to
00:07:56.230000,00:07:56.240000,one first element would be assigned to
00:07:56.240000,00:07:58.710000,one first element would be assigned to this variable n then one would be
00:07:58.710000,00:07:58.720000,this variable n then one would be
00:07:58.720000,00:08:00.670000,this variable n then one would be printed the next element next element
00:08:00.670000,00:08:00.680000,printed the next element next element
00:08:00.680000,00:08:03.149000,printed the next element next element next element till the end of that
00:08:03.149000,00:08:03.159000,next element till the end of that
00:08:03.159000,00:08:06.029000,next element till the end of that container obviously Vector is a
00:08:06.029000,00:08:06.039000,container obviously Vector is a
00:08:06.039000,00:08:12.029000,container obviously Vector is a container so let's run this I hope it
00:08:17.790000,00:08:17.800000,okay I just selected that thing let's
00:08:17.800000,00:08:23.309000,okay I just selected that thing let's run this see 1 3 5 7
00:08:23.309000,00:08:23.319000,run this see 1 3 5 7
00:08:23.319000,00:08:27.990000,run this see 1 3 5 7 9 all even number has been erased right
00:08:27.990000,00:08:28,9 all even number has been erased right
00:08:28,00:08:29.790000,9 all even number has been erased right I hope you got this this was not so much
00:08:29.790000,00:08:29.800000,I hope you got this this was not so much
00:08:29.800000,00:08:33.389000,I hope you got this this was not so much stuff let's try now the second one so
00:08:33.389000,00:08:33.399000,stuff let's try now the second one so
00:08:33.399000,00:08:34.709000,stuff let's try now the second one so these two Vector we have and you have to
00:08:34.709000,00:08:34.719000,these two Vector we have and you have to
00:08:34.719000,00:08:36.509000,these two Vector we have and you have to swap the values of these things so
00:08:36.509000,00:08:36.519000,swap the values of these things so
00:08:36.519000,00:08:39.149000,swap the values of these things so simply we have a member function swap
00:08:39.149000,00:08:39.159000,simply we have a member function swap
00:08:39.159000,00:08:42.190000,simply we have a member function swap you can just check out here uh I think
00:08:42.190000,00:08:42.200000,you can just check out here uh I think
00:08:42.200000,00:08:43.990000,you can just check out here uh I think uh we haven't discussed this swap in
00:08:43.990000,00:08:44,uh we haven't discussed this swap in
00:08:44,00:08:45.590000,uh we haven't discussed this swap in previous video so let's discuss this
00:08:45.590000,00:08:45.600000,previous video so let's discuss this
00:08:45.600000,00:08:48.230000,previous video so let's discuss this thing it is going to exchange the the
00:08:48.230000,00:08:48.240000,thing it is going to exchange the the
00:08:48.240000,00:08:50.550000,thing it is going to exchange the the content of container by the content of X
00:08:50.550000,00:08:50.560000,content of container by the content of X
00:08:50.560000,00:08:51.990000,content of container by the content of X which is another Vector object of the
00:08:51.990000,00:08:52,which is another Vector object of the
00:08:52,00:08:54.870000,which is another Vector object of the same type size May differ right okay if
00:08:54.870000,00:08:54.880000,same type size May differ right okay if
00:08:54.880000,00:08:56.470000,same type size May differ right okay if you're not getting in simple definition
00:08:56.470000,00:08:56.480000,you're not getting in simple definition
00:08:56.480000,00:08:58.389000,you're not getting in simple definition we are going to swap the element of
00:08:58.389000,00:08:58.399000,we are going to swap the element of
00:08:58.399000,00:09:00.790000,we are going to swap the element of vector one with Vector 2 or vector 2
00:09:00.790000,00:09:00.800000,vector one with Vector 2 or vector 2
00:09:00.800000,00:09:03.030000,vector one with Vector 2 or vector 2 with Vector one you can say like this
00:09:03.030000,00:09:03.040000,with Vector one you can say like this
00:09:03.040000,00:09:06.750000,with Vector one you can say like this right so let's call this suppose on
00:09:06.750000,00:09:06.760000,right so let's call this suppose on
00:09:06.760000,00:09:08.790000,right so let's call this suppose on Vector one or vector 2 we can call vect
00:09:08.790000,00:09:08.800000,Vector one or vector 2 we can call vect
00:09:08.800000,00:09:12.230000,Vector one or vector 2 we can call vect 1 dot Swap and in bracket with which
00:09:12.230000,00:09:12.240000,1 dot Swap and in bracket with which
00:09:12.240000,00:09:16.150000,1 dot Swap and in bracket with which Vector I want to swap vect
00:09:16.150000,00:09:16.160000,Vector I want to swap vect
00:09:16.160000,00:09:18.790000,Vector I want to swap vect two and simply print for Vector one and
00:09:18.790000,00:09:18.800000,two and simply print for Vector one and
00:09:18.800000,00:09:20.310000,two and simply print for Vector one and Vector two range based for Loop we can
00:09:20.310000,00:09:20.320000,Vector two range based for Loop we can
00:09:20.320000,00:09:22.470000,Vector two range based for Loop we can take we can use or iterator we can use
00:09:22.470000,00:09:22.480000,take we can use or iterator we can use
00:09:22.480000,00:09:26.230000,take we can use or iterator we can use or anything we can use using at you can
00:09:26.230000,00:09:26.240000,or anything we can use using at you can
00:09:26.240000,00:09:29.150000,or anything we can use using at you can uh access all the elements at function
00:09:29.150000,00:09:29.160000,uh access all the elements at function
00:09:29.160000,00:09:31.030000,uh access all the elements at function many ways are there to access the values
00:09:31.030000,00:09:31.040000,many ways are there to access the values
00:09:31.040000,00:09:32.190000,many ways are there to access the values of these
00:09:32.190000,00:09:32.200000,of these
00:09:32.200000,00:09:34.829000,of these vectors so just call Swap and we are
00:09:34.829000,00:09:34.839000,vectors so just call Swap and we are
00:09:34.839000,00:09:37.190000,vectors so just call Swap and we are just printing using range range based
00:09:37.190000,00:09:37.200000,just printing using range range based
00:09:37.200000,00:09:39.590000,just printing using range range based function these two vectors let's run
00:09:39.590000,00:09:39.600000,function these two vectors let's run
00:09:39.600000,00:09:42.750000,function these two vectors let's run this and see what you are
00:09:42.750000,00:09:42.760000,this and see what you are
00:09:42.760000,00:09:44.910000,this and see what you are getting okay let's
00:09:44.910000,00:09:44.920000,getting okay let's
00:09:44.920000,00:09:47.110000,getting okay let's just write
00:09:47.110000,00:09:47.120000,just write
00:09:47.120000,00:09:50.470000,just write down Vector one and Vector 2 after swap
00:09:50.470000,00:09:50.480000,down Vector one and Vector 2 after swap
00:09:50.480000,00:09:54.949000,down Vector one and Vector 2 after swap so that you can just you can understand
00:09:54.949000,00:09:54.959000,so that you can just you can understand
00:09:54.959000,00:09:59.030000,so that you can just you can understand it okay let's just use a slash and here
00:09:59.030000,00:09:59.040000,it okay let's just use a slash and here
00:09:59.040000,00:10:01.090000,it okay let's just use a slash and here or andle you can
00:10:01.090000,00:10:01.100000,or andle you can
00:10:01.100000,00:10:04.310000,or andle you can [Applause]
00:10:07.030000,00:10:07.040000,use see Vector one after swap is this
00:10:07.040000,00:10:09.150000,use see Vector one after swap is this Vector two after swap is this but before
00:10:09.150000,00:10:09.160000,Vector two after swap is this but before
00:10:09.160000,00:10:11.750000,Vector two after swap is this but before swapping this 1 2 3 4 this was Vector
00:10:11.750000,00:10:11.760000,swapping this 1 2 3 4 this was Vector
00:10:11.760000,00:10:13.389000,swapping this 1 2 3 4 this was Vector one this was Vector 2 so it's very
00:10:13.389000,00:10:13.399000,one this was Vector 2 so it's very
00:10:13.399000,00:10:16.750000,one this was Vector 2 so it's very simple right now third sorting just call
00:10:16.750000,00:10:16.760000,simple right now third sorting just call
00:10:16.760000,00:10:21.190000,simple right now third sorting just call an algorithm Sol but for that we have to
00:10:21.190000,00:10:21.200000,an algorithm Sol but for that we have to
00:10:21.200000,00:10:24.790000,an algorithm Sol but for that we have to include another header which
00:10:24.790000,00:10:24.800000,include another header which
00:10:24.800000,00:10:26.910000,include another header which is
00:10:26.910000,00:10:26.920000,is
00:10:26.920000,00:10:29.590000,is algorithm this header here we we have
00:10:29.590000,00:10:29.600000,algorithm this header here we we have
00:10:29.600000,00:10:31.550000,algorithm this header here we we have all those algorithms searching sorting
00:10:31.550000,00:10:31.560000,all those algorithms searching sorting
00:10:31.560000,00:10:34.670000,all those algorithms searching sorting and all right
00:10:34.670000,00:10:34.680000,and all right
00:10:34.680000,00:10:37.389000,and all right so so for sorting also you don't need to
00:10:37.389000,00:10:37.399000,so so for sorting also you don't need to
00:10:37.399000,00:10:40.230000,so so for sorting also you don't need to write down the complete code for sorting
00:10:40.230000,00:10:40.240000,write down the complete code for sorting
00:10:40.240000,00:10:43.350000,write down the complete code for sorting right we simply have a function a m
00:10:43.350000,00:10:43.360000,right we simply have a function a m
00:10:43.360000,00:10:45.829000,right we simply have a function a m function sort you can just call that and
00:10:45.829000,00:10:45.839000,function sort you can just call that and
00:10:45.839000,00:10:47.590000,function sort you can just call that and this Vector would be sorted so this is
00:10:47.590000,00:10:47.600000,this Vector would be sorted so this is
00:10:47.600000,00:10:49.949000,this Vector would be sorted so this is like beauty of using STL right it is
00:10:49.949000,00:10:49.959000,like beauty of using STL right it is
00:10:49.959000,00:10:53.470000,like beauty of using STL right it is going to save a lot of your time right
00:10:53.470000,00:10:53.480000,going to save a lot of your time right
00:10:53.480000,00:10:57.509000,going to save a lot of your time right so just call this C
00:10:57.509000,00:10:57.519000,so just call this C
00:10:57.519000,00:11:01.069000,so just call this C sort but if you do not include this
00:11:01.069000,00:11:01.079000,sort but if you do not include this
00:11:01.079000,00:11:03.670000,sort but if you do not include this algorithm
00:11:03.670000,00:11:03.680000,algorithm
00:11:03.680000,00:11:06.990000,algorithm sorry this header we are not able to use
00:11:06.990000,00:11:07,sorry this header we are not able to use
00:11:07,00:11:09.670000,sorry this header we are not able to use this sort see s o r t there is no sort
00:11:09.670000,00:11:09.680000,this sort see s o r t there is no sort
00:11:09.680000,00:11:11.150000,this sort see s o r t there is no sort right
00:11:11.150000,00:11:11.160000,right
00:11:11.160000,00:11:14.150000,right now so you have to include this header
00:11:14.150000,00:11:14.160000,now so you have to include this header
00:11:14.160000,00:11:17.190000,now so you have to include this header algorithm to use all the algorithms
00:11:17.190000,00:11:17.200000,algorithm to use all the algorithms
00:11:17.200000,00:11:20.150000,algorithm to use all the algorithms right from that STM sort and what is the
00:11:20.150000,00:11:20.160000,right from that STM sort and what is the
00:11:20.160000,00:11:22.310000,right from that STM sort and what is the syntax from beginning to end you want to
00:11:22.310000,00:11:22.320000,syntax from beginning to end you want to
00:11:22.320000,00:11:25.389000,syntax from beginning to end you want to sort right see random excess of uh
00:11:25.389000,00:11:25.399000,sort right see random excess of uh
00:11:25.399000,00:11:28.550000,sort right see random excess of uh iterator first and then last so from
00:11:28.550000,00:11:28.560000,iterator first and then last so from
00:11:28.560000,00:11:31.230000,iterator first and then last so from beginning to end
00:11:31.230000,00:11:31.240000,beginning to end
00:11:31.240000,00:11:36.030000,beginning to end so from V the vector name is here vect
00:11:36.030000,00:11:36.040000,so from V the vector name is here vect
00:11:36.040000,00:11:42.310000,so from V the vector name is here vect one so vect 1 dot begin from begin to V
00:11:42.310000,00:11:42.320000,one so vect 1 dot begin from begin to V
00:11:42.320000,00:11:45.949000,one so vect 1 dot begin from begin to V sorry 1 dot end from beginning to end we
00:11:45.949000,00:11:45.959000,sorry 1 dot end from beginning to end we
00:11:45.959000,00:11:48.670000,sorry 1 dot end from beginning to end we want to perform
00:11:48.670000,00:11:48.680000,want to perform
00:11:48.680000,00:11:51.710000,want to perform sorting and simply we can
00:11:51.710000,00:11:51.720000,sorting and simply we can
00:11:51.720000,00:11:54.670000,sorting and simply we can just print the vector one the values of
00:11:54.670000,00:11:54.680000,just print the vector one the values of
00:11:54.680000,00:11:57.550000,just print the vector one the values of all the vector one after sorting let's
00:11:57.550000,00:11:57.560000,all the vector one after sorting let's
00:11:57.560000,00:11:59.389000,all the vector one after sorting let's run this and see what output you are
00:11:59.389000,00:11:59.399000,run this and see what output you are
00:11:59.399000,00:12:04.430000,run this and see what output you are getting here see -1 2 4 10 60 79 sorted
00:12:04.430000,00:12:04.440000,getting here see -1 2 4 10 60 79 sorted
00:12:04.440000,00:12:06.750000,getting here see -1 2 4 10 60 79 sorted Vector right so these I think two was
00:12:06.750000,00:12:06.760000,Vector right so these I think two was
00:12:06.760000,00:12:09.670000,Vector right so these I think two was very simple right first one was a little
00:12:09.670000,00:12:09.680000,very simple right first one was a little
00:12:09.680000,00:12:12.790000,very simple right first one was a little bit tricky and obviously this one we
00:12:12.790000,00:12:12.800000,bit tricky and obviously this one we
00:12:12.800000,00:12:14.430000,bit tricky and obviously this one we haven't discussed swep and SW that is
00:12:14.430000,00:12:14.440000,haven't discussed swep and SW that is
00:12:14.440000,00:12:16.430000,haven't discussed swep and SW that is why we have we have discussed right now
00:12:16.430000,00:12:16.440000,why we have we have discussed right now
00:12:16.440000,00:12:19.470000,why we have we have discussed right now the coding exercises on these algorithms
00:12:19.470000,00:12:19.480000,the coding exercises on these algorithms
00:12:19.480000,00:12:22.389000,the coding exercises on these algorithms and these member function right I hope
00:12:22.389000,00:12:22.399000,and these member function right I hope
00:12:22.399000,00:12:25.550000,and these member function right I hope you got this right so that's it for this
00:12:25.550000,00:12:25.560000,you got this right so that's it for this
00:12:25.560000,00:12:27.069000,you got this right so that's it for this video now I'll see you in the next video
00:12:27.069000,00:12:27.079000,video now I'll see you in the next video
00:12:27.079000,00:12:30.399000,video now I'll see you in the next video then bye-bye take care
