Start Time,End Time,Text
00:00:02.470000,00:00:02.480000,hey everyone I hope you are safe and
00:00:02.480000,00:00:04.190000,hey everyone I hope you are safe and doing good so in the series of learning
00:00:04.190000,00:00:04.200000,doing good so in the series of learning
00:00:04.200000,00:00:06.070000,doing good so in the series of learning C++ programming language in the previous
00:00:06.070000,00:00:06.080000,C++ programming language in the previous
00:00:06.080000,00:00:08.750000,C++ programming language in the previous video we have seen what is a pair in C++
00:00:08.750000,00:00:08.760000,video we have seen what is a pair in C++
00:00:08.760000,00:00:10.509000,video we have seen what is a pair in C++ and the series we have also seen what
00:00:10.509000,00:00:10.519000,and the series we have also seen what
00:00:10.519000,00:00:13.230000,and the series we have also seen what are vectors in C++ so I hope you are now
00:00:13.230000,00:00:13.240000,are vectors in C++ so I hope you are now
00:00:13.240000,00:00:15.749000,are vectors in C++ so I hope you are now aware about vectors and pairs if not
00:00:15.749000,00:00:15.759000,aware about vectors and pairs if not
00:00:15.759000,00:00:17.510000,aware about vectors and pairs if not please watch the previous videos in this
00:00:17.510000,00:00:17.520000,please watch the previous videos in this
00:00:17.520000,00:00:19.230000,please watch the previous videos in this playlist then you will get this concept
00:00:19.230000,00:00:19.240000,playlist then you will get this concept
00:00:19.240000,00:00:22.550000,playlist then you will get this concept better so in this video we'll see Vector
00:00:22.550000,00:00:22.560000,better so in this video we'll see Vector
00:00:22.560000,00:00:24.870000,better so in this video we'll see Vector of pair like we are going to combine
00:00:24.870000,00:00:24.880000,of pair like we are going to combine
00:00:24.880000,00:00:27.710000,of pair like we are going to combine both these things vector and pairs okay
00:00:27.710000,00:00:27.720000,both these things vector and pairs okay
00:00:27.720000,00:00:29.589000,both these things vector and pairs okay if you want to combine the features of
00:00:29.589000,00:00:29.599000,if you want to combine the features of
00:00:29.599000,00:00:32.870000,if you want to combine the features of both these things vector and pairs then
00:00:32.870000,00:00:32.880000,both these things vector and pairs then
00:00:32.880000,00:00:35.389000,both these things vector and pairs then yes we can do this thing and that would
00:00:35.389000,00:00:35.399000,yes we can do this thing and that would
00:00:35.399000,00:00:38.069000,yes we can do this thing and that would be more powerful you can say uh kind of
00:00:38.069000,00:00:38.079000,be more powerful you can say uh kind of
00:00:38.079000,00:00:41.950000,be more powerful you can say uh kind of data structure right because yeah uh
00:00:41.950000,00:00:41.960000,data structure right because yeah uh
00:00:41.960000,00:00:44.029000,data structure right because yeah uh data structure is nothing but just a way
00:00:44.029000,00:00:44.039000,data structure is nothing but just a way
00:00:44.039000,00:00:47.389000,data structure is nothing but just a way to store and manage the data so in this
00:00:47.389000,00:00:47.399000,to store and manage the data so in this
00:00:47.399000,00:00:49.110000,to store and manage the data so in this video we'll see that thing that Vector
00:00:49.110000,00:00:49.120000,video we'll see that thing that Vector
00:00:49.120000,00:00:51.470000,video we'll see that thing that Vector of pairs what is this Vector of pairs
00:00:51.470000,00:00:51.480000,of pairs what is this Vector of pairs
00:00:51.480000,00:00:53.670000,of pairs what is this Vector of pairs how to use it why to use it when to use
00:00:53.670000,00:00:53.680000,how to use it why to use it when to use
00:00:53.680000,00:00:55.590000,how to use it why to use it when to use it the application and all with help of
00:00:55.590000,00:00:55.600000,it the application and all with help of
00:00:55.600000,00:00:58.990000,it the application and all with help of programs also I'll show you right so now
00:00:58.990000,00:00:59,programs also I'll show you right so now
00:00:59,00:01:04.350000,programs also I'll show you right so now see pair I hope now you have idea like a
00:01:04.350000,00:01:04.360000,see pair I hope now you have idea like a
00:01:04.360000,00:01:06.429000,see pair I hope now you have idea like a set of two things or if you combine two
00:01:06.429000,00:01:06.439000,set of two things or if you combine two
00:01:06.439000,00:01:09.310000,set of two things or if you combine two values or two uh you know uh things then
00:01:09.310000,00:01:09.320000,values or two uh you know uh things then
00:01:09.320000,00:01:11.670000,values or two uh you know uh things then that is called a pair like a in general
00:01:11.670000,00:01:11.680000,that is called a pair like a in general
00:01:11.680000,00:01:14.190000,that is called a pair like a in general terms if I say pair of Hues pair of
00:01:14.190000,00:01:14.200000,terms if I say pair of Hues pair of
00:01:14.200000,00:01:16.469000,terms if I say pair of Hues pair of shirt you know these kind of things
00:01:16.469000,00:01:16.479000,shirt you know these kind of things
00:01:16.479000,00:01:19.429000,shirt you know these kind of things means two things we are going to combine
00:01:19.429000,00:01:19.439000,means two things we are going to combine
00:01:19.439000,00:01:21.870000,means two things we are going to combine these two things or two values and those
00:01:21.870000,00:01:21.880000,these two things or two values and those
00:01:21.880000,00:01:23.550000,these two things or two values and those values can be of same type of or
00:01:23.550000,00:01:23.560000,values can be of same type of or
00:01:23.560000,00:01:26.069000,values can be of same type of or different type like int INT in string
00:01:26.069000,00:01:26.079000,different type like int INT in string
00:01:26.079000,00:01:30.710000,different type like int INT in string string B these kind of things right so
00:01:30.710000,00:01:30.720000,string B these kind of things right so
00:01:30.720000,00:01:34.270000,string B these kind of things right so like for example uh the detail student
00:01:34.270000,00:01:34.280000,like for example uh the detail student
00:01:34.280000,00:01:37.429000,like for example uh the detail student details name plus r number so name is
00:01:37.429000,00:01:37.439000,details name plus r number so name is
00:01:37.439000,00:01:40.670000,details name plus r number so name is string R number is what integer so as a
00:01:40.670000,00:01:40.680000,string R number is what integer so as a
00:01:40.680000,00:01:42.389000,string R number is what integer so as a single object I want to store this
00:01:42.389000,00:01:42.399000,single object I want to store this
00:01:42.399000,00:01:45.069000,single object I want to store this information student name plus you can
00:01:45.069000,00:01:45.079000,information student name plus you can
00:01:45.079000,00:01:48.310000,information student name plus you can say the r number right so we can make
00:01:48.310000,00:01:48.320000,say the r number right so we can make
00:01:48.320000,00:01:51.550000,say the r number right so we can make this we can do uh we can make a pair to
00:01:51.550000,00:01:51.560000,this we can do uh we can make a pair to
00:01:51.560000,00:01:54.389000,this we can do uh we can make a pair to store this thing and how to do this
00:01:54.389000,00:01:54.399000,store this thing and how to do this
00:01:54.399000,00:01:58.230000,store this thing and how to do this thing like pair I have int and like
00:01:58.230000,00:01:58.240000,thing like pair I have int and like
00:01:58.240000,00:02:01.789000,thing like pair I have int and like string two data types and P and here
00:02:01.789000,00:02:01.799000,string two data types and P and here
00:02:01.799000,00:02:05.950000,string two data types and P and here only if you want to uh one one way is
00:02:05.950000,00:02:05.960000,only if you want to uh one one way is
00:02:05.960000,00:02:07.950000,only if you want to uh one one way is what many way to initialize this Vector
00:02:07.950000,00:02:07.960000,what many way to initialize this Vector
00:02:07.960000,00:02:10.630000,what many way to initialize this Vector right we can do one thing this thing I
00:02:10.630000,00:02:10.640000,right we can do one thing this thing I
00:02:10.640000,00:02:13.390000,right we can do one thing this thing I have I I I forgotten to tell you in the
00:02:13.390000,00:02:13.400000,have I I I forgotten to tell you in the
00:02:13.400000,00:02:16.110000,have I I I forgotten to tell you in the previous video so one thing we can do is
00:02:16.110000,00:02:16.120000,previous video so one thing we can do is
00:02:16.120000,00:02:19.750000,previous video so one thing we can do is p is equal to in these curly bracket one
00:02:19.750000,00:02:19.760000,p is equal to in these curly bracket one
00:02:19.760000,00:02:23.470000,p is equal to in these curly bracket one comma and name
00:02:23.470000,00:02:23.480000,comma and name
00:02:23.480000,00:02:27.110000,comma and name j this is also like we can assign the
00:02:27.110000,00:02:27.120000,j this is also like we can assign the
00:02:27.120000,00:02:30.869000,j this is also like we can assign the values to this pair right like
00:02:30.869000,00:02:30.879000,values to this pair right like
00:02:30.879000,00:02:34.150000,values to this pair right like we can assign values to these the spare
00:02:34.150000,00:02:34.160000,we can assign values to these the spare
00:02:34.160000,00:02:37.150000,we can assign values to these the spare right but now I have like 60 students in
00:02:37.150000,00:02:37.160000,right but now I have like 60 students in
00:02:37.160000,00:02:42.030000,right but now I have like 60 students in my class right so for storing the detail
00:02:42.030000,00:02:42.040000,my class right so for storing the detail
00:02:42.040000,00:02:44.949000,my class right so for storing the detail of all the 60 students like name withraw
00:02:44.949000,00:02:44.959000,of all the 60 students like name withraw
00:02:44.959000,00:02:49.430000,of all the 60 students like name withraw number maybe you need 60 pairs P1 P2 P3
00:02:49.430000,00:02:49.440000,number maybe you need 60 pairs P1 P2 P3
00:02:49.440000,00:02:51.550000,number maybe you need 60 pairs P1 P2 P3 but better idea is what we can create a
00:02:51.550000,00:02:51.560000,but better idea is what we can create a
00:02:51.560000,00:02:54.869000,but better idea is what we can create a vector of pairs that a simple thing
00:02:54.869000,00:02:54.879000,vector of pairs that a simple thing
00:02:54.879000,00:02:57.270000,vector of pairs that a simple thing right so Vector means what it's a
00:02:57.270000,00:02:57.280000,right so Vector means what it's a
00:02:57.280000,00:03:00.350000,right so Vector means what it's a dynamic array we can say it's like same
00:03:00.350000,00:03:00.360000,dynamic array we can say it's like same
00:03:00.360000,00:03:01.990000,dynamic array we can say it's like same like arrays collection of homogeneous
00:03:01.990000,00:03:02,like arrays collection of homogeneous
00:03:02,00:03:05.190000,like arrays collection of homogeneous stereotypes but what makes it the vector
00:03:05.190000,00:03:05.200000,stereotypes but what makes it the vector
00:03:05.200000,00:03:06.509000,stereotypes but what makes it the vector different from array is what it is
00:03:06.509000,00:03:06.519000,different from array is what it is
00:03:06.519000,00:03:08.470000,different from array is what it is dynamic array means Vector can
00:03:08.470000,00:03:08.480000,dynamic array means Vector can
00:03:08.480000,00:03:10.149000,dynamic array means Vector can automatically increase its size or
00:03:10.149000,00:03:10.159000,automatically increase its size or
00:03:10.159000,00:03:14.470000,automatically increase its size or Shrink it its size right in arrays size
00:03:14.470000,00:03:14.480000,Shrink it its size right in arrays size
00:03:14.480000,00:03:16.949000,Shrink it its size right in arrays size is fixed that is drawback of Ares that
00:03:16.949000,00:03:16.959000,is fixed that is drawback of Ares that
00:03:16.959000,00:03:20.509000,is fixed that is drawback of Ares that is why we use vectors right now here we
00:03:20.509000,00:03:20.519000,is why we use vectors right now here we
00:03:20.519000,00:03:22.710000,is why we use vectors right now here we can create Vector of pairs so how to
00:03:22.710000,00:03:22.720000,can create Vector of pairs so how to
00:03:22.720000,00:03:25.509000,can create Vector of pairs so how to create that thing what is the syntax
00:03:25.509000,00:03:25.519000,create that thing what is the syntax
00:03:25.519000,00:03:26.949000,create that thing what is the syntax please watch out the previous videos
00:03:26.949000,00:03:26.959000,please watch out the previous videos
00:03:26.959000,00:03:28.589000,please watch out the previous videos first like what is a pair what is a
00:03:28.589000,00:03:28.599000,first like what is a pair what is a
00:03:28.599000,00:03:30.309000,first like what is a pair what is a vector how to use vector all then you
00:03:30.309000,00:03:30.319000,vector how to use vector all then you
00:03:30.319000,00:03:32.830000,vector how to use vector all then you will get this thing better right so we
00:03:32.830000,00:03:32.840000,will get this thing better right so we
00:03:32.840000,00:03:36.390000,will get this thing better right so we have a simple simple Vector if I want to
00:03:36.390000,00:03:36.400000,have a simple simple Vector if I want to
00:03:36.400000,00:03:38.470000,have a simple simple Vector if I want to create a vector not Vector of pair
00:03:38.470000,00:03:38.480000,create a vector not Vector of pair
00:03:38.480000,00:03:41.869000,create a vector not Vector of pair simple Vector then we write here Vector
00:03:41.869000,00:03:41.879000,simple Vector then we write here Vector
00:03:41.879000,00:03:43.910000,simple Vector then we write here Vector the data type suppose I'm creating a
00:03:43.910000,00:03:43.920000,the data type suppose I'm creating a
00:03:43.920000,00:03:46.630000,the data type suppose I'm creating a vector of type integer and Vector name
00:03:46.630000,00:03:46.640000,vector of type integer and Vector name
00:03:46.640000,00:03:47.910000,vector of type integer and Vector name uh suppose
00:03:47.910000,00:03:47.920000,uh suppose
00:03:47.920000,00:03:50.710000,uh suppose numbers that's it this is a vector
00:03:50.710000,00:03:50.720000,numbers that's it this is a vector
00:03:50.720000,00:03:52.830000,numbers that's it this is a vector numbers which will
00:03:52.830000,00:03:52.840000,numbers which will
00:03:52.840000,00:03:57.229000,numbers which will store integer only in right or we can
00:03:57.229000,00:03:57.239000,store integer only in right or we can
00:03:57.239000,00:03:59.149000,store integer only in right or we can write write down here float or we can
00:03:59.149000,00:03:59.159000,write write down here float or we can
00:03:59.159000,00:04:01.830000,write write down here float or we can create a integer of string like this or
00:04:01.830000,00:04:01.840000,create a integer of string like this or
00:04:01.840000,00:04:04.630000,create a integer of string like this or Bo like this right but all the values in
00:04:04.630000,00:04:04.640000,Bo like this right but all the values in
00:04:04.640000,00:04:07.470000,Bo like this right but all the values in the single Vector would be of same type
00:04:07.470000,00:04:07.480000,the single Vector would be of same type
00:04:07.480000,00:04:10.429000,the single Vector would be of same type right but here rather than storing this
00:04:10.429000,00:04:10.439000,right but here rather than storing this
00:04:10.439000,00:04:11.869000,right but here rather than storing this primitive data type we are going to
00:04:11.869000,00:04:11.879000,primitive data type we are going to
00:04:11.879000,00:04:16.270000,primitive data type we are going to store pairs in this Vector not this
00:04:16.270000,00:04:16.280000,store pairs in this Vector not this
00:04:16.280000,00:04:19.430000,store pairs in this Vector not this fundamental data type no right that is
00:04:19.430000,00:04:19.440000,fundamental data type no right that is
00:04:19.440000,00:04:21.830000,fundamental data type no right that is called Vector of pairs so how
00:04:21.830000,00:04:21.840000,called Vector of pairs so how
00:04:21.840000,00:04:25.150000,called Vector of pairs so how to what should be the syntax int but
00:04:25.150000,00:04:25.160000,to what should be the syntax int but
00:04:25.160000,00:04:26.870000,to what should be the syntax int but here it's simple data type but here I
00:04:26.870000,00:04:26.880000,here it's simple data type but here I
00:04:26.880000,00:04:32.150000,here it's simple data type but here I want to store pair so for pair we just
00:04:32.150000,00:04:32.160000,want to store pair so for pair we just
00:04:32.160000,00:04:33.990000,want to store pair so for pair we just write down here what is the syntax to
00:04:33.990000,00:04:34,write down here what is the syntax to
00:04:34,00:04:38.110000,write down here what is the syntax to create a pair pair and here again data
00:04:38.110000,00:04:38.120000,create a pair pair and here again data
00:04:38.120000,00:04:41.430000,create a pair pair and here again data type of whatever value you want to store
00:04:41.430000,00:04:41.440000,type of whatever value you want to store
00:04:41.440000,00:04:44.790000,type of whatever value you want to store suppose int and
00:04:44.790000,00:04:44.800000,suppose int and
00:04:44.800000,00:04:48.950000,suppose int and string right this is pair and again
00:04:48.950000,00:04:48.960000,string right this is pair and again
00:04:48.960000,00:04:51.510000,string right this is pair and again close this for Vector right and then
00:04:51.510000,00:04:51.520000,close this for Vector right and then
00:04:51.520000,00:04:58.310000,close this for Vector right and then Vector name uh suppose student
00:05:00.270000,00:05:00.280000,detail so this this is how we are going
00:05:00.280000,00:05:02.990000,detail so this this is how we are going to create a vector of
00:05:02.990000,00:05:03,to create a vector of
00:05:03,00:05:06.629000,to create a vector of pairs right so now this student detail
00:05:06.629000,00:05:06.639000,pairs right so now this student detail
00:05:06.639000,00:05:08.990000,pairs right so now this student detail this is a vector which is going to
00:05:08.990000,00:05:09,this is a vector which is going to
00:05:09,00:05:11.909000,this is a vector which is going to contain these pairs int and string
00:05:11.909000,00:05:11.919000,contain these pairs int and string
00:05:11.919000,00:05:13.909000,contain these pairs int and string having two values one of int one is
00:05:13.909000,00:05:13.919000,having two values one of int one is
00:05:13.919000,00:05:17.189000,having two values one of int one is string right simple sentex I hope it is
00:05:17.189000,00:05:17.199000,string right simple sentex I hope it is
00:05:17.199000,00:05:20.309000,string right simple sentex I hope it is not so much done right now same
00:05:20.309000,00:05:20.319000,not so much done right now same
00:05:20.319000,00:05:22.550000,not so much done right now same operation you can apply here what you
00:05:22.550000,00:05:22.560000,operation you can apply here what you
00:05:22.560000,00:05:25.230000,operation you can apply here what you have you know done in case of vectors
00:05:25.230000,00:05:25.240000,have you know done in case of vectors
00:05:25.240000,00:05:28.430000,have you know done in case of vectors like if you want to uh uh push back a
00:05:28.430000,00:05:28.440000,like if you want to uh uh push back a
00:05:28.440000,00:05:31.230000,like if you want to uh uh push back a value in this Vector of pair same push
00:05:31.230000,00:05:31.240000,value in this Vector of pair same push
00:05:31.240000,00:05:34.749000,value in this Vector of pair same push back a function we can use pop back pop
00:05:34.749000,00:05:34.759000,back a function we can use pop back pop
00:05:34.759000,00:05:38.189000,back a function we can use pop back pop back we can use erase delete swap clear
00:05:38.189000,00:05:38.199000,back we can use erase delete swap clear
00:05:38.199000,00:05:41.390000,back we can use erase delete swap clear all the iterators we can use begin end C
00:05:41.390000,00:05:41.400000,all the iterators we can use begin end C
00:05:41.400000,00:05:44.870000,all the iterators we can use begin end C begin C end and reverse R begin R end
00:05:44.870000,00:05:44.880000,begin C end and reverse R begin R end
00:05:44.880000,00:05:48.430000,begin C end and reverse R begin R end like this right so those things I'll
00:05:48.430000,00:05:48.440000,like this right so those things I'll
00:05:48.440000,00:05:49.990000,like this right so those things I'll show you two to three things with the
00:05:49.990000,00:05:50,show you two to three things with the
00:05:50,00:05:52.189000,show you two to three things with the help of programs remaining things you
00:05:52.189000,00:05:52.199000,help of programs remaining things you
00:05:52.199000,00:05:54.990000,help of programs remaining things you are going to practice right I hope this
00:05:54.990000,00:05:55,are going to practice right I hope this
00:05:55,00:05:57.990000,are going to practice right I hope this is clear what is Vector of pairs so we
00:05:57.990000,00:05:58,is clear what is Vector of pairs so we
00:05:58,00:06:00.189000,is clear what is Vector of pairs so we can say it Vector of pair it is a
00:06:00.189000,00:06:00.199000,can say it Vector of pair it is a
00:06:00.199000,00:06:03.430000,can say it Vector of pair it is a dynamic array which contain pairs
00:06:03.430000,00:06:03.440000,dynamic array which contain pairs
00:06:03.440000,00:06:07.350000,dynamic array which contain pairs instead of primitive data types right so
00:06:07.350000,00:06:07.360000,instead of primitive data types right so
00:06:07.360000,00:06:09.510000,instead of primitive data types right so we can say like what is use of this
00:06:09.510000,00:06:09.520000,we can say like what is use of this
00:06:09.520000,00:06:11.309000,we can say like what is use of this thing or the application when to use
00:06:11.309000,00:06:11.319000,thing or the application when to use
00:06:11.319000,00:06:13.950000,thing or the application when to use this thing if sometimes suppose if you
00:06:13.950000,00:06:13.960000,this thing if sometimes suppose if you
00:06:13.960000,00:06:15.670000,this thing if sometimes suppose if you want to group and perform some operation
00:06:15.670000,00:06:15.680000,want to group and perform some operation
00:06:15.680000,00:06:18.510000,want to group and perform some operation on two related piece of
00:06:18.510000,00:06:18.520000,on two related piece of
00:06:18.520000,00:06:21.870000,on two related piece of data then we can use Vector of pairs
00:06:21.870000,00:06:21.880000,data then we can use Vector of pairs
00:06:21.880000,00:06:24.150000,data then we can use Vector of pairs right like maybe some coordinates or
00:06:24.150000,00:06:24.160000,right like maybe some coordinates or
00:06:24.160000,00:06:26.749000,right like maybe some coordinates or values or keys or like this thing in
00:06:26.749000,00:06:26.759000,values or keys or like this thing in
00:06:26.759000,00:06:28.790000,values or keys or like this thing in student detail if you want to store this
00:06:28.790000,00:06:28.800000,student detail if you want to store this
00:06:28.800000,00:06:32.950000,student detail if you want to store this kind of thing as a pair right like name
00:06:32.950000,00:06:32.960000,kind of thing as a pair right like name
00:06:32.960000,00:06:34.550000,kind of thing as a pair right like name of the student and R number of the
00:06:34.550000,00:06:34.560000,of the student and R number of the
00:06:34.560000,00:06:36.230000,of the student and R number of the student and if you want to perform some
00:06:36.230000,00:06:36.240000,student and if you want to perform some
00:06:36.240000,00:06:38.390000,student and if you want to perform some operation on this data later then one
00:06:38.390000,00:06:38.400000,operation on this data later then one
00:06:38.400000,00:06:40.270000,operation on this data later then one way to achieve this thing is to use
00:06:40.270000,00:06:40.280000,way to achieve this thing is to use
00:06:40.280000,00:06:42.390000,way to achieve this thing is to use Vector of pairs I'm not saying that this
00:06:42.390000,00:06:42.400000,Vector of pairs I'm not saying that this
00:06:42.400000,00:06:43.870000,Vector of pairs I'm not saying that this is the only way to achieve this thing or
00:06:43.870000,00:06:43.880000,is the only way to achieve this thing or
00:06:43.880000,00:06:47.469000,is the only way to achieve this thing or to store this kind of data no one way is
00:06:47.469000,00:06:47.479000,to store this kind of data no one way is
00:06:47.479000,00:06:50.309000,to store this kind of data no one way is this and there can be multiple ways to
00:06:50.309000,00:06:50.319000,this and there can be multiple ways to
00:06:50.319000,00:06:52.510000,this and there can be multiple ways to store this kind of data but one way is
00:06:52.510000,00:06:52.520000,store this kind of data but one way is
00:06:52.520000,00:06:55.430000,store this kind of data but one way is to use Vector of pairs right now let's
00:06:55.430000,00:06:55.440000,to use Vector of pairs right now let's
00:06:55.440000,00:06:58.189000,to use Vector of pairs right now let's see this thing with the help of program
00:06:58.189000,00:06:58.199000,see this thing with the help of program
00:06:58.199000,00:07:01.150000,see this thing with the help of program so let's create a new file here and same
00:07:01.150000,00:07:01.160000,so let's create a new file here and same
00:07:01.160000,00:07:03.710000,so let's create a new file here and same we are going to include header file and
00:07:03.710000,00:07:03.720000,we are going to include header file and
00:07:03.720000,00:07:05.670000,we are going to include header file and name space and yeah we are going to
00:07:05.670000,00:07:05.680000,name space and yeah we are going to
00:07:05.680000,00:07:07.589000,name space and yeah we are going to include the header file Vector also
00:07:07.589000,00:07:07.599000,include the header file Vector also
00:07:07.599000,00:07:10.749000,include the header file Vector also because we are going to use Vector right
00:07:10.749000,00:07:10.759000,because we are going to use Vector right
00:07:10.759000,00:07:14.070000,because we are going to use Vector right so let's define a vector of pair
00:07:14.070000,00:07:14.080000,so let's define a vector of pair
00:07:14.080000,00:07:17.309000,so let's define a vector of pair Vector simply we write here
00:07:17.309000,00:07:17.319000,Vector simply we write here
00:07:17.319000,00:07:21.070000,Vector simply we write here pair int and
00:07:21.070000,00:07:21.080000,pair int and
00:07:21.080000,00:07:24.390000,pair int and string right and name of the vector is
00:07:24.390000,00:07:24.400000,string right and name of the vector is
00:07:24.400000,00:07:26.150000,string right and name of the vector is Vector of pair is
00:07:26.150000,00:07:26.160000,Vector of pair is
00:07:26.160000,00:07:29.950000,Vector of pair is student details
00:07:29.950000,00:07:29.960000,student details
00:07:29.960000,00:07:31.950000,student details now if you want to initialize this here
00:07:31.950000,00:07:31.960000,now if you want to initialize this here
00:07:31.960000,00:07:34.830000,now if you want to initialize this here only then yeah we can do this thing also
00:07:34.830000,00:07:34.840000,only then yeah we can do this thing also
00:07:34.840000,00:07:39.670000,only then yeah we can do this thing also right we can just put equal to and here
00:07:39.670000,00:07:39.680000,right we can just put equal to and here
00:07:39.680000,00:07:42.710000,right we can just put equal to and here in this curly bracket just put the pair
00:07:42.710000,00:07:42.720000,in this curly bracket just put the pair
00:07:42.720000,00:07:45.670000,in this curly bracket just put the pair of values right in curly bracket so
00:07:45.670000,00:07:45.680000,of values right in curly bracket so
00:07:45.680000,00:07:48.149000,of values right in curly bracket so first is string sorry first is integer
00:07:48.149000,00:07:48.159000,first is string sorry first is integer
00:07:48.159000,00:07:52.629000,first is string sorry first is integer so suppose R number one and then name
00:07:52.629000,00:07:52.639000,so suppose R number one and then name
00:07:52.639000,00:07:55.309000,so suppose R number one and then name this is one pair suppose another pair in
00:07:55.309000,00:07:55.319000,this is one pair suppose another pair in
00:07:55.319000,00:07:58.390000,this is one pair suppose another pair in curly bracket curly Braes right not
00:07:58.390000,00:07:58.400000,curly bracket curly Braes right not
00:07:58.400000,00:08:00.589000,curly bracket curly Braes right not those round bra that would give you
00:08:00.589000,00:08:00.599000,those round bra that would give you
00:08:00.599000,00:08:03.430000,those round bra that would give you error right because this is the way to
00:08:03.430000,00:08:03.440000,error right because this is the way to
00:08:03.440000,00:08:05.670000,error right because this is the way to initialize uh the
00:08:05.670000,00:08:05.680000,initialize uh the
00:08:05.680000,00:08:09.149000,initialize uh the spare so uh next is suppose R number
00:08:09.149000,00:08:09.159000,spare so uh next is suppose R number
00:08:09.159000,00:08:12.629000,spare so uh next is suppose R number maybe two and I'm just writing
00:08:12.629000,00:08:12.639000,maybe two and I'm just writing
00:08:12.639000,00:08:15.629000,maybe two and I'm just writing here
00:08:15.629000,00:08:15.639000,here
00:08:15.639000,00:08:18.710000,here pile I'm just initializing this with two
00:08:18.710000,00:08:18.720000,pile I'm just initializing this with two
00:08:18.720000,00:08:22.270000,pile I'm just initializing this with two pairs one and two
00:08:22.270000,00:08:22.280000,pairs one and two
00:08:22.280000,00:08:26.350000,pairs one and two right now if you want to print these two
00:08:26.350000,00:08:26.360000,right now if you want to print these two
00:08:26.360000,00:08:30.430000,right now if you want to print these two things then yeah we have
00:08:30.430000,00:08:30.440000,things then yeah we have
00:08:30.440000,00:08:33.750000,things then yeah we have uh a loop like let's use for Loop in I
00:08:33.750000,00:08:33.760000,uh a loop like let's use for Loop in I
00:08:33.760000,00:08:39.389000,uh a loop like let's use for Loop in I is equal to 0 and then I less than till
00:08:39.389000,00:08:39.399000,is equal to 0 and then I less than till
00:08:39.399000,00:08:41.589000,is equal to 0 and then I less than till Vector size so Vector name
00:08:41.589000,00:08:41.599000,Vector size so Vector name
00:08:41.599000,00:08:43.590000,Vector size so Vector name is student
00:08:43.590000,00:08:43.600000,is student
00:08:43.600000,00:08:47.829000,is student details dot size till Vector size this
00:08:47.829000,00:08:47.839000,details dot size till Vector size this
00:08:47.839000,00:08:51.430000,details dot size till Vector size this Loop is going to iterate and then simply
00:08:51.430000,00:08:51.440000,Loop is going to iterate and then simply
00:08:51.440000,00:08:55.070000,Loop is going to iterate and then simply I
00:08:59.430000,00:08:59.440000,++ right and how to access the values of
00:08:59.440000,00:09:02.509000,++ right and how to access the values of of vector simply we can use at also we
00:09:02.509000,00:09:02.519000,of vector simply we can use at also we
00:09:02.519000,00:09:05.069000,of vector simply we can use at also we can use that subscript operator also so
00:09:05.069000,00:09:05.079000,can use that subscript operator also so
00:09:05.079000,00:09:08.790000,can use that subscript operator also so let's use first subscript so name of the
00:09:08.790000,00:09:08.800000,let's use first subscript so name of the
00:09:08.800000,00:09:13.790000,let's use first subscript so name of the vector student details and here in this
00:09:13.790000,00:09:13.800000,vector student details and here in this
00:09:13.800000,00:09:15.910000,vector student details and here in this we are going to write down that index 0
00:09:15.910000,00:09:15.920000,we are going to write down that index 0
00:09:15.920000,00:09:20.150000,we are going to write down that index 0 1 2 3 4 so here firstly we this I is the
00:09:20.150000,00:09:20.160000,1 2 3 4 so here firstly we this I is the
00:09:20.160000,00:09:22.509000,1 2 3 4 so here firstly we this I is the variable which is going to iterate for
00:09:22.509000,00:09:22.519000,variable which is going to iterate for
00:09:22.519000,00:09:26.870000,variable which is going to iterate for this Vector so here we will put I but
00:09:26.870000,00:09:26.880000,this Vector so here we will put I but
00:09:26.880000,00:09:31.350000,this Vector so here we will put I but now I want to access this you know uh
00:09:31.350000,00:09:31.360000,now I want to access this you know uh
00:09:31.360000,00:09:34.509000,now I want to access this you know uh this value the pair values right suppose
00:09:34.509000,00:09:34.519000,this value the pair values right suppose
00:09:34.519000,00:09:35.949000,this value the pair values right suppose just write down this thing student
00:09:35.949000,00:09:35.959000,just write down this thing student
00:09:35.959000,00:09:38.310000,just write down this thing student details Vector name and just I and
00:09:38.310000,00:09:38.320000,details Vector name and just I and
00:09:38.320000,00:09:42.430000,details Vector name and just I and that's it see it will give you error no
00:09:42.430000,00:09:42.440000,that's it see it will give you error no
00:09:42.440000,00:09:44.750000,that's it see it will give you error no operator this matches these operants
00:09:44.750000,00:09:44.760000,operator this matches these operants
00:09:44.760000,00:09:49.069000,operator this matches these operants these operants right because in this
00:09:49.069000,00:09:49.079000,these operants right because in this
00:09:49.079000,00:09:51.590000,these operants right because in this Vector now we are not storing simple
00:09:51.590000,00:09:51.600000,Vector now we are not storing simple
00:09:51.600000,00:09:53.350000,Vector now we are not storing simple values or simple numbers or primitive
00:09:53.350000,00:09:53.360000,values or simple numbers or primitive
00:09:53.360000,00:09:55.430000,values or simple numbers or primitive dat types there are pairs so how to
00:09:55.430000,00:09:55.440000,dat types there are pairs so how to
00:09:55.440000,00:09:57.910000,dat types there are pairs so how to access pair values we have two keyword
00:09:57.910000,00:09:57.920000,access pair values we have two keyword
00:09:57.920000,00:10:00.350000,access pair values we have two keyword first and second so you have to use that
00:10:00.350000,00:10:00.360000,first and second so you have to use that
00:10:00.360000,00:10:03.870000,first and second so you have to use that thing to access the spare values right
00:10:03.870000,00:10:03.880000,thing to access the spare values right
00:10:03.880000,00:10:05.110000,thing to access the spare values right so student
00:10:05.110000,00:10:05.120000,so student
00:10:05.120000,00:10:10.069000,so student details after that dot
00:10:10.069000,00:10:10.079000,details after that dot
00:10:10.079000,00:10:14.030000,details after that dot first let's put some space and
00:10:14.030000,00:10:14.040000,first let's put some space and
00:10:14.040000,00:10:17.389000,first let's put some space and then same
00:10:17.389000,00:10:17.399000,then same
00:10:17.399000,00:10:22.509000,then same here to access second we use just
00:10:22.509000,00:10:22.519000,here to access second we use just
00:10:22.519000,00:10:29.829000,here to access second we use just second and
00:10:31.949000,00:10:31.959000,and that's it so let's run this and see
00:10:31.959000,00:10:34.710000,and that's it so let's run this and see what it is going to print
00:10:34.710000,00:10:34.720000,what it is going to print
00:10:34.720000,00:10:38.389000,what it is going to print see both the vectors one jny 2
00:10:38.389000,00:10:38.399000,see both the vectors one jny 2
00:10:38.399000,00:10:41.829000,see both the vectors one jny 2 p right now if you want to push back
00:10:41.829000,00:10:41.839000,p right now if you want to push back
00:10:41.839000,00:10:43.710000,p right now if you want to push back some values to this Vector yeah we can
00:10:43.710000,00:10:43.720000,some values to this Vector yeah we can
00:10:43.720000,00:10:47.310000,some values to this Vector yeah we can do that thing also simply we have that
00:10:47.310000,00:10:47.320000,do that thing also simply we have that
00:10:47.320000,00:10:51.269000,do that thing also simply we have that uh member function push back so same
00:10:51.269000,00:10:51.279000,uh member function push back so same
00:10:51.279000,00:10:54.470000,uh member function push back so same student detail dot just call this push
00:10:54.470000,00:10:54.480000,student detail dot just call this push
00:10:54.480000,00:10:57.790000,student detail dot just call this push back function and now
00:10:57.790000,00:10:57.800000,back function and now
00:10:57.800000,00:11:00.230000,back function and now again print
00:11:00.230000,00:11:00.240000,again print
00:11:00.240000,00:11:01.190000,again print the
00:11:01.190000,00:11:01.200000,the
00:11:01.200000,00:11:03.389000,the values let's run this and see what
00:11:03.389000,00:11:03.399000,values let's run this and see what
00:11:03.399000,00:11:05.910000,values let's run this and see what output you are
00:11:05.910000,00:11:05.920000,output you are
00:11:05.920000,00:11:09.790000,output you are getting so yeah it's
00:11:13.150000,00:11:13.160000,working this pair has been inserted 3G
00:11:13.160000,00:11:15.150000,working this pair has been inserted 3G so it's working or another way is what
00:11:15.150000,00:11:15.160000,so it's working or another way is what
00:11:15.160000,00:11:17.509000,so it's working or another way is what here you can use that make pair function
00:11:17.509000,00:11:17.519000,here you can use that make pair function
00:11:17.519000,00:11:20.470000,here you can use that make pair function rather than this we can also do one
00:11:20.470000,00:11:20.480000,rather than this we can also do one
00:11:20.480000,00:11:24.509000,rather than this we can also do one thing here we can do what oh sorry we
00:11:24.509000,00:11:24.519000,thing here we can do what oh sorry we
00:11:24.519000,00:11:28.190000,thing here we can do what oh sorry we can just call that function what is make
00:11:28.190000,00:11:28.200000,can just call that function what is make
00:11:28.200000,00:11:31.069000,can just call that function what is make pair function
00:11:31.069000,00:11:31.079000,pair function
00:11:31.079000,00:11:34.230000,pair function make pair and in bracket simply we can
00:11:34.230000,00:11:34.240000,make pair and in bracket simply we can
00:11:34.240000,00:11:36.470000,make pair and in bracket simply we can pass something like
00:11:36.470000,00:11:36.480000,pass something like
00:11:36.480000,00:11:40.629000,pass something like this
00:11:44.030000,00:11:44.040000,right this is another way so let's run
00:11:44.040000,00:11:45.430000,right this is another way so let's run this and I'll show you what output you
00:11:45.430000,00:11:45.440000,this and I'll show you what output you
00:11:45.440000,00:11:50.509000,this and I'll show you what output you will get here see it's done right P back
00:11:50.509000,00:11:50.519000,will get here see it's done right P back
00:11:50.519000,00:11:52.750000,will get here see it's done right P back P back you can use all the functions
00:11:52.750000,00:11:52.760000,P back you can use all the functions
00:11:52.760000,00:11:54.509000,P back you can use all the functions whatever is there on Vector we can use
00:11:54.509000,00:11:54.519000,whatever is there on Vector we can use
00:11:54.519000,00:11:57.389000,whatever is there on Vector we can use on Vector of pairs right if you want to
00:11:57.389000,00:11:57.399000,on Vector of pairs right if you want to
00:11:57.399000,00:12:00.030000,on Vector of pairs right if you want to erase something yes yes we can use that
00:12:00.030000,00:12:00.040000,erase something yes yes we can use that
00:12:00.040000,00:12:01.750000,erase something yes yes we can use that thing also let's
00:12:01.750000,00:12:01.760000,thing also let's
00:12:01.760000,00:12:03.710000,thing also let's erase
00:12:03.710000,00:12:03.720000,erase
00:12:03.720000,00:12:06.509000,erase uh which function you have to call on
00:12:06.509000,00:12:06.519000,uh which function you have to call on
00:12:06.519000,00:12:08.509000,uh which function you have to call on this Vector
00:12:08.509000,00:12:08.519000,this Vector
00:12:08.519000,00:12:11.550000,this Vector erase so let's call erray and in bracket
00:12:11.550000,00:12:11.560000,erase so let's call erray and in bracket
00:12:11.560000,00:12:14.430000,erase so let's call erray and in bracket you have to pass the location location
00:12:14.430000,00:12:14.440000,you have to pass the location location
00:12:14.440000,00:12:16.110000,you have to pass the location location on which location you want to erase the
00:12:16.110000,00:12:16.120000,on which location you want to erase the
00:12:16.120000,00:12:17.990000,on which location you want to erase the data so that location you have to pass
00:12:17.990000,00:12:18,data so that location you have to pass
00:12:18,00:12:20.829000,data so that location you have to pass in the series member function so and
00:12:20.829000,00:12:20.839000,in the series member function so and
00:12:20.839000,00:12:23.470000,in the series member function so and using iterator we can find out you know
00:12:23.470000,00:12:23.480000,using iterator we can find out you know
00:12:23.480000,00:12:26.069000,using iterator we can find out you know iterator is basically that is going to
00:12:26.069000,00:12:26.079000,iterator is basically that is going to
00:12:26.079000,00:12:29.269000,iterator is basically that is going to point that uh you know object so it's
00:12:29.269000,00:12:29.279000,point that uh you know object so it's
00:12:29.279000,00:12:31.910000,point that uh you know object so it's basically containing the address of the
00:12:31.910000,00:12:31.920000,basically containing the address of the
00:12:31.920000,00:12:35.189000,basically containing the address of the location so let's first um just I want
00:12:35.189000,00:12:35.199000,location so let's first um just I want
00:12:35.199000,00:12:39.189000,location so let's first um just I want to delete this okay after inserting this
00:12:39.189000,00:12:39.199000,to delete this okay after inserting this
00:12:39.199000,00:12:42.269000,to delete this okay after inserting this I want to delete the third one 3G this
00:12:42.269000,00:12:42.279000,I want to delete the third one 3G this
00:12:42.279000,00:12:44.350000,I want to delete the third one 3G this student detail
00:12:44.350000,00:12:44.360000,student detail
00:12:44.360000,00:12:47.509000,student detail so what you can do on this Vector
00:12:47.509000,00:12:47.519000,so what you can do on this Vector
00:12:47.519000,00:12:50.389000,so what you can do on this Vector student detail dot we can just call the
00:12:50.389000,00:12:50.399000,student detail dot we can just call the
00:12:50.399000,00:12:53.389000,student detail dot we can just call the iterator begin so it is going
00:12:53.389000,00:12:53.399000,iterator begin so it is going
00:12:53.399000,00:12:56.829000,iterator begin so it is going to return what that iterator to the at
00:12:56.829000,00:12:56.839000,to return what that iterator to the at
00:12:56.839000,00:12:59.550000,to return what that iterator to the at the beginning of this
00:12:59.550000,00:12:59.560000,the beginning of this
00:12:59.560000,00:13:02.189000,the beginning of this Vector so here at this
00:13:02.189000,00:13:02.199000,Vector so here at this
00:13:02.199000,00:13:06.310000,Vector so here at this pair so we can do
00:13:06.310000,00:13:06.320000,pair so we can do
00:13:06.320000,00:13:08.910000,pair so we can do plus
00:13:08.910000,00:13:08.920000,plus
00:13:08.920000,00:13:15.350000,plus 2 0 then 1 and then 2 right so then this
00:13:15.350000,00:13:15.360000,2 0 then 1 and then 2 right so then this
00:13:15.360000,00:13:18.269000,2 0 then 1 and then 2 right so then this student would be deleted three and
00:13:18.269000,00:13:18.279000,student would be deleted three and
00:13:18.279000,00:13:23.590000,student would be deleted three and g let's see I don't know it will work so
00:13:23.590000,00:13:23.600000,g let's see I don't know it will work so
00:13:23.600000,00:13:26.829000,g let's see I don't know it will work so let's just put here a semicolon and
00:13:26.829000,00:13:26.839000,let's just put here a semicolon and
00:13:26.839000,00:13:30.150000,let's just put here a semicolon and again just print these students details
00:13:30.150000,00:13:30.160000,again just print these students details
00:13:30.160000,00:13:31.910000,again just print these students details right let's run
00:13:31.910000,00:13:31.920000,right let's run
00:13:31.920000,00:13:36.910000,right let's run this first was 1 2 Jenny then 1 2 3 and
00:13:36.910000,00:13:36.920000,this first was 1 2 Jenny then 1 2 3 and
00:13:36.920000,00:13:39.389000,this first was 1 2 Jenny then 1 2 3 and again 1 2 3 has been deleted 3j has been
00:13:39.389000,00:13:39.399000,again 1 2 3 has been deleted 3j has been
00:13:39.399000,00:13:42.790000,again 1 2 3 has been deleted 3j has been deleted so yeah it's working so all the
00:13:42.790000,00:13:42.800000,deleted so yeah it's working so all the
00:13:42.800000,00:13:45.269000,deleted so yeah it's working so all the functions you can use on this Vector of
00:13:45.269000,00:13:45.279000,functions you can use on this Vector of
00:13:45.279000,00:13:47.670000,functions you can use on this Vector of pairs I hope now you are familiar with
00:13:47.670000,00:13:47.680000,pairs I hope now you are familiar with
00:13:47.680000,00:13:50.949000,pairs I hope now you are familiar with this Vector of pairs so just create
00:13:50.949000,00:13:50.959000,this Vector of pairs so just create
00:13:50.959000,00:13:52.829000,this Vector of pairs so just create Vector of pairs having here different
00:13:52.829000,00:13:52.839000,Vector of pairs having here different
00:13:52.839000,00:13:55.509000,Vector of pairs having here different different data types right and just try
00:13:55.509000,00:13:55.519000,different data types right and just try
00:13:55.519000,00:13:58.790000,different data types right and just try out all the operations all the iterators
00:13:58.790000,00:13:58.800000,out all the operations all the iterators
00:13:58.800000,00:14:03.269000,out all the operations all the iterators right begin end R begin C begin C end
00:14:03.269000,00:14:03.279000,right begin end R begin C begin C end
00:14:03.279000,00:14:07.030000,right begin end R begin C begin C end all the member functions swap clear and
00:14:07.030000,00:14:07.040000,all the member functions swap clear and
00:14:07.040000,00:14:09.470000,all the member functions swap clear and uh pop back erase and push back we have
00:14:09.470000,00:14:09.480000,uh pop back erase and push back we have
00:14:09.480000,00:14:13.110000,uh pop back erase and push back we have done right insert you can use those
00:14:13.110000,00:14:13.120000,done right insert you can use those
00:14:13.120000,00:14:15.949000,done right insert you can use those thing also size mix size capacity you
00:14:15.949000,00:14:15.959000,thing also size mix size capacity you
00:14:15.959000,00:14:18.670000,thing also size mix size capacity you can find out that thing also here right
00:14:18.670000,00:14:18.680000,can find out that thing also here right
00:14:18.680000,00:14:20.870000,can find out that thing also here right so I hope now now this is your
00:14:20.870000,00:14:20.880000,so I hope now now this is your
00:14:20.880000,00:14:23.110000,so I hope now now this is your assignment you have to try this out
00:14:23.110000,00:14:23.120000,assignment you have to try this out
00:14:23.120000,00:14:26.189000,assignment you have to try this out right now right on this Vector only you
00:14:26.189000,00:14:26.199000,right now right on this Vector only you
00:14:26.199000,00:14:27.670000,right now right on this Vector only you can try this out all the member
00:14:27.670000,00:14:27.680000,can try this out all the member
00:14:27.680000,00:14:29.910000,can try this out all the member functions so yeah it is quite useful
00:14:29.910000,00:14:29.920000,functions so yeah it is quite useful
00:14:29.920000,00:14:31.990000,functions so yeah it is quite useful Vector of pairs because in this we have
00:14:31.990000,00:14:32,Vector of pairs because in this we have
00:14:32,00:14:34.590000,Vector of pairs because in this we have combined features or power of both the
00:14:34.590000,00:14:34.600000,combined features or power of both the
00:14:34.600000,00:14:37.230000,combined features or power of both the things vector and Pairs and we have
00:14:37.230000,00:14:37.240000,things vector and Pairs and we have
00:14:37.240000,00:14:39.550000,things vector and Pairs and we have created another type of uh you can say
00:14:39.550000,00:14:39.560000,created another type of uh you can say
00:14:39.560000,00:14:42.230000,created another type of uh you can say it's a data structure which is going to
00:14:42.230000,00:14:42.240000,it's a data structure which is going to
00:14:42.240000,00:14:44.829000,it's a data structure which is going to manage the collection of related data
00:14:44.829000,00:14:44.839000,manage the collection of related data
00:14:44.839000,00:14:47.590000,manage the collection of related data type or you can say related
00:14:47.590000,00:14:47.600000,type or you can say related
00:14:47.600000,00:14:50.350000,type or you can say related data right but rather than this we can
00:14:50.350000,00:14:50.360000,data right but rather than this we can
00:14:50.360000,00:14:52.670000,data right but rather than this we can use that add function also to
00:14:52.670000,00:14:52.680000,use that add function also to
00:14:52.680000,00:14:57.150000,use that add function also to access this you know these values so
00:14:57.150000,00:14:57.160000,access this you know these values so
00:14:57.160000,00:15:00.430000,access this you know these values so suppose here I'm using add uh function
00:15:00.430000,00:15:00.440000,suppose here I'm using add uh function
00:15:00.440000,00:15:05.990000,suppose here I'm using add uh function student details dot at and here in
00:15:05.990000,00:15:06,student details dot at and here in
00:15:06,00:15:10.389000,student details dot at and here in bracket pass that index something like
00:15:10.389000,00:15:10.399000,bracket pass that index something like
00:15:10.399000,00:15:12.790000,bracket pass that index something like this but don't forget to put this DOT
00:15:12.790000,00:15:12.800000,this but don't forget to put this DOT
00:15:12.800000,00:15:15.990000,this but don't forget to put this DOT first and do second these keywords
00:15:15.990000,00:15:16,first and do second these keywords
00:15:16,00:15:21.590000,first and do second these keywords student details dot add I do second so
00:15:21.590000,00:15:21.600000,student details dot add I do second so
00:15:21.600000,00:15:24.030000,student details dot add I do second so using this also we can access right
00:15:24.030000,00:15:24.040000,using this also we can access right
00:15:24.040000,00:15:26.069000,using this also we can access right let's run this and
00:15:26.069000,00:15:26.079000,let's run this and
00:15:26.079000,00:15:29.430000,let's run this and see see it's working
00:15:29.430000,00:15:29.440000,see see it's working
00:15:29.440000,00:15:31.990000,see see it's working right so I hope this concept is clear to
00:15:31.990000,00:15:32,right so I hope this concept is clear to
00:15:32,00:15:33.550000,right so I hope this concept is clear to you guys uh so in the next video we'll
00:15:33.550000,00:15:33.560000,you guys uh so in the next video we'll
00:15:33.560000,00:15:35.430000,you guys uh so in the next video we'll see some coding exercise on Pairs and
00:15:35.430000,00:15:35.440000,see some coding exercise on Pairs and
00:15:35.440000,00:15:37.509000,see some coding exercise on Pairs and Vector of pairs right so now I'll see
00:15:37.509000,00:15:37.519000,Vector of pairs right so now I'll see
00:15:37.519000,00:15:39.550000,Vector of pairs right so now I'll see you in the next video till then bye take
00:15:39.550000,00:15:39.560000,you in the next video till then bye take
00:15:39.560000,00:15:42.560000,you in the next video till then bye take care
