Start Time,End Time,Text
00:00:02.350000,00:00:02.360000,hey everyone I hope you are safe and
00:00:02.360000,00:00:04.150000,hey everyone I hope you are safe and doing good so in the series of learning
00:00:04.150000,00:00:04.160000,doing good so in the series of learning
00:00:04.160000,00:00:05.789000,doing good so in the series of learning C++ programming language in the previous
00:00:05.789000,00:00:05.799000,C++ programming language in the previous
00:00:05.799000,00:00:08.070000,C++ programming language in the previous video we have seen what is Vector of
00:00:08.070000,00:00:08.080000,video we have seen what is Vector of
00:00:08.080000,00:00:10.070000,video we have seen what is Vector of pairs right I hope that is clear to you
00:00:10.070000,00:00:10.080000,pairs right I hope that is clear to you
00:00:10.080000,00:00:12.150000,pairs right I hope that is clear to you guys because based on that only we'll be
00:00:12.150000,00:00:12.160000,guys because based on that only we'll be
00:00:12.160000,00:00:13.749000,guys because based on that only we'll be discussing one coding exercise in this
00:00:13.749000,00:00:13.759000,discussing one coding exercise in this
00:00:13.759000,00:00:17.230000,discussing one coding exercise in this video right it's not stough simple one
00:00:17.230000,00:00:17.240000,video right it's not stough simple one
00:00:17.240000,00:00:19.470000,video right it's not stough simple one what is this exercise let's see you are
00:00:19.470000,00:00:19.480000,what is this exercise let's see you are
00:00:19.480000,00:00:22.070000,what is this exercise let's see you are given a vector of size n which holds
00:00:22.070000,00:00:22.080000,given a vector of size n which holds
00:00:22.080000,00:00:25.630000,given a vector of size n which holds pair of integer pair of integers right
00:00:25.630000,00:00:25.640000,pair of integer pair of integers right
00:00:25.640000,00:00:27.429000,pair of integer pair of integers right now you have to calculate some of the
00:00:27.429000,00:00:27.439000,now you have to calculate some of the
00:00:27.439000,00:00:30.589000,now you have to calculate some of the second element of these pairs second
00:00:30.589000,00:00:30.599000,second element of these pairs second
00:00:30.599000,00:00:33.910000,second element of these pairs second element of these pairs right means 2 +
00:00:33.910000,00:00:33.920000,element of these pairs right means 2 +
00:00:33.920000,00:00:35.470000,element of these pairs right means 2 + 10 +
00:00:35.470000,00:00:35.480000,10 +
00:00:35.480000,00:00:38.670000,10 + -4 you have to calculate this thing
00:00:38.670000,00:00:38.680000,-4 you have to calculate this thing
00:00:38.680000,00:00:41.830000,-4 you have to calculate this thing right I hope you are getting the problem
00:00:41.830000,00:00:41.840000,right I hope you are getting the problem
00:00:41.840000,00:00:44.869000,right I hope you are getting the problem statement right and it's not tough you
00:00:44.869000,00:00:44.879000,statement right and it's not tough you
00:00:44.879000,00:00:47.950000,statement right and it's not tough you have to just access the second element
00:00:47.950000,00:00:47.960000,have to just access the second element
00:00:47.960000,00:00:52.590000,have to just access the second element of the pairs within this Vector right I
00:00:52.590000,00:00:52.600000,of the pairs within this Vector right I
00:00:52.600000,00:00:54.349000,of the pairs within this Vector right I hope you can do this now you have to
00:00:54.349000,00:00:54.359000,hope you can do this now you have to
00:00:54.359000,00:00:56.430000,hope you can do this now you have to pause the video and try this out so
00:00:56.430000,00:00:56.440000,pause the video and try this out so
00:00:56.440000,00:00:58.830000,pause the video and try this out so let's create a new file and we are going
00:00:58.830000,00:00:58.840000,let's create a new file and we are going
00:00:58.840000,00:01:03.590000,let's create a new file and we are going to solve this now so now first take the
00:01:03.590000,00:01:03.600000,to solve this now so now first take the
00:01:03.600000,00:01:05.630000,to solve this now so now first take the vector which is given Vector of pair not
00:01:05.630000,00:01:05.640000,vector which is given Vector of pair not
00:01:05.640000,00:01:08.870000,vector which is given Vector of pair not Vector it's Vector of pair having
00:01:08.870000,00:01:08.880000,Vector it's Vector of pair having
00:01:08.880000,00:01:11.789000,Vector it's Vector of pair having integer value both integer value
00:01:11.789000,00:01:11.799000,integer value both integer value
00:01:11.799000,00:01:13.830000,integer value both integer value right okay now let's suppose we have
00:01:13.830000,00:01:13.840000,right okay now let's suppose we have
00:01:13.840000,00:01:18.550000,right okay now let's suppose we have vector v and the values given are first
00:01:18.550000,00:01:18.560000,vector v and the values given are first
00:01:18.560000,00:01:22.310000,vector v and the values given are first is 1 two right so how to access second
00:01:22.310000,00:01:22.320000,is 1 two right so how to access second
00:01:22.320000,00:01:25.870000,is 1 two right so how to access second element from these pairs so obviously we
00:01:25.870000,00:01:25.880000,element from these pairs so obviously we
00:01:25.880000,00:01:27.590000,element from these pairs so obviously we have to trace the vector first first
00:01:27.590000,00:01:27.600000,have to trace the vector first first
00:01:27.600000,00:01:30.870000,have to trace the vector first first element of the vector is 1 2
00:01:30.870000,00:01:30.880000,element of the vector is 1 2
00:01:30.880000,00:01:32.710000,element of the vector is 1 2 this is first element having a pair
00:01:32.710000,00:01:32.720000,this is first element having a pair
00:01:32.720000,00:01:34.270000,this is first element having a pair means pair means two values this is
00:01:34.270000,00:01:34.280000,means pair means two values this is
00:01:34.280000,00:01:38.350000,means pair means two values this is second element of vector means V of Zer
00:01:38.350000,00:01:38.360000,second element of vector means V of Zer
00:01:38.360000,00:01:40.830000,second element of vector means V of Zer at zero index we have this pair at one
00:01:40.830000,00:01:40.840000,at zero index we have this pair at one
00:01:40.840000,00:01:42.990000,at zero index we have this pair at one index we have this pair at second index
00:01:42.990000,00:01:43,index we have this pair at second index
00:01:43,00:01:45.510000,index we have this pair at second index we have this pair every index are having
00:01:45.510000,00:01:45.520000,we have this pair every index are having
00:01:45.520000,00:01:48.230000,we have this pair every index are having two values because we have a pair right
00:01:48.230000,00:01:48.240000,two values because we have a pair right
00:01:48.240000,00:01:50.469000,two values because we have a pair right okay now with the help of four Loop
00:01:50.469000,00:01:50.479000,okay now with the help of four Loop
00:01:50.479000,00:01:54.030000,okay now with the help of four Loop let's trace this one first first element
00:01:54.030000,00:01:54.040000,let's trace this one first first element
00:01:54.040000,00:01:55.429000,let's trace this one first first element then second element of vector then third
00:01:55.429000,00:01:55.439000,then second element of vector then third
00:01:55.439000,00:01:57.670000,then second element of vector then third element of vector if we got the first
00:01:57.670000,00:01:57.680000,element of vector if we got the first
00:01:57.680000,00:01:59.990000,element of vector if we got the first element of the vector like one two pair
00:01:59.990000,00:02:00,element of the vector like one two pair
00:02:00,00:02:03.429000,element of the vector like one two pair then within that we can access this two
00:02:03.429000,00:02:03.439000,then within that we can access this two
00:02:03.439000,00:02:05.990000,then within that we can access this two do second keyword we have right do first
00:02:05.990000,00:02:06,do second keyword we have right do first
00:02:06,00:02:07.830000,do second keyword we have right do first and do second this is how we are going
00:02:07.830000,00:02:07.840000,and do second this is how we are going
00:02:07.840000,00:02:12.869000,and do second this is how we are going to access elements of pair right so here
00:02:12.869000,00:02:12.879000,to access elements of pair right so here
00:02:12.879000,00:02:16.110000,to access elements of pair right so here let's take first obviously we will take
00:02:16.110000,00:02:16.120000,let's take first obviously we will take
00:02:16.120000,00:02:19.190000,let's take first obviously we will take a variable sum in which you're going to
00:02:19.190000,00:02:19.200000,a variable sum in which you're going to
00:02:19.200000,00:02:21.430000,a variable sum in which you're going to store the sum and let's initialize it
00:02:21.430000,00:02:21.440000,store the sum and let's initialize it
00:02:21.440000,00:02:23.190000,store the sum and let's initialize it with zero so that it will not take any
00:02:23.190000,00:02:23.200000,with zero so that it will not take any
00:02:23.200000,00:02:27.150000,with zero so that it will not take any garbage value simply we take a variable
00:02:27.150000,00:02:27.160000,garbage value simply we take a variable
00:02:27.160000,00:02:29.150000,garbage value simply we take a variable this is what you can say traditional way
00:02:29.150000,00:02:29.160000,this is what you can say traditional way
00:02:29.160000,00:02:31.710000,this is what you can say traditional way of using food Loop like a variable
00:02:31.710000,00:02:31.720000,of using food Loop like a variable
00:02:31.720000,00:02:33.830000,of using food Loop like a variable initialize it with zero and this I would
00:02:33.830000,00:02:33.840000,initialize it with zero and this I would
00:02:33.840000,00:02:38.030000,initialize it with zero and this I would be less than till Vector size so we have
00:02:38.030000,00:02:38.040000,be less than till Vector size so we have
00:02:38.040000,00:02:41.229000,be less than till Vector size so we have a function here in Vector do size to
00:02:41.229000,00:02:41.239000,a function here in Vector do size to
00:02:41.239000,00:02:43.470000,a function here in Vector do size to calculate the size automatically it will
00:02:43.470000,00:02:43.480000,calculate the size automatically it will
00:02:43.480000,00:02:47.750000,calculate the size automatically it will calculate the size then Plus+ I or I ++
00:02:47.750000,00:02:47.760000,calculate the size then Plus+ I or I ++
00:02:47.760000,00:02:51.070000,calculate the size then Plus+ I or I ++ and within this you have to do what you
00:02:51.070000,00:02:51.080000,and within this you have to do what you
00:02:51.080000,00:02:53.149000,and within this you have to do what you have to access now from V
00:02:53.149000,00:02:53.159000,have to access now from V
00:02:53.159000,00:02:58.430000,have to access now from V ofi from V of I now V of Z means this
00:02:58.430000,00:02:58.440000,ofi from V of I now V of Z means this
00:02:58.440000,00:03:00.470000,ofi from V of I now V of Z means this first element but you have to access
00:03:00.470000,00:03:00.480000,first element but you have to access
00:03:00.480000,00:03:05.110000,first element but you have to access only two so voi dot second because one
00:03:05.110000,00:03:05.120000,only two so voi dot second because one
00:03:05.120000,00:03:06.070000,only two so voi dot second because one two is
00:03:06.070000,00:03:06.080000,two is
00:03:06.080000,00:03:09.149000,two is pair first first element of pair is one
00:03:09.149000,00:03:09.159000,pair first first element of pair is one
00:03:09.159000,00:03:11.070000,pair first first element of pair is one second element is two so dot second I
00:03:11.070000,00:03:11.080000,second element is two so dot second I
00:03:11.080000,00:03:15.430000,second element is two so dot second I want to access right so the the second
00:03:15.430000,00:03:15.440000,want to access right so the the second
00:03:15.440000,00:03:18.070000,want to access right so the the second element of all the pairs and just add
00:03:18.070000,00:03:18.080000,element of all the pairs and just add
00:03:18.080000,00:03:22.110000,element of all the pairs and just add this two into sum so sum equal to sum
00:03:22.110000,00:03:22.120000,this two into sum so sum equal to sum
00:03:22.120000,00:03:25.630000,this two into sum so sum equal to sum plus v ofi do second I hope you got why
00:03:25.630000,00:03:25.640000,plus v ofi do second I hope you got why
00:03:25.640000,00:03:27.390000,plus v ofi do second I hope you got why I have written this line or we can
00:03:27.390000,00:03:27.400000,I have written this line or we can
00:03:27.400000,00:03:30.110000,I have written this line or we can simply write down if you use that short
00:03:30.110000,00:03:30.120000,simply write down if you use that short
00:03:30.120000,00:03:33.309000,simply write down if you use that short end operator then Su plus equal to v i
00:03:33.309000,00:03:33.319000,end operator then Su plus equal to v i
00:03:33.319000,00:03:37.750000,end operator then Su plus equal to v i do second right I hope it works okay
00:03:37.750000,00:03:37.760000,do second right I hope it works okay
00:03:37.760000,00:03:41.229000,do second right I hope it works okay first obviously you have to now print
00:03:41.229000,00:03:41.239000,first obviously you have to now print
00:03:41.239000,00:03:45.630000,first obviously you have to now print that sum so let's print simply sum
00:03:45.630000,00:03:45.640000,that sum so let's print simply sum
00:03:45.640000,00:03:50.229000,that sum so let's print simply sum and returns Z okay let's run this and
00:03:50.229000,00:03:50.239000,and returns Z okay let's run this and
00:03:50.239000,00:03:54.910000,and returns Z okay let's run this and see what output you are getting now 8 so
00:03:54.910000,00:03:54.920000,see what output you are getting now 8 so
00:03:54.920000,00:04:00.229000,see what output you are getting now 8 so see 10 + 2 12 - 4 it's 8 right okay it's
00:04:00.229000,00:04:00.239000,see 10 + 2 12 - 4 it's 8 right okay it's
00:04:00.239000,00:04:02.470000,see 10 + 2 12 - 4 it's 8 right okay it's working fine if you don't use this kind
00:04:02.470000,00:04:02.480000,working fine if you don't use this kind
00:04:02.480000,00:04:04.670000,working fine if you don't use this kind of loop we can use that range based for
00:04:04.670000,00:04:04.680000,of loop we can use that range based for
00:04:04.680000,00:04:07.550000,of loop we can use that range based for Loop also all right for that what we
00:04:07.550000,00:04:07.560000,Loop also all right for that what we
00:04:07.560000,00:04:08.869000,Loop also all right for that what we will
00:04:08.869000,00:04:08.879000,will
00:04:08.879000,00:04:12.270000,will do that is I guess very simple just
00:04:12.270000,00:04:12.280000,do that is I guess very simple just
00:04:12.280000,00:04:15.309000,do that is I guess very simple just write down this Auto keyword Auto and
00:04:15.309000,00:04:15.319000,write down this Auto keyword Auto and
00:04:15.319000,00:04:17.990000,write down this Auto keyword Auto and any variable name suppose I'm taking
00:04:17.990000,00:04:18,any variable name suppose I'm taking
00:04:18,00:04:20.270000,any variable name suppose I'm taking element and from which range which
00:04:20.270000,00:04:20.280000,element and from which range which
00:04:20.280000,00:04:22.430000,element and from which range which container I'm going to take the elements
00:04:22.430000,00:04:22.440000,container I'm going to take the elements
00:04:22.440000,00:04:25.590000,container I'm going to take the elements from V from this vector v
00:04:25.590000,00:04:25.600000,from V from this vector v
00:04:25.600000,00:04:28.629000,from V from this vector v right so it means from vector v 1X one
00:04:28.629000,00:04:28.639000,right so it means from vector v 1X one
00:04:28.639000,00:04:30.310000,right so it means from vector v 1X one all the elements would be stored stor in
00:04:30.310000,00:04:30.320000,all the elements would be stored stor in
00:04:30.320000,00:04:33.510000,all the elements would be stored stor in this variable so first this one two this
00:04:33.510000,00:04:33.520000,this variable so first this one two this
00:04:33.520000,00:04:36.270000,this variable so first this one two this pair would be stored in this
00:04:36.270000,00:04:36.280000,pair would be stored in this
00:04:36.280000,00:04:39.150000,pair would be stored in this element I mean in this variable variable
00:04:39.150000,00:04:39.160000,element I mean in this variable variable
00:04:39.160000,00:04:42.590000,element I mean in this variable variable name is element or we can take n any
00:04:42.590000,00:04:42.600000,name is element or we can take n any
00:04:42.600000,00:04:44.310000,name is element or we can take n any small name we can take n in this
00:04:44.310000,00:04:44.320000,small name we can take n in this
00:04:44.320000,00:04:48.150000,small name we can take n in this variable n 1 2 from this N I want to
00:04:48.150000,00:04:48.160000,variable n 1 2 from this N I want to
00:04:48.160000,00:04:50.430000,variable n 1 2 from this N I want to exess Second element of the pair because
00:04:50.430000,00:04:50.440000,exess Second element of the pair because
00:04:50.440000,00:04:52.029000,exess Second element of the pair because this one two is
00:04:52.029000,00:04:52.039000,this one two is
00:04:52.039000,00:04:54.510000,this one two is pair because first element of the vector
00:04:54.510000,00:04:54.520000,pair because first element of the vector
00:04:54.520000,00:04:56.670000,pair because first element of the vector is pair second element is also a pair
00:04:56.670000,00:04:56.680000,is pair second element is also a pair
00:04:56.680000,00:05:01.189000,is pair second element is also a pair obviously it is Vector of pairs right
00:05:01.189000,00:05:01.199000,obviously it is Vector of pairs right
00:05:01.199000,00:05:04.150000,obviously it is Vector of pairs right so this time what you can do su is equal
00:05:04.150000,00:05:04.160000,so this time what you can do su is equal
00:05:04.160000,00:05:05.629000,so this time what you can do su is equal to sum
00:05:05.629000,00:05:05.639000,to sum
00:05:05.639000,00:05:08.830000,to sum plus now from this n you have to access
00:05:08.830000,00:05:08.840000,plus now from this n you have to access
00:05:08.840000,00:05:14.990000,plus now from this n you have to access now in N we have this pair 1 2 so n dot
00:05:14.990000,00:05:15,now in N we have this pair 1 2 so n dot
00:05:15,00:05:17.270000,now in N we have this pair 1 2 so n dot second and
00:05:17.270000,00:05:17.280000,second and
00:05:17.280000,00:05:21.270000,second and semicolon right you know you know no
00:05:21.270000,00:05:21.280000,semicolon right you know you know no
00:05:21.280000,00:05:23.350000,semicolon right you know you know no need to worry about the size and all
00:05:23.350000,00:05:23.360000,need to worry about the size and all
00:05:23.360000,00:05:27.309000,need to worry about the size and all like this so I like this Loop in this
00:05:27.309000,00:05:27.319000,like this so I like this Loop in this
00:05:27.319000,00:05:30.430000,like this so I like this Loop in this you know range based for Loop so let's
00:05:30.430000,00:05:30.440000,you know range based for Loop so let's
00:05:30.440000,00:05:33.749000,you know range based for Loop so let's print some and uh let's run this and see
00:05:33.749000,00:05:33.759000,print some and uh let's run this and see
00:05:33.759000,00:05:36.189000,print some and uh let's run this and see we're getting same output or not yeah we
00:05:36.189000,00:05:36.199000,we're getting same output or not yeah we
00:05:36.199000,00:05:38.189000,we're getting same output or not yeah we getting eight right I hope you've done
00:05:38.189000,00:05:38.199000,getting eight right I hope you've done
00:05:38.199000,00:05:40.830000,getting eight right I hope you've done this exercise right it's not so much Stu
00:05:40.830000,00:05:40.840000,this exercise right it's not so much Stu
00:05:40.840000,00:05:42.550000,this exercise right it's not so much Stu so try out different different exercises
00:05:42.550000,00:05:42.560000,so try out different different exercises
00:05:42.560000,00:05:46.670000,so try out different different exercises on the vectors Pairs and Vector of pairs
00:05:46.670000,00:05:46.680000,on the vectors Pairs and Vector of pairs
00:05:46.680000,00:05:48.550000,on the vectors Pairs and Vector of pairs right in the next video we'll see most
00:05:48.550000,00:05:48.560000,right in the next video we'll see most
00:05:48.560000,00:05:51.189000,right in the next video we'll see most probably nesting of vectors like array
00:05:51.189000,00:05:51.199000,probably nesting of vectors like array
00:05:51.199000,00:05:53.510000,probably nesting of vectors like array of vectors and Vector of vectors what is
00:05:53.510000,00:05:53.520000,of vectors and Vector of vectors what is
00:05:53.520000,00:05:54.830000,of vectors and Vector of vectors what is the difference between these two things
00:05:54.830000,00:05:54.840000,the difference between these two things
00:05:54.840000,00:05:57.110000,the difference between these two things because these are very confusing array
00:05:57.110000,00:05:57.120000,because these are very confusing array
00:05:57.120000,00:05:59.629000,because these are very confusing array of vectors and Vector of vectors so the
00:05:59.629000,00:05:59.639000,of vectors and Vector of vectors so the
00:05:59.639000,00:06:00.749000,of vectors and Vector of vectors so the this thing we'll be discussing in next
00:06:00.749000,00:06:00.759000,this thing we'll be discussing in next
00:06:00.759000,00:06:02.790000,this thing we'll be discussing in next video right you please try out different
00:06:02.790000,00:06:02.800000,video right you please try out different
00:06:02.800000,00:06:05.990000,video right you please try out different different exercises based on whatever
00:06:05.990000,00:06:06,different exercises based on whatever
00:06:06,00:06:07.749000,different exercises based on whatever topic we are going we are covering in
00:06:07.749000,00:06:07.759000,topic we are going we are covering in
00:06:07.759000,00:06:10.189000,topic we are going we are covering in this cabus in this course because for me
00:06:10.189000,00:06:10.199000,this cabus in this course because for me
00:06:10.199000,00:06:12.070000,this cabus in this course because for me it's not possible to you
00:06:12.070000,00:06:12.080000,it's not possible to you
00:06:12.080000,00:06:15.350000,it's not possible to you know uh cover all the or you know uh
00:06:15.350000,00:06:15.360000,know uh cover all the or you know uh
00:06:15.360000,00:06:19.309000,know uh cover all the or you know uh discuss all the exercises on all the
00:06:19.309000,00:06:19.319000,discuss all the exercises on all the
00:06:19.319000,00:06:21.909000,discuss all the exercises on all the topics one or two exercise I can discuss
00:06:21.909000,00:06:21.919000,topics one or two exercise I can discuss
00:06:21.919000,00:06:25.270000,topics one or two exercise I can discuss but I'll I'm I'm not trying to cover all
00:06:25.270000,00:06:25.280000,but I'll I'm I'm not trying to cover all
00:06:25.280000,00:06:27.909000,but I'll I'm I'm not trying to cover all the you know that concept or theory part
00:06:27.909000,00:06:27.919000,the you know that concept or theory part
00:06:27.919000,00:06:30.670000,the you know that concept or theory part in detail right but for now I guess
00:06:30.670000,00:06:30.680000,in detail right but for now I guess
00:06:30.680000,00:06:32.430000,in detail right but for now I guess that's it for this video now I'll see
00:06:32.430000,00:06:32.440000,that's it for this video now I'll see
00:06:32.440000,00:06:34.070000,that's it for this video now I'll see you in the next video till then bye-bye
00:06:34.070000,00:06:34.080000,you in the next video till then bye-bye
00:06:34.080000,00:06:37.319000,you in the next video till then bye-bye take care
