Start Time,End Time,Text
00:00:02.110000,00:00:02.120000,hey everyone I hope you are safe and
00:00:02.120000,00:00:04.110000,hey everyone I hope you are safe and doing good so in the series of learning
00:00:04.110000,00:00:04.120000,doing good so in the series of learning
00:00:04.120000,00:00:05.950000,doing good so in the series of learning C++ programming language in the previous
00:00:05.950000,00:00:05.960000,C++ programming language in the previous
00:00:05.960000,00:00:07.670000,C++ programming language in the previous video we have seen some member functions
00:00:07.670000,00:00:07.680000,video we have seen some member functions
00:00:07.680000,00:00:10.430000,video we have seen some member functions on strings right so theory part on
00:00:10.430000,00:00:10.440000,on strings right so theory part on
00:00:10.440000,00:00:12.030000,on strings right so theory part on strings is clear like we have discussed
00:00:12.030000,00:00:12.040000,strings is clear like we have discussed
00:00:12.040000,00:00:15.030000,strings is clear like we have discussed C style strings and C++ strings member
00:00:15.030000,00:00:15.040000,C style strings and C++ strings member
00:00:15.040000,00:00:17.990000,C style strings and C++ strings member functions on strings and all now we'll
00:00:17.990000,00:00:18,functions on strings and all now we'll
00:00:18,00:00:21.189000,functions on strings and all now we'll do one coding exercise based on strings
00:00:21.189000,00:00:21.199000,do one coding exercise based on strings
00:00:21.199000,00:00:23.150000,do one coding exercise based on strings you have done those member function and
00:00:23.150000,00:00:23.160000,you have done those member function and
00:00:23.160000,00:00:26.310000,you have done those member function and all so I hope you can do this easily
00:00:26.310000,00:00:26.320000,all so I hope you can do this easily
00:00:26.320000,00:00:29.830000,all so I hope you can do this easily right it's simple one now uh what we
00:00:29.830000,00:00:29.840000,right it's simple one now uh what we
00:00:29.840000,00:00:32.190000,right it's simple one now uh what we have have is we you have a name full
00:00:32.190000,00:00:32.200000,have have is we you have a name full
00:00:32.200000,00:00:35.430000,have have is we you have a name full name like Janti katri right but there is
00:00:35.430000,00:00:35.440000,name like Janti katri right but there is
00:00:35.440000,00:00:38.310000,name like Janti katri right but there is no space between this first name and
00:00:38.310000,00:00:38.320000,no space between this first name and
00:00:38.320000,00:00:41.709000,no space between this first name and last name so you have to reformat
00:00:41.709000,00:00:41.719000,last name so you have to reformat
00:00:41.719000,00:00:46.110000,last name so you have to reformat it to you know read it more easily what
00:00:46.110000,00:00:46.120000,it to you know read it more easily what
00:00:46.120000,00:00:49.150000,it to you know read it more easily what should be the output jti space
00:00:49.150000,00:00:49.160000,should be the output jti space
00:00:49.160000,00:00:53.110000,should be the output jti space katri okay now what you have to do see
00:00:53.110000,00:00:53.120000,katri okay now what you have to do see
00:00:53.120000,00:00:54.869000,katri okay now what you have to do see you have to you know remember some
00:00:54.869000,00:00:54.879000,you have to you know remember some
00:00:54.879000,00:00:56.830000,you have to you know remember some points first thing what you have to do
00:00:56.830000,00:00:56.840000,points first thing what you have to do
00:00:56.840000,00:00:59.990000,points first thing what you have to do is you have to declare and initialize a
00:00:59.990000,00:01:00,is you have to declare and initialize a
00:01:00,00:01:02.069000,is you have to declare and initialize a variable like first name you can take or
00:01:02.069000,00:01:02.079000,variable like first name you can take or
00:01:02.079000,00:01:04.310000,variable like first name you can take or any variable you can take from this
00:01:04.310000,00:01:04.320000,any variable you can take from this
00:01:04.320000,00:01:06.429000,any variable you can take from this variable from this given string variable
00:01:06.429000,00:01:06.439000,variable from this given string variable
00:01:06.439000,00:01:09.550000,variable from this given string variable full name right how to initialize this
00:01:09.550000,00:01:09.560000,full name right how to initialize this
00:01:09.560000,00:01:11.350000,full name right how to initialize this thing we have discussed in previous
00:01:11.350000,00:01:11.360000,thing we have discussed in previous
00:01:11.360000,00:01:14.510000,thing we have discussed in previous videos so you have to you know revise
00:01:14.510000,00:01:14.520000,videos so you have to you know revise
00:01:14.520000,00:01:18.270000,videos so you have to you know revise those videos those things first right
00:01:18.270000,00:01:18.280000,those videos those things first right
00:01:18.280000,00:01:20.390000,those videos those things first right next thing what you have to do now in
00:01:20.390000,00:01:20.400000,next thing what you have to do now in
00:01:20.400000,00:01:22.510000,next thing what you have to do now in the next part you have to take another
00:01:22.510000,00:01:22.520000,the next part you have to take another
00:01:22.520000,00:01:24.710000,the next part you have to take another VAR another string variable last name
00:01:24.710000,00:01:24.720000,VAR another string variable last name
00:01:24.720000,00:01:27.030000,VAR another string variable last name and you have to initialize this last
00:01:27.030000,00:01:27.040000,and you have to initialize this last
00:01:27.040000,00:01:31.230000,and you have to initialize this last name using substring method
00:01:31.230000,00:01:31.240000,name using substring method
00:01:31.240000,00:01:33.630000,name using substring method so in the first name you will fetch jti
00:01:33.630000,00:01:33.640000,so in the first name you will fetch jti
00:01:33.640000,00:01:37.550000,so in the first name you will fetch jti from full name in the sub uh second in
00:01:37.550000,00:01:37.560000,from full name in the sub uh second in
00:01:37.560000,00:01:40.109000,from full name in the sub uh second in the last name using uh substring you
00:01:40.109000,00:01:40.119000,the last name using uh substring you
00:01:40.119000,00:01:41.590000,the last name using uh substring you will fetch only
00:01:41.590000,00:01:41.600000,will fetch only
00:01:41.600000,00:01:44.270000,will fetch only katri right then you will con
00:01:44.270000,00:01:44.280000,katri right then you will con
00:01:44.280000,00:01:47.069000,katri right then you will con concatenate this F name and L name using
00:01:47.069000,00:01:47.079000,concatenate this F name and L name using
00:01:47.079000,00:01:49.789000,concatenate this F name and L name using plus operator but obviously this would
00:01:49.789000,00:01:49.799000,plus operator but obviously this would
00:01:49.799000,00:01:52.709000,plus operator but obviously this would be same as this if you will concatenate
00:01:52.709000,00:01:52.719000,be same as this if you will concatenate
00:01:52.719000,00:01:55.069000,be same as this if you will concatenate both J and and katri like first name and
00:01:55.069000,00:01:55.079000,both J and and katri like first name and
00:01:55.079000,00:01:57.870000,both J and and katri like first name and last name you have to insert a space
00:01:57.870000,00:01:57.880000,last name you have to insert a space
00:01:57.880000,00:02:00.670000,last name you have to insert a space between Janti and katri use
00:02:00.670000,00:02:00.680000,between Janti and katri use
00:02:00.680000,00:02:04.310000,between Janti and katri use using insert member function you have to
00:02:04.310000,00:02:04.320000,using insert member function you have to
00:02:04.320000,00:02:08.270000,using insert member function you have to use insert this function to insert a
00:02:08.270000,00:02:08.280000,use insert this function to insert a
00:02:08.280000,00:02:12.150000,use insert this function to insert a space between Janti and katri right see
00:02:12.150000,00:02:12.160000,space between Janti and katri right see
00:02:12.160000,00:02:14.070000,space between Janti and katri right see there are many ways to do this thing
00:02:14.070000,00:02:14.080000,there are many ways to do this thing
00:02:14.080000,00:02:16.949000,there are many ways to do this thing it's very simple but you have to perform
00:02:16.949000,00:02:16.959000,it's very simple but you have to perform
00:02:16.959000,00:02:20.750000,it's very simple but you have to perform these task to achieve the
00:02:20.750000,00:02:20.760000,these task to achieve the
00:02:20.760000,00:02:24.949000,these task to achieve the formatted full name right so pause the
00:02:24.949000,00:02:24.959000,formatted full name right so pause the
00:02:24.959000,00:02:27.589000,formatted full name right so pause the video and try this out so let's create a
00:02:27.589000,00:02:27.599000,video and try this out so let's create a
00:02:27.599000,00:02:30.990000,video and try this out so let's create a new file I hope you have done this
00:02:30.990000,00:02:31,new file I hope you have done this
00:02:31,00:02:35.070000,new file I hope you have done this so first we'll take a string variable uh
00:02:35.070000,00:02:35.080000,so first we'll take a string variable uh
00:02:35.080000,00:02:40.350000,so first we'll take a string variable uh full name
00:02:42.949000,00:02:42.959000,right and here we
00:02:42.959000,00:02:46.869000,right and here we have any name you can take right let's
00:02:46.869000,00:02:46.879000,have any name you can take right let's
00:02:46.879000,00:02:57.350000,have any name you can take right let's take we have Jenny's
00:02:59.630000,00:02:59.640000,lectures so this is not obviously it's
00:02:59.640000,00:03:01.949000,lectures so this is not obviously it's not not readable there should be a space
00:03:01.949000,00:03:01.959000,not not readable there should be a space
00:03:01.959000,00:03:03.750000,not not readable there should be a space between first and last name like Journey
00:03:03.750000,00:03:03.760000,between first and last name like Journey
00:03:03.760000,00:03:05.670000,between first and last name like Journey space lectures right so you have to
00:03:05.670000,00:03:05.680000,space lectures right so you have to
00:03:05.680000,00:03:09.110000,space lectures right so you have to reformat it okay first point what we
00:03:09.110000,00:03:09.120000,reformat it okay first point what we
00:03:09.120000,00:03:11.949000,reformat it okay first point what we need to do you have to take a variable
00:03:11.949000,00:03:11.959000,need to do you have to take a variable
00:03:11.959000,00:03:15.869000,need to do you have to take a variable first name this
00:03:15.869000,00:03:15.879000,first name this
00:03:15.879000,00:03:18.390000,first name this variable
00:03:18.390000,00:03:18.400000,variable
00:03:18.400000,00:03:20.589000,variable sorry and we will
00:03:20.589000,00:03:20.599000,sorry and we will
00:03:20.599000,00:03:24.990000,sorry and we will initialize this from the variable full
00:03:24.990000,00:03:25,initialize this from the variable full
00:03:25,00:03:28.550000,initialize this from the variable full name full name right but in first name
00:03:28.550000,00:03:28.560000,name full name right but in first name
00:03:28.560000,00:03:30.429000,name full name right but in first name what you want only gen
00:03:30.429000,00:03:30.439000,what you want only gen
00:03:30.439000,00:03:34.550000,what you want only gen KN right so what is the method you just
00:03:34.550000,00:03:34.560000,KN right so what is the method you just
00:03:34.560000,00:03:37.309000,KN right so what is the method you just write down the string variable name from
00:03:37.309000,00:03:37.319000,write down the string variable name from
00:03:37.319000,00:03:38.830000,write down the string variable name from where you want to initialize this that
00:03:38.830000,00:03:38.840000,where you want to initialize this that
00:03:38.840000,00:03:43.110000,where you want to initialize this that is full name and here start index from
00:03:43.110000,00:03:43.120000,is full name and here start index from
00:03:43.120000,00:03:45.630000,is full name and here start index from where you want to initialize the first
00:03:45.630000,00:03:45.640000,where you want to initialize the first
00:03:45.640000,00:03:46.910000,where you want to initialize the first character from where you want to take
00:03:46.910000,00:03:46.920000,character from where you want to take
00:03:46.920000,00:03:48.990000,character from where you want to take from which position from which index so
00:03:48.990000,00:03:49,from which position from which index so
00:03:49,00:03:53.149000,from which position from which index so from zero and next would be the length
00:03:53.149000,00:03:53.159000,from zero and next would be the length
00:03:53.159000,00:03:56.229000,from zero and next would be the length how many characters you want to fetch so
00:03:56.229000,00:03:56.239000,how many characters you want to fetch so
00:03:56.239000,00:04:00.550000,how many characters you want to fetch so length would be till s this s so 1 2 3 4
00:04:00.550000,00:04:00.560000,length would be till s this s so 1 2 3 4
00:04:00.560000,00:04:05.630000,length would be till s this s so 1 2 3 4 5 6 7 so zero and length should be
00:04:05.630000,00:04:05.640000,5 6 7 so zero and length should be
00:04:05.640000,00:04:09.470000,5 6 7 so zero and length should be 7 right so if you want to check
00:04:09.470000,00:04:09.480000,7 right so if you want to check
00:04:09.480000,00:04:13.710000,7 right so if you want to check out then you can just print this F name
00:04:13.710000,00:04:13.720000,out then you can just print this F name
00:04:13.720000,00:04:17.629000,out then you can just print this F name and you can check whether in in this
00:04:17.629000,00:04:17.639000,and you can check whether in in this
00:04:17.639000,00:04:20.229000,and you can check whether in in this name you have Jenny's or
00:04:20.229000,00:04:20.239000,name you have Jenny's or
00:04:20.239000,00:04:25.070000,name you have Jenny's or not see let's run this and see Jenny's
00:04:25.070000,00:04:25.080000,not see let's run this and see Jenny's
00:04:25.080000,00:04:28.550000,not see let's run this and see Jenny's right okay it's it is working fine now
00:04:28.550000,00:04:28.560000,right okay it's it is working fine now
00:04:28.560000,00:04:30.510000,right okay it's it is working fine now comment out this thing now second
00:04:30.510000,00:04:30.520000,comment out this thing now second
00:04:30.520000,00:04:35.070000,comment out this thing now second variable uh name we will take that is L
00:04:35.070000,00:04:35.080000,variable uh name we will take that is L
00:04:35.080000,00:04:40.270000,variable uh name we will take that is L name or last name and we will use here
00:04:40.270000,00:04:40.280000,name or last name and we will use here
00:04:40.280000,00:04:42.790000,name or last name and we will use here substring here we will fetch from this
00:04:42.790000,00:04:42.800000,substring here we will fetch from this
00:04:42.800000,00:04:46.150000,substring here we will fetch from this string we will fetch lectures only right
00:04:46.150000,00:04:46.160000,string we will fetch lectures only right
00:04:46.160000,00:04:48.830000,string we will fetch lectures only right so that we can do with subring so name
00:04:48.830000,00:04:48.840000,so that we can do with subring so name
00:04:48.840000,00:04:50.909000,so that we can do with subring so name of the that string variable full name
00:04:50.909000,00:04:50.919000,of the that string variable full name
00:04:50.919000,00:04:54.590000,of the that string variable full name dot we will call sorry not full it's
00:04:54.590000,00:04:54.600000,dot we will call sorry not full it's
00:04:54.600000,00:04:58.950000,dot we will call sorry not full it's full name full name dot sust Str and
00:04:58.950000,00:04:58.960000,full name full name dot sust Str and
00:04:58.960000,00:05:01.990000,full name full name dot sust Str and here you need to first two argument
00:05:01.990000,00:05:02,here you need to first two argument
00:05:02,00:05:04.790000,here you need to first two argument first would be same the start index and
00:05:04.790000,00:05:04.800000,first would be same the start index and
00:05:04.800000,00:05:08.390000,first would be same the start index and next would be length so start index from
00:05:08.390000,00:05:08.400000,next would be length so start index from
00:05:08.400000,00:05:09.670000,next would be length so start index from L I want
00:05:09.670000,00:05:09.680000,L I want
00:05:09.680000,00:05:14.510000,L I want to extract the string so lectures so the
00:05:14.510000,00:05:14.520000,to extract the string so lectures so the
00:05:14.520000,00:05:20.510000,to extract the string so lectures so the position of L is 0 1 2 3 4 5 6 7 start
00:05:20.510000,00:05:20.520000,position of L is 0 1 2 3 4 5 6 7 start
00:05:20.520000,00:05:22.390000,position of L is 0 1 2 3 4 5 6 7 start index index is seven index start from
00:05:22.390000,00:05:22.400000,index index is seven index start from
00:05:22.400000,00:05:25.909000,index index is seven index start from Seven sorry from zero so L is on Seventh
00:05:25.909000,00:05:25.919000,Seven sorry from zero so L is on Seventh
00:05:25.919000,00:05:32.870000,Seven sorry from zero so L is on Seventh index and now next length so 1 2 3 4 5 6
00:05:32.870000,00:05:32.880000,index and now next length so 1 2 3 4 5 6
00:05:32.880000,00:05:34.950000,index and now next length so 1 2 3 4 5 6 7 8 eight characters are there in
00:05:34.950000,00:05:34.960000,7 8 eight characters are there in
00:05:34.960000,00:05:36.590000,7 8 eight characters are there in lecture so I eight character I want to
00:05:36.590000,00:05:36.600000,lecture so I eight character I want to
00:05:36.600000,00:05:39.230000,lecture so I eight character I want to fetch so this sub subring I want to
00:05:39.230000,00:05:39.240000,fetch so this sub subring I want to
00:05:39.240000,00:05:43.390000,fetch so this sub subring I want to fetch from full name from this string so
00:05:43.390000,00:05:43.400000,fetch from full name from this string so
00:05:43.400000,00:05:44.830000,fetch from full name from this string so if you want to check out you can check
00:05:44.830000,00:05:44.840000,if you want to check out you can check
00:05:44.840000,00:05:49.590000,if you want to check out you can check out here rather then F name we can print
00:05:49.590000,00:05:49.600000,out here rather then F name we can print
00:05:49.600000,00:05:53.230000,out here rather then F name we can print last name so it will print kri sorry
00:05:53.230000,00:05:53.240000,last name so it will print kri sorry
00:05:53.240000,00:05:57.230000,last name so it will print kri sorry lectures lectures right now
00:05:57.230000,00:05:57.240000,lectures lectures right now
00:05:57.240000,00:06:00.150000,lectures lectures right now concatenate F name and this
00:06:00.150000,00:06:00.160000,concatenate F name and this
00:06:00.160000,00:06:02.309000,concatenate F name and this so let's take another
00:06:02.309000,00:06:02.319000,so let's take another
00:06:02.319000,00:06:04.189000,so let's take another variable
00:06:04.189000,00:06:04.199000,variable
00:06:04.199000,00:06:09.029000,variable uh formatted full
00:06:12.990000,00:06:13,name right we have a string variable
00:06:13,00:06:17.309000,name right we have a string variable formatted full name so now
00:06:17.309000,00:06:17.319000,formatted full name so now
00:06:17.319000,00:06:20.309000,formatted full name so now formed full name equal
00:06:20.309000,00:06:20.319000,formed full name equal
00:06:20.319000,00:06:22.350000,formed full name equal to F
00:06:22.350000,00:06:22.360000,to F
00:06:22.360000,00:06:23.990000,to F name
00:06:23.990000,00:06:24,name
00:06:24,00:06:28.150000,name plus L name just
00:06:30.189000,00:06:30.199000,concatenate but no
00:06:30.199000,00:06:33.749000,concatenate but no no it will not give you the desired
00:06:33.749000,00:06:33.759000,no it will not give you the desired
00:06:33.759000,00:06:36.350000,no it will not give you the desired result because if you now print the for
00:06:36.350000,00:06:36.360000,result because if you now print the for
00:06:36.360000,00:06:38.150000,result because if you now print the for this formatted full
00:06:38.150000,00:06:38.160000,this formatted full
00:06:38.160000,00:06:40.710000,this formatted full name let's run this and see what output
00:06:40.710000,00:06:40.720000,name let's run this and see what output
00:06:40.720000,00:06:42.629000,name let's run this and see what output you are getting it's Jenny's lectures
00:06:42.629000,00:06:42.639000,you are getting it's Jenny's lectures
00:06:42.639000,00:06:45.950000,you are getting it's Jenny's lectures without space so what's the use of doing
00:06:45.950000,00:06:45.960000,without space so what's the use of doing
00:06:45.960000,00:06:48.070000,without space so what's the use of doing these things because as it is this
00:06:48.070000,00:06:48.080000,these things because as it is this
00:06:48.080000,00:06:50.430000,these things because as it is this unformatted name we are getting so
00:06:50.430000,00:06:50.440000,unformatted name we are getting so
00:06:50.440000,00:06:53.029000,unformatted name we are getting so insert a space
00:06:53.029000,00:06:53.039000,insert a space
00:06:53.039000,00:06:56.710000,insert a space first so how to insert we have an insert
00:06:56.710000,00:06:56.720000,first so how to insert we have an insert
00:06:56.720000,00:06:58.510000,first so how to insert we have an insert function you have to use that thing
00:06:58.510000,00:06:58.520000,function you have to use that thing
00:06:58.520000,00:07:02.150000,function you have to use that thing right we can concatenate also like plus
00:07:02.150000,00:07:02.160000,right we can concatenate also like plus
00:07:02.160000,00:07:04.950000,right we can concatenate also like plus and here we can do something like this
00:07:04.950000,00:07:04.960000,and here we can do something like this
00:07:04.960000,00:07:08.869000,and here we can do something like this space then plus L name this will work
00:07:08.869000,00:07:08.879000,space then plus L name this will work
00:07:08.879000,00:07:12.869000,space then plus L name this will work fine let me run this and show
00:07:12.869000,00:07:12.879000,fine let me run this and show
00:07:12.879000,00:07:16.430000,fine let me run this and show you see with space you got it but no no
00:07:16.430000,00:07:16.440000,you see with space you got it but no no
00:07:16.440000,00:07:18.670000,you see with space you got it but no no no you don't have to do this thing you
00:07:18.670000,00:07:18.680000,no you don't have to do this thing you
00:07:18.680000,00:07:23.110000,no you don't have to do this thing you have to use insert function right
00:07:23.110000,00:07:23.120000,have to use insert function right
00:07:23.120000,00:07:26.550000,have to use insert function right so in formatted full name this name
00:07:26.550000,00:07:26.560000,so in formatted full name this name
00:07:26.560000,00:07:29.550000,so in formatted full name this name formatted full name I want to insert
00:07:29.550000,00:07:29.560000,formatted full name I want to insert
00:07:29.560000,00:07:32.950000,formatted full name I want to insert let's call insert function at which
00:07:32.950000,00:07:32.960000,let's call insert function at which
00:07:32.960000,00:07:35.390000,let's call insert function at which position you want to insert only one
00:07:35.390000,00:07:35.400000,position you want to insert only one
00:07:35.400000,00:07:37.990000,position you want to insert only one like a space I want to insert so first
00:07:37.990000,00:07:38,like a space I want to insert so first
00:07:38,00:07:40.629000,like a space I want to insert so first you need to give the position position
00:07:40.629000,00:07:40.639000,you need to give the position position
00:07:40.639000,00:07:44.350000,you need to give the position position where from which index from uh at which
00:07:44.350000,00:07:44.360000,where from which index from uh at which
00:07:44.360000,00:07:49.830000,where from which index from uh at which position so 0 1 2 3 4 5 6
00:07:49.830000,00:07:49.840000,position so 0 1 2 3 4 5 6
00:07:49.840000,00:07:53.270000,position so 0 1 2 3 4 5 6 7 right seventh
00:07:53.270000,00:07:53.280000,7 right seventh
00:07:53.280000,00:07:55.869000,7 right seventh position so it will
00:07:55.869000,00:07:55.879000,position so it will
00:07:55.879000,00:07:59.790000,position so it will insert just before this whatever
00:07:59.790000,00:07:59.800000,insert just before this whatever
00:07:59.800000,00:08:02.029000,insert just before this whatever character at the seventh position here
00:08:02.029000,00:08:02.039000,character at the seventh position here
00:08:02.039000,00:08:03.990000,character at the seventh position here just before that character it will
00:08:03.990000,00:08:04,just before that character it will
00:08:04,00:08:06.550000,just before that character it will insert whatever you will insert so at
00:08:06.550000,00:08:06.560000,insert whatever you will insert so at
00:08:06.560000,00:08:08.950000,insert whatever you will insert so at seven right now the character in this
00:08:08.950000,00:08:08.960000,seven right now the character in this
00:08:08.960000,00:08:12.029000,seven right now the character in this string is L so just before this L it
00:08:12.029000,00:08:12.039000,string is L so just before this L it
00:08:12.039000,00:08:13.550000,string is L so just before this L it will
00:08:13.550000,00:08:13.560000,will
00:08:13.560000,00:08:15.790000,will insert whatever you want to insert and I
00:08:15.790000,00:08:15.800000,insert whatever you want to insert and I
00:08:15.800000,00:08:17.550000,insert whatever you want to insert and I want to insert only a
00:08:17.550000,00:08:17.560000,want to insert only a
00:08:17.560000,00:08:22.149000,want to insert only a space so just give a space here and
00:08:22.149000,00:08:22.159000,space so just give a space here and
00:08:22.159000,00:08:22.909000,space so just give a space here and that's
00:08:22.909000,00:08:22.919000,that's
00:08:22.919000,00:08:26.390000,that's it right we can insert a complete subing
00:08:26.390000,00:08:26.400000,it right we can insert a complete subing
00:08:26.400000,00:08:29.510000,it right we can insert a complete subing substring also or a single character
00:08:29.510000,00:08:29.520000,substring also or a single character
00:08:29.520000,00:08:32.110000,substring also or a single character like we are inserting only space here
00:08:32.110000,00:08:32.120000,like we are inserting only space here
00:08:32.120000,00:08:33.949000,like we are inserting only space here this insert we can use in many ways
00:08:33.949000,00:08:33.959000,this insert we can use in many ways
00:08:33.959000,00:08:36.790000,this insert we can use in many ways multiple ways I hope you have done this
00:08:36.790000,00:08:36.800000,multiple ways I hope you have done this
00:08:36.800000,00:08:39.670000,multiple ways I hope you have done this right so please try out these
00:08:39.670000,00:08:39.680000,right so please try out these
00:08:39.680000,00:08:42.949000,right so please try out these functions now let's print this formatted
00:08:42.949000,00:08:42.959000,functions now let's print this formatted
00:08:42.959000,00:08:47.190000,functions now let's print this formatted full name and see Jenny's space lectures
00:08:47.190000,00:08:47.200000,full name and see Jenny's space lectures
00:08:47.200000,00:08:48.030000,full name and see Jenny's space lectures right
00:08:48.030000,00:08:48.040000,right
00:08:48.040000,00:08:50.630000,right sorry so I guess this was simple one but
00:08:50.630000,00:08:50.640000,sorry so I guess this was simple one but
00:08:50.640000,00:08:53.030000,sorry so I guess this was simple one but if you didn't get it take your time and
00:08:53.030000,00:08:53.040000,if you didn't get it take your time and
00:08:53.040000,00:08:56.150000,if you didn't get it take your time and then again watch this video try to
00:08:56.150000,00:08:56.160000,then again watch this video try to
00:08:56.160000,00:08:57.870000,then again watch this video try to understand what we are using try to
00:08:57.870000,00:08:57.880000,understand what we are using try to
00:08:57.880000,00:09:00.670000,understand what we are using try to understand first what is this sustr what
00:09:00.670000,00:09:00.680000,understand first what is this sustr what
00:09:00.680000,00:09:03.190000,understand first what is this sustr what is the insert how to use these things
00:09:03.190000,00:09:03.200000,is the insert how to use these things
00:09:03.200000,00:09:05.990000,is the insert how to use these things what does this initialization means
00:09:05.990000,00:09:06,what does this initialization means
00:09:06,00:09:07.829000,what does this initialization means right we are initializing this variable
00:09:07.829000,00:09:07.839000,right we are initializing this variable
00:09:07.839000,00:09:08.990000,right we are initializing this variable from another
00:09:08.990000,00:09:09,from another
00:09:09,00:09:11.870000,from another string okay so I hope you got this
00:09:11.870000,00:09:11.880000,string okay so I hope you got this
00:09:11.880000,00:09:13.790000,string okay so I hope you got this exercise uh in the next we'll see what
00:09:13.790000,00:09:13.800000,exercise uh in the next we'll see what
00:09:13.800000,00:09:15.990000,exercise uh in the next we'll see what are functions in C++ so now I'll see you
00:09:15.990000,00:09:16,are functions in C++ so now I'll see you
00:09:16,00:09:17.750000,are functions in C++ so now I'll see you in the next video till then bye-bye take
00:09:17.750000,00:09:17.760000,in the next video till then bye-bye take
00:09:17.760000,00:09:20.760000,in the next video till then bye-bye take care
