Start Time,End Time,Text
00:00:02.310000,00:00:02.320000,hey everyone I hope you are safe and
00:00:02.320000,00:00:04.030000,hey everyone I hope you are safe and doing good so in the series of learning
00:00:04.030000,00:00:04.040000,doing good so in the series of learning
00:00:04.040000,00:00:05.390000,doing good so in the series of learning C++ programming language we are
00:00:05.390000,00:00:05.400000,C++ programming language we are
00:00:05.400000,00:00:07.070000,C++ programming language we are discussing strings in C++ in the
00:00:07.070000,00:00:07.080000,discussing strings in C++ in the
00:00:07.080000,00:00:08.910000,discussing strings in C++ in the previous video we have seen one coding
00:00:08.910000,00:00:08.920000,previous video we have seen one coding
00:00:08.920000,00:00:11.350000,previous video we have seen one coding exercise based on strings that was very
00:00:11.350000,00:00:11.360000,exercise based on strings that was very
00:00:11.360000,00:00:13.390000,exercise based on strings that was very simple one and in this video we'll see
00:00:13.390000,00:00:13.400000,simple one and in this video we'll see
00:00:13.400000,00:00:15.070000,simple one and in this video we'll see one more coding exercise that is a
00:00:15.070000,00:00:15.080000,one more coding exercise that is a
00:00:15.080000,00:00:16.750000,one more coding exercise that is a little bit difficult right because we
00:00:16.750000,00:00:16.760000,little bit difficult right because we
00:00:16.760000,00:00:18.590000,little bit difficult right because we are going to make a substitution Cipher
00:00:18.590000,00:00:18.600000,are going to make a substitution Cipher
00:00:18.600000,00:00:20.550000,are going to make a substitution Cipher here right we're going to encrypt a
00:00:20.550000,00:00:20.560000,here right we're going to encrypt a
00:00:20.560000,00:00:22.870000,here right we're going to encrypt a message and decrypt a message like we
00:00:22.870000,00:00:22.880000,message and decrypt a message like we
00:00:22.880000,00:00:26.230000,message and decrypt a message like we generally do uh when we talk uh with our
00:00:26.230000,00:00:26.240000,generally do uh when we talk uh with our
00:00:26.240000,00:00:28.310000,generally do uh when we talk uh with our especially friends then we uh use some
00:00:28.310000,00:00:28.320000,especially friends then we uh use some
00:00:28.320000,00:00:30.550000,especially friends then we uh use some code language or sign language so that
00:00:30.550000,00:00:30.560000,code language or sign language so that
00:00:30.560000,00:00:32.950000,code language or sign language so that no one can understand our message right
00:00:32.950000,00:00:32.960000,no one can understand our message right
00:00:32.960000,00:00:35.830000,no one can understand our message right these kind of things right so that
00:00:35.830000,00:00:35.840000,these kind of things right so that
00:00:35.840000,00:00:37.950000,these kind of things right so that that's exactly we are going to implement
00:00:37.950000,00:00:37.960000,that's exactly we are going to implement
00:00:37.960000,00:00:41.510000,that's exactly we are going to implement in this video with the help of what like
00:00:41.510000,00:00:41.520000,in this video with the help of what like
00:00:41.520000,00:00:43.310000,in this video with the help of what like obviously we are going to use strings
00:00:43.310000,00:00:43.320000,obviously we are going to use strings
00:00:43.320000,00:00:46.549000,obviously we are going to use strings here so what you are given is like uh
00:00:46.549000,00:00:46.559000,here so what you are given is like uh
00:00:46.559000,00:00:49.389000,here so what you are given is like uh you are given those alphabets letters
00:00:49.389000,00:00:49.399000,you are given those alphabets letters
00:00:49.399000,00:00:52.670000,you are given those alphabets letters from a to zed in capital letter and
00:00:52.670000,00:00:52.680000,from a to zed in capital letter and
00:00:52.680000,00:00:55.510000,from a to zed in capital letter and small letter and corresponding to that
00:00:55.510000,00:00:55.520000,small letter and corresponding to that
00:00:55.520000,00:00:58.389000,small letter and corresponding to that letters you are going to given a
00:00:58.389000,00:00:58.399000,letters you are going to given a
00:00:58.399000,00:01:02.229000,letters you are going to given a key right like a would be replaced here
00:01:02.229000,00:01:02.239000,key right like a would be replaced here
00:01:02.239000,00:01:05.070000,key right like a would be replaced here the keys with capital zed B would be
00:01:05.070000,00:01:05.080000,the keys with capital zed B would be
00:01:05.080000,00:01:08.429000,the keys with capital zed B would be replaced with capital Y like this this
00:01:08.429000,00:01:08.439000,replaced with capital Y like this this
00:01:08.439000,00:01:10.950000,replaced with capital Y like this this is a simple just an example the key can
00:01:10.950000,00:01:10.960000,is a simple just an example the key can
00:01:10.960000,00:01:14.350000,is a simple just an example the key can be anything right yeah Subs Sher is not
00:01:14.350000,00:01:14.360000,be anything right yeah Subs Sher is not
00:01:14.360000,00:01:17.670000,be anything right yeah Subs Sher is not so strong so you know hackers can heck
00:01:17.670000,00:01:17.680000,so strong so you know hackers can heck
00:01:17.680000,00:01:21.350000,so strong so you know hackers can heck this and easily Deer uh the text or
00:01:21.350000,00:01:21.360000,this and easily Deer uh the text or
00:01:21.360000,00:01:24.030000,this and easily Deer uh the text or decrypt the text right but it's just an
00:01:24.030000,00:01:24.040000,decrypt the text right but it's just an
00:01:24.040000,00:01:25.789000,decrypt the text right but it's just an example in this example we are going to
00:01:25.789000,00:01:25.799000,example in this example we are going to
00:01:25.799000,00:01:28.429000,example in this example we are going to take only letters small and capital
00:01:28.429000,00:01:28.439000,take only letters small and capital
00:01:28.439000,00:01:32.149000,take only letters small and capital letters but you you can uh make this uh
00:01:32.149000,00:01:32.159000,letters but you you can uh make this uh
00:01:32.159000,00:01:34.510000,letters but you you can uh make this uh project little bit complicated you can
00:01:34.510000,00:01:34.520000,project little bit complicated you can
00:01:34.520000,00:01:37.550000,project little bit complicated you can take numbers also 1 2 3 4 5 like this
00:01:37.550000,00:01:37.560000,take numbers also 1 2 3 4 5 like this
00:01:37.560000,00:01:39.950000,take numbers also 1 2 3 4 5 like this and special characters like space or
00:01:39.950000,00:01:39.960000,and special characters like space or
00:01:39.960000,00:01:42.830000,and special characters like space or those um apostrophe and these kind of
00:01:42.830000,00:01:42.840000,those um apostrophe and these kind of
00:01:42.840000,00:01:44.950000,those um apostrophe and these kind of things also you can take right and
00:01:44.950000,00:01:44.960000,things also you can take right and
00:01:44.960000,00:01:46.350000,things also you can take right and corresponding to
00:01:46.350000,00:01:46.360000,corresponding to
00:01:46.360000,00:01:49.469000,corresponding to those uh letters or those characters
00:01:49.469000,00:01:49.479000,those uh letters or those characters
00:01:49.479000,00:01:51.910000,those uh letters or those characters also we can take a key like space would
00:01:51.910000,00:01:51.920000,also we can take a key like space would
00:01:51.920000,00:01:54.670000,also we can take a key like space would be replaced with maybe atate one would
00:01:54.670000,00:01:54.680000,be replaced with maybe atate one would
00:01:54.680000,00:01:57.910000,be replaced with maybe atate one would be replaced with maybe zero like this
00:01:57.910000,00:01:57.920000,be replaced with maybe zero like this
00:01:57.920000,00:02:01.830000,be replaced with maybe zero like this right so I'm just starting with a simple
00:02:01.830000,00:02:01.840000,right so I'm just starting with a simple
00:02:01.840000,00:02:06.389000,right so I'm just starting with a simple example right we'll just here decrypt or
00:02:06.389000,00:02:06.399000,example right we'll just here decrypt or
00:02:06.399000,00:02:08.589000,example right we'll just here decrypt or encrypt and decrypt only letters I'm
00:02:08.589000,00:02:08.599000,encrypt and decrypt only letters I'm
00:02:08.599000,00:02:11.150000,encrypt and decrypt only letters I'm taking you can update it a little bit
00:02:11.150000,00:02:11.160000,taking you can update it a little bit
00:02:11.160000,00:02:13.110000,taking you can update it a little bit you can modify it a little bit right so
00:02:13.110000,00:02:13.120000,you can modify it a little bit right so
00:02:13.120000,00:02:15.190000,you can modify it a little bit right so you are given those alphabets and the
00:02:15.190000,00:02:15.200000,you are given those alphabets and the
00:02:15.200000,00:02:18.350000,you are given those alphabets and the key right and what should be the output
00:02:18.350000,00:02:18.360000,key right and what should be the output
00:02:18.360000,00:02:21.070000,key right and what should be the output see let me show you so output would be
00:02:21.070000,00:02:21.080000,see let me show you so output would be
00:02:21.080000,00:02:22.509000,see let me show you so output would be some something like this it will ask
00:02:22.509000,00:02:22.519000,some something like this it will ask
00:02:22.519000,00:02:25.509000,some something like this it will ask enter your message so suppose I'm
00:02:25.509000,00:02:25.519000,enter your message so suppose I'm
00:02:25.519000,00:02:29.030000,enter your message so suppose I'm entering any message like hi like
00:02:29.030000,00:02:29.040000,entering any message like hi like
00:02:29.040000,00:02:31.430000,entering any message like hi like there's a meeting at 10: a.m. tomorrow
00:02:31.430000,00:02:31.440000,there's a meeting at 10: a.m. tomorrow
00:02:31.440000,00:02:32.710000,there's a meeting at 10: a.m. tomorrow right
00:02:32.710000,00:02:32.720000,right
00:02:32.720000,00:02:34.910000,right so it will show you something like this
00:02:34.910000,00:02:34.920000,so it will show you something like this
00:02:34.920000,00:02:39.070000,so it will show you something like this like encrypted message is this okay see
00:02:39.070000,00:02:39.080000,like encrypted message is this okay see
00:02:39.080000,00:02:42.589000,like encrypted message is this okay see one 10 is as it is the suppos stop is as
00:02:42.589000,00:02:42.599000,one 10 is as it is the suppos stop is as
00:02:42.599000,00:02:44.710000,one 10 is as it is the suppos stop is as it is space is as it is we are just
00:02:44.710000,00:02:44.720000,it is space is as it is we are just
00:02:44.720000,00:02:48.630000,it is space is as it is we are just encrypting here at initial stage only
00:02:48.630000,00:02:48.640000,encrypting here at initial stage only
00:02:48.640000,00:02:51.589000,encrypting here at initial stage only alphabets right and then decrypt the
00:02:51.589000,00:02:51.599000,alphabets right and then decrypt the
00:02:51.599000,00:02:53.949000,alphabets right and then decrypt the message and see this is the decrypted
00:02:53.949000,00:02:53.959000,message and see this is the decrypted
00:02:53.959000,00:02:57.229000,message and see this is the decrypted message whatever we have sent right so
00:02:57.229000,00:02:57.239000,message whatever we have sent right so
00:02:57.239000,00:03:00.589000,message whatever we have sent right so this should be output the output right
00:03:00.589000,00:03:00.599000,this should be output the output right
00:03:00.599000,00:03:03.350000,this should be output the output right at simple at initial stage so I hope you
00:03:03.350000,00:03:03.360000,at simple at initial stage so I hope you
00:03:03.360000,00:03:05.149000,at simple at initial stage so I hope you got what is this problem statement and
00:03:05.149000,00:03:05.159000,got what is this problem statement and
00:03:05.159000,00:03:08.550000,got what is this problem statement and what you have to do right now what you
00:03:08.550000,00:03:08.560000,what you have to do right now what you
00:03:08.560000,00:03:11.869000,what you have to do right now what you are given is this thing you are given
00:03:11.869000,00:03:11.879000,are given is this thing you are given
00:03:11.879000,00:03:13.789000,are given is this thing you are given those alphabets you can not down this
00:03:13.789000,00:03:13.799000,those alphabets you can not down this
00:03:13.799000,00:03:16.430000,those alphabets you can not down this thing these alphabets would be replaced
00:03:16.430000,00:03:16.440000,thing these alphabets would be replaced
00:03:16.440000,00:03:20.030000,thing these alphabets would be replaced with these keys right so pause the video
00:03:20.030000,00:03:20.040000,with these keys right so pause the video
00:03:20.040000,00:03:22.750000,with these keys right so pause the video and try this out so I hope you have done
00:03:22.750000,00:03:22.760000,and try this out so I hope you have done
00:03:22.760000,00:03:25.470000,and try this out so I hope you have done this see this is you are given one
00:03:25.470000,00:03:25.480000,this see this is you are given one
00:03:25.480000,00:03:28.030000,this see this is you are given one spring is alphabet and here we have
00:03:28.030000,00:03:28.040000,spring is alphabet and here we have
00:03:28.040000,00:03:30.270000,spring is alphabet and here we have small ABCD from a to zed
00:03:30.270000,00:03:30.280000,small ABCD from a to zed
00:03:30.280000,00:03:34.429000,small ABCD from a to zed and capital A to Z Now the key is this
00:03:34.429000,00:03:34.439000,and capital A to Z Now the key is this
00:03:34.439000,00:03:36.589000,and capital A to Z Now the key is this small a would be rep replaced with this
00:03:36.589000,00:03:36.599000,small a would be rep replaced with this
00:03:36.599000,00:03:40.030000,small a would be rep replaced with this capital z z small B would be replaced
00:03:40.030000,00:03:40.040000,capital z z small B would be replaced
00:03:40.040000,00:03:43.110000,capital z z small B would be replaced with capital Y right this is the key in
00:03:43.110000,00:03:43.120000,with capital Y right this is the key in
00:03:43.120000,00:03:45.470000,with capital Y right this is the key in reverse order I'm taking like small ABCD
00:03:45.470000,00:03:45.480000,reverse order I'm taking like small ABCD
00:03:45.480000,00:03:47.350000,reverse order I'm taking like small ABCD are replaced with capital ABCD in
00:03:47.350000,00:03:47.360000,are replaced with capital ABCD in
00:03:47.360000,00:03:50.149000,are replaced with capital ABCD in reverse order and small Capital ABCD up
00:03:50.149000,00:03:50.159000,reverse order and small Capital ABCD up
00:03:50.159000,00:03:52.589000,reverse order and small Capital ABCD up to Z would be replaced with small ABCD
00:03:52.589000,00:03:52.599000,to Z would be replaced with small ABCD
00:03:52.599000,00:03:54.550000,to Z would be replaced with small ABCD in reverse order right key can be
00:03:54.550000,00:03:54.560000,in reverse order right key can be
00:03:54.560000,00:03:56.229000,in reverse order right key can be anything it's not like that you have to
00:03:56.229000,00:03:56.239000,anything it's not like that you have to
00:03:56.239000,00:03:58.229000,anything it's not like that you have to take this key only this is some simple
00:03:58.229000,00:03:58.239000,take this key only this is some simple
00:03:58.239000,00:04:01.589000,take this key only this is some simple example I'm taking here rather than z y
00:04:01.589000,00:04:01.599000,example I'm taking here rather than z y
00:04:01.599000,00:04:03.390000,example I'm taking here rather than z y uh X you can take like
00:04:03.390000,00:04:03.400000,uh X you can take like
00:04:03.400000,00:04:07.710000,uh X you can take like RP MN or these kind of thing right but
00:04:07.710000,00:04:07.720000,RP MN or these kind of thing right but
00:04:07.720000,00:04:10.350000,RP MN or these kind of thing right but yeah this should be replaced with some
00:04:10.350000,00:04:10.360000,yeah this should be replaced with some
00:04:10.360000,00:04:12.910000,yeah this should be replaced with some another character or rather than a b CD
00:04:12.910000,00:04:12.920000,another character or rather than a b CD
00:04:12.920000,00:04:14.350000,another character or rather than a b CD you can take a would be replaced with
00:04:14.350000,00:04:14.360000,you can take a would be replaced with
00:04:14.360000,00:04:16.670000,you can take a would be replaced with one B would be replaced with the two
00:04:16.670000,00:04:16.680000,one B would be replaced with the two
00:04:16.680000,00:04:18.710000,one B would be replaced with the two something like this T can be anything
00:04:18.710000,00:04:18.720000,something like this T can be anything
00:04:18.720000,00:04:20.189000,something like this T can be anything right
00:04:20.189000,00:04:20.199000,right
00:04:20.199000,00:04:24.469000,right okay now one thing is what what you will
00:04:24.469000,00:04:24.479000,okay now one thing is what what you will
00:04:24.479000,00:04:27.230000,okay now one thing is what what you will do is simple approach we can take like a
00:04:27.230000,00:04:27.240000,do is simple approach we can take like a
00:04:27.240000,00:04:29.110000,do is simple approach we can take like a message is suppose I'm this is the
00:04:29.110000,00:04:29.120000,message is suppose I'm this is the
00:04:29.120000,00:04:30.629000,message is suppose I'm this is the message
00:04:30.629000,00:04:30.639000,message
00:04:30.639000,00:04:34.070000,message hi jny that's it so one thing we can do
00:04:34.070000,00:04:34.080000,hi jny that's it so one thing we can do
00:04:34.080000,00:04:37.790000,hi jny that's it so one thing we can do is this H we will search we will find
00:04:37.790000,00:04:37.800000,is this H we will search we will find
00:04:37.800000,00:04:40.870000,is this H we will search we will find here in this alphabet in this string
00:04:40.870000,00:04:40.880000,here in this alphabet in this string
00:04:40.880000,00:04:44.990000,here in this alphabet in this string where is this H the position Capital H
00:04:44.990000,00:04:45,where is this H the position Capital H
00:04:45,00:04:47.590000,where is this H the position Capital H right Capital H is
00:04:47.590000,00:04:47.600000,right Capital H is
00:04:47.600000,00:04:51.430000,right Capital H is here now at that position same position
00:04:51.430000,00:04:51.440000,here now at that position same position
00:04:51.440000,00:04:54.350000,here now at that position same position what is the character in this key that
00:04:54.350000,00:04:54.360000,what is the character in this key that
00:04:54.360000,00:04:57.110000,what is the character in this key that you need to find and just replace this H
00:04:57.110000,00:04:57.120000,you need to find and just replace this H
00:04:57.120000,00:05:00.310000,you need to find and just replace this H with that character simple
00:05:00.310000,00:05:00.320000,with that character simple
00:05:00.320000,00:05:03.110000,with that character simple this thing you need to do and while
00:05:03.110000,00:05:03.120000,this thing you need to do and while
00:05:03.120000,00:05:05.430000,this thing you need to do and while decrypting just take that encrypted
00:05:05.430000,00:05:05.440000,decrypting just take that encrypted
00:05:05.440000,00:05:08.070000,decrypting just take that encrypted message what is that encrypted message
00:05:08.070000,00:05:08.080000,message what is that encrypted message
00:05:08.080000,00:05:13.029000,message what is that encrypted message right and same search from starting
00:05:13.029000,00:05:13.039000,right and same search from starting
00:05:13.039000,00:05:15.070000,right and same search from starting search for first character where is that
00:05:15.070000,00:05:15.080000,search for first character where is that
00:05:15.080000,00:05:17.670000,search for first character where is that character in this key in this key in
00:05:17.670000,00:05:17.680000,character in this key in this key in
00:05:17.680000,00:05:20.629000,character in this key in this key in this string right find out the position
00:05:20.629000,00:05:20.639000,this string right find out the position
00:05:20.639000,00:05:22.550000,this string right find out the position and at same position what is the
00:05:22.550000,00:05:22.560000,and at same position what is the
00:05:22.560000,00:05:25.790000,and at same position what is the character in this string
00:05:25.790000,00:05:25.800000,character in this string
00:05:25.800000,00:05:29.070000,character in this string alphabet just replace that with that
00:05:29.070000,00:05:29.080000,alphabet just replace that with that
00:05:29.080000,00:05:30.790000,alphabet just replace that with that character or that alphabet and that
00:05:30.790000,00:05:30.800000,character or that alphabet and that
00:05:30.800000,00:05:32.350000,character or that alphabet and that would be decrypted
00:05:32.350000,00:05:32.360000,would be decrypted
00:05:32.360000,00:05:35.590000,would be decrypted message I hope you're getting right so
00:05:35.590000,00:05:35.600000,message I hope you're getting right so
00:05:35.600000,00:05:37.029000,message I hope you're getting right so now you can pause the video and try this
00:05:37.029000,00:05:37.039000,now you can pause the video and try this
00:05:37.039000,00:05:39.550000,now you can pause the video and try this out if you haven't done this okay let's
00:05:39.550000,00:05:39.560000,out if you haven't done this okay let's
00:05:39.560000,00:05:42.350000,out if you haven't done this okay let's see let's ask from user we will take
00:05:42.350000,00:05:42.360000,see let's ask from user we will take
00:05:42.360000,00:05:45.950000,see let's ask from user we will take first like obviously I'll take a string
00:05:45.950000,00:05:45.960000,first like obviously I'll take a string
00:05:45.960000,00:05:50.950000,first like obviously I'll take a string message MSG or secret message right and
00:05:50.950000,00:05:50.960000,message MSG or secret message right and
00:05:50.960000,00:05:54.710000,message MSG or secret message right and this thing you can take or simply you
00:05:54.710000,00:05:54.720000,this thing you can take or simply you
00:05:54.720000,00:05:58.189000,this thing you can take or simply you can take this an empty string message
00:05:58.189000,00:05:58.199000,can take this an empty string message
00:05:58.199000,00:06:00.590000,can take this an empty string message right now
00:06:00.590000,00:06:00.600000,right now
00:06:00.600000,00:06:04.350000,right now ask from user enter your message we
00:06:04.350000,00:06:04.360000,ask from user enter your message we
00:06:04.360000,00:06:06.110000,ask from user enter your message we cannot take this message with the help
00:06:06.110000,00:06:06.120000,cannot take this message with the help
00:06:06.120000,00:06:09.270000,cannot take this message with the help of cing because we are going to take a
00:06:09.270000,00:06:09.280000,of cing because we are going to take a
00:06:09.280000,00:06:12.830000,of cing because we are going to take a complete line with space Also and
00:06:12.830000,00:06:12.840000,complete line with space Also and
00:06:12.840000,00:06:15.670000,complete line with space Also and see will not take a complete line as
00:06:15.670000,00:06:15.680000,see will not take a complete line as
00:06:15.680000,00:06:17.909000,see will not take a complete line as input as soon as it will see a it will
00:06:17.909000,00:06:17.919000,input as soon as it will see a it will
00:06:17.919000,00:06:19.830000,input as soon as it will see a it will get a space it is going to stop taking
00:06:19.830000,00:06:19.840000,get a space it is going to stop taking
00:06:19.840000,00:06:21.629000,get a space it is going to stop taking input so we'll take which function we
00:06:21.629000,00:06:21.639000,input so we'll take which function we
00:06:21.639000,00:06:23.950000,input so we'll take which function we have a get line function to take a
00:06:23.950000,00:06:23.960000,have a get line function to take a
00:06:23.960000,00:06:26.749000,have a get line function to take a complete line as an input right so get
00:06:26.749000,00:06:26.759000,complete line as an input right so get
00:06:26.759000,00:06:29.309000,complete line as an input right so get line and first argument of this get line
00:06:29.309000,00:06:29.319000,line and first argument of this get line
00:06:29.319000,00:06:30.950000,line and first argument of this get line is in from where you are taking that
00:06:30.950000,00:06:30.960000,is in from where you are taking that
00:06:30.960000,00:06:33.550000,is in from where you are taking that input and in which
00:06:33.550000,00:06:33.560000,input and in which
00:06:33.560000,00:06:36.629000,input and in which um the variable you are going to store
00:06:36.629000,00:06:36.639000,um the variable you are going to store
00:06:36.639000,00:06:38.270000,um the variable you are going to store in which string variable you're going to
00:06:38.270000,00:06:38.280000,in which string variable you're going to
00:06:38.280000,00:06:40.710000,in which string variable you're going to store that message so that we are having
00:06:40.710000,00:06:40.720000,store that message so that we are having
00:06:40.720000,00:06:45.790000,store that message so that we are having string message so C in and next is
00:06:45.790000,00:06:45.800000,string message so C in and next is
00:06:45.800000,00:06:48.870000,string message so C in and next is message this is get line okay three
00:06:48.870000,00:06:48.880000,message this is get line okay three
00:06:48.880000,00:06:52.710000,message this is get line okay three argument also we can uh take here like a
00:06:52.710000,00:06:52.720000,argument also we can uh take here like a
00:06:52.720000,00:06:55.430000,argument also we can uh take here like a special dter you can give in this get
00:06:55.430000,00:06:55.440000,special dter you can give in this get
00:06:55.440000,00:06:58.029000,special dter you can give in this get line like whenever you will enter if I'm
00:06:58.029000,00:06:58.039000,line like whenever you will enter if I'm
00:06:58.039000,00:07:01.350000,line like whenever you will enter if I'm taking a if you write here like message
00:07:01.350000,00:07:01.360000,taking a if you write here like message
00:07:01.360000,00:07:05.029000,taking a if you write here like message comma space t so whenever you will enter
00:07:05.029000,00:07:05.039000,comma space t so whenever you will enter
00:07:05.039000,00:07:07.309000,comma space t so whenever you will enter small T it is going to stop taking input
00:07:07.309000,00:07:07.319000,small T it is going to stop taking input
00:07:07.319000,00:07:10.469000,small T it is going to stop taking input right but this thing we don't want here
00:07:10.469000,00:07:10.479000,right but this thing we don't want here
00:07:10.479000,00:07:12.189000,right but this thing we don't want here we just want a complete complete line as
00:07:12.189000,00:07:12.199000,we just want a complete complete line as
00:07:12.199000,00:07:15.909000,we just want a complete complete line as soon as you will enter uh you will press
00:07:15.909000,00:07:15.919000,soon as you will enter uh you will press
00:07:15.919000,00:07:18.350000,soon as you will enter uh you will press enter or you will give a new line as an
00:07:18.350000,00:07:18.360000,enter or you will give a new line as an
00:07:18.360000,00:07:20.790000,enter or you will give a new line as an input it is going to stop taking input
00:07:20.790000,00:07:20.800000,input it is going to stop taking input
00:07:20.800000,00:07:23.869000,input it is going to stop taking input right now we have taken input now what
00:07:23.869000,00:07:23.879000,right now we have taken input now what
00:07:23.879000,00:07:26.390000,right now we have taken input now what should be the
00:07:26.390000,00:07:26.400000,should be the
00:07:26.400000,00:07:32.189000,should be the process so suppose message is this
00:07:36.070000,00:07:36.080000,only High Jenny or suppose message is
00:07:36.080000,00:07:38.270000,only High Jenny or suppose message is this let's take a simple message like a
00:07:38.270000,00:07:38.280000,this let's take a simple message like a
00:07:38.280000,00:07:42.830000,this let's take a simple message like a a b b space c c this is our message so
00:07:42.830000,00:07:42.840000,a b b space c c this is our message so
00:07:42.840000,00:07:45.670000,a b b space c c this is our message so first character will take a then we'll
00:07:45.670000,00:07:45.680000,first character will take a then we'll
00:07:45.680000,00:07:48.790000,first character will take a then we'll find the position of this a in alphabet
00:07:48.790000,00:07:48.800000,find the position of this a in alphabet
00:07:48.800000,00:07:52.270000,find the position of this a in alphabet right so better to take here a range
00:07:52.270000,00:07:52.280000,right so better to take here a range
00:07:52.280000,00:07:56.510000,right so better to take here a range based for Loop right that would suit
00:07:56.510000,00:07:56.520000,based for Loop right that would suit
00:07:56.520000,00:07:58.670000,based for Loop right that would suit here in this uh you know in this
00:07:58.670000,00:07:58.680000,here in this uh you know in this
00:07:58.680000,00:08:00.070000,here in this uh you know in this exercise so
00:08:00.070000,00:08:00.080000,exercise so
00:08:00.080000,00:08:06.029000,exercise so we'll take care C and from where from
00:08:06.029000,00:08:06.039000,we'll take care C and from where from
00:08:06.039000,00:08:08.950000,we'll take care C and from where from message so message is a a space BB space
00:08:08.950000,00:08:08.960000,message so message is a a space BB space
00:08:08.960000,00:08:12.390000,message so message is a a space BB space c c so first a would be assigned to this
00:08:12.390000,00:08:12.400000,c c so first a would be assigned to this
00:08:12.400000,00:08:15.830000,c c so first a would be assigned to this C now in C we have a so let's search
00:08:15.830000,00:08:15.840000,C now in C we have a so let's search
00:08:15.840000,00:08:19.189000,C now in C we have a so let's search this a small a in this alphabet so how
00:08:19.189000,00:08:19.199000,this a small a in this alphabet so how
00:08:19.199000,00:08:22.629000,this a small a in this alphabet so how to search in string we have discussed a
00:08:22.629000,00:08:22.639000,to search in string we have discussed a
00:08:22.639000,00:08:24.670000,to search in string we have discussed a function that is find it will give the
00:08:24.670000,00:08:24.680000,function that is find it will give the
00:08:24.680000,00:08:27.629000,function that is find it will give the position right the first occurrence
00:08:27.629000,00:08:27.639000,position right the first occurrence
00:08:27.639000,00:08:31.390000,position right the first occurrence where is that you that character or
00:08:31.390000,00:08:31.400000,where is that you that character or
00:08:31.400000,00:08:33.469000,where is that you that character or where is that particular also you can
00:08:33.469000,00:08:33.479000,where is that particular also you can
00:08:33.479000,00:08:36.070000,where is that particular also you can search a string also here but here we
00:08:36.070000,00:08:36.080000,search a string also here but here we
00:08:36.080000,00:08:37.469000,search a string also here but here we are searching only a
00:08:37.469000,00:08:37.479000,are searching only a
00:08:37.479000,00:08:39.949000,are searching only a character so from alphabet we are
00:08:39.949000,00:08:39.959000,character so from alphabet we are
00:08:39.959000,00:08:43.149000,character so from alphabet we are searching so I have
00:08:43.149000,00:08:43.159000,searching so I have
00:08:43.159000,00:08:48.110000,searching so I have to call this alphabet dot find this one
00:08:48.110000,00:08:48.120000,to call this alphabet dot find this one
00:08:48.120000,00:08:50.110000,to call this alphabet dot find this one and what you want to find C whatever is
00:08:50.110000,00:08:50.120000,and what you want to find C whatever is
00:08:50.120000,00:08:52.630000,and what you want to find C whatever is there in this C position of that so it
00:08:52.630000,00:08:52.640000,there in this C position of that so it
00:08:52.640000,00:08:55.470000,there in this C position of that so it will return the position right let me
00:08:55.470000,00:08:55.480000,will return the position right let me
00:08:55.480000,00:08:57.430000,will return the position right let me show you what the find me uh this
00:08:57.430000,00:08:57.440000,show you what the find me uh this
00:08:57.440000,00:09:00.110000,show you what the find me uh this meaning of this find function is see see
00:09:00.110000,00:09:00.120000,meaning of this find function is see see
00:09:00.120000,00:09:01.110000,meaning of this find function is see see this
00:09:01.110000,00:09:01.120000,this
00:09:01.120000,00:09:04.550000,this find this find will return it will
00:09:04.550000,00:09:04.560000,find this find will return it will
00:09:04.560000,00:09:05.990000,find this find will return it will search the string for the first
00:09:05.990000,00:09:06,search the string for the first
00:09:06,00:09:07.949000,search the string for the first occurrence of the sequence specified by
00:09:07.949000,00:09:07.959000,occurrence of the sequence specified by
00:09:07.959000,00:09:09.829000,occurrence of the sequence specified by which argument but rather than that
00:09:09.829000,00:09:09.839000,which argument but rather than that
00:09:09.839000,00:09:11.870000,which argument but rather than that string we are just searching a character
00:09:11.870000,00:09:11.880000,string we are just searching a character
00:09:11.880000,00:09:14.150000,string we are just searching a character individual character also we can search
00:09:14.150000,00:09:14.160000,individual character also we can search
00:09:14.160000,00:09:18.110000,individual character also we can search right and it will return the position
00:09:18.110000,00:09:18.120000,right and it will return the position
00:09:18.120000,00:09:20.509000,right and it will return the position right let me show you the return value
00:09:20.509000,00:09:20.519000,right let me show you the return value
00:09:20.519000,00:09:22.310000,right let me show you the return value return value the position of the first
00:09:22.310000,00:09:22.320000,return value the position of the first
00:09:22.320000,00:09:25.190000,return value the position of the first character of the first match right but
00:09:25.190000,00:09:25.200000,character of the first match right but
00:09:25.200000,00:09:28.269000,character of the first match right but if no match is found then it will return
00:09:28.269000,00:09:28.279000,if no match is found then it will return
00:09:28.279000,00:09:33.750000,if no match is found then it will return NP NP means uh like let me show
00:09:33.750000,00:09:33.760000,NP NP means uh like let me show
00:09:33.760000,00:09:36.710000,NP NP means uh like let me show you unsuccessful search it represent
00:09:36.710000,00:09:36.720000,you unsuccessful search it represent
00:09:36.720000,00:09:38.310000,you unsuccessful search it represent like unsuccessful
00:09:38.310000,00:09:38.320000,like unsuccessful
00:09:38.320000,00:09:42.670000,like unsuccessful search uh here NP this is having the
00:09:42.670000,00:09:42.680000,search uh here NP this is having the
00:09:42.680000,00:09:47.069000,search uh here NP this is having the value minus one
00:09:50.310000,00:09:50.320000,right so if you use this NPS as a return
00:09:50.320000,00:09:52.470000,right so if you use this NPS as a return value means it usually used to indicate
00:09:52.470000,00:09:52.480000,value means it usually used to indicate
00:09:52.480000,00:09:55.750000,value means it usually used to indicate no matth is found okay this constant is
00:09:55.750000,00:09:55.760000,no matth is found okay this constant is
00:09:55.760000,00:09:58.190000,no matth is found okay this constant is defined with a value of minus one which
00:09:58.190000,00:09:58.200000,defined with a value of minus one which
00:09:58.200000,00:10:01.790000,defined with a value of minus one which because and the uh that data type of
00:10:01.790000,00:10:01.800000,because and the uh that data type of
00:10:01.800000,00:10:04.670000,because and the uh that data type of this is size uncore T it means it is
00:10:04.670000,00:10:04.680000,this is size uncore T it means it is
00:10:04.680000,00:10:07.949000,this is size uncore T it means it is unsigned integral type right rather than
00:10:07.949000,00:10:07.959000,unsigned integral type right rather than
00:10:07.959000,00:10:10.949000,unsigned integral type right rather than int or anything we take size uncore
00:10:10.949000,00:10:10.959000,int or anything we take size uncore
00:10:10.959000,00:10:14.590000,int or anything we take size uncore T here it will return the position so
00:10:14.590000,00:10:14.600000,T here it will return the position so
00:10:14.600000,00:10:18.190000,T here it will return the position so equal
00:10:20.509000,00:10:20.519000,to position and data type of this
00:10:20.519000,00:10:22.710000,to position and data type of this position is rather than taking int or
00:10:22.710000,00:10:22.720000,position is rather than taking int or
00:10:22.720000,00:10:26.069000,position is rather than taking int or anything let's take this only size
00:10:26.069000,00:10:26.079000,anything let's take this only size
00:10:26.079000,00:10:30.269000,anything let's take this only size underscore T it's unsigned integral type
00:10:30.269000,00:10:30.279000,underscore T it's unsigned integral type
00:10:30.279000,00:10:33.710000,underscore T it's unsigned integral type right so better to take this okay size d
00:10:33.710000,00:10:33.720000,right so better to take this okay size d
00:10:33.720000,00:10:34.629000,right so better to take this okay size d and
00:10:34.629000,00:10:34.639000,and
00:10:34.639000,00:10:37.870000,and here we have position position equal to
00:10:37.870000,00:10:37.880000,here we have position position equal to
00:10:37.880000,00:10:44.110000,here we have position position equal to alphabet do find this thing okay now we
00:10:44.110000,00:10:44.120000,alphabet do find this thing okay now we
00:10:44.120000,00:10:46.910000,alphabet do find this thing okay now we have got the position of this a now at
00:10:46.910000,00:10:46.920000,have got the position of this a now at
00:10:46.920000,00:10:49.629000,have got the position of this a now at same position what is the character what
00:10:49.629000,00:10:49.639000,same position what is the character what
00:10:49.639000,00:10:52.150000,same position what is the character what is the alphabet or character in this
00:10:52.150000,00:10:52.160000,is the alphabet or character in this
00:10:52.160000,00:10:55.470000,is the alphabet or character in this string key that you have to find out
00:10:55.470000,00:10:55.480000,string key that you have to find out
00:10:55.480000,00:10:58.870000,string key that you have to find out okay so first check if position if this
00:10:58.870000,00:10:58.880000,okay so first check if position if this
00:10:58.880000,00:11:01.470000,okay so first check if position if this position is that
00:11:01.470000,00:11:01.480000,position is that
00:11:01.480000,00:11:04.150000,position is that npos means no match is found in that
00:11:04.150000,00:11:04.160000,npos means no match is found in that
00:11:04.160000,00:11:06.629000,npos means no match is found in that case if suppose I have given here space
00:11:06.629000,00:11:06.639000,case if suppose I have given here space
00:11:06.639000,00:11:09.710000,case if suppose I have given here space so there is no match this space of this
00:11:09.710000,00:11:09.720000,so there is no match this space of this
00:11:09.720000,00:11:11.870000,so there is no match this space of this page space in this alphabet right so it
00:11:11.870000,00:11:11.880000,page space in this alphabet right so it
00:11:11.880000,00:11:14.990000,page space in this alphabet right so it will give no npos no matches found so as
00:11:14.990000,00:11:15,will give no npos no matches found so as
00:11:15,00:11:18.470000,will give no npos no matches found so as it is space would be there in encrypted
00:11:18.470000,00:11:18.480000,it is space would be there in encrypted
00:11:18.480000,00:11:21.389000,it is space would be there in encrypted message or if you write here one as it
00:11:21.389000,00:11:21.399000,message or if you write here one as it
00:11:21.399000,00:11:22.949000,message or if you write here one as it is one would be in encrypted message
00:11:22.949000,00:11:22.959000,is one would be in encrypted message
00:11:22.959000,00:11:24.389000,is one would be in encrypted message because we are not going to encrypt this
00:11:24.389000,00:11:24.399000,because we are not going to encrypt this
00:11:24.399000,00:11:28.069000,because we are not going to encrypt this one we are just taking this a BCD
00:11:28.069000,00:11:28.079000,one we are just taking this a BCD
00:11:28.079000,00:11:30.310000,one we are just taking this a BCD letters only right
00:11:30.310000,00:11:30.320000,letters only right
00:11:30.320000,00:11:35.949000,letters only right so let's put that condition if this
00:11:35.949000,00:11:35.959000,so let's put that condition if this
00:11:35.959000,00:11:39.150000,so let's put that condition if this position not equal
00:11:39.150000,00:11:39.160000,position not equal
00:11:39.160000,00:11:42.949000,position not equal to string npos this is how we are going
00:11:42.949000,00:11:42.959000,to string npos this is how we are going
00:11:42.959000,00:11:44.790000,to string npos this is how we are going to
00:11:44.790000,00:11:44.800000,to
00:11:44.800000,00:11:46.829000,to check
00:11:46.829000,00:11:46.839000,check
00:11:46.839000,00:11:50.629000,check right semicolon here if this position is
00:11:50.629000,00:11:50.639000,right semicolon here if this position is
00:11:50.639000,00:11:53.430000,right semicolon here if this position is not equal to this means yes there is no
00:11:53.430000,00:11:53.440000,not equal to this means yes there is no
00:11:53.440000,00:11:56.470000,not equal to this means yes there is no unsuccessful search we got the position
00:11:56.470000,00:11:56.480000,unsuccessful search we got the position
00:11:56.480000,00:11:58.350000,unsuccessful search we got the position right if you got the position then we
00:11:58.350000,00:11:58.360000,right if you got the position then we
00:11:58.360000,00:12:01.550000,right if you got the position then we search in this key at the same position
00:12:01.550000,00:12:01.560000,search in this key at the same position
00:12:01.560000,00:12:03.990000,search in this key at the same position what is the character so how to fetch
00:12:03.990000,00:12:04,what is the character so how to fetch
00:12:04,00:12:04.790000,what is the character so how to fetch that
00:12:04.790000,00:12:04.800000,that
00:12:04.800000,00:12:09.509000,that thing from key from this key this string
00:12:09.509000,00:12:09.519000,thing from key from this key this string
00:12:09.519000,00:12:14.030000,thing from key from this key this string key dot at and let's give whatever the
00:12:14.030000,00:12:14.040000,key dot at and let's give whatever the
00:12:14.040000,00:12:17.350000,key dot at and let's give whatever the position you have
00:12:17.350000,00:12:17.360000,position you have
00:12:17.360000,00:12:20.470000,position you have got so it will give a character from
00:12:20.470000,00:12:20.480000,got so it will give a character from
00:12:20.480000,00:12:23.470000,got so it will give a character from this so that character we are going to
00:12:23.470000,00:12:23.480000,this so that character we are going to
00:12:23.480000,00:12:27.550000,this so that character we are going to store in a obviously in a new variable
00:12:27.550000,00:12:27.560000,store in a obviously in a new variable
00:12:27.560000,00:12:31.550000,store in a obviously in a new variable so let's take a care type newcore c a
00:12:31.550000,00:12:31.560000,so let's take a care type newcore c a
00:12:31.560000,00:12:35.790000,so let's take a care type newcore c a new variable new C we got that character
00:12:35.790000,00:12:35.800000,new variable new C we got that character
00:12:35.800000,00:12:40.269000,new variable new C we got that character corresponding to a from the ski so let's
00:12:40.269000,00:12:40.279000,corresponding to a from the ski so let's
00:12:40.279000,00:12:44.670000,corresponding to a from the ski so let's put that encrypted character to that
00:12:44.670000,00:12:44.680000,put that encrypted character to that
00:12:44.680000,00:12:46.870000,put that encrypted character to that message encrypted message let's take uh
00:12:46.870000,00:12:46.880000,message encrypted message let's take uh
00:12:46.880000,00:12:51.710000,message encrypted message let's take uh obiously we have to take another
00:12:54.629000,00:12:54.639000,variable encrypted
00:12:54.639000,00:12:57.389000,variable encrypted message another string string variable
00:12:57.389000,00:12:57.399000,message another string string variable
00:12:57.399000,00:13:02.230000,message another string string variable encrypted message and
00:13:05.790000,00:13:05.800000,and encrypted message plus equal
00:13:05.800000,00:13:10.389000,and encrypted message plus equal to this new
00:13:12.910000,00:13:12.920000,C
00:13:12.920000,00:13:16.990000,C okay but if sorry
00:13:16.990000,00:13:17,okay but if sorry
00:13:17,00:13:20.750000,okay but if sorry else if position is npos me means no
00:13:20.750000,00:13:20.760000,else if position is npos me means no
00:13:20.760000,00:13:23.150000,else if position is npos me means no match found so as it
00:13:23.150000,00:13:23.160000,match found so as it
00:13:23.160000,00:13:27.590000,match found so as it is in encrypted message we will
00:13:27.590000,00:13:27.600000,is in encrypted message we will
00:13:27.600000,00:13:31.110000,is in encrypted message we will append that character
00:13:31.110000,00:13:31.120000,append that character
00:13:31.120000,00:13:33.629000,append that character C suppose
00:13:33.629000,00:13:33.639000,C suppose
00:13:33.639000,00:13:37.750000,C suppose here we have space after a we have space
00:13:37.750000,00:13:37.760000,here we have space after a we have space
00:13:37.760000,00:13:39.550000,here we have space after a we have space so there's no match found here so as it
00:13:39.550000,00:13:39.560000,so there's no match found here so as it
00:13:39.560000,00:13:41.470000,so there's no match found here so as it is space would be added to to this
00:13:41.470000,00:13:41.480000,is space would be added to to this
00:13:41.480000,00:13:44.269000,is space would be added to to this encrypted message right so C would be
00:13:44.269000,00:13:44.279000,encrypted message right so C would be
00:13:44.279000,00:13:46.189000,encrypted message right so C would be added otherwise whatever the new
00:13:46.189000,00:13:46.199000,added otherwise whatever the new
00:13:46.199000,00:13:48.389000,added otherwise whatever the new character you got from Key string that
00:13:48.389000,00:13:48.399000,character you got from Key string that
00:13:48.399000,00:13:54.230000,character you got from Key string that would be added okay so after this for
00:13:57.790000,00:13:57.800000,Loop let's print here the that encrypted
00:13:57.800000,00:13:59.710000,Loop let's print here the that encrypted message
00:13:59.710000,00:13:59.720000,message
00:13:59.720000,00:14:01.910000,message so you do that this thing only first
00:14:01.910000,00:14:01.920000,so you do that this thing only first
00:14:01.920000,00:14:04.749000,so you do that this thing only first encrypt the message let's run this and
00:14:04.749000,00:14:04.759000,encrypt the message let's run this and
00:14:04.759000,00:14:09.629000,encrypt the message let's run this and see enter your message so a a BB c c and
00:14:09.629000,00:14:09.639000,see enter your message so a a BB c c and
00:14:09.639000,00:14:12.470000,see enter your message so a a BB c c and suppose 1 2 and suppose here we are
00:14:12.470000,00:14:12.480000,suppose 1 2 and suppose here we are
00:14:12.480000,00:14:16.710000,suppose 1 2 and suppose here we are taking d g or any apostrophe or
00:14:16.710000,00:14:16.720000,taking d g or any apostrophe or
00:14:16.720000,00:14:18.550000,taking d g or any apostrophe or anything
00:14:18.550000,00:14:18.560000,anything
00:14:18.560000,00:14:23.069000,anything okay so encrypted messages z z y y XX
00:14:23.069000,00:14:23.079000,okay so encrypted messages z z y y XX
00:14:23.079000,00:14:26.749000,okay so encrypted messages z z y y XX one 2 is same apostrophe s is same this
00:14:26.749000,00:14:26.759000,one 2 is same apostrophe s is same this
00:14:26.759000,00:14:29.749000,one 2 is same apostrophe s is same this apostrophe is same okay so this is the
00:14:29.749000,00:14:29.759000,apostrophe is same okay so this is the
00:14:29.759000,00:14:31.710000,apostrophe is same okay so this is the encrypted
00:14:31.710000,00:14:31.720000,encrypted
00:14:31.720000,00:14:36.189000,encrypted message according to the given key now
00:14:36.189000,00:14:36.199000,message according to the given key now
00:14:36.199000,00:14:39.069000,message according to the given key now same logic this logic you have to apply
00:14:39.069000,00:14:39.079000,same logic this logic you have to apply
00:14:39.079000,00:14:41.430000,same logic this logic you have to apply to decrypt the message
00:14:41.430000,00:14:41.440000,to decrypt the message
00:14:41.440000,00:14:43.829000,to decrypt the message again so if you got this thing you can
00:14:43.829000,00:14:43.839000,again so if you got this thing you can
00:14:43.839000,00:14:45.910000,again so if you got this thing you can easily write down the code for
00:14:45.910000,00:14:45.920000,easily write down the code for
00:14:45.920000,00:14:48.150000,easily write down the code for decription please if you're not getting
00:14:48.150000,00:14:48.160000,decription please if you're not getting
00:14:48.160000,00:14:51.030000,decription please if you're not getting this pause the video again Watch the
00:14:51.030000,00:14:51.040000,this pause the video again Watch the
00:14:51.040000,00:14:53.550000,this pause the video again Watch the video dry in this code just write down
00:14:53.550000,00:14:53.560000,video dry in this code just write down
00:14:53.560000,00:14:56.629000,video dry in this code just write down this on your paper right with pen dryer
00:14:56.629000,00:14:56.639000,this on your paper right with pen dryer
00:14:56.639000,00:14:59.030000,this on your paper right with pen dryer and this and find out right and please
00:14:59.030000,00:14:59.040000,and this and find out right and please
00:14:59.040000,00:15:01.990000,and this and find out right and please please write down the that code for
00:15:01.990000,00:15:02,please write down the that code for
00:15:02,00:15:04.150000,please write down the that code for decryption pause the video and try this
00:15:04.150000,00:15:04.160000,decryption pause the video and try this
00:15:04.160000,00:15:06.990000,decryption pause the video and try this out right so now we will decrypt the
00:15:06.990000,00:15:07,out right so now we will decrypt the
00:15:07,00:15:10.030000,out right so now we will decrypt the message now again range based for Loop
00:15:10.030000,00:15:10.040000,message now again range based for Loop
00:15:10.040000,00:15:13.990000,message now again range based for Loop we have care C now we are going to take
00:15:13.990000,00:15:14,we have care C now we are going to take
00:15:14,00:15:16.389000,we have care C now we are going to take character by character from we have that
00:15:16.389000,00:15:16.399000,character by character from we have that
00:15:16.399000,00:15:18.829000,character by character from we have that encrypted message so
00:15:18.829000,00:15:18.839000,encrypted message so
00:15:18.839000,00:15:21.829000,encrypted message so from encrypted
00:15:21.829000,00:15:21.839000,from encrypted
00:15:21.839000,00:15:26.470000,from encrypted message right and find out the position
00:15:26.470000,00:15:26.480000,message right and find out the position
00:15:26.480000,00:15:28.550000,message right and find out the position of that encrypted message suppose
00:15:28.550000,00:15:28.560000,of that encrypted message suppose
00:15:28.560000,00:15:30.749000,of that encrypted message suppose encrypt message
00:15:30.749000,00:15:30.759000,encrypt message
00:15:30.759000,00:15:35.710000,encrypt message is for a a it's z z for BB it's y y so
00:15:35.710000,00:15:35.720000,is for a a it's z z for BB it's y y so
00:15:35.720000,00:15:38.269000,is for a a it's z z for BB it's y y so this message we have okay so first we
00:15:38.269000,00:15:38.279000,this message we have okay so first we
00:15:38.279000,00:15:42.350000,this message we have okay so first we have Zed in this C so find out the
00:15:42.350000,00:15:42.360000,have Zed in this C so find out the
00:15:42.360000,00:15:45.430000,have Zed in this C so find out the position of this Zed in
00:15:45.430000,00:15:45.440000,position of this Zed in
00:15:45.440000,00:15:48.949000,position of this Zed in key and corresponding to same position
00:15:48.949000,00:15:48.959000,key and corresponding to same position
00:15:48.959000,00:15:50.150000,key and corresponding to same position you have to find out what is the
00:15:50.150000,00:15:50.160000,you have to find out what is the
00:15:50.160000,00:15:52.110000,you have to find out what is the alphabet what is the letter in that
00:15:52.110000,00:15:52.120000,alphabet what is the letter in that
00:15:52.120000,00:15:53.269000,alphabet what is the letter in that string
00:15:53.269000,00:15:53.279000,string
00:15:53.279000,00:15:56.629000,string alphabet okay and just add that into
00:15:56.629000,00:15:56.639000,alphabet okay and just add that into
00:15:56.639000,00:15:59.670000,alphabet okay and just add that into another string decrypted message
00:15:59.670000,00:15:59.680000,another string decrypted message
00:15:59.680000,00:16:02.189000,another string decrypted message okay so first let's find out the
00:16:02.189000,00:16:02.199000,okay so first let's find out the
00:16:02.199000,00:16:03.150000,okay so first let's find out the position
00:16:03.150000,00:16:03.160000,position
00:16:03.160000,00:16:06.949000,position same we will take this uh data type that
00:16:06.949000,00:16:06.959000,same we will take this uh data type that
00:16:06.959000,00:16:11.069000,same we will take this uh data type that is size d and we are
00:16:11.069000,00:16:11.079000,is size d and we are
00:16:11.079000,00:16:14.829000,is size d and we are finding position equal
00:16:14.829000,00:16:14.839000,finding position equal
00:16:14.839000,00:16:18.590000,finding position equal to now
00:16:18.590000,00:16:18.600000,to now
00:16:18.600000,00:16:22.350000,to now that encrypted sorry key
00:16:22.350000,00:16:22.360000,that encrypted sorry key
00:16:22.360000,00:16:26.189000,that encrypted sorry key dot key do find and whatever the
00:16:26.189000,00:16:26.199000,dot key do find and whatever the
00:16:26.199000,00:16:29.430000,dot key do find and whatever the character C
00:16:29.430000,00:16:29.440000,character C
00:16:29.440000,00:16:31.389000,character C from Key we are going to find the
00:16:31.389000,00:16:31.399000,from Key we are going to find the
00:16:31.399000,00:16:35.189000,from Key we are going to find the position right same we will check if
00:16:35.189000,00:16:35.199000,position right same we will check if
00:16:35.199000,00:16:38.949000,position right same we will check if that position is not equal
00:16:38.949000,00:16:38.959000,that position is not equal
00:16:38.959000,00:16:41.350000,that position is not equal to
00:16:41.350000,00:16:41.360000,to
00:16:41.360000,00:16:44.870000,to npos means search is
00:16:44.870000,00:16:44.880000,npos means search is
00:16:44.880000,00:16:48.629000,npos means search is successful in that case corresponding to
00:16:48.629000,00:16:48.639000,successful in that case corresponding to
00:16:48.639000,00:16:50.829000,successful in that case corresponding to that
00:16:50.829000,00:16:50.839000,that
00:16:50.839000,00:16:53.590000,that position in alphabets in that string
00:16:53.590000,00:16:53.600000,position in alphabets in that string
00:16:53.600000,00:16:56.389000,position in alphabets in that string alphabet dot
00:16:56.389000,00:16:56.399000,alphabet dot
00:16:56.399000,00:16:59.309000,alphabet dot at at this position what is the letter
00:16:59.309000,00:16:59.319000,at at this position what is the letter
00:16:59.319000,00:17:02.309000,at at this position what is the letter in the that alphabet string right that
00:17:02.309000,00:17:02.319000,in the that alphabet string right that
00:17:02.319000,00:17:05.909000,in the that alphabet string right that character we are going to fetch
00:17:05.909000,00:17:05.919000,character we are going to fetch
00:17:05.919000,00:17:08.870000,character we are going to fetch and new C in a new C this character
00:17:08.870000,00:17:08.880000,and new C in a new C this character
00:17:08.880000,00:17:11.630000,and new C in a new C this character variable we will store that right and
00:17:11.630000,00:17:11.640000,variable we will store that right and
00:17:11.640000,00:17:13.789000,variable we will store that right and let's take another string that is
00:17:13.789000,00:17:13.799000,let's take another string that is
00:17:13.799000,00:17:25.789000,let's take another string that is decrypted
00:17:28.429000,00:17:28.439000,message in decrypted message we are
00:17:28.439000,00:17:30.789000,message in decrypted message we are going to
00:17:30.789000,00:17:30.799000,going to
00:17:30.799000,00:17:35.230000,going to append whatever is that sorry new
00:17:35.230000,00:17:35.240000,append whatever is that sorry new
00:17:35.240000,00:17:39.070000,append whatever is that sorry new character new C whatever you have find
00:17:39.070000,00:17:39.080000,character new C whatever you have find
00:17:39.080000,00:17:42.470000,character new C whatever you have find out from this string alphabet
00:17:42.470000,00:17:42.480000,out from this string alphabet
00:17:42.480000,00:17:46.669000,out from this string alphabet okay
00:17:49.310000,00:17:49.320000,lse if search is not successful means
00:17:49.320000,00:17:52.630000,lse if search is not successful means position is npos in that case as it is
00:17:52.630000,00:17:52.640000,position is npos in that case as it is
00:17:52.640000,00:17:55.310000,position is npos in that case as it is decrypted
00:17:55.310000,00:17:55.320000,decrypted
00:17:55.320000,00:17:58.590000,decrypted message plus equal to whatever that c
00:17:58.590000,00:17:58.600000,message plus equal to whatever that c
00:17:58.600000,00:18:00.470000,message plus equal to whatever that c what whatever that character see because
00:18:00.470000,00:18:00.480000,what whatever that character see because
00:18:00.480000,00:18:02.549000,what whatever that character see because if space is that character obviously
00:18:02.549000,00:18:02.559000,if space is that character obviously
00:18:02.559000,00:18:05.149000,if space is that character obviously that would be as it is added to deed
00:18:05.149000,00:18:05.159000,that would be as it is added to deed
00:18:05.159000,00:18:08.990000,that would be as it is added to deed message so that is
00:18:08.990000,00:18:09,message so that is
00:18:09,00:18:12.549000,message so that is C that's it after this for Loop we'll
00:18:12.549000,00:18:12.559000,C that's it after this for Loop we'll
00:18:12.559000,00:18:15.270000,C that's it after this for Loop we'll just print that decrypted
00:18:15.270000,00:18:15.280000,just print that decrypted
00:18:15.280000,00:18:17.669000,just print that decrypted message so I hope you got this let's run
00:18:17.669000,00:18:17.679000,message so I hope you got this let's run
00:18:17.679000,00:18:20.110000,message so I hope you got this let's run this and see what output you are
00:18:20.110000,00:18:20.120000,this and see what output you are
00:18:20.120000,00:18:25.430000,this and see what output you are getting okay you got something wrong
00:18:34.310000,00:18:34.320000,here also we have
00:18:34.320000,00:18:37.710000,here also we have this let's on
00:18:37.710000,00:18:37.720000,this let's on
00:18:37.720000,00:18:40.870000,this let's on this let's take a demo thing to check a
00:18:40.870000,00:18:40.880000,this let's take a demo thing to check a
00:18:40.880000,00:18:43.190000,this let's take a demo thing to check a a b b 1 2
00:18:43.190000,00:18:43.200000,a b b 1 2
00:18:43.200000,00:18:47.270000,a b b 1 2 3 encrypted messages z z y y1 23 only
00:18:47.270000,00:18:47.280000,3 encrypted messages z z y y1 23 only
00:18:47.280000,00:18:50.310000,3 encrypted messages z z y y1 23 only and again the decrypted messages
00:18:50.310000,00:18:50.320000,and again the decrypted messages
00:18:50.320000,00:18:54.230000,and again the decrypted messages same okay let's run the send see again
00:18:54.230000,00:18:54.240000,same okay let's run the send see again
00:18:54.240000,00:18:58.110000,same okay let's run the send see again like um same like this is that encrypted
00:18:58.110000,00:18:58.120000,like um same like this is that encrypted
00:18:58.120000,00:19:00.190000,like um same like this is that encrypted message and this is again decrypted
00:19:00.190000,00:19:00.200000,message and this is again decrypted
00:19:00.200000,00:19:03.789000,message and this is again decrypted message right so this is the
00:19:03.789000,00:19:03.799000,message right so this is the
00:19:03.799000,00:19:06.350000,message right so this is the initial at this project is at initial
00:19:06.350000,00:19:06.360000,initial at this project is at initial
00:19:06.360000,00:19:09.710000,initial at this project is at initial stage we are just encrypting that uh
00:19:09.710000,00:19:09.720000,stage we are just encrypting that uh
00:19:09.720000,00:19:11.789000,stage we are just encrypting that uh letters only so you can update this you
00:19:11.789000,00:19:11.799000,letters only so you can update this you
00:19:11.799000,00:19:15.310000,letters only so you can update this you can take numbers also 1 2 3 4 and some
00:19:15.310000,00:19:15.320000,can take numbers also 1 2 3 4 and some
00:19:15.320000,00:19:17.470000,can take numbers also 1 2 3 4 and some special character also space for space
00:19:17.470000,00:19:17.480000,special character also space for space
00:19:17.480000,00:19:20.270000,special character also space for space also you can like if I update this
00:19:20.270000,00:19:20.280000,also you can like if I update this
00:19:20.280000,00:19:22.110000,also you can like if I update this alphabet in this alphabet I have one
00:19:22.110000,00:19:22.120000,alphabet in this alphabet I have one
00:19:22.120000,00:19:24.549000,alphabet in this alphabet I have one space Also and space would be replaced
00:19:24.549000,00:19:24.559000,space Also and space would be replaced
00:19:24.559000,00:19:26.350000,space Also and space would be replaced with like maybe at
00:19:26.350000,00:19:26.360000,with like maybe at
00:19:26.360000,00:19:28.710000,with like maybe at theate so let's run this and see what
00:19:28.710000,00:19:28.720000,theate so let's run this and see what
00:19:28.720000,00:19:31.190000,theate so let's run this and see what output you're getting now
00:19:31.190000,00:19:31.200000,output you're getting now
00:19:31.200000,00:19:36.149000,output you're getting now see a a space BB see z z and at the
00:19:36.149000,00:19:36.159000,see a a space BB see z z and at the
00:19:36.159000,00:19:38.870000,see a a space BB see z z and at the place of space we have at the rate right
00:19:38.870000,00:19:38.880000,place of space we have at the rate right
00:19:38.880000,00:19:40.830000,place of space we have at the rate right so like this you can update this
00:19:40.830000,00:19:40.840000,so like this you can update this
00:19:40.840000,00:19:42.789000,so like this you can update this alphabet and key according to that key
00:19:42.789000,00:19:42.799000,alphabet and key according to that key
00:19:42.799000,00:19:45.029000,alphabet and key according to that key you can provide so I hope you got this
00:19:45.029000,00:19:45.039000,you can provide so I hope you got this
00:19:45.039000,00:19:48.070000,you can provide so I hope you got this this was not so much tough please if
00:19:48.070000,00:19:48.080000,this was not so much tough please if
00:19:48.080000,00:19:50.390000,this was not so much tough please if you're if you haven't got this just
00:19:50.390000,00:19:50.400000,you're if you haven't got this just
00:19:50.400000,00:19:51.990000,you're if you haven't got this just write down this on a piece of paper and
00:19:51.990000,00:19:52,write down this on a piece of paper and
00:19:52,00:19:55.430000,write down this on a piece of paper and dry run this code right and after that
00:19:55.430000,00:19:55.440000,dry run this code right and after that
00:19:55.440000,00:19:58.110000,dry run this code right and after that modify this code add some numbers also
00:19:58.110000,00:19:58.120000,modify this code add some numbers also
00:19:58.120000,00:20:00.909000,modify this code add some numbers also special special characters also right
00:20:00.909000,00:20:00.919000,special special characters also right
00:20:00.919000,00:20:02.750000,special special characters also right now that's it for this video in the next
00:20:02.750000,00:20:02.760000,now that's it for this video in the next
00:20:02.760000,00:20:04.190000,now that's it for this video in the next video we'll see what are functions in
00:20:04.190000,00:20:04.200000,video we'll see what are functions in
00:20:04.200000,00:20:07.430000,video we'll see what are functions in C++ now I I'll see in the next bye take
00:20:07.430000,00:20:07.440000,C++ now I I'll see in the next bye take
00:20:07.440000,00:20:10.440000,C++ now I I'll see in the next bye take care
