Start Time,End Time,Text
00:00:01.790000,00:00:01.800000,hey everyone I hope you are safe and
00:00:01.800000,00:00:04.710000,hey everyone I hope you are safe and doing good so in the c one C programming
00:00:04.710000,00:00:04.720000,doing good so in the c one C programming
00:00:04.720000,00:00:06.309000,doing good so in the c one C programming language we are discussing functions in
00:00:06.309000,00:00:06.319000,language we are discussing functions in
00:00:06.319000,00:00:09.990000,language we are discussing functions in C uh have discuss till now you know in
00:00:09.990000,00:00:10,C uh have discuss till now you know in
00:00:10,00:00:12.070000,C uh have discuss till now you know in functions introduction to functions and
00:00:12.070000,00:00:12.080000,functions introduction to functions and
00:00:12.080000,00:00:14.390000,functions introduction to functions and then have to first parameter in function
00:00:14.390000,00:00:14.400000,then have to first parameter in function
00:00:14.400000,00:00:18.390000,then have to first parameter in function like value and right a small topic that
00:00:18.390000,00:00:18.400000,like value and right a small topic that
00:00:18.400000,00:00:20.189000,like value and right a small topic that I was about to mention in previous video
00:00:20.189000,00:00:20.199000,I was about to mention in previous video
00:00:20.199000,00:00:23.550000,I was about to mention in previous video but I forgot that is default argument
00:00:23.550000,00:00:23.560000,but I forgot that is default argument
00:00:23.560000,00:00:25.109000,but I forgot that is default argument value default
00:00:25.109000,00:00:25.119000,value default
00:00:25.119000,00:00:27.310000,value default arguments right so it's a small topic
00:00:27.310000,00:00:27.320000,arguments right so it's a small topic
00:00:27.320000,00:00:29.710000,arguments right so it's a small topic but yeah it's important one so this
00:00:29.710000,00:00:29.720000,but yeah it's important one so this
00:00:29.720000,00:00:31.429000,but yeah it's important one so this thing see in this video what are default
00:00:31.429000,00:00:31.439000,thing see in this video what are default
00:00:31.439000,00:00:33.630000,thing see in this video what are default arguments how to fast and when to fast
00:00:33.630000,00:00:33.640000,arguments how to fast and when to fast
00:00:33.640000,00:00:36.150000,arguments how to fast and when to fast them some ADV of using default argument
00:00:36.150000,00:00:36.160000,them some ADV of using default argument
00:00:36.160000,00:00:39.150000,them some ADV of using default argument some draws with proper example I'll show
00:00:39.150000,00:00:39.160000,some draws with proper example I'll show
00:00:39.160000,00:00:43.229000,some draws with proper example I'll show you right so let me just tell you just
00:00:43.229000,00:00:43.239000,you right so let me just tell you just
00:00:43.239000,00:00:44.790000,you right so let me just tell you just try to relate this with a real life
00:00:44.790000,00:00:44.800000,try to relate this with a real life
00:00:44.800000,00:00:48.310000,try to relate this with a real life example suppose see I generally eat two
00:00:48.310000,00:00:48.320000,example suppose see I generally eat two
00:00:48.320000,00:00:50.990000,example suppose see I generally eat two chapati daily right so my mother know
00:00:50.990000,00:00:51,chapati daily right so my mother know
00:00:51,00:00:54.830000,chapati daily right so my mother know that I eat two chapati so she make only
00:00:54.830000,00:00:54.840000,that I eat two chapati so she make only
00:00:54.840000,00:00:58.270000,that I eat two chapati so she make only two the for daily right by default I
00:00:58.270000,00:00:58.280000,two the for daily right by default I
00:00:58.280000,00:01:00.509000,two the for daily right by default I don't need to tell her every day like
00:01:00.509000,00:01:00.519000,don't need to tell her every day like
00:01:00.519000,00:01:04.910000,don't need to tell her every day like I want but if someday if I'm more hungry
00:01:04.910000,00:01:04.920000,I want but if someday if I'm more hungry
00:01:04.920000,00:01:07.109000,I want but if someday if I'm more hungry and I want te then specifically I
00:01:07.109000,00:01:07.119000,and I want te then specifically I
00:01:07.119000,00:01:11.429000,and I want te then specifically I mentioned that
00:01:14.590000,00:01:14.600000,I on that
00:01:14.600000,00:01:18.749000,I on that right so on that day that default value
00:01:18.749000,00:01:18.759000,right so on that day that default value
00:01:18.759000,00:01:21.710000,right so on that day that default value two is overwritten by the value provided
00:01:21.710000,00:01:21.720000,two is overwritten by the value provided
00:01:21.720000,00:01:23.590000,two is overwritten by the value provided by
00:01:23.590000,00:01:23.600000,by
00:01:23.600000,00:01:28.270000,by new right so this kind of thing so
00:01:28.270000,00:01:28.280000,new right so this kind of thing so
00:01:28.280000,00:01:30.710000,new right so this kind of thing so generally uh when we deal with these
00:01:30.710000,00:01:30.720000,generally uh when we deal with these
00:01:30.720000,00:01:32.950000,generally uh when we deal with these projects and programs also so generally
00:01:32.950000,00:01:32.960000,projects and programs also so generally
00:01:32.960000,00:01:35.230000,projects and programs also so generally most most of the time most of the
00:01:35.230000,00:01:35.240000,most most of the time most of the
00:01:35.240000,00:01:38.749000,most most of the time most of the cases values for some argument are
00:01:38.749000,00:01:38.759000,cases values for some argument are
00:01:38.759000,00:01:40.350000,cases values for some argument are soon
00:01:40.350000,00:01:40.360000,soon
00:01:40.360000,00:01:43.270000,soon right like maybe rate of
00:01:43.270000,00:01:43.280000,right like maybe rate of
00:01:43.280000,00:01:46.990000,right like maybe rate of interest 10% or any any
00:01:46.990000,00:01:47,interest 10% or any any
00:01:47,00:01:49.270000,interest 10% or any any of most of the time supp rate of
00:01:49.270000,00:01:49.280000,of most of the time supp rate of
00:01:49.280000,00:01:51.389000,of most of the time supp rate of interest is so you don't need to tell
00:01:51.389000,00:01:51.399000,interest is so you don't need to tell
00:01:51.399000,00:01:54.429000,interest is so you don't need to tell every time that 10% rate of interest 10
00:01:54.429000,00:01:54.439000,every time that 10% rate of interest 10
00:01:54.439000,00:01:56.670000,every time that 10% rate of interest 10 you just give that default in the
00:01:56.670000,00:01:56.680000,you just give that default in the
00:01:56.680000,00:02:00.230000,you just give that default in the fun right or like this text when you
00:02:00.230000,00:02:00.240000,fun right or like this text when you
00:02:00.240000,00:02:04.590000,fun right or like this text when you Cate text and suppose in my company most
00:02:04.590000,00:02:04.600000,Cate text and suppose in my company most
00:02:04.600000,00:02:08.070000,Cate text and suppose in my company most that having 6%
00:02:08.070000,00:02:08.080000,that having 6%
00:02:08.080000,00:02:12.910000,that having 6% 10% 12% so by default the text rate for
00:02:12.910000,00:02:12.920000,10% 12% so by default the text rate for
00:02:12.920000,00:02:15.670000,10% 12% so by default the text rate for that is 12% that in that category so
00:02:15.670000,00:02:15.680000,that is 12% that in that category so
00:02:15.680000,00:02:19.229000,that is 12% that in that category so when you calculate that some for those
00:02:19.229000,00:02:19.239000,when you calculate that some for those
00:02:19.239000,00:02:24.670000,when you calculate that some for those by default that text
00:02:28.270000,00:02:28.280000,12 right so in those cases default
00:02:28.280000,00:02:30.270000,12 right so in those cases default arguments are needed you don't need to
00:02:30.270000,00:02:30.280000,arguments are needed you don't need to
00:02:30.280000,00:02:32.229000,arguments are needed you don't need to pass those arguments again and again
00:02:32.229000,00:02:32.239000,pass those arguments again and again
00:02:32.239000,00:02:35.229000,pass those arguments again and again just pass default argument but how to
00:02:35.229000,00:02:35.239000,just pass default argument but how to
00:02:35.239000,00:02:37.589000,just pass default argument but how to pass default argument when to pass these
00:02:37.589000,00:02:37.599000,pass default argument when to pass these
00:02:37.599000,00:02:39.710000,pass default argument when to pass these default arguments when to you know
00:02:39.710000,00:02:39.720000,default arguments when to you know
00:02:39.720000,00:02:41.229000,default arguments when to you know Define these default
00:02:41.229000,00:02:41.239000,Define these default
00:02:41.239000,00:02:43.470000,Define these default arguments right this thing we'll see in
00:02:43.470000,00:02:43.480000,arguments right this thing we'll see in
00:02:43.480000,00:02:46.030000,arguments right this thing we'll see in this video so let me just show you this
00:02:46.030000,00:02:46.040000,this video so let me just show you this
00:02:46.040000,00:02:49.030000,this video so let me just show you this with one example I hope you uh now know
00:02:49.030000,00:02:49.040000,with one example I hope you uh now know
00:02:49.040000,00:02:50.630000,with one example I hope you uh now know the difference between argument and
00:02:50.630000,00:02:50.640000,the difference between argument and
00:02:50.640000,00:02:53.030000,the difference between argument and paramet arguments when we call a
00:02:53.030000,00:02:53.040000,paramet arguments when we call a
00:02:53.040000,00:02:54.710000,paramet arguments when we call a function then the actual value you pass
00:02:54.710000,00:02:54.720000,function then the actual value you pass
00:02:54.720000,00:02:57.390000,function then the actual value you pass those are known as Al and parameters are
00:02:57.390000,00:02:57.400000,those are known as Al and parameters are
00:02:57.400000,00:03:00.949000,those are known as Al and parameters are those variables that we take it those
00:03:00.949000,00:03:00.959000,those variables that we take it those
00:03:00.959000,00:03:02.710000,those variables that we take it those function definition or in function
00:03:02.710000,00:03:02.720000,function definition or in function
00:03:02.720000,00:03:04.869000,function definition or in function declaration at that time those variables
00:03:04.869000,00:03:04.879000,declaration at that time those variables
00:03:04.879000,00:03:06.750000,declaration at that time those variables are known as parameters let me show you
00:03:06.750000,00:03:06.760000,are known as parameters let me show you
00:03:06.760000,00:03:10.270000,are known as parameters let me show you the single exam so let's cre a new file
00:03:10.270000,00:03:10.280000,the single exam so let's cre a new file
00:03:10.280000,00:03:14.509000,the single exam so let's cre a new file here so here we have let's take a simple
00:03:14.509000,00:03:14.519000,here so here we have let's take a simple
00:03:14.519000,00:03:16.350000,here so here we have let's take a simple uh
00:03:16.350000,00:03:16.360000,uh
00:03:16.360000,00:03:19.630000,uh example any example you can take see
00:03:19.630000,00:03:19.640000,example any example you can take see
00:03:19.640000,00:03:23.509000,example any example you can take see when I was uh working in that PJ then I
00:03:23.509000,00:03:23.519000,when I was uh working in that PJ then I
00:03:23.519000,00:03:25.910000,when I was uh working in that PJ then I I I used to teach civil and mechanical
00:03:25.910000,00:03:25.920000,I I used to teach civil and mechanical
00:03:25.920000,00:03:29.309000,I I used to teach civil and mechanical so in my class there were you know void
00:03:29.309000,00:03:29.319000,so in my class there were you know void
00:03:29.319000,00:03:31.789000,so in my class there were you know void so tech there was only one girl and
00:03:31.789000,00:03:31.799000,so tech there was only one girl and
00:03:31.799000,00:03:33.990000,so tech there was only one girl and civil there was only four or five girls
00:03:33.990000,00:03:34,civil there was only four or five girls
00:03:34,00:03:37.350000,civil there was only four or five girls so suppose if this is the case so I want
00:03:37.350000,00:03:37.360000,so suppose if this is the case so I want
00:03:37.360000,00:03:39.750000,so suppose if this is the case so I want to write the name of every student using
00:03:39.750000,00:03:39.760000,to write the name of every student using
00:03:39.760000,00:03:42.390000,to write the name of every student using a function then if all are boys then
00:03:42.390000,00:03:42.400000,a function then if all are boys then
00:03:42.400000,00:03:46.030000,a function then if all are boys then I'll pronounce like Mr Right and if
00:03:46.030000,00:03:46.040000,I'll pronounce like Mr Right and if
00:03:46.040000,00:03:48.270000,I'll pronounce like Mr Right and if there is a girl then miss so by default
00:03:48.270000,00:03:48.280000,there is a girl then miss so by default
00:03:48.280000,00:03:51.149000,there is a girl then miss so by default you can pass that prefix value Mister
00:03:51.149000,00:03:51.159000,you can pass that prefix value Mister
00:03:51.159000,00:03:53.390000,you can pass that prefix value Mister right while greeting those students let
00:03:53.390000,00:03:53.400000,right while greeting those students let
00:03:53.400000,00:03:55.350000,right while greeting those students let me show you this thing with example I
00:03:55.350000,00:03:55.360000,me show you this thing with example I
00:03:55.360000,00:03:57.710000,me show you this thing with example I have a function suppose
00:03:57.710000,00:03:57.720000,have a function suppose
00:03:57.720000,00:04:01.869000,have a function suppose greet and there we have
00:04:06.910000,00:04:06.920000,you have to pass string name and I have
00:04:06.920000,00:04:10.670000,you have to pass string name and I have string prefix means Mr message or doctor
00:04:10.670000,00:04:10.680000,string prefix means Mr message or doctor
00:04:10.680000,00:04:12.670000,string prefix means Mr message or doctor or any prefix you want to apply so
00:04:12.670000,00:04:12.680000,or any prefix you want to apply so
00:04:12.680000,00:04:14.270000,or any prefix you want to apply so suppose two thing I have only name and
00:04:14.270000,00:04:14.280000,suppose two thing I have only name and
00:04:14.280000,00:04:17.550000,suppose two thing I have only name and prefix right and this is declaration so
00:04:17.550000,00:04:17.560000,prefix right and this is declaration so
00:04:17.560000,00:04:19.629000,prefix right and this is declaration so you can omit this name and prefix just
00:04:19.629000,00:04:19.639000,you can omit this name and prefix just
00:04:19.639000,00:04:21.150000,you can omit this name and prefix just provide string and string that is also
00:04:21.150000,00:04:21.160000,provide string and string that is also
00:04:21.160000,00:04:24.590000,provide string and string that is also fine just data type right and in main
00:04:24.590000,00:04:24.600000,fine just data type right and in main
00:04:24.600000,00:04:28.469000,fine just data type right and in main I'm calling this greet I'm just passing
00:04:28.469000,00:04:28.479000,I'm calling this greet I'm just passing
00:04:28.479000,00:04:32.430000,I'm calling this greet I'm just passing like any name Rahul and
00:04:32.430000,00:04:32.440000,like any name Rahul and
00:04:32.440000,00:04:37.749000,like any name Rahul and uh Mr prefix is Mr Mr Rahul right and
00:04:37.749000,00:04:37.759000,uh Mr prefix is Mr Mr Rahul right and
00:04:37.759000,00:04:40.830000,uh Mr prefix is Mr Mr Rahul right and then just Define it so these are
00:04:40.830000,00:04:40.840000,then just Define it so these are
00:04:40.840000,00:04:43.350000,then just Define it so these are parameter here these Rahul Mis these are
00:04:43.350000,00:04:43.360000,parameter here these Rahul Mis these are
00:04:43.360000,00:04:45.590000,parameter here these Rahul Mis these are arguments and in definition or in
00:04:45.590000,00:04:45.600000,arguments and in definition or in
00:04:45.600000,00:04:48.790000,arguments and in definition or in declaration I'm taking name prefix name
00:04:48.790000,00:04:48.800000,declaration I'm taking name prefix name
00:04:48.800000,00:04:50.909000,declaration I'm taking name prefix name prefix these are variable sorry these
00:04:50.909000,00:04:50.919000,prefix these are variable sorry these
00:04:50.919000,00:04:52.749000,prefix these are variable sorry these are these variables these are known as
00:04:52.749000,00:04:52.759000,are these variables these are known as
00:04:52.759000,00:04:55.230000,are these variables these are known as parameters right or formal formal
00:04:55.230000,00:04:55.240000,parameters right or formal formal
00:04:55.240000,00:04:56.830000,parameters right or formal formal parameters and these are known as Rahul
00:04:56.830000,00:04:56.840000,parameters and these are known as Rahul
00:04:56.840000,00:04:59.230000,parameters and these are known as Rahul M these are known as arguments or actual
00:04:59.230000,00:04:59.240000,M these are known as arguments or actual
00:04:59.240000,00:05:00.310000,M these are known as arguments or actual parameters
00:05:00.310000,00:05:00.320000,parameters
00:05:00.320000,00:05:04.590000,parameters right so I'm just printing C out like
00:05:04.590000,00:05:04.600000,right so I'm just printing C out like
00:05:04.600000,00:05:06.510000,right so I'm just printing C out like high
00:05:06.510000,00:05:06.520000,high
00:05:06.520000,00:05:10.670000,high and whatever the
00:05:10.670000,00:05:10.680000,and whatever the
00:05:10.680000,00:05:13.950000,and whatever the prefix right and then name so either we
00:05:13.950000,00:05:13.960000,prefix right and then name so either we
00:05:13.960000,00:05:17.189000,prefix right and then name so either we can use this only and name or we can
00:05:17.189000,00:05:17.199000,can use this only and name or we can
00:05:17.199000,00:05:20.270000,can use this only and name or we can concatenate this concatenate with one
00:05:20.270000,00:05:20.280000,concatenate this concatenate with one
00:05:20.280000,00:05:22.029000,concatenate this concatenate with one space and
00:05:22.029000,00:05:22.039000,space and
00:05:22.039000,00:05:24.749000,space and concatenate plus
00:05:24.749000,00:05:24.759000,concatenate plus
00:05:24.759000,00:05:28.670000,concatenate plus name right this way is also fine if
00:05:28.670000,00:05:28.680000,name right this way is also fine if
00:05:28.680000,00:05:30.189000,name right this way is also fine if you're using like class
00:05:30.189000,00:05:30.199000,you're using like class
00:05:30.199000,00:05:32.029000,you're using like class the string so better to
00:05:32.029000,00:05:32.039000,the string so better to
00:05:32.039000,00:05:35.550000,the string so better to include specifically that string
00:05:35.550000,00:05:35.560000,include specifically that string
00:05:35.560000,00:05:38.990000,include specifically that string head it's always a good to use string H
00:05:38.990000,00:05:39,head it's always a good to use string H
00:05:39,00:05:42.950000,head it's always a good to use string H file if you're using St right now this
00:05:42.950000,00:05:42.960000,file if you're using St right now this
00:05:42.960000,00:05:46.070000,file if you're using St right now this in this main after successful completion
00:05:46.070000,00:05:46.080000,in this main after successful completion
00:05:46.080000,00:05:48.070000,in this main after successful completion it will return zero and this GD is
00:05:48.070000,00:05:48.080000,it will return zero and this GD is
00:05:48.080000,00:05:51.029000,it will return zero and this GD is returning nothing so the DAT type is
00:05:51.029000,00:05:51.039000,returning nothing so the DAT type is
00:05:51.039000,00:05:54.510000,returning nothing so the DAT type is return type is vo right let's R this
00:05:54.510000,00:05:54.520000,return type is vo right let's R this
00:05:54.520000,00:05:56.550000,return type is vo right let's R this here we are not using any default value
00:05:56.550000,00:05:56.560000,here we are not using any default value
00:05:56.560000,00:05:58.550000,here we are not using any default value we are providing both the values Rahul
00:05:58.550000,00:05:58.560000,we are providing both the values Rahul
00:05:58.560000,00:06:04.070000,we are providing both the values Rahul mister and all
00:06:13.790000,00:06:13.800000,this so see hi Mr Rahul let me just
00:06:13.800000,00:06:16.950000,this so see hi Mr Rahul let me just decorate it a little bit with the space
00:06:16.950000,00:06:16.960000,decorate it a little bit with the space
00:06:16.960000,00:06:21.230000,decorate it a little bit with the space right so now if in my class I have 60
00:06:21.230000,00:06:21.240000,right so now if in my class I have 60
00:06:21.240000,00:06:23.230000,right so now if in my class I have 60 students and all are 59 are boys and
00:06:23.230000,00:06:23.240000,students and all are 59 are boys and
00:06:23.240000,00:06:25.909000,students and all are 59 are boys and only one is girl so rather than passing
00:06:25.909000,00:06:25.919000,only one is girl so rather than passing
00:06:25.919000,00:06:30.150000,only one is girl so rather than passing every time Mr here suppose I pass uh I
00:06:30.150000,00:06:30.160000,every time Mr here suppose I pass uh I
00:06:30.160000,00:06:32.950000,every time Mr here suppose I pass uh I call this function again like another
00:06:32.950000,00:06:32.960000,call this function again like another
00:06:32.960000,00:06:37.749000,call this function again like another student bod and name is bod and Mister
00:06:37.749000,00:06:37.759000,student bod and name is bod and Mister
00:06:37.759000,00:06:41.390000,student bod and name is bod and Mister so same let's run this and see Mr Rahul
00:06:41.390000,00:06:41.400000,so same let's run this and see Mr Rahul
00:06:41.400000,00:06:43.430000,so same let's run this and see Mr Rahul Mr B so every time you are passing Mr
00:06:43.430000,00:06:43.440000,Mr B so every time you are passing Mr
00:06:43.440000,00:06:46.430000,Mr B so every time you are passing Mr right so in most of the
00:06:46.430000,00:06:46.440000,right so in most of the
00:06:46.440000,00:06:49.830000,right so in most of the cases this argument value would be Mr Mr
00:06:49.830000,00:06:49.840000,cases this argument value would be Mr Mr
00:06:49.840000,00:06:52.270000,cases this argument value would be Mr Mr Mister so rather than repeating this
00:06:52.270000,00:06:52.280000,Mister so rather than repeating this
00:06:52.280000,00:06:53.830000,Mister so rather than repeating this again and again just pass it as a
00:06:53.830000,00:06:53.840000,again and again just pass it as a
00:06:53.840000,00:06:56.589000,again and again just pass it as a default value now where to write this as
00:06:56.589000,00:06:56.599000,default value now where to write this as
00:06:56.599000,00:06:58.589000,default value now where to write this as a default value either in declaration or
00:06:58.589000,00:06:58.599000,a default value either in declaration or
00:06:58.599000,00:07:01.029000,a default value either in declaration or definition but but it's always a good
00:07:01.029000,00:07:01.039000,definition but but it's always a good
00:07:01.039000,00:07:03.350000,definition but but it's always a good practice to write to provide default
00:07:03.350000,00:07:03.360000,practice to write to provide default
00:07:03.360000,00:07:05.390000,practice to write to provide default values default argument values in
00:07:05.390000,00:07:05.400000,values default argument values in
00:07:05.400000,00:07:07.070000,values default argument values in declaration or prototype not in
00:07:07.070000,00:07:07.080000,declaration or prototype not in
00:07:07.080000,00:07:09.350000,declaration or prototype not in definition right you can provide it in
00:07:09.350000,00:07:09.360000,definition right you can provide it in
00:07:09.360000,00:07:12.150000,definition right you can provide it in definition right but in that case if
00:07:12.150000,00:07:12.160000,definition right but in that case if
00:07:12.160000,00:07:14.189000,definition right but in that case if you're providing default value in this
00:07:14.189000,00:07:14.199000,you're providing default value in this
00:07:14.199000,00:07:15.869000,you're providing default value in this function definition then function
00:07:15.869000,00:07:15.879000,function definition then function
00:07:15.879000,00:07:19.350000,function definition then function definition must be before function
00:07:19.350000,00:07:19.360000,definition must be before function
00:07:19.360000,00:07:22.469000,definition must be before function calling right it's always a good
00:07:22.469000,00:07:22.479000,calling right it's always a good
00:07:22.479000,00:07:24.990000,calling right it's always a good practice to I'll recommend to use this
00:07:24.990000,00:07:25,practice to I'll recommend to use this
00:07:25,00:07:27.589000,practice to I'll recommend to use this thing default values to provide default
00:07:27.589000,00:07:27.599000,thing default values to provide default
00:07:27.599000,00:07:29.830000,thing default values to provide default values in function prototypes so
00:07:29.830000,00:07:29.840000,values in function prototypes so
00:07:29.840000,00:07:32.110000,values in function prototypes so function this string
00:07:32.110000,00:07:32.120000,function this string
00:07:32.120000,00:07:34.830000,function this string prefix default value for this I am going
00:07:34.830000,00:07:34.840000,prefix default value for this I am going
00:07:34.840000,00:07:38.469000,prefix default value for this I am going to provide is equal to always
00:07:38.469000,00:07:38.479000,to provide is equal to always
00:07:38.479000,00:07:41.710000,to provide is equal to always m not always most of the time M because
00:07:41.710000,00:07:41.720000,m not always most of the time M because
00:07:41.720000,00:07:43.510000,m not always most of the time M because I have one girl in my class so for that
00:07:43.510000,00:07:43.520000,I have one girl in my class so for that
00:07:43.520000,00:07:47.550000,I have one girl in my class so for that I'll you know use a miss right so here
00:07:47.550000,00:07:47.560000,I'll you know use a miss right so here
00:07:47.560000,00:07:50.270000,I'll you know use a miss right so here no need to provide this
00:07:50.270000,00:07:50.280000,no need to provide this
00:07:50.280000,00:07:53.189000,no need to provide this argument value for this
00:07:53.189000,00:07:53.199000,argument value for this
00:07:53.199000,00:07:55.990000,argument value for this argument let's run this and see what
00:07:55.990000,00:07:56,argument let's run this and see what
00:07:56,00:08:00.070000,argument let's run this and see what output you same hi Mr Rahul hi Mr
00:08:00.070000,00:08:00.080000,output you same hi Mr Rahul hi Mr
00:08:00.080000,00:08:04.029000,output you same hi Mr Rahul hi Mr mode so we this is default
00:08:04.029000,00:08:04.039000,mode so we this is default
00:08:04.039000,00:08:07.029000,mode so we this is default argument so default argument is a value
00:08:07.029000,00:08:07.039000,argument so default argument is a value
00:08:07.039000,00:08:09.629000,argument so default argument is a value automatically assigned by the compiler
00:08:09.629000,00:08:09.639000,automatically assigned by the compiler
00:08:09.639000,00:08:12.430000,automatically assigned by the compiler if while calling the function you don't
00:08:12.430000,00:08:12.440000,if while calling the function you don't
00:08:12.440000,00:08:15.869000,if while calling the function you don't provide any value for that argument for
00:08:15.869000,00:08:15.879000,provide any value for that argument for
00:08:15.879000,00:08:18.909000,provide any value for that argument for this we are not providing any value so
00:08:18.909000,00:08:18.919000,this we are not providing any value so
00:08:18.919000,00:08:21.110000,this we are not providing any value so it will take automatically assign this
00:08:21.110000,00:08:21.120000,it will take automatically assign this
00:08:21.120000,00:08:24.830000,it will take automatically assign this value to that argument right so this is
00:08:24.830000,00:08:24.840000,value to that argument right so this is
00:08:24.840000,00:08:26.869000,value to that argument right so this is default argument value I hope you got
00:08:26.869000,00:08:26.879000,default argument value I hope you got
00:08:26.879000,00:08:30.070000,default argument value I hope you got this but there are some rules
00:08:30.070000,00:08:30.080000,this but there are some rules
00:08:30.080000,00:08:32.509000,this but there are some rules see default if suppose suffix also you
00:08:32.509000,00:08:32.519000,see default if suppose suffix also you
00:08:32.519000,00:08:38.230000,see default if suppose suffix also you want to use so if I write something like
00:08:38.230000,00:08:38.240000,want to use so if I write something like
00:08:38.240000,00:08:41.670000,want to use so if I write something like this suffix and suffix would all be
00:08:41.670000,00:08:41.680000,this suffix and suffix would all be
00:08:41.680000,00:08:43.550000,this suffix and suffix would all be different every time like surname of
00:08:43.550000,00:08:43.560000,different every time like surname of
00:08:43.560000,00:08:45.310000,different every time like surname of each student is different most of the
00:08:45.310000,00:08:45.320000,each student is different most of the
00:08:45.320000,00:08:47.430000,each student is different most of the student so I cannot provide a default
00:08:47.430000,00:08:47.440000,student so I cannot provide a default
00:08:47.440000,00:08:51.230000,student so I cannot provide a default value so what do you think will it work
00:08:51.230000,00:08:51.240000,value so what do you think will it work
00:08:51.240000,00:08:53.550000,value so what do you think will it work suppose you think this Rahul it will
00:08:53.550000,00:08:53.560000,suppose you think this Rahul it will
00:08:53.560000,00:08:55.630000,suppose you think this Rahul it will take Mr for prefix and just provide
00:08:55.630000,00:08:55.640000,take Mr for prefix and just provide
00:08:55.640000,00:09:00.949000,take Mr for prefix and just provide suffix for Zo right but this time give
00:09:00.949000,00:09:00.959000,suffix for Zo right but this time give
00:09:00.959000,00:09:03.750000,suffix for Zo right but this time give see more than one instance of overloaded
00:09:03.750000,00:09:03.760000,see more than one instance of overloaded
00:09:03.760000,00:09:08.110000,see more than one instance of overloaded function we why so because while you're
00:09:08.110000,00:09:08.120000,function we why so because while you're
00:09:08.120000,00:09:10.790000,function we why so because while you're calling this function whatever you will
00:09:10.790000,00:09:10.800000,calling this function whatever you will
00:09:10.800000,00:09:13.710000,calling this function whatever you will pass those would be those values would
00:09:13.710000,00:09:13.720000,pass those would be those values would
00:09:13.720000,00:09:15.190000,pass those would be those values would be assigned to the parameters from left
00:09:15.190000,00:09:15.200000,be assigned to the parameters from left
00:09:15.200000,00:09:21.150000,be assigned to the parameters from left to right so in name in name Rahul would
00:09:21.150000,00:09:21.160000,to right so in name in name Rahul would
00:09:21.160000,00:09:25.350000,to right so in name in name Rahul would be a sign this Roy would be assign to
00:09:25.350000,00:09:25.360000,be a sign this Roy would be assign to
00:09:25.360000,00:09:26.910000,be a sign this Roy would be assign to prefix
00:09:26.910000,00:09:26.920000,prefix
00:09:26.920000,00:09:30.910000,prefix right but we have one four that is
00:09:30.910000,00:09:30.920000,right but we have one four that is
00:09:30.920000,00:09:33.150000,right but we have one four that is suffix so
00:09:33.150000,00:09:33.160000,suffix so
00:09:33.160000,00:09:36.269000,suffix so let's in definition also you have to
00:09:36.269000,00:09:36.279000,let's in definition also you have to
00:09:36.279000,00:09:43.910000,let's in definition also you have to change it suff after name just
00:09:46.949000,00:09:46.959000,plus with space and
00:09:46.959000,00:09:51.389000,plus with space and plus what suffix will give that will be
00:09:51.389000,00:09:51.399000,plus what suffix will give that will be
00:09:51.399000,00:09:53.670000,plus what suffix will give that will be printed
00:09:53.670000,00:09:53.680000,printed
00:09:53.680000,00:09:55.190000,printed oftr
00:09:55.190000,00:09:55.200000,oftr
00:09:55.200000,00:09:57.750000,oftr see default argument missing for
00:09:57.750000,00:09:57.760000,see default argument missing for
00:09:57.760000,00:10:01.710000,see default argument missing for parameter three for parameter
00:10:01.710000,00:10:01.720000,parameter three for parameter
00:10:01.720000,00:10:04.630000,parameter three for parameter three default argument is missing
00:10:04.630000,00:10:04.640000,three default argument is missing
00:10:04.640000,00:10:08.150000,three default argument is missing because in this case this Rahul would be
00:10:08.150000,00:10:08.160000,because in this case this Rahul would be
00:10:08.160000,00:10:10.550000,because in this case this Rahul would be assigned to this name this Roy would be
00:10:10.550000,00:10:10.560000,assigned to this name this Roy would be
00:10:10.560000,00:10:12.310000,assigned to this name this Roy would be assigned to this prefix now it is
00:10:12.310000,00:10:12.320000,assigned to this prefix now it is
00:10:12.320000,00:10:14.150000,assigned to this prefix now it is expecting one more parameter one more
00:10:14.150000,00:10:14.160000,expecting one more parameter one more
00:10:14.160000,00:10:15.430000,expecting one more parameter one more argument for suffix and you have
00:10:15.430000,00:10:15.440000,argument for suffix and you have
00:10:15.440000,00:10:17.150000,argument for suffix and you have providing only
00:10:17.150000,00:10:17.160000,providing only
00:10:17.160000,00:10:21.069000,providing only two right so these values would be
00:10:21.069000,00:10:21.079000,two right so these values would be
00:10:21.079000,00:10:22.710000,two right so these values would be assigned from left to right so you
00:10:22.710000,00:10:22.720000,assigned from left to right so you
00:10:22.720000,00:10:25.470000,assigned from left to right so you cannot leave it like this default
00:10:25.470000,00:10:25.480000,cannot leave it like this default
00:10:25.480000,00:10:27.990000,cannot leave it like this default argument should always be at the
00:10:27.990000,00:10:28,argument should always be at the
00:10:28,00:10:31.230000,argument should always be at the end right if you want any default
00:10:31.230000,00:10:31.240000,end right if you want any default
00:10:31.240000,00:10:33.990000,end right if you want any default arguments then that will be in the end
00:10:33.990000,00:10:34,arguments then that will be in the end
00:10:34,00:10:35.430000,arguments then that will be in the end if you have provided here default
00:10:35.430000,00:10:35.440000,if you have provided here default
00:10:35.440000,00:10:38.509000,if you have provided here default argument then after that all the
00:10:38.509000,00:10:38.519000,argument then after that all the
00:10:38.519000,00:10:40.350000,argument then after that all the argument or all the parameter you write
00:10:40.350000,00:10:40.360000,argument or all the parameter you write
00:10:40.360000,00:10:44.030000,argument or all the parameter you write here that must be default you cannot
00:10:44.030000,00:10:44.040000,here that must be default you cannot
00:10:44.040000,00:10:46.670000,here that must be default you cannot take any this argument positional
00:10:46.670000,00:10:46.680000,take any this argument positional
00:10:46.680000,00:10:48.470000,take any this argument positional argument here
00:10:48.470000,00:10:48.480000,argument here
00:10:48.480000,00:10:51.870000,argument here right so for this you can fix this ofix
00:10:51.870000,00:10:51.880000,right so for this you can fix this ofix
00:10:51.880000,00:10:54.870000,right so for this you can fix this ofix is equal to just provide a space so for
00:10:54.870000,00:10:54.880000,is equal to just provide a space so for
00:10:54.880000,00:10:58.629000,is equal to just provide a space so for default it's space right now it will run
00:10:58.629000,00:10:58.639000,default it's space right now it will run
00:10:58.639000,00:10:59.829000,default it's space right now it will run same thing
00:10:59.829000,00:10:59.839000,same thing
00:10:59.839000,00:11:03.710000,same thing but it will give now hi Roy Rahul see
00:11:03.710000,00:11:03.720000,but it will give now hi Roy Rahul see
00:11:03.720000,00:11:07.430000,but it will give now hi Roy Rahul see and Mr Bol why Roy Rahul
00:11:07.430000,00:11:07.440000,and Mr Bol why Roy Rahul
00:11:07.440000,00:11:10.030000,and Mr Bol why Roy Rahul because I am just printing High then
00:11:10.030000,00:11:10.040000,because I am just printing High then
00:11:10.040000,00:11:13.030000,because I am just printing High then prefix and in this case prefix is Roy
00:11:13.030000,00:11:13.040000,prefix and in this case prefix is Roy
00:11:13.040000,00:11:16.350000,prefix and in this case prefix is Roy Roy and name is Rahul right and no suff
00:11:16.350000,00:11:16.360000,Roy and name is Rahul right and no suff
00:11:16.360000,00:11:20.910000,Roy and name is Rahul right and no suff suffix is like space on and if I call
00:11:20.910000,00:11:20.920000,suffix is like space on and if I call
00:11:20.920000,00:11:23.790000,suffix is like space on and if I call this for like greet and I think the name
00:11:23.790000,00:11:23.800000,this for like greet and I think the name
00:11:23.800000,00:11:27.790000,this for like greet and I think the name of that girl was shrishti and now prefix
00:11:27.790000,00:11:27.800000,of that girl was shrishti and now prefix
00:11:27.800000,00:11:33.150000,of that girl was shrishti and now prefix is Miss
00:11:37.110000,00:11:37.120000,right and suffix also suppose I'll
00:11:37.120000,00:11:40.230000,right and suffix also suppose I'll give I don't know her surname so let's
00:11:40.230000,00:11:40.240000,give I don't know her surname so let's
00:11:40.240000,00:11:42.310000,give I don't know her surname so let's use Kumari
00:11:42.310000,00:11:42.320000,use Kumari
00:11:42.320000,00:11:45.350000,use Kumari here
00:11:48.150000,00:11:48.160000,okay let's run this and
00:11:48.160000,00:11:53.870000,okay let's run this and see hi Miss sishi Kumari Mr binod hi Roy
00:11:53.870000,00:11:53.880000,see hi Miss sishi Kumari Mr binod hi Roy
00:11:53.880000,00:11:58.069000,see hi Miss sishi Kumari Mr binod hi Roy Rahul so let's delete this right so
00:11:58.069000,00:11:58.079000,Rahul so let's delete this right so
00:11:58.079000,00:11:59.710000,Rahul so let's delete this right so these values default Val Val are
00:11:59.710000,00:11:59.720000,these values default Val Val are
00:11:59.720000,00:12:02.750000,these values default Val Val are overwritten here right this rather than
00:12:02.750000,00:12:02.760000,overwritten here right this rather than
00:12:02.760000,00:12:05.790000,overwritten here right this rather than this mis now for this function called
00:12:05.790000,00:12:05.800000,this mis now for this function called
00:12:05.800000,00:12:08.110000,this mis now for this function called prefixes Miss right so these are not
00:12:08.110000,00:12:08.120000,prefixes Miss right so these are not
00:12:08.120000,00:12:09.990000,prefixes Miss right so these are not constant argument because the values can
00:12:09.990000,00:12:10,constant argument because the values can
00:12:10,00:12:11.509000,constant argument because the values can be changed the values can be overwritten
00:12:11.509000,00:12:11.519000,be changed the values can be overwritten
00:12:11.519000,00:12:13.069000,be changed the values can be overwritten if you provide your specific value then
00:12:13.069000,00:12:13.079000,if you provide your specific value then
00:12:13.079000,00:12:15.189000,if you provide your specific value then default value would not be used right
00:12:15.189000,00:12:15.199000,default value would not be used right
00:12:15.199000,00:12:16.829000,default value would not be used right your special value your specific value
00:12:16.829000,00:12:16.839000,your special value your specific value
00:12:16.839000,00:12:18.990000,your special value your specific value you provide that would be used while
00:12:18.990000,00:12:19,you provide that would be used while
00:12:19,00:12:20.990000,you provide that would be used while calling right so in this case if you
00:12:20.990000,00:12:21,calling right so in this case if you
00:12:21,00:12:23.990000,calling right so in this case if you want to provide Rahul and Roy for suffix
00:12:23.990000,00:12:24,want to provide Rahul and Roy for suffix
00:12:24,00:12:26.069000,want to provide Rahul and Roy for suffix then you cannot provide here Rahul and
00:12:26.069000,00:12:26.079000,then you cannot provide here Rahul and
00:12:26.079000,00:12:29.670000,then you cannot provide here Rahul and simply Roy you have to provide Mr
00:12:29.670000,00:12:29.680000,simply Roy you have to provide Mr
00:12:29.680000,00:12:32.590000,simply Roy you have to provide Mr also for
00:12:32.590000,00:12:32.600000,also for
00:12:32.600000,00:12:35.829000,also for second argument and then you can write
00:12:35.829000,00:12:35.839000,second argument and then you can write
00:12:35.839000,00:12:38.069000,second argument and then you can write here like
00:12:38.069000,00:12:38.079000,here like
00:12:38.079000,00:12:40.470000,here like Roy now it will work
00:12:40.470000,00:12:40.480000,Roy now it will work
00:12:40.480000,00:12:45.030000,Roy now it will work fine see Mr Rahul Roy right so I hope
00:12:45.030000,00:12:45.040000,fine see Mr Rahul Roy right so I hope
00:12:45.040000,00:12:47.629000,fine see Mr Rahul Roy right so I hope you got the this uh the fun of uh
00:12:47.629000,00:12:47.639000,you got the this uh the fun of uh
00:12:47.639000,00:12:50.949000,you got the this uh the fun of uh default arguments so this question is
00:12:50.949000,00:12:50.959000,default arguments so this question is
00:12:50.959000,00:12:52.150000,default arguments so this question is for you you have to solve this what
00:12:52.150000,00:12:52.160000,for you you have to solve this what
00:12:52.160000,00:12:54.509000,for you you have to solve this what would be the output of uh this thing
00:12:54.509000,00:12:54.519000,would be the output of uh this thing
00:12:54.519000,00:12:56.470000,would be the output of uh this thing pause the video and try this out and uh
00:12:56.470000,00:12:56.480000,pause the video and try this out and uh
00:12:56.480000,00:12:58.069000,pause the video and try this out and uh write down the answer in comment section
00:12:58.069000,00:12:58.079000,write down the answer in comment section
00:12:58.079000,00:13:00.030000,write down the answer in comment section see here we have first of all control
00:13:00.030000,00:13:00.040000,see here we have first of all control
00:13:00.040000,00:13:02.069000,see here we have first of all control will go to the main function then we are
00:13:02.069000,00:13:02.079000,will go to the main function then we are
00:13:02.079000,00:13:05.230000,will go to the main function then we are calling the sum we are passing three uh
00:13:05.230000,00:13:05.240000,calling the sum we are passing three uh
00:13:05.240000,00:13:08.870000,calling the sum we are passing three uh argument one to three so before it it
00:13:08.870000,00:13:08.880000,argument one to three so before it it
00:13:08.880000,00:13:11.030000,argument one to three so before it it will check where it is defined but it is
00:13:11.030000,00:13:11.040000,will check where it is defined but it is
00:13:11.040000,00:13:12.829000,will check where it is defined but it is defined after that but yeah it has a
00:13:12.829000,00:13:12.839000,defined after that but yeah it has a
00:13:12.839000,00:13:14.470000,defined after that but yeah it has a declaration before calling so that's
00:13:14.470000,00:13:14.480000,declaration before calling so that's
00:13:14.480000,00:13:18.230000,declaration before calling so that's fine in declaration we have 1 2 3 three
00:13:18.230000,00:13:18.240000,fine in declaration we have 1 2 3 three
00:13:18.240000,00:13:20.670000,fine in declaration we have 1 2 3 three parameter but one is default for third
00:13:20.670000,00:13:20.680000,parameter but one is default for third
00:13:20.680000,00:13:22.470000,parameter but one is default for third one I'm providing value
00:13:22.470000,00:13:22.480000,one I'm providing value
00:13:22.480000,00:13:26.269000,one I'm providing value zero right and return type is in so now
00:13:26.269000,00:13:26.279000,zero right and return type is in so now
00:13:26.279000,00:13:28.189000,zero right and return type is in so now it will go to the definition part and x
00:13:28.189000,00:13:28.199000,it will go to the definition part and x
00:13:28.199000,00:13:30.310000,it will go to the definition part and x y z three are argument we have sorry
00:13:30.310000,00:13:30.320000,y z three are argument we have sorry
00:13:30.320000,00:13:31.590000,y z three are argument we have sorry three parameter we have here we have
00:13:31.590000,00:13:31.600000,three parameter we have here we have
00:13:31.600000,00:13:34.030000,three parameter we have here we have parameter x y z are parameters 1 2 3 are
00:13:34.030000,00:13:34.040000,parameter x y z are parameters 1 2 3 are
00:13:34.040000,00:13:37.350000,parameter x y z are parameters 1 2 3 are arguments and return X+ y + z right so
00:13:37.350000,00:13:37.360000,arguments and return X+ y + z right so
00:13:37.360000,00:13:39.910000,arguments and return X+ y + z right so here it will it will call the sum
00:13:39.910000,00:13:39.920000,here it will it will call the sum
00:13:39.920000,00:13:42.670000,here it will it will call the sum function with 1 2 three value default
00:13:42.670000,00:13:42.680000,function with 1 2 three value default
00:13:42.680000,00:13:45.750000,function with 1 2 three value default value is zero for Z but it will it will
00:13:45.750000,00:13:45.760000,value is zero for Z but it will it will
00:13:45.760000,00:13:48.670000,value is zero for Z but it will it will use three in this case in second case we
00:13:48.670000,00:13:48.680000,use three in this case in second case we
00:13:48.680000,00:13:51.110000,use three in this case in second case we are only providing one value some one so
00:13:51.110000,00:13:51.120000,are only providing one value some one so
00:13:51.120000,00:13:55.030000,are only providing one value some one so it will give error why so because one
00:13:55.030000,00:13:55.040000,it will give error why so because one
00:13:55.040000,00:13:57.749000,it will give error why so because one will give will be given to X for y we
00:13:57.749000,00:13:57.759000,will give will be given to X for y we
00:13:57.759000,00:14:00.030000,will give will be given to X for y we are not giving any value yeah for Zed we
00:14:00.030000,00:14:00.040000,are not giving any value yeah for Zed we
00:14:00.040000,00:14:02.430000,are not giving any value yeah for Zed we have default value but but for y we are
00:14:02.430000,00:14:02.440000,have default value but but for y we are
00:14:02.440000,00:14:04.790000,have default value but but for y we are not giving any value right so it will
00:14:04.790000,00:14:04.800000,not giving any value right so it will
00:14:04.800000,00:14:06.990000,not giving any value right so it will give you error to few arguments in
00:14:06.990000,00:14:07,give you error to few arguments in
00:14:07,00:14:09.069000,give you error to few arguments in function call right at least you have to
00:14:09.069000,00:14:09.079000,function call right at least you have to
00:14:09.079000,00:14:13.269000,function call right at least you have to pass two argument because one two two
00:14:13.269000,00:14:13.279000,pass two argument because one two two
00:14:13.279000,00:14:16.110000,pass two argument because one two two parameters are not default only one is
00:14:16.110000,00:14:16.120000,parameters are not default only one is
00:14:16.120000,00:14:18.790000,parameters are not default only one is default so it will give error in this
00:14:18.790000,00:14:18.800000,default so it will give error in this
00:14:18.800000,00:14:20.790000,default so it will give error in this case you have to provide at least two
00:14:20.790000,00:14:20.800000,case you have to provide at least two
00:14:20.800000,00:14:23.670000,case you have to provide at least two this Su three four see that will work
00:14:23.670000,00:14:23.680000,this Su three four see that will work
00:14:23.680000,00:14:26.350000,this Su three four see that will work fine because X would be three y would be
00:14:26.350000,00:14:26.360000,fine because X would be three y would be
00:14:26.360000,00:14:28.069000,fine because X would be three y would be four you are not giving any value for Z
00:14:28.069000,00:14:28.079000,four you are not giving any value for Z
00:14:28.079000,00:14:30.870000,four you are not giving any value for Z it's okay we have default value zero
00:14:30.870000,00:14:30.880000,it's okay we have default value zero
00:14:30.880000,00:14:33.030000,it's okay we have default value zero right so let's run this and see what
00:14:33.030000,00:14:33.040000,right so let's run this and see what
00:14:33.040000,00:14:35.710000,right so let's run this and see what output you're getting
00:14:35.710000,00:14:35.720000,output you're getting
00:14:35.720000,00:14:41.269000,output you're getting here okay we have Mr semicolon
00:14:46.230000,00:14:46.240000,here see 6 six and seven right six six
00:14:46.240000,00:14:49.430000,here see 6 six and seven right six six and seven right other than zero also you
00:14:49.430000,00:14:49.440000,and seven right other than zero also you
00:14:49.440000,00:14:51.710000,and seven right other than zero also you can take any value but after this you
00:14:51.710000,00:14:51.720000,can take any value but after this you
00:14:51.720000,00:14:54.590000,can take any value but after this you cannot take something like this or if
00:14:54.590000,00:14:54.600000,cannot take something like this or if
00:14:54.600000,00:14:57.110000,cannot take something like this or if you modify it a little bit for second
00:14:57.110000,00:14:57.120000,you modify it a little bit for second
00:14:57.120000,00:14:58.790000,you modify it a little bit for second argument you give default value for
00:14:58.790000,00:14:58.800000,argument you give default value for
00:14:58.800000,00:15:00.670000,argument you give default value for third
00:15:00.670000,00:15:00.680000,third
00:15:00.680000,00:15:02.710000,third not you're not giving any default value
00:15:02.710000,00:15:02.720000,not you're not giving any default value
00:15:02.720000,00:15:04.990000,not you're not giving any default value in that
00:15:04.990000,00:15:05,in that
00:15:05,00:15:07.470000,in that case let's run this and see what error
00:15:07.470000,00:15:07.480000,case let's run this and see what error
00:15:07.480000,00:15:08.910000,case let's run this and see what error you are
00:15:08.910000,00:15:08.920000,you are
00:15:08.920000,00:15:11.269000,you are getting default argument missing for
00:15:11.269000,00:15:11.279000,getting default argument missing for
00:15:11.279000,00:15:15.069000,getting default argument missing for parameter three in this in sum for
00:15:15.069000,00:15:15.079000,parameter three in this in sum for
00:15:15.079000,00:15:17.590000,parameter three in this in sum for parameter three for
00:15:17.590000,00:15:17.600000,parameter three for
00:15:17.600000,00:15:20.910000,parameter three for this so after providing the default
00:15:20.910000,00:15:20.920000,this so after providing the default
00:15:20.920000,00:15:24.430000,this so after providing the default argument after this if you have any
00:15:24.430000,00:15:24.440000,argument after this if you have any
00:15:24.440000,00:15:26.910000,argument after this if you have any parameter that those all the parameter
00:15:26.910000,00:15:26.920000,parameter that those all the parameter
00:15:26.920000,00:15:29.629000,parameter that those all the parameter must be default so you have to provide a
00:15:29.629000,00:15:29.639000,must be default so you have to provide a
00:15:29.639000,00:15:32.110000,must be default so you have to provide a default argument after this default
00:15:32.110000,00:15:32.120000,default argument after this default
00:15:32.120000,00:15:35.189000,default argument after this default argument can be at the end right like in
00:15:35.189000,00:15:35.199000,argument can be at the end right like in
00:15:35.199000,00:15:37.150000,argument can be at the end right like in the tail of the parameter list default
00:15:37.150000,00:15:37.160000,the tail of the parameter list default
00:15:37.160000,00:15:38.309000,the tail of the parameter list default argument should be in the tail of the
00:15:38.309000,00:15:38.319000,argument should be in the tail of the
00:15:38.319000,00:15:41.189000,argument should be in the tail of the parameter list
00:15:41.189000,00:15:41.199000,parameter list
00:15:41.199000,00:15:43.150000,parameter list right
00:15:43.150000,00:15:43.160000,right
00:15:43.160000,00:15:46.069000,right so just by adding any default argument
00:15:46.069000,00:15:46.079000,so just by adding any default argument
00:15:46.079000,00:15:49.309000,so just by adding any default argument you can just increase you can just you
00:15:49.309000,00:15:49.319000,you can just increase you can just you
00:15:49.319000,00:15:51.470000,you can just increase you can just you change the capab capability of the
00:15:51.470000,00:15:51.480000,change the capab capability of the
00:15:51.480000,00:15:53.829000,change the capab capability of the function right just by using a default
00:15:53.829000,00:15:53.839000,function right just by using a default
00:15:53.839000,00:15:55.670000,function right just by using a default argument and you have to write down less
00:15:55.670000,00:15:55.680000,argument and you have to write down less
00:15:55.680000,00:15:58.309000,argument and you have to write down less code right the program would be easy to
00:15:58.309000,00:15:58.319000,code right the program would be easy to
00:15:58.319000,00:16:00.749000,code right the program would be easy to write so it helps in reducing the size
00:16:00.749000,00:16:00.759000,write so it helps in reducing the size
00:16:00.759000,00:16:03.590000,write so it helps in reducing the size of the program also but execution time
00:16:03.590000,00:16:03.600000,of the program also but execution time
00:16:03.600000,00:16:04.910000,of the program also but execution time will be a little bit more because if
00:16:04.910000,00:16:04.920000,will be a little bit more because if
00:16:04.920000,00:16:07.870000,will be a little bit more because if you're not providing any argument value
00:16:07.870000,00:16:07.880000,you're not providing any argument value
00:16:07.880000,00:16:11.230000,you're not providing any argument value for this then the compiler has to copy
00:16:11.230000,00:16:11.240000,for this then the compiler has to copy
00:16:11.240000,00:16:14.350000,for this then the compiler has to copy that default value to this parameter
00:16:14.350000,00:16:14.360000,that default value to this parameter
00:16:14.360000,00:16:16.790000,that default value to this parameter right so execution time will be a little
00:16:16.790000,00:16:16.800000,right so execution time will be a little
00:16:16.800000,00:16:20.110000,right so execution time will be a little bit more right I hope you got now what
00:16:20.110000,00:16:20.120000,bit more right I hope you got now what
00:16:20.120000,00:16:22.269000,bit more right I hope you got now what are default argument values or default
00:16:22.269000,00:16:22.279000,are default argument values or default
00:16:22.279000,00:16:23.749000,are default argument values or default values these are not constant values
00:16:23.749000,00:16:23.759000,values these are not constant values
00:16:23.759000,00:16:26.189000,values these are not constant values because you can overwrite these default
00:16:26.189000,00:16:26.199000,because you can overwrite these default
00:16:26.199000,00:16:28.629000,because you can overwrite these default values and rather than in declaration we
00:16:28.629000,00:16:28.639000,values and rather than in declaration we
00:16:28.639000,00:16:30.910000,values and rather than in declaration we can have have default value here as
00:16:30.910000,00:16:30.920000,can have have default value here as
00:16:30.920000,00:16:34.590000,can have have default value here as well but in this case it will give error
00:16:34.590000,00:16:34.600000,well but in this case it will give error
00:16:34.600000,00:16:37.430000,well but in this case it will give error because if you are using this default
00:16:37.430000,00:16:37.440000,because if you are using this default
00:16:37.440000,00:16:39.110000,because if you are using this default value in function definition then
00:16:39.110000,00:16:39.120000,value in function definition then
00:16:39.120000,00:16:40.990000,value in function definition then function definition must be before
00:16:40.990000,00:16:41,function definition must be before
00:16:41,00:16:43.389000,function definition must be before function calling right you can just
00:16:43.389000,00:16:43.399000,function calling right you can just
00:16:43.399000,00:16:44.870000,function calling right you can just change it and you can just run the
00:16:44.870000,00:16:44.880000,change it and you can just run the
00:16:44.880000,00:16:46.629000,change it and you can just run the sensing right so that's it for this
00:16:46.629000,00:16:46.639000,sensing right so that's it for this
00:16:46.639000,00:16:49.030000,sensing right so that's it for this video now uh in the next we'll see maybe
00:16:49.030000,00:16:49.040000,video now uh in the next we'll see maybe
00:16:49.040000,00:16:51.030000,video now uh in the next we'll see maybe some coding exercises on based on
00:16:51.030000,00:16:51.040000,some coding exercises on based on
00:16:51.040000,00:16:53.150000,some coding exercises on based on functions right so now I'll see you in
00:16:53.150000,00:16:53.160000,functions right so now I'll see you in
00:16:53.160000,00:16:58.279000,functions right so now I'll see you in the next video till then bye take care
