Start Time,End Time,Text
00:00:01.990000,00:00:02,hey everyone I hope you are safe and
00:00:02,00:00:03.909000,hey everyone I hope you are safe and doing good so in the series of learning
00:00:03.909000,00:00:03.919000,doing good so in the series of learning
00:00:03.919000,00:00:05.190000,doing good so in the series of learning C++ programming language we're
00:00:05.190000,00:00:05.200000,C++ programming language we're
00:00:05.200000,00:00:07.269000,C++ programming language we're discussing functions in C++ in previous
00:00:07.269000,00:00:07.279000,discussing functions in C++ in previous
00:00:07.279000,00:00:08.470000,discussing functions in C++ in previous video we have seen what are default
00:00:08.470000,00:00:08.480000,video we have seen what are default
00:00:08.480000,00:00:10.669000,video we have seen what are default arguments right how to use how to pass
00:00:10.669000,00:00:10.679000,arguments right how to use how to pass
00:00:10.679000,00:00:13.190000,arguments right how to use how to pass default arguments uh in functions so the
00:00:13.190000,00:00:13.200000,default arguments uh in functions so the
00:00:13.200000,00:00:15.550000,default arguments uh in functions so the next topic is function
00:00:15.550000,00:00:15.560000,next topic is function
00:00:15.560000,00:00:18.390000,next topic is function overloading this is also uh an important
00:00:18.390000,00:00:18.400000,overloading this is also uh an important
00:00:18.400000,00:00:21.109000,overloading this is also uh an important feature of functions right basically we
00:00:21.109000,00:00:21.119000,feature of functions right basically we
00:00:21.119000,00:00:24.509000,feature of functions right basically we have uh four oops uh concept or four
00:00:24.509000,00:00:24.519000,have uh four oops uh concept or four
00:00:24.519000,00:00:27.109000,have uh four oops uh concept or four oops pillars we can say abstraction
00:00:27.109000,00:00:27.119000,oops pillars we can say abstraction
00:00:27.119000,00:00:30.990000,oops pillars we can say abstraction classes and uh objects encapsulation and
00:00:30.990000,00:00:31,classes and uh objects encapsulation and
00:00:31,00:00:33.229000,classes and uh objects encapsulation and polymorphism that we'll see in detail in
00:00:33.229000,00:00:33.239000,polymorphism that we'll see in detail in
00:00:33.239000,00:00:35.510000,polymorphism that we'll see in detail in later videos right so this overloading
00:00:35.510000,00:00:35.520000,later videos right so this overloading
00:00:35.520000,00:00:38.549000,later videos right so this overloading is a part of polymorphism right we'll
00:00:38.549000,00:00:38.559000,is a part of polymorphism right we'll
00:00:38.559000,00:00:39.950000,is a part of polymorphism right we'll discuss in brief what are function
00:00:39.950000,00:00:39.960000,discuss in brief what are function
00:00:39.960000,00:00:41.910000,discuss in brief what are function overloading how to use how to achieve
00:00:41.910000,00:00:41.920000,overloading how to use how to achieve
00:00:41.920000,00:00:43.150000,overloading how to use how to achieve function overloading with help of
00:00:43.150000,00:00:43.160000,function overloading with help of
00:00:43.160000,00:00:45.950000,function overloading with help of program right but polymorphism we will
00:00:45.950000,00:00:45.960000,program right but polymorphism we will
00:00:45.960000,00:00:47.189000,program right but polymorphism we will see in later videos when we're
00:00:47.189000,00:00:47.199000,see in later videos when we're
00:00:47.199000,00:00:50.990000,see in later videos when we're discussing uh oops concept right so now
00:00:50.990000,00:00:51,discussing uh oops concept right so now
00:00:51,00:00:52.750000,discussing uh oops concept right so now see in this video we'll
00:00:52.750000,00:00:52.760000,see in this video we'll
00:00:52.760000,00:00:55.830000,see in this video we'll see what are basically why function
00:00:55.830000,00:00:55.840000,see what are basically why function
00:00:55.840000,00:00:58.229000,see what are basically why function overloading need of function overloading
00:00:58.229000,00:00:58.239000,overloading need of function overloading
00:00:58.239000,00:01:00.430000,overloading need of function overloading this thing is important if you
00:01:00.430000,00:01:00.440000,this thing is important if you
00:01:00.440000,00:01:02.630000,this thing is important if you studying any concept then what is need
00:01:02.630000,00:01:02.640000,studying any concept then what is need
00:01:02.640000,00:01:05.590000,studying any concept then what is need of that concept that feature right that
00:01:05.590000,00:01:05.600000,of that concept that feature right that
00:01:05.600000,00:01:07.070000,of that concept that feature right that is important so this thing we'll see in
00:01:07.070000,00:01:07.080000,is important so this thing we'll see in
00:01:07.080000,00:01:10.030000,is important so this thing we'll see in this video right now see you know what
00:01:10.030000,00:01:10.040000,this video right now see you know what
00:01:10.040000,00:01:11.910000,this video right now see you know what are function how to declare function how
00:01:11.910000,00:01:11.920000,are function how to declare function how
00:01:11.920000,00:01:13.710000,are function how to declare function how to define how to call function Basics
00:01:13.710000,00:01:13.720000,to define how to call function Basics
00:01:13.720000,00:01:16.230000,to define how to call function Basics are clear to you guys right see if I
00:01:16.230000,00:01:16.240000,are clear to you guys right see if I
00:01:16.240000,00:01:19.190000,are clear to you guys right see if I write something like this so now you can
00:01:19.190000,00:01:19.200000,write something like this so now you can
00:01:19.200000,00:01:21.030000,write something like this so now you can differentiate like this is function
00:01:21.030000,00:01:21.040000,differentiate like this is function
00:01:21.040000,00:01:23.190000,differentiate like this is function prototype or function declaration this
00:01:23.190000,00:01:23.200000,prototype or function declaration this
00:01:23.200000,00:01:26.789000,prototype or function declaration this is function calling and this is function
00:01:26.789000,00:01:26.799000,is function calling and this is function
00:01:26.799000,00:01:30.469000,is function calling and this is function definition right now if in your program
00:01:30.469000,00:01:30.479000,definition right now if in your program
00:01:30.479000,00:01:33.069000,definition right now if in your program you have two or more function with same
00:01:33.069000,00:01:33.079000,you have two or more function with same
00:01:33.079000,00:01:35.030000,you have two or more function with same name like in my program I have display
00:01:35.030000,00:01:35.040000,name like in my program I have display
00:01:35.040000,00:01:36.550000,name like in my program I have display one more function I have
00:01:36.550000,00:01:36.560000,one more function I have
00:01:36.560000,00:01:40.510000,one more function I have display right name is same but
00:01:40.510000,00:01:40.520000,display right name is same but
00:01:40.520000,00:01:42.630000,display right name is same but parameters you are passing those are
00:01:42.630000,00:01:42.640000,parameters you are passing those are
00:01:42.640000,00:01:44.190000,parameters you are passing those are different maybe the data type of
00:01:44.190000,00:01:44.200000,different maybe the data type of
00:01:44.200000,00:01:45.870000,different maybe the data type of parameter is different or maybe number
00:01:45.870000,00:01:45.880000,parameter is different or maybe number
00:01:45.880000,00:01:48.830000,parameter is different or maybe number of parameters are different right that
00:01:48.830000,00:01:48.840000,of parameters are different right that
00:01:48.840000,00:01:51.109000,of parameters are different right that thing is known as function
00:01:51.109000,00:01:51.119000,thing is known as function
00:01:51.119000,00:01:53.789000,thing is known as function overloading right see let me show you if
00:01:53.789000,00:01:53.799000,overloading right see let me show you if
00:01:53.799000,00:01:56.389000,overloading right see let me show you if in my program I have one more function
00:01:56.389000,00:01:56.399000,in my program I have one more function
00:01:56.399000,00:02:02.910000,in my program I have one more function display and here I have like string
00:02:05.429000,00:02:05.439000,so in my program I have two functions
00:02:05.439000,00:02:07.550000,so in my program I have two functions with same name display display but
00:02:07.550000,00:02:07.560000,with same name display display but
00:02:07.560000,00:02:08.990000,with same name display display but parameters are different here I'm
00:02:08.990000,00:02:09,parameters are different here I'm
00:02:09,00:02:11.110000,parameters are different here I'm passing int here I'm passing string so
00:02:11.110000,00:02:11.120000,passing int here I'm passing string so
00:02:11.120000,00:02:13.309000,passing int here I'm passing string so obviously definition will be different
00:02:13.309000,00:02:13.319000,obviously definition will be different
00:02:13.319000,00:02:16.030000,obviously definition will be different here void display string Str Str and
00:02:16.030000,00:02:16.040000,here void display string Str Str and
00:02:16.040000,00:02:18.630000,here void display string Str Str and they see out I'll uh display St Str
00:02:18.630000,00:02:18.640000,they see out I'll uh display St Str
00:02:18.640000,00:02:20.630000,they see out I'll uh display St Str right and whenever you call then display
00:02:20.630000,00:02:20.640000,right and whenever you call then display
00:02:20.640000,00:02:23.070000,right and whenever you call then display maybe you'll pass next gen so while
00:02:23.070000,00:02:23.080000,maybe you'll pass next gen so while
00:02:23.080000,00:02:27.070000,maybe you'll pass next gen so while calling this I'll pass J A
00:02:27.070000,00:02:27.080000,calling this I'll pass J A
00:02:27.080000,00:02:30.589000,calling this I'll pass J A String this is a c style string this is
00:02:30.589000,00:02:30.599000,String this is a c style string this is
00:02:30.599000,00:02:31.550000,String this is a c style string this is also
00:02:31.550000,00:02:31.560000,also
00:02:31.560000,00:02:36.110000,also fine this is uh accepting uh expecting a
00:02:36.110000,00:02:36.120000,fine this is uh accepting uh expecting a
00:02:36.120000,00:02:39.670000,fine this is uh accepting uh expecting a C++ string like the string object but
00:02:39.670000,00:02:39.680000,C++ string like the string object but
00:02:39.680000,00:02:41.670000,C++ string like the string object but you are passing C style string a string
00:02:41.670000,00:02:41.680000,you are passing C style string a string
00:02:41.680000,00:02:43.070000,you are passing C style string a string lateral that is also fine it will be
00:02:43.070000,00:02:43.080000,lateral that is also fine it will be
00:02:43.080000,00:02:46.070000,lateral that is also fine it will be converted to C++ style string or a
00:02:46.070000,00:02:46.080000,converted to C++ style string or a
00:02:46.080000,00:02:48.710000,converted to C++ style string or a string object also you can pass right
00:02:48.710000,00:02:48.720000,string object also you can pass right
00:02:48.720000,00:02:52.229000,string object also you can pass right and same the definition is also some
00:02:52.229000,00:02:52.239000,and same the definition is also some
00:02:52.239000,00:02:55.229000,and same the definition is also some something different from this like
00:02:55.229000,00:02:55.239000,something different from this like
00:02:55.239000,00:02:57.869000,something different from this like string variable name is Str Str and I'm
00:02:57.869000,00:02:57.879000,string variable name is Str Str and I'm
00:02:57.879000,00:03:01.589000,string variable name is Str Str and I'm just printing here C out St Str
00:03:01.589000,00:03:01.599000,just printing here C out St Str
00:03:01.599000,00:03:04.470000,just printing here C out St Str right so in one program in the same
00:03:04.470000,00:03:04.480000,right so in one program in the same
00:03:04.480000,00:03:06.350000,right so in one program in the same scope or in one program I have two
00:03:06.350000,00:03:06.360000,scope or in one program I have two
00:03:06.360000,00:03:08.470000,scope or in one program I have two functions with same name but parameters
00:03:08.470000,00:03:08.480000,functions with same name but parameters
00:03:08.480000,00:03:10.270000,functions with same name but parameters are different so this is function
00:03:10.270000,00:03:10.280000,are different so this is function
00:03:10.280000,00:03:12.270000,are different so this is function overloading so why you need function
00:03:12.270000,00:03:12.280000,overloading so why you need function
00:03:12.280000,00:03:14.750000,overloading so why you need function overloading see sometimes if you want to
00:03:14.750000,00:03:14.760000,overloading see sometimes if you want to
00:03:14.760000,00:03:16.830000,overloading see sometimes if you want to display or if you want to print integer
00:03:16.830000,00:03:16.840000,display or if you want to print integer
00:03:16.840000,00:03:19.589000,display or if you want to print integer value suppose two I also want to print
00:03:19.589000,00:03:19.599000,value suppose two I also want to print
00:03:19.599000,00:03:22.030000,value suppose two I also want to print Jenny then I want to print like maybe
00:03:22.030000,00:03:22.040000,Jenny then I want to print like maybe
00:03:22.040000,00:03:24.750000,Jenny then I want to print like maybe 10.2 or double value or a character
00:03:24.750000,00:03:24.760000,10.2 or double value or a character
00:03:24.760000,00:03:29.589000,10.2 or double value or a character value also sometimes right so rather
00:03:29.589000,00:03:29.599000,value also sometimes right so rather
00:03:29.599000,00:03:30.429000,value also sometimes right so rather than
00:03:30.429000,00:03:30.439000,than
00:03:30.439000,00:03:32.710000,than taking different different function name
00:03:32.710000,00:03:32.720000,taking different different function name
00:03:32.720000,00:03:36.550000,taking different different function name like for printing integer I will take
00:03:36.550000,00:03:36.560000,like for printing integer I will take
00:03:36.560000,00:03:40.270000,like for printing integer I will take maybe print int and here the function
00:03:40.270000,00:03:40.280000,maybe print int and here the function
00:03:40.280000,00:03:43.030000,maybe print int and here the function the argument then print
00:03:43.030000,00:03:43.040000,the argument then print
00:03:43.040000,00:03:47.470000,the argument then print double then print
00:03:51.270000,00:03:51.280000,string print character so you have to
00:03:51.280000,00:03:54.069000,string print character so you have to take four different names right and you
00:03:54.069000,00:03:54.079000,take four different names right and you
00:03:54.079000,00:03:55.990000,take four different names right and you have to remember like these four
00:03:55.990000,00:03:56,have to remember like these four
00:03:56,00:03:58.350000,have to remember like these four different names and all so rather than
00:03:58.350000,00:03:58.360000,different names and all so rather than
00:03:58.360000,00:04:01.390000,different names and all so rather than this using function overloading we can
00:04:01.390000,00:04:01.400000,this using function overloading we can
00:04:01.400000,00:04:04.670000,this using function overloading we can take only single name that is print
00:04:04.670000,00:04:04.680000,take only single name that is print
00:04:04.680000,00:04:07.190000,take only single name that is print print only
00:04:07.190000,00:04:07.200000,print only
00:04:07.200000,00:04:08.949000,print only right
00:04:08.949000,00:04:08.959000,right
00:04:08.959000,00:04:11.390000,right and if you want to print integer you
00:04:11.390000,00:04:11.400000,and if you want to print integer you
00:04:11.400000,00:04:13.149000,and if you want to print integer you just pass your int if you want to print
00:04:13.149000,00:04:13.159000,just pass your int if you want to print
00:04:13.159000,00:04:15.190000,just pass your int if you want to print string you just pass your string if you
00:04:15.190000,00:04:15.200000,string you just pass your string if you
00:04:15.200000,00:04:18.030000,string you just pass your string if you want to print double just print uh pass
00:04:18.030000,00:04:18.040000,want to print double just print uh pass
00:04:18.040000,00:04:20.870000,want to print double just print uh pass double as an argument and that's it
00:04:20.870000,00:04:20.880000,double as an argument and that's it
00:04:20.880000,00:04:23.070000,double as an argument and that's it right so function name is same but we
00:04:23.070000,00:04:23.080000,right so function name is same but we
00:04:23.080000,00:04:26.790000,right so function name is same but we will Define here for these four things
00:04:26.790000,00:04:26.800000,will Define here for these four things
00:04:26.800000,00:04:29.670000,will Define here for these four things four different functions right but fun
00:04:29.670000,00:04:29.680000,four different functions right but fun
00:04:29.680000,00:04:32.150000,four different functions right but fun function name would be same only the
00:04:32.150000,00:04:32.160000,function name would be same only the
00:04:32.160000,00:04:35.550000,function name would be same only the different uh difference is in the type
00:04:35.550000,00:04:35.560000,different uh difference is in the type
00:04:35.560000,00:04:38.230000,different uh difference is in the type of the argument or the type of the
00:04:38.230000,00:04:38.240000,of the argument or the type of the
00:04:38.240000,00:04:40.710000,of the argument or the type of the parameter you take for this we will take
00:04:40.710000,00:04:40.720000,parameter you take for this we will take
00:04:40.720000,00:04:42.909000,parameter you take for this we will take int for this we will take string here
00:04:42.909000,00:04:42.919000,int for this we will take string here
00:04:42.919000,00:04:44.270000,int for this we will take string here for this we will take double here for
00:04:44.270000,00:04:44.280000,for this we will take double here for
00:04:44.280000,00:04:46.110000,for this we will take double here for this we will take here
00:04:46.110000,00:04:46.120000,this we will take here
00:04:46.120000,00:04:49.550000,this we will take here character right so this is like the
00:04:49.550000,00:04:49.560000,character right so this is like the
00:04:49.560000,00:04:51.590000,character right so this is like the program would be more readable rather
00:04:51.590000,00:04:51.600000,program would be more readable rather
00:04:51.600000,00:04:53.870000,program would be more readable rather than having four different name just
00:04:53.870000,00:04:53.880000,than having four different name just
00:04:53.880000,00:04:57.189000,than having four different name just take one simple same name so program
00:04:57.189000,00:04:57.199000,take one simple same name so program
00:04:57.199000,00:04:59.790000,take one simple same name so program would be more readable and maintainable
00:04:59.790000,00:04:59.800000,would be more readable and maintainable
00:04:59.800000,00:05:02.230000,would be more readable and maintainable and it will increase the reusability of
00:05:02.230000,00:05:02.240000,and it will increase the reusability of
00:05:02.240000,00:05:04.790000,and it will increase the reusability of the program as well right that is why we
00:05:04.790000,00:05:04.800000,the program as well right that is why we
00:05:04.800000,00:05:06.670000,the program as well right that is why we use function overloading so you don't
00:05:06.670000,00:05:06.680000,use function overloading so you don't
00:05:06.680000,00:05:08.590000,use function overloading so you don't have to rather than you don't have to
00:05:08.590000,00:05:08.600000,have to rather than you don't have to
00:05:08.600000,00:05:10.150000,have to rather than you don't have to remember the user you don't have to
00:05:10.150000,00:05:10.160000,remember the user you don't have to
00:05:10.160000,00:05:11.790000,remember the user you don't have to remember the exact name for the
00:05:11.790000,00:05:11.800000,remember the exact name for the
00:05:11.800000,00:05:14.469000,remember the exact name for the functions because name is same only the
00:05:14.469000,00:05:14.479000,functions because name is same only the
00:05:14.479000,00:05:16.629000,functions because name is same only the argument you pass that is different and
00:05:16.629000,00:05:16.639000,argument you pass that is different and
00:05:16.639000,00:05:17.590000,argument you pass that is different and the
00:05:17.590000,00:05:17.600000,the
00:05:17.600000,00:05:21.070000,the compiler will automatically call the
00:05:21.070000,00:05:21.080000,compiler will automatically call the
00:05:21.080000,00:05:23.830000,compiler will automatically call the best match I mean at compile time the
00:05:23.830000,00:05:23.840000,best match I mean at compile time the
00:05:23.840000,00:05:27.710000,best match I mean at compile time the compiler chooses which which function
00:05:27.710000,00:05:27.720000,compiler chooses which which function
00:05:27.720000,00:05:31.150000,compiler chooses which which function overloads to call based sh the type and
00:05:31.150000,00:05:31.160000,overloads to call based sh the type and
00:05:31.160000,00:05:34.110000,overloads to call based sh the type and the number of argument you pass right
00:05:34.110000,00:05:34.120000,the number of argument you pass right
00:05:34.120000,00:05:37.029000,the number of argument you pass right that is had of compiler that will choose
00:05:37.029000,00:05:37.039000,that is had of compiler that will choose
00:05:37.039000,00:05:39.670000,that is had of compiler that will choose right out of suppose here we have
00:05:39.670000,00:05:39.680000,right out of suppose here we have
00:05:39.680000,00:05:42.150000,right out of suppose here we have display so if I call this display two so
00:05:42.150000,00:05:42.160000,display so if I call this display two so
00:05:42.160000,00:05:44.189000,display so if I call this display two so the compiler chooses which function to
00:05:44.189000,00:05:44.199000,the compiler chooses which function to
00:05:44.199000,00:05:48.230000,the compiler chooses which function to call this int based on the type of
00:05:48.230000,00:05:48.240000,call this int based on the type of
00:05:48.240000,00:05:50.270000,call this int based on the type of parameter if this is the function
00:05:50.270000,00:05:50.280000,parameter if this is the function
00:05:50.280000,00:05:52.189000,parameter if this is the function calling so at this time compiler will
00:05:52.189000,00:05:52.199000,calling so at this time compiler will
00:05:52.199000,00:05:54.070000,calling so at this time compiler will choose which function to call this
00:05:54.070000,00:05:54.080000,choose which function to call this
00:05:54.080000,00:05:57.070000,choose which function to call this function based on the argument the type
00:05:57.070000,00:05:57.080000,function based on the argument the type
00:05:57.080000,00:05:59.270000,function based on the argument the type of argument you pass that is uh string
00:05:59.270000,00:05:59.280000,of argument you pass that is uh string
00:05:59.280000,00:06:02.029000,of argument you pass that is uh string so it will will call this not this right
00:06:02.029000,00:06:02.039000,so it will will call this not this right
00:06:02.039000,00:06:03.430000,so it will will call this not this right you don't have to remember the exact
00:06:03.430000,00:06:03.440000,you don't have to remember the exact
00:06:03.440000,00:06:05.270000,you don't have to remember the exact name maybe here you have to take like
00:06:05.270000,00:06:05.280000,name maybe here you have to take like
00:06:05.280000,00:06:07.670000,name maybe here you have to take like display int display
00:06:07.670000,00:06:07.680000,display int display
00:06:07.680000,00:06:10.350000,display int display string so rather than remembering
00:06:10.350000,00:06:10.360000,string so rather than remembering
00:06:10.360000,00:06:11.990000,string so rather than remembering different different name you just have
00:06:11.990000,00:06:12,different different name you just have
00:06:12,00:06:13.990000,different different name you just have to remember only one name same name
00:06:13.990000,00:06:14,to remember only one name same name
00:06:14,00:06:16.749000,to remember only one name same name display that is you can say advantage of
00:06:16.749000,00:06:16.759000,display that is you can say advantage of
00:06:16.759000,00:06:20.110000,display that is you can say advantage of using function overloading right now the
00:06:20.110000,00:06:20.120000,using function overloading right now the
00:06:20.120000,00:06:22.390000,using function overloading right now the function overloading we can achieve in
00:06:22.390000,00:06:22.400000,function overloading we can achieve in
00:06:22.400000,00:06:25.070000,function overloading we can achieve in three forms based on the number of
00:06:25.070000,00:06:25.080000,three forms based on the number of
00:06:25.080000,00:06:26.950000,three forms based on the number of parameter you passed based on the type
00:06:26.950000,00:06:26.960000,parameter you passed based on the type
00:06:26.960000,00:06:28.870000,parameter you passed based on the type of parameter you passed and based on the
00:06:28.870000,00:06:28.880000,of parameter you passed and based on the
00:06:28.880000,00:06:32.550000,of parameter you passed and based on the order of the parameters you passed right
00:06:32.550000,00:06:32.560000,order of the parameters you passed right
00:06:32.560000,00:06:35.150000,order of the parameters you passed right remember this if if you write something
00:06:35.150000,00:06:35.160000,remember this if if you write something
00:06:35.160000,00:06:39.629000,remember this if if you write something like this right if I like here in fun
00:06:39.629000,00:06:39.639000,like this right if I like here in fun
00:06:39.639000,00:06:43.629000,like this right if I like here in fun and void fun maybe you think this is
00:06:43.629000,00:06:43.639000,and void fun maybe you think this is
00:06:43.639000,00:06:45.390000,and void fun maybe you think this is function overloading because return type
00:06:45.390000,00:06:45.400000,function overloading because return type
00:06:45.400000,00:06:47.430000,function overloading because return type of the function is different
00:06:47.430000,00:06:47.440000,of the function is different
00:06:47.440000,00:06:49.629000,of the function is different no we cannot achieve function
00:06:49.629000,00:06:49.639000,no we cannot achieve function
00:06:49.639000,00:06:51.710000,no we cannot achieve function overloading based on the function return
00:06:51.710000,00:06:51.720000,overloading based on the function return
00:06:51.720000,00:06:54.110000,overloading based on the function return time this this will give
00:06:54.110000,00:06:54.120000,time this this will give
00:06:54.120000,00:06:56.790000,time this this will give er only you can achieve only you can
00:06:56.790000,00:06:56.800000,er only you can achieve only you can
00:06:56.800000,00:06:58.469000,er only you can achieve only you can differentiate the function only you can
00:06:58.469000,00:06:58.479000,differentiate the function only you can
00:06:58.479000,00:07:00.430000,differentiate the function only you can achieve the function overload
00:07:00.430000,00:07:00.440000,achieve the function overload
00:07:00.440000,00:07:02.830000,achieve the function overload based on the parameter list either the
00:07:02.830000,00:07:02.840000,based on the parameter list either the
00:07:02.840000,00:07:04.230000,based on the parameter list either the number of parameter or the type of
00:07:04.230000,00:07:04.240000,number of parameter or the type of
00:07:04.240000,00:07:05.749000,number of parameter or the type of parameter or the order of parameter
00:07:05.749000,00:07:05.759000,parameter or the order of parameter
00:07:05.759000,00:07:08.950000,parameter or the order of parameter sequence of parameter not with the
00:07:08.950000,00:07:08.960000,sequence of parameter not with the
00:07:08.960000,00:07:10.909000,sequence of parameter not with the return type of the function this you
00:07:10.909000,00:07:10.919000,return type of the function this you
00:07:10.919000,00:07:12.510000,return type of the function this you have to remember this is not function
00:07:12.510000,00:07:12.520000,have to remember this is not function
00:07:12.520000,00:07:14.830000,have to remember this is not function overloading this will give error right
00:07:14.830000,00:07:14.840000,overloading this will give error right
00:07:14.840000,00:07:16.710000,overloading this will give error right so now let me show you all these things
00:07:16.710000,00:07:16.720000,so now let me show you all these things
00:07:16.720000,00:07:18.110000,so now let me show you all these things how to achieve function overloading with
00:07:18.110000,00:07:18.120000,how to achieve function overloading with
00:07:18.120000,00:07:21.589000,how to achieve function overloading with the help of program so first we will
00:07:21.589000,00:07:21.599000,the help of program so first we will
00:07:21.599000,00:07:25.670000,the help of program so first we will see overloading using different type of
00:07:25.670000,00:07:25.680000,see overloading using different type of
00:07:25.680000,00:07:29.469000,see overloading using different type of parameters right okay now let's take two
00:07:29.469000,00:07:29.479000,parameters right okay now let's take two
00:07:29.479000,00:07:31.909000,parameters right okay now let's take two two function void suppose we have
00:07:31.909000,00:07:31.919000,two function void suppose we have
00:07:31.919000,00:07:33.589000,two function void suppose we have function
00:07:33.589000,00:07:33.599000,function
00:07:33.599000,00:07:39.390000,function display and one I'm taking same name
00:07:39.390000,00:07:39.400000,display and one I'm taking same name
00:07:39.400000,00:07:41.790000,display and one I'm taking same name display with
00:07:41.790000,00:07:41.800000,display with
00:07:41.800000,00:07:43.469000,display with the
00:07:43.469000,00:07:43.479000,the
00:07:43.479000,00:07:46.670000,the string data type right so if you're
00:07:46.670000,00:07:46.680000,string data type right so if you're
00:07:46.680000,00:07:50.350000,string data type right so if you're using string better to include that
00:07:50.350000,00:07:50.360000,using string better to include that
00:07:50.360000,00:07:52.309000,using string better to include that header
00:07:52.309000,00:07:52.319000,header
00:07:52.319000,00:07:59.629000,header string okay one is display okay here int
00:07:59.629000,00:07:59.639000,string okay one is display okay here int
00:07:59.639000,00:08:01.990000,string okay one is display okay here int int and string the name of the parameter
00:08:01.990000,00:08:02,int and string the name of the parameter
00:08:02,00:08:03.550000,int and string the name of the parameter is optional you can pass because this is
00:08:03.550000,00:08:03.560000,is optional you can pass because this is
00:08:03.560000,00:08:04.629000,is optional you can pass because this is just
00:08:04.629000,00:08:04.639000,just
00:08:04.639000,00:08:07.189000,just function declaration and after main
00:08:07.189000,00:08:07.199000,function declaration and after main
00:08:07.199000,00:08:09.309000,function declaration and after main suppose I'm defining this
00:08:09.309000,00:08:09.319000,suppose I'm defining this
00:08:09.319000,00:08:10.830000,suppose I'm defining this function
00:08:10.830000,00:08:10.840000,function
00:08:10.840000,00:08:14.790000,function display for INT so int a here in
00:08:14.790000,00:08:14.800000,display for INT so int a here in
00:08:14.800000,00:08:16.749000,display for INT so int a here in definition name of the variable is
00:08:16.749000,00:08:16.759000,definition name of the variable is
00:08:16.759000,00:08:19.430000,definition name of the variable is compulsory so in a I'm taking
00:08:19.430000,00:08:19.440000,compulsory so in a I'm taking
00:08:19.440000,00:08:23.589000,compulsory so in a I'm taking and just passing just you know printing
00:08:23.589000,00:08:23.599000,and just passing just you know printing
00:08:23.599000,00:08:29.149000,and just passing just you know printing here whatever the value right that's it
00:08:29.149000,00:08:29.159000,here whatever the value right that's it
00:08:29.159000,00:08:31.589000,here whatever the value right that's it and
00:08:34.750000,00:08:34.760000,for second display I'll take string
00:08:34.760000,00:08:37.670000,for second display I'll take string maybe St Str and here just display that
00:08:37.670000,00:08:37.680000,maybe St Str and here just display that
00:08:37.680000,00:08:40.709000,maybe St Str and here just display that whatever string you
00:08:40.709000,00:08:40.719000,whatever string you
00:08:40.719000,00:08:45.230000,whatever string you pass so while calling let's call this
00:08:45.230000,00:08:45.240000,pass so while calling let's call this
00:08:45.240000,00:08:49.750000,pass so while calling let's call this display I'll call this display and in
00:08:49.750000,00:08:49.760000,display I'll call this display and in
00:08:49.760000,00:09:03.310000,display I'll call this display and in second one I will just pass J
00:09:06.509000,00:09:06.519000,okay so we are having here two function
00:09:06.519000,00:09:08.949000,okay so we are having here two function with same name but different
00:09:08.949000,00:09:08.959000,with same name but different
00:09:08.959000,00:09:12.030000,with same name but different differentials the type of parameter you
00:09:12.030000,00:09:12.040000,differentials the type of parameter you
00:09:12.040000,00:09:14.550000,differentials the type of parameter you pass in one I'm passing INT in second
00:09:14.550000,00:09:14.560000,pass in one I'm passing INT in second
00:09:14.560000,00:09:17.790000,pass in one I'm passing INT in second I'm passing string so whenever the
00:09:17.790000,00:09:17.800000,I'm passing string so whenever the
00:09:17.800000,00:09:19.269000,I'm passing string so whenever the control will go to main function the
00:09:19.269000,00:09:19.279000,control will go to main function the
00:09:19.279000,00:09:21.030000,control will go to main function the first is display three So based on the
00:09:21.030000,00:09:21.040000,first is display three So based on the
00:09:21.040000,00:09:22.470000,first is display three So based on the type of the parameter the compiler
00:09:22.470000,00:09:22.480000,type of the parameter the compiler
00:09:22.480000,00:09:24.790000,type of the parameter the compiler chooses which function to call this
00:09:24.790000,00:09:24.800000,chooses which function to call this
00:09:24.800000,00:09:27.710000,chooses which function to call this function because here the type is the
00:09:27.710000,00:09:27.720000,function because here the type is the
00:09:27.720000,00:09:29.829000,function because here the type is the argument you are passing is integer so
00:09:29.829000,00:09:29.839000,argument you are passing is integer so
00:09:29.839000,00:09:32.829000,argument you are passing is integer so in a this function would be called let's
00:09:32.829000,00:09:32.839000,in a this function would be called let's
00:09:32.839000,00:09:35.030000,in a this function would be called let's run this and I'll show you what output
00:09:35.030000,00:09:35.040000,run this and I'll show you what output
00:09:35.040000,00:09:37.750000,run this and I'll show you what output you will get here see printing int value
00:09:37.750000,00:09:37.760000,you will get here see printing int value
00:09:37.760000,00:09:40.590000,you will get here see printing int value let me just clear the previous output
00:09:40.590000,00:09:40.600000,let me just clear the previous output
00:09:40.600000,00:09:41.990000,let me just clear the previous output and printing integer value three
00:09:41.990000,00:09:42,and printing integer value three
00:09:42,00:09:43.430000,and printing integer value three printing string value
00:09:43.430000,00:09:43.440000,printing string value
00:09:43.440000,00:09:46.310000,printing string value gen right so this is how we can achieve
00:09:46.310000,00:09:46.320000,gen right so this is how we can achieve
00:09:46.320000,00:09:48.389000,gen right so this is how we can achieve overloading based on the different type
00:09:48.389000,00:09:48.399000,overloading based on the different type
00:09:48.399000,00:09:51.630000,overloading based on the different type of parameter now number of parameter you
00:09:51.630000,00:09:51.640000,of parameter now number of parameter you
00:09:51.640000,00:09:54.150000,of parameter now number of parameter you can achieve function overloading using
00:09:54.150000,00:09:54.160000,can achieve function overloading using
00:09:54.160000,00:09:56.470000,can achieve function overloading using different you know sorry the different
00:09:56.470000,00:09:56.480000,different you know sorry the different
00:09:56.480000,00:09:59.550000,different you know sorry the different number of parameters so let's take one
00:09:59.550000,00:09:59.560000,number of parameters so let's take one
00:09:59.560000,00:10:01.590000,number of parameters so let's take one more thing here suppose we are taking
00:10:01.590000,00:10:01.600000,more thing here suppose we are taking
00:10:01.600000,00:10:04.470000,more thing here suppose we are taking one more example here I'm taking
00:10:04.470000,00:10:04.480000,one more example here I'm taking
00:10:04.480000,00:10:08.750000,one more example here I'm taking function add and in one I'm
00:10:08.750000,00:10:08.760000,function add and in one I'm
00:10:08.760000,00:10:12.630000,function add and in one I'm passing three parameter and second I'm
00:10:12.630000,00:10:12.640000,passing three parameter and second I'm
00:10:12.640000,00:10:15.630000,passing three parameter and second I'm passing two two and three see the
00:10:15.630000,00:10:15.640000,passing two two and three see the
00:10:15.640000,00:10:18.790000,passing two two and three see the parameter type is same data type int int
00:10:18.790000,00:10:18.800000,parameter type is same data type int int
00:10:18.800000,00:10:20.750000,parameter type is same data type int int but number of parameter are different so
00:10:20.750000,00:10:20.760000,but number of parameter are different so
00:10:20.760000,00:10:22.389000,but number of parameter are different so this is also this is how also we can
00:10:22.389000,00:10:22.399000,this is also this is how also we can
00:10:22.399000,00:10:25.069000,this is also this is how also we can achieve function overloading right based
00:10:25.069000,00:10:25.079000,achieve function overloading right based
00:10:25.079000,00:10:27.750000,achieve function overloading right based on different number of parameters type
00:10:27.750000,00:10:27.760000,on different number of parameters type
00:10:27.760000,00:10:30.030000,on different number of parameters type is same doesn't matter
00:10:30.030000,00:10:30.040000,is same doesn't matter
00:10:30.040000,00:10:33.870000,is same doesn't matter numbers are different right so here I'll
00:10:33.870000,00:10:33.880000,numbers are different right so here I'll
00:10:33.880000,00:10:36.910000,numbers are different right so here I'll just pass two and three only two and for
00:10:36.910000,00:10:36.920000,just pass two and three only two and for
00:10:36.920000,00:10:41.870000,just pass two and three only two and for second I'll pass 2 comma 3A
00:10:44.949000,00:10:44.959000,4 okay now this is just Declaration of
00:10:44.959000,00:10:47.870000,4 okay now this is just Declaration of the function let's define these
00:10:47.870000,00:10:47.880000,the function let's define these
00:10:47.880000,00:10:51.990000,the function let's define these functions okay see now whenever you call
00:10:51.990000,00:10:52,functions okay see now whenever you call
00:10:52,00:10:54.470000,functions okay see now whenever you call this add 2 three so the compiler will
00:10:54.470000,00:10:54.480000,this add 2 three so the compiler will
00:10:54.480000,00:10:56.550000,this add 2 three so the compiler will call this one the number of parameter
00:10:56.550000,00:10:56.560000,call this one the number of parameter
00:10:56.560000,00:10:58.470000,call this one the number of parameter are two so this function would be called
00:10:58.470000,00:10:58.480000,are two so this function would be called
00:10:58.480000,00:11:01.790000,are two so this function would be called right when you you write this at 2 3 4
00:11:01.790000,00:11:01.800000,right when you you write this at 2 3 4
00:11:01.800000,00:11:03.710000,right when you you write this at 2 3 4 then at this time compiler chooses to
00:11:03.710000,00:11:03.720000,then at this time compiler chooses to
00:11:03.720000,00:11:07.470000,then at this time compiler chooses to call this function ABC with three
00:11:07.470000,00:11:07.480000,call this function ABC with three
00:11:07.480000,00:11:09.509000,call this function ABC with three parameters so let's run this and see
00:11:09.509000,00:11:09.519000,parameters so let's run this and see
00:11:09.519000,00:11:11.990000,parameters so let's run this and see what output you will get here five and N
00:11:11.990000,00:11:12,what output you will get here five and N
00:11:12,00:11:14.110000,what output you will get here five and N yeah this is also function overloading
00:11:14.110000,00:11:14.120000,yeah this is also function overloading
00:11:14.120000,00:11:17.350000,yeah this is also function overloading right plus you can acheve overloading
00:11:17.350000,00:11:17.360000,right plus you can acheve overloading
00:11:17.360000,00:11:21.030000,right plus you can acheve overloading with uh that different sequence of
00:11:21.030000,00:11:21.040000,with uh that different sequence of
00:11:21.040000,00:11:24.990000,with uh that different sequence of parameters so if I take here like int
00:11:24.990000,00:11:25,parameters so if I take here like int
00:11:25,00:11:25.949000,parameters so if I take here like int one
00:11:25.949000,00:11:25.959000,one
00:11:25.959000,00:11:28.710000,one more add and there I'm taking int and
00:11:28.710000,00:11:28.720000,more add and there I'm taking int and
00:11:28.720000,00:11:32.430000,more add and there I'm taking int and one is
00:11:35.590000,00:11:35.600000,double this is also function overloading
00:11:35.600000,00:11:38.590000,double this is also function overloading right so if I call here add suppose
00:11:38.590000,00:11:38.600000,right so if I call here add suppose
00:11:38.600000,00:11:45.269000,right so if I call here add suppose first I'm passing three then
00:11:49.230000,00:11:49.240000,10.4 this will not give any error sorry
00:11:49.240000,00:11:50.949000,10.4 this will not give any error sorry point it's
00:11:50.949000,00:11:50.959000,point it's
00:11:50.959000,00:11:55.110000,point it's 10.4 right and suppose one more
00:11:55.110000,00:11:55.120000,10.4 right and suppose one more
00:11:55.120000,00:12:11.110000,10.4 right and suppose one more definition void add
00:12:12.430000,00:12:12.440000,let's run this and I'll show you what
00:12:12.440000,00:12:14.110000,let's run this and I'll show you what output you will get here see three
00:12:14.110000,00:12:14.120000,output you will get here see three
00:12:14.120000,00:12:18.590000,output you will get here see three output 13.4 as well right and if I take
00:12:18.590000,00:12:18.600000,output 13.4 as well right and if I take
00:12:18.600000,00:12:19.590000,output 13.4 as well right and if I take here
00:12:19.590000,00:12:19.600000,here
00:12:19.600000,00:12:22.590000,here void
00:12:22.590000,00:12:22.600000,void
00:12:22.600000,00:12:26.350000,void add first is double second is
00:12:26.350000,00:12:26.360000,add first is double second is
00:12:26.360000,00:12:37.030000,add first is double second is in let's comment out previous
00:12:40.829000,00:12:40.839000,to so here int double and here number of
00:12:40.839000,00:12:42.670000,to so here int double and here number of parameter type of parameter both are
00:12:42.670000,00:12:42.680000,parameter type of parameter both are
00:12:42.680000,00:12:44.790000,parameter type of parameter both are same but sequence is different in first
00:12:44.790000,00:12:44.800000,same but sequence is different in first
00:12:44.800000,00:12:47.389000,same but sequence is different in first one I passing int and after that double
00:12:47.389000,00:12:47.399000,one I passing int and after that double
00:12:47.399000,00:12:49.590000,one I passing int and after that double but in second I'm passing first double
00:12:49.590000,00:12:49.600000,but in second I'm passing first double
00:12:49.600000,00:12:51.750000,but in second I'm passing first double then int so this is also function
00:12:51.750000,00:12:51.760000,then int so this is also function
00:12:51.760000,00:12:54.790000,then int so this is also function overloading right this will also work
00:12:54.790000,00:12:54.800000,overloading right this will also work
00:12:54.800000,00:12:57.910000,overloading right this will also work fine so let's just comment out these two
00:12:57.910000,00:12:57.920000,fine so let's just comment out these two
00:12:57.920000,00:13:04.069000,fine so let's just comment out these two function definition
00:13:08.030000,00:13:08.040000,and just call add now first is 34 Point
00:13:08.040000,00:13:11.110000,and just call add now first is 34 Point suppose 5 and second is
00:13:11.110000,00:13:11.120000,suppose 5 and second is
00:13:11.120000,00:13:12.670000,suppose 5 and second is 1
00:13:12.670000,00:13:12.680000,1
00:13:12.680000,00:13:17.590000,1 s right if you do not Define the second
00:13:17.590000,00:13:17.600000,s right if you do not Define the second
00:13:17.600000,00:13:20.470000,s right if you do not Define the second function I just Define one int a and
00:13:20.470000,00:13:20.480000,function I just Define one int a and
00:13:20.480000,00:13:25.150000,function I just Define one int a and this also this one only right not
00:13:25.150000,00:13:25.160000,this also this one only right not
00:13:25.160000,00:13:27.829000,this also this one only right not this so let's run this and I'll show you
00:13:27.829000,00:13:27.839000,this so let's run this and I'll show you
00:13:27.839000,00:13:30.150000,this so let's run this and I'll show you what output you will get see see 13.4
00:13:30.150000,00:13:30.160000,what output you will get see see 13.4
00:13:30.160000,00:13:31.030000,what output you will get see see 13.4 and
00:13:31.030000,00:13:31.040000,and
00:13:31.040000,00:13:34.790000,and 35 why so because why calling this it's
00:13:34.790000,00:13:34.800000,35 why so because why calling this it's
00:13:34.800000,00:13:36.590000,35 why so because why calling this it's okay we are calling like this function
00:13:36.590000,00:13:36.600000,okay we are calling like this function
00:13:36.600000,00:13:39.710000,okay we are calling like this function in a and double so a plus b it will do
00:13:39.710000,00:13:39.720000,in a and double so a plus b it will do
00:13:39.720000,00:13:43.430000,in a and double so a plus b it will do 13.4 in second case first was we are
00:13:43.430000,00:13:43.440000,13.4 in second case first was we are
00:13:43.440000,00:13:46.269000,13.4 in second case first was we are passing double value and here it is
00:13:46.269000,00:13:46.279000,passing double value and here it is
00:13:46.279000,00:13:48.030000,passing double value and here it is expecting an INT value so it's okay it
00:13:48.030000,00:13:48.040000,expecting an INT value so it's okay it
00:13:48.040000,00:13:49.629000,expecting an INT value so it's okay it will do automatically type conversion
00:13:49.629000,00:13:49.639000,will do automatically type conversion
00:13:49.639000,00:13:53.110000,will do automatically type conversion the truncation of its 0.5 so it will
00:13:53.110000,00:13:53.120000,the truncation of its 0.5 so it will
00:13:53.120000,00:13:55.829000,the truncation of its 0.5 so it will take only 34 34 would be assigned to
00:13:55.829000,00:13:55.839000,take only 34 34 would be assigned to
00:13:55.839000,00:13:57.910000,take only 34 34 would be assigned to this int and it double one would be
00:13:57.910000,00:13:57.920000,this int and it double one would be
00:13:57.920000,00:14:00.629000,this int and it double one would be assigned so it will give 35
00:14:00.629000,00:14:00.639000,assigned so it will give 35
00:14:00.639000,00:14:03.990000,assigned so it will give 35 right so if exact match doesn't f
00:14:03.990000,00:14:04,right so if exact match doesn't f
00:14:04,00:14:05.430000,right so if exact match doesn't f doesn't found the compiler is not able
00:14:05.430000,00:14:05.440000,doesn't found the compiler is not able
00:14:05.440000,00:14:07.710000,doesn't found the compiler is not able to find the exact match so it will find
00:14:07.710000,00:14:07.720000,to find the exact match so it will find
00:14:07.720000,00:14:10.069000,to find the exact match so it will find the best possible match type conversion
00:14:10.069000,00:14:10.079000,the best possible match type conversion
00:14:10.079000,00:14:12.710000,the best possible match type conversion would be done right according to that
00:14:12.710000,00:14:12.720000,would be done right according to that
00:14:12.720000,00:14:14.269000,would be done right according to that the best possible match would be find
00:14:14.269000,00:14:14.279000,the best possible match would be find
00:14:14.279000,00:14:16.749000,the best possible match would be find the best possible matches this one only
00:14:16.749000,00:14:16.759000,the best possible matches this one only
00:14:16.759000,00:14:20.189000,the best possible matches this one only because double would be truncated to int
00:14:20.189000,00:14:20.199000,because double would be truncated to int
00:14:20.199000,00:14:25.110000,because double would be truncated to int right but if I have here the exact match
00:14:25.110000,00:14:25.120000,right but if I have here the exact match
00:14:25.120000,00:14:28.030000,right but if I have here the exact match double and int let's define this second
00:14:28.030000,00:14:28.040000,double and int let's define this second
00:14:28.040000,00:14:29.910000,double and int let's define this second one also
00:14:29.910000,00:14:29.920000,one also
00:14:29.920000,00:14:31.790000,one also so this is the exact match so in this
00:14:31.790000,00:14:31.800000,so this is the exact match so in this
00:14:31.800000,00:14:33.870000,so this is the exact match so in this case it will give
00:14:33.870000,00:14:33.880000,case it will give
00:14:33.880000,00:14:37.990000,case it will give 35 uh like 35.5
00:14:37.990000,00:14:38,35 uh like 35.5
00:14:38,00:14:41.069000,35 uh like 35.5 35.5 so it is finding exact match so
00:14:41.069000,00:14:41.079000,35.5 so it is finding exact match so
00:14:41.079000,00:14:44.389000,35.5 so it is finding exact match so this function would be called right okay
00:14:44.389000,00:14:44.399000,this function would be called right okay
00:14:44.399000,00:14:47.030000,this function would be called right okay now order of sequence of this parameter
00:14:47.030000,00:14:47.040000,now order of sequence of this parameter
00:14:47.040000,00:14:48.550000,now order of sequence of this parameter can also be used for overloading so some
00:14:48.550000,00:14:48.560000,can also be used for overloading so some
00:14:48.560000,00:14:50.509000,can also be used for overloading so some rules are to achieve function
00:14:50.509000,00:14:50.519000,rules are to achieve function
00:14:50.519000,00:14:52.790000,rules are to achieve function overloading first one the function name
00:14:52.790000,00:14:52.800000,overloading first one the function name
00:14:52.800000,00:14:55.629000,overloading first one the function name should be same or I can say must be same
00:14:55.629000,00:14:55.639000,should be same or I can say must be same
00:14:55.639000,00:14:59.150000,should be same or I can say must be same function name second thing the the this
00:14:59.150000,00:14:59.160000,function name second thing the the this
00:14:59.160000,00:15:02.430000,function name second thing the the this uh the type of parameters must be
00:15:02.430000,00:15:02.440000,uh the type of parameters must be
00:15:02.440000,00:15:06.069000,uh the type of parameters must be different or number of parameters must
00:15:06.069000,00:15:06.079000,different or number of parameters must
00:15:06.079000,00:15:09.230000,different or number of parameters must be different or sequence of parameters
00:15:09.230000,00:15:09.240000,be different or sequence of parameters
00:15:09.240000,00:15:10.509000,be different or sequence of parameters must be
00:15:10.509000,00:15:10.519000,must be
00:15:10.519000,00:15:12.710000,must be different right otherwise it will give
00:15:12.710000,00:15:12.720000,different right otherwise it will give
00:15:12.720000,00:15:14.790000,different right otherwise it will give error or let me just show you one more
00:15:14.790000,00:15:14.800000,error or let me just show you one more
00:15:14.800000,00:15:18.150000,error or let me just show you one more example here see here I have void print
00:15:18.150000,00:15:18.160000,example here see here I have void print
00:15:18.160000,00:15:21.590000,example here see here I have void print in print see function name is same
00:15:21.590000,00:15:21.600000,in print see function name is same
00:15:21.600000,00:15:24.189000,in print see function name is same return type is different right so here
00:15:24.189000,00:15:24.199000,return type is different right so here
00:15:24.199000,00:15:26.990000,return type is different right so here void print I'm just printing high in int
00:15:26.990000,00:15:27,void print I'm just printing high in int
00:15:27,00:15:29.389000,void print I'm just printing high in int print I'm just returning a right I'm
00:15:29.389000,00:15:29.399000,print I'm just returning a right I'm
00:15:29.399000,00:15:33.110000,print I'm just returning a right I'm just calling print here and for this int
00:15:33.110000,00:15:33.120000,just calling print here and for this int
00:15:33.120000,00:15:34.870000,just calling print here and for this int because it is returning integer value so
00:15:34.870000,00:15:34.880000,because it is returning integer value so
00:15:34.880000,00:15:37.269000,because it is returning integer value so I will accept that value in a variable
00:15:37.269000,00:15:37.279000,I will accept that value in a variable
00:15:37.279000,00:15:40.670000,I will accept that value in a variable of type integer that is X print this and
00:15:40.670000,00:15:40.680000,of type integer that is X print this and
00:15:40.680000,00:15:42.470000,of type integer that is X print this and see out X right but it will give error
00:15:42.470000,00:15:42.480000,see out X right but it will give error
00:15:42.480000,00:15:44.629000,see out X right but it will give error see the red line cannot overload
00:15:44.629000,00:15:44.639000,see the red line cannot overload
00:15:44.639000,00:15:47.309000,see the red line cannot overload functions distinguished by return type
00:15:47.309000,00:15:47.319000,functions distinguished by return type
00:15:47.319000,00:15:50.870000,functions distinguished by return type alone right here only the difference is
00:15:50.870000,00:15:50.880000,alone right here only the difference is
00:15:50.880000,00:15:52.749000,alone right here only the difference is return type is different everything is
00:15:52.749000,00:15:52.759000,return type is different everything is
00:15:52.759000,00:15:54.870000,return type is different everything is same but this is how you cannot achieve
00:15:54.870000,00:15:54.880000,same but this is how you cannot achieve
00:15:54.880000,00:15:55.829000,same but this is how you cannot achieve function
00:15:55.829000,00:15:55.839000,function
00:15:55.839000,00:16:00.150000,function overloading right at least the parameter
00:16:00.150000,00:16:00.160000,overloading right at least the parameter
00:16:00.160000,00:16:01.509000,overloading right at least the parameter should be maybe the number of parameter
00:16:01.509000,00:16:01.519000,should be maybe the number of parameter
00:16:01.519000,00:16:02.790000,should be maybe the number of parameter should be different type of parameter
00:16:02.790000,00:16:02.800000,should be different type of parameter
00:16:02.800000,00:16:04.069000,should be different type of parameter should be different or the order of
00:16:04.069000,00:16:04.079000,should be different or the order of
00:16:04.079000,00:16:06.230000,should be different or the order of parameter should be different then you
00:16:06.230000,00:16:06.240000,parameter should be different then you
00:16:06.240000,00:16:08.350000,parameter should be different then you can achieve function overloading right
00:16:08.350000,00:16:08.360000,can achieve function overloading right
00:16:08.360000,00:16:11.910000,can achieve function overloading right so function return type is not you know
00:16:11.910000,00:16:11.920000,so function return type is not you know
00:16:11.920000,00:16:13.590000,so function return type is not you know the single factor with that you can
00:16:13.590000,00:16:13.600000,the single factor with that you can
00:16:13.600000,00:16:14.990000,the single factor with that you can achieve function overloading this you
00:16:14.990000,00:16:15,achieve function overloading this you
00:16:15,00:16:17.509000,achieve function overloading this you need to remember right
00:16:17.509000,00:16:17.519000,need to remember right
00:16:17.519000,00:16:21.509000,need to remember right now third thing we have discussed uh all
00:16:21.509000,00:16:21.519000,now third thing we have discussed uh all
00:16:21.519000,00:16:22.710000,now third thing we have discussed uh all the three ways to achieve function
00:16:22.710000,00:16:22.720000,the three ways to achieve function
00:16:22.720000,00:16:26.150000,the three ways to achieve function overring but here you can have some
00:16:26.150000,00:16:26.160000,overring but here you can have some
00:16:26.160000,00:16:28.509000,overring but here you can have some ambiguities while you know doing this
00:16:28.509000,00:16:28.519000,ambiguities while you know doing this
00:16:28.519000,00:16:31.590000,ambiguities while you know doing this while ACH function overloading now some
00:16:31.590000,00:16:31.600000,while ACH function overloading now some
00:16:31.600000,00:16:34.269000,while ACH function overloading now some causes ofun that ambiguities are maybe
00:16:34.269000,00:16:34.279000,causes ofun that ambiguities are maybe
00:16:34.279000,00:16:36.110000,causes ofun that ambiguities are maybe the type conversion maybe you are using
00:16:36.110000,00:16:36.120000,the type conversion maybe you are using
00:16:36.120000,00:16:37.829000,the type conversion maybe you are using function with default argument maybe you
00:16:37.829000,00:16:37.839000,function with default argument maybe you
00:16:37.839000,00:16:39.150000,function with default argument maybe you are using function with pass by
00:16:39.150000,00:16:39.160000,are using function with pass by
00:16:39.160000,00:16:42.350000,are using function with pass by reference three reason can be there for
00:16:42.350000,00:16:42.360000,reference three reason can be there for
00:16:42.360000,00:16:45.150000,reference three reason can be there for that ambiguity you get right so let me
00:16:45.150000,00:16:45.160000,that ambiguity you get right so let me
00:16:45.160000,00:16:47.350000,that ambiguity you get right so let me just tell you this thing with example
00:16:47.350000,00:16:47.360000,just tell you this thing with example
00:16:47.360000,00:16:50.030000,just tell you this thing with example first if you have because of type
00:16:50.030000,00:16:50.040000,first if you have because of type
00:16:50.040000,00:16:51.870000,first if you have because of type conversion you can get function
00:16:51.870000,00:16:51.880000,conversion you can get function
00:16:51.880000,00:16:53.350000,conversion you can get function ambiguity let me just show you this
00:16:53.350000,00:16:53.360000,ambiguity let me just show you this
00:16:53.360000,00:16:55.269000,ambiguity let me just show you this thing with example see here I have one
00:16:55.269000,00:16:55.279000,thing with example see here I have one
00:16:55.279000,00:16:59.150000,thing with example see here I have one example there I have function print
00:16:59.150000,00:16:59.160000,example there I have function print
00:16:59.160000,00:17:01.350000,example there I have function print in this I'm passing
00:17:01.350000,00:17:01.360000,in this I'm passing
00:17:01.360000,00:17:04.990000,in this I'm passing INT in void print I'm passing float in
00:17:04.990000,00:17:05,INT in void print I'm passing float in
00:17:05,00:17:07.829000,INT in void print I'm passing float in print I'm passing string three print I
00:17:07.829000,00:17:07.839000,print I'm passing string three print I
00:17:07.839000,00:17:11.949000,print I'm passing string three print I have right and this is the definition
00:17:11.949000,00:17:11.959000,have right and this is the definition
00:17:11.959000,00:17:14.309000,have right and this is the definition for integer I'm just printing a for
00:17:14.309000,00:17:14.319000,for integer I'm just printing a for
00:17:14.319000,00:17:15.829000,for integer I'm just printing a for string the string value whatever you
00:17:15.829000,00:17:15.839000,string the string value whatever you
00:17:15.839000,00:17:17.789000,string the string value whatever you pass for float whatever float value you
00:17:17.789000,00:17:17.799000,pass for float whatever float value you
00:17:17.799000,00:17:19.710000,pass for float whatever float value you pass that would be printed so while
00:17:19.710000,00:17:19.720000,pass that would be printed so while
00:17:19.720000,00:17:23.470000,pass that would be printed so while calling I'm just passing first print 10
00:17:23.470000,00:17:23.480000,calling I'm just passing first print 10
00:17:23.480000,00:17:25.909000,calling I'm just passing first print 10 so ideally according to us it should
00:17:25.909000,00:17:25.919000,so ideally according to us it should
00:17:25.919000,00:17:29.230000,so ideally according to us it should call like 10 is integer value so this in
00:17:29.230000,00:17:29.240000,call like 10 is integer value so this in
00:17:29.240000,00:17:31.390000,call like 10 is integer value so this in so it will print print integer value a
00:17:31.390000,00:17:31.400000,so it will print print integer value a
00:17:31.400000,00:17:33.470000,so it will print print integer value a 10.2 this is float value so it should
00:17:33.470000,00:17:33.480000,10.2 this is float value so it should
00:17:33.480000,00:17:37.110000,10.2 this is float value so it should call this float so printing this
00:17:37.110000,00:17:37.120000,call this float so printing this
00:17:37.120000,00:17:39.150000,call this float so printing this printing double value D and it should
00:17:39.150000,00:17:39.160000,printing double value D and it should
00:17:39.160000,00:17:42.870000,printing double value D and it should print 10.2 right and third if I call
00:17:42.870000,00:17:42.880000,print 10.2 right and third if I call
00:17:42.880000,00:17:47.549000,print 10.2 right and third if I call like print and Jenny or rather than C
00:17:47.549000,00:17:47.559000,like print and Jenny or rather than C
00:17:47.559000,00:17:50.390000,like print and Jenny or rather than C style string if I take here
00:17:50.390000,00:17:50.400000,style string if I take here
00:17:50.400000,00:17:54.510000,style string if I take here one string object Str Str is equal to
00:17:54.510000,00:17:54.520000,one string object Str Str is equal to
00:17:54.520000,00:17:57.510000,one string object Str Str is equal to jeny and that object sorry
00:17:57.510000,00:17:57.520000,jeny and that object sorry
00:17:57.520000,00:18:01.270000,jeny and that object sorry not 8 also you can use but let's take a
00:18:01.270000,00:18:01.280000,not 8 also you can use but let's take a
00:18:01.280000,00:18:03.990000,not 8 also you can use but let's take a meaningful name s Str and here just pass
00:18:03.990000,00:18:04,meaningful name s Str and here just pass
00:18:04,00:18:07.510000,meaningful name s Str and here just pass print s Str an object string object C++
00:18:07.510000,00:18:07.520000,print s Str an object string object C++
00:18:07.520000,00:18:09.630000,print s Str an object string object C++ string object right so it should call
00:18:09.630000,00:18:09.640000,string object right so it should call
00:18:09.640000,00:18:12.070000,string object right so it should call this and it should print s strj but it
00:18:12.070000,00:18:12.080000,this and it should print s strj but it
00:18:12.080000,00:18:15.270000,this and it should print s strj but it will give an error to you guys let me
00:18:15.270000,00:18:15.280000,will give an error to you guys let me
00:18:15.280000,00:18:17.950000,will give an error to you guys let me show you that
00:18:20.870000,00:18:20.880000,error okay this is not the exact
00:18:20.880000,00:18:23.549000,error okay this is not the exact error this is the error call of
00:18:23.549000,00:18:23.559000,error this is the error call of
00:18:23.559000,00:18:26.789000,error this is the error call of overloaded print double is
00:18:26.789000,00:18:26.799000,overloaded print double is
00:18:26.799000,00:18:29.590000,overloaded print double is ambiguous here 10.
00:18:29.590000,00:18:29.600000,ambiguous here 10.
00:18:29.600000,00:18:32.549000,ambiguous here 10. because in C++ all the floating Point
00:18:32.549000,00:18:32.559000,because in C++ all the floating Point
00:18:32.559000,00:18:34.950000,because in C++ all the floating Point number are treated as
00:18:34.950000,00:18:34.960000,number are treated as
00:18:34.960000,00:18:39.750000,number are treated as double right not float double by default
00:18:39.750000,00:18:39.760000,double right not float double by default
00:18:39.760000,00:18:42.190000,double right not float double by default right so there is type conversion from
00:18:42.190000,00:18:42.200000,right so there is type conversion from
00:18:42.200000,00:18:44.270000,right so there is type conversion from float to double so it is considering
00:18:44.270000,00:18:44.280000,float to double so it is considering
00:18:44.280000,00:18:47.110000,float to double so it is considering like 10.2 is not float it's double right
00:18:47.110000,00:18:47.120000,like 10.2 is not float it's double right
00:18:47.120000,00:18:50.149000,like 10.2 is not float it's double right so the exit match the compiler wants to
00:18:50.149000,00:18:50.159000,so the exit match the compiler wants to
00:18:50.159000,00:18:53.110000,so the exit match the compiler wants to call so but there is no double here int
00:18:53.110000,00:18:53.120000,call so but there is no double here int
00:18:53.120000,00:18:55.390000,call so but there is no double here int float string we are passing float here
00:18:55.390000,00:18:55.400000,float string we are passing float here
00:18:55.400000,00:18:57.950000,float string we are passing float here int here string here not double so
00:18:57.950000,00:18:57.960000,int here string here not double so
00:18:57.960000,00:19:00.789000,int here string here not double so there's no exact match found so compiler
00:19:00.789000,00:19:00.799000,there's no exact match found so compiler
00:19:00.799000,00:19:03.350000,there's no exact match found so compiler will call now the best possible match
00:19:03.350000,00:19:03.360000,will call now the best possible match
00:19:03.360000,00:19:07.510000,will call now the best possible match right so now this double can be treated
00:19:07.510000,00:19:07.520000,right so now this double can be treated
00:19:07.520000,00:19:10.789000,right so now this double can be treated as a float as well as truncated and
00:19:10.789000,00:19:10.799000,as a float as well as truncated and
00:19:10.799000,00:19:12.870000,as a float as well as truncated and treated as
00:19:12.870000,00:19:12.880000,treated as
00:19:12.880000,00:19:17.350000,treated as ink right so that is why this this error
00:19:17.350000,00:19:17.360000,ink right so that is why this this error
00:19:17.360000,00:19:22.070000,ink right so that is why this this error you are getting this call Print double
00:19:22.070000,00:19:22.080000,you are getting this call Print double
00:19:22.080000,00:19:25.510000,you are getting this call Print double in line number 15 is ambiguous right it
00:19:25.510000,00:19:25.520000,in line number 15 is ambiguous right it
00:19:25.520000,00:19:27.549000,in line number 15 is ambiguous right it can call the Sprint also it can call the
00:19:27.549000,00:19:27.559000,can call the Sprint also it can call the
00:19:27.559000,00:19:31.390000,can call the Sprint also it can call the Sprint float also so a compiler doesn't
00:19:31.390000,00:19:31.400000,Sprint float also so a compiler doesn't
00:19:31.400000,00:19:33.870000,Sprint float also so a compiler doesn't know which one to call either this or
00:19:33.870000,00:19:33.880000,know which one to call either this or
00:19:33.880000,00:19:36.270000,know which one to call either this or this so that is why it is giving
00:19:36.270000,00:19:36.280000,this so that is why it is giving
00:19:36.280000,00:19:39.630000,this so that is why it is giving ambiguous see while you're dragging your
00:19:39.630000,00:19:39.640000,ambiguous see while you're dragging your
00:19:39.640000,00:19:41.350000,ambiguous see while you're dragging your mouse to here then more than one
00:19:41.350000,00:19:41.360000,mouse to here then more than one
00:19:41.360000,00:19:43.430000,mouse to here then more than one instance of overload function print
00:19:43.430000,00:19:43.440000,instance of overload function print
00:19:43.440000,00:19:46.590000,instance of overload function print matches the argument list this also and
00:19:46.590000,00:19:46.600000,matches the argument list this also and
00:19:46.600000,00:19:50.950000,matches the argument list this also and this also con and floting but if you if
00:19:50.950000,00:19:50.960000,this also con and floting but if you if
00:19:50.960000,00:19:54.909000,this also con and floting but if you if you write here rather than float
00:19:57.909000,00:19:57.919000,double so this is the exact match here
00:19:57.919000,00:20:01.230000,double so this is the exact match here rather than float
00:20:03.590000,00:20:03.600000,double this will not give any
00:20:03.600000,00:20:06.669000,double this will not give any error 10.2 is considered as double by
00:20:06.669000,00:20:06.679000,error 10.2 is considered as double by
00:20:06.679000,00:20:09.950000,error 10.2 is considered as double by default in C++ yeah we have this a print
00:20:09.950000,00:20:09.960000,default in C++ yeah we have this a print
00:20:09.960000,00:20:12.789000,default in C++ yeah we have this a print function with a double parameter so it
00:20:12.789000,00:20:12.799000,function with a double parameter so it
00:20:12.799000,00:20:16.590000,function with a double parameter so it will exactly match it is going to find
00:20:16.590000,00:20:16.600000,will exactly match it is going to find
00:20:16.600000,00:20:19.789000,will exactly match it is going to find and it will just print 10.2 integer
00:20:19.789000,00:20:19.799000,and it will just print 10.2 integer
00:20:19.799000,00:20:22.430000,and it will just print 10.2 integer value 10 10.2 string value
00:20:22.430000,00:20:22.440000,value 10 10.2 string value
00:20:22.440000,00:20:25.070000,value 10 10.2 string value J so while using function overloading
00:20:25.070000,00:20:25.080000,J so while using function overloading
00:20:25.080000,00:20:27.190000,J so while using function overloading you need to be very careful of these
00:20:27.190000,00:20:27.200000,you need to be very careful of these
00:20:27.200000,00:20:30.310000,you need to be very careful of these implicitly type conver type of thing
00:20:30.310000,00:20:30.320000,implicitly type conver type of thing
00:20:30.320000,00:20:32.149000,implicitly type conver type of thing right otherwise you will get error this
00:20:32.149000,00:20:32.159000,right otherwise you will get error this
00:20:32.159000,00:20:33.909000,right otherwise you will get error this is a drawback of using function
00:20:33.909000,00:20:33.919000,is a drawback of using function
00:20:33.919000,00:20:36.149000,is a drawback of using function overloading you have to be very careful
00:20:36.149000,00:20:36.159000,overloading you have to be very careful
00:20:36.159000,00:20:38.390000,overloading you have to be very careful second is if you're using function with
00:20:38.390000,00:20:38.400000,second is if you're using function with
00:20:38.400000,00:20:40.190000,second is if you're using function with default arguments let me show you that
00:20:40.190000,00:20:40.200000,default arguments let me show you that
00:20:40.200000,00:20:42.830000,default arguments let me show you that example also see one example we have
00:20:42.830000,00:20:42.840000,example also see one example we have
00:20:42.840000,00:20:44.789000,example also see one example we have here we have two function add and add in
00:20:44.789000,00:20:44.799000,here we have two function add and add in
00:20:44.799000,00:20:47.470000,here we have two function add and add in one I'm passing int int two parameter
00:20:47.470000,00:20:47.480000,one I'm passing int int two parameter
00:20:47.480000,00:20:49.270000,one I'm passing int int two parameter I'll pass two argument and in second I
00:20:49.270000,00:20:49.280000,I'll pass two argument and in second I
00:20:49.280000,00:20:52.029000,I'll pass two argument and in second I have int int int three parameter but one
00:20:52.029000,00:20:52.039000,have int int int three parameter but one
00:20:52.039000,00:20:54.029000,have int int int three parameter but one is default I'm taking one default if you
00:20:54.029000,00:20:54.039000,is default I'm taking one default if you
00:20:54.039000,00:20:55.950000,is default I'm taking one default if you will not pass anything then third
00:20:55.950000,00:20:55.960000,will not pass anything then third
00:20:55.960000,00:20:58.310000,will not pass anything then third argument it will take zero so here I'm
00:20:58.310000,00:20:58.320000,argument it will take zero so here I'm
00:20:58.320000,00:20:59.909000,argument it will take zero so here I'm passing default argument but in this
00:20:59.909000,00:20:59.919000,passing default argument but in this
00:20:59.919000,00:21:01.990000,passing default argument but in this case it will give error see while
00:21:01.990000,00:21:02,case it will give error see while
00:21:02,00:21:05.430000,case it will give error see while calling this add 2 three or let me just
00:21:05.430000,00:21:05.440000,calling this add 2 three or let me just
00:21:05.440000,00:21:08.470000,calling this add 2 three or let me just comment out these things two and three
00:21:08.470000,00:21:08.480000,comment out these things two and three
00:21:08.480000,00:21:10.669000,comment out these things two and three here you see red line more than one
00:21:10.669000,00:21:10.679000,here you see red line more than one
00:21:10.679000,00:21:12.510000,here you see red line more than one instance of overloaded function ad
00:21:12.510000,00:21:12.520000,instance of overloaded function ad
00:21:12.520000,00:21:14.909000,instance of overloaded function ad matches the argument list this one is
00:21:14.909000,00:21:14.919000,matches the argument list this one is
00:21:14.919000,00:21:16.510000,matches the argument list this one is also matches this one is also matches
00:21:16.510000,00:21:16.520000,also matches this one is also matches
00:21:16.520000,00:21:18.710000,also matches this one is also matches now which one to call function is the
00:21:18.710000,00:21:18.720000,now which one to call function is the
00:21:18.720000,00:21:20.830000,now which one to call function is the compiler doesn't know is not able to
00:21:20.830000,00:21:20.840000,compiler doesn't know is not able to
00:21:20.840000,00:21:22.909000,compiler doesn't know is not able to decide which one to call let me just run
00:21:22.909000,00:21:22.919000,decide which one to call let me just run
00:21:22.919000,00:21:25.510000,decide which one to call let me just run this and show you see the call of
00:21:25.510000,00:21:25.520000,this and show you see the call of
00:21:25.520000,00:21:27.789000,this and show you see the call of overloaded function add in in is
00:21:27.789000,00:21:27.799000,overloaded function add in in is
00:21:27.799000,00:21:29.430000,overloaded function add in in is ambiguous
00:21:29.430000,00:21:29.440000,ambiguous
00:21:29.440000,00:21:31.149000,ambiguous right because you are passing only two
00:21:31.149000,00:21:31.159000,right because you are passing only two
00:21:31.159000,00:21:34.230000,right because you are passing only two argument so this is matching with this
00:21:34.230000,00:21:34.240000,argument so this is matching with this
00:21:34.240000,00:21:37.789000,argument so this is matching with this also in ab and with this also because in
00:21:37.789000,00:21:37.799000,also in ab and with this also because in
00:21:37.799000,00:21:39.549000,also in ab and with this also because in this case also you are passing only two
00:21:39.549000,00:21:39.559000,this case also you are passing only two
00:21:39.559000,00:21:41.549000,this case also you are passing only two argument you will pass so by default the
00:21:41.549000,00:21:41.559000,argument you will pass so by default the
00:21:41.559000,00:21:43.830000,argument you will pass so by default the third argument it will take zero so
00:21:43.830000,00:21:43.840000,third argument it will take zero so
00:21:43.840000,00:21:45.830000,third argument it will take zero so third argument here it will take zero
00:21:45.830000,00:21:45.840000,third argument here it will take zero
00:21:45.840000,00:21:48.909000,third argument here it will take zero right so this is also ambiguity type of
00:21:48.909000,00:21:48.919000,right so this is also ambiguity type of
00:21:48.919000,00:21:52.230000,right so this is also ambiguity type of thing right so while using default
00:21:52.230000,00:21:52.240000,thing right so while using default
00:21:52.240000,00:21:53.710000,thing right so while using default arguments also you have to be very
00:21:53.710000,00:21:53.720000,arguments also you have to be very
00:21:53.720000,00:21:55.390000,arguments also you have to be very careful you can get this type of
00:21:55.390000,00:21:55.400000,careful you can get this type of
00:21:55.400000,00:21:58.950000,careful you can get this type of ambiguity error you got this right third
00:21:58.950000,00:21:58.960000,ambiguity error you got this right third
00:21:58.960000,00:22:01.669000,ambiguity error you got this right third thing if you use function with by uh
00:22:01.669000,00:22:01.679000,thing if you use function with by uh
00:22:01.679000,00:22:04.190000,thing if you use function with by uh with pass by reference in that case also
00:22:04.190000,00:22:04.200000,with pass by reference in that case also
00:22:04.200000,00:22:05.950000,with pass by reference in that case also you can get ambig error let me show you
00:22:05.950000,00:22:05.960000,you can get ambig error let me show you
00:22:05.960000,00:22:08.269000,you can get ambig error let me show you that thing also see here we have two
00:22:08.269000,00:22:08.279000,that thing also see here we have two
00:22:08.279000,00:22:11.070000,that thing also see here we have two function one is fun there will will pass
00:22:11.070000,00:22:11.080000,function one is fun there will will pass
00:22:11.080000,00:22:13.190000,function one is fun there will will pass int and another is fun they will passing
00:22:13.190000,00:22:13.200000,int and another is fun they will passing
00:22:13.200000,00:22:15.909000,int and another is fun they will passing like int and M per pass by reference we
00:22:15.909000,00:22:15.919000,like int and M per pass by reference we
00:22:15.919000,00:22:17.390000,like int and M per pass by reference we have discussed call by variable call by
00:22:17.390000,00:22:17.400000,have discussed call by variable call by
00:22:17.400000,00:22:19.750000,have discussed call by variable call by reference right call by reference we can
00:22:19.750000,00:22:19.760000,reference right call by reference we can
00:22:19.760000,00:22:21.350000,reference right call by reference we can achieve with by two ways like either
00:22:21.350000,00:22:21.360000,achieve with by two ways like either
00:22:21.360000,00:22:22.750000,achieve with by two ways like either using reference variable or using
00:22:22.750000,00:22:22.760000,using reference variable or using
00:22:22.760000,00:22:24.909000,using reference variable or using pointers here we are using reference
00:22:24.909000,00:22:24.919000,pointers here we are using reference
00:22:24.919000,00:22:26.549000,pointers here we are using reference variable right please watch out that
00:22:26.549000,00:22:26.559000,variable right please watch out that
00:22:26.559000,00:22:28.190000,variable right please watch out that video first if you are not aware about
00:22:28.190000,00:22:28.200000,video first if you are not aware about
00:22:28.200000,00:22:30.950000,video first if you are not aware about what is call by reference call call by
00:22:30.950000,00:22:30.960000,what is call by reference call call by
00:22:30.960000,00:22:33.669000,what is call by reference call call by value and what is reference variable so
00:22:33.669000,00:22:33.679000,value and what is reference variable so
00:22:33.679000,00:22:35.590000,value and what is reference variable so in in main so we have defined these two
00:22:35.590000,00:22:35.600000,in in main so we have defined these two
00:22:35.600000,00:22:38.190000,in in main so we have defined these two function fun there we passing just int a
00:22:38.190000,00:22:38.200000,function fun there we passing just int a
00:22:38.200000,00:22:42.070000,function fun there we passing just int a integer uh value I'm just printing a and
00:22:42.070000,00:22:42.080000,integer uh value I'm just printing a and
00:22:42.080000,00:22:44.470000,integer uh value I'm just printing a and here reference variable you are creating
00:22:44.470000,00:22:44.480000,here reference variable you are creating
00:22:44.480000,00:22:48.630000,here reference variable you are creating int h perent b and just we are calling B
00:22:48.630000,00:22:48.640000,int h perent b and just we are calling B
00:22:48.640000,00:22:51.269000,int h perent b and just we are calling B right and while calling we have int X is
00:22:51.269000,00:22:51.279000,right and while calling we have int X is
00:22:51.279000,00:22:53.110000,right and while calling we have int X is equal to 6 and we are just calling we're
00:22:53.110000,00:22:53.120000,equal to 6 and we are just calling we're
00:22:53.120000,00:22:55.830000,equal to 6 and we are just calling we're passing X here so like six we are
00:22:55.830000,00:22:55.840000,passing X here so like six we are
00:22:55.840000,00:22:57.950000,passing X here so like six we are passing so in this case also it is
00:22:57.950000,00:22:57.960000,passing so in this case also it is
00:22:57.960000,00:22:59.630000,passing so in this case also it is giving an ER like more than one instance
00:22:59.630000,00:22:59.640000,giving an ER like more than one instance
00:22:59.640000,00:23:02.149000,giving an ER like more than one instance of overloaded function fun matches the
00:23:02.149000,00:23:02.159000,of overloaded function fun matches the
00:23:02.159000,00:23:04.269000,of overloaded function fun matches the argument list this is also matching this
00:23:04.269000,00:23:04.279000,argument list this is also matching this
00:23:04.279000,00:23:06.510000,argument list this is also matching this is also matching so which function to
00:23:06.510000,00:23:06.520000,is also matching so which function to
00:23:06.520000,00:23:08.789000,is also matching so which function to call let me just run this and show you
00:23:08.789000,00:23:08.799000,call let me just run this and show you
00:23:08.799000,00:23:12.710000,call let me just run this and show you the output call of overloaded add in in
00:23:12.710000,00:23:12.720000,the output call of overloaded add in in
00:23:12.720000,00:23:16.710000,the output call of overloaded add in in okay let me just save this first and now
00:23:16.710000,00:23:16.720000,okay let me just save this first and now
00:23:16.720000,00:23:21.710000,okay let me just save this first and now run this see Call of overloaded fun in
00:23:21.710000,00:23:21.720000,run this see Call of overloaded fun in
00:23:21.720000,00:23:24.110000,run this see Call of overloaded fun in this m operator is ambiguous now
00:23:24.110000,00:23:24.120000,this m operator is ambiguous now
00:23:24.120000,00:23:25.669000,this m operator is ambiguous now compiler doesn't know which function to
00:23:25.669000,00:23:25.679000,compiler doesn't know which function to
00:23:25.679000,00:23:28.029000,compiler doesn't know which function to call because there is no syntactical
00:23:28.029000,00:23:28.039000,call because there is no syntactical
00:23:28.039000,00:23:31.630000,call because there is no syntactical difference between this fun in a and fun
00:23:31.630000,00:23:31.640000,difference between this fun in a and fun
00:23:31.640000,00:23:33.549000,difference between this fun in a and fun int m per B this is just reference
00:23:33.549000,00:23:33.559000,int m per B this is just reference
00:23:33.559000,00:23:35.230000,int m per B this is just reference variable reference variable means it's
00:23:35.230000,00:23:35.240000,variable reference variable means it's
00:23:35.240000,00:23:39.510000,variable reference variable means it's just an alas of the variable like
00:23:39.510000,00:23:39.520000,just an alas of the variable like
00:23:39.520000,00:23:41.470000,just an alas of the variable like whatever you will pass here x just
00:23:41.470000,00:23:41.480000,whatever you will pass here x just
00:23:41.480000,00:23:45.909000,whatever you will pass here x just another name right so this x this is
00:23:45.909000,00:23:45.919000,another name right so this x this is
00:23:45.919000,00:23:48.110000,another name right so this x this is also matching this is also matching in
00:23:48.110000,00:23:48.120000,also matching this is also matching in
00:23:48.120000,00:23:49.909000,also matching this is also matching in reference variable when you use then you
00:23:49.909000,00:23:49.919000,reference variable when you use then you
00:23:49.919000,00:23:52.269000,reference variable when you use then you simply pass here a variable not any
00:23:52.269000,00:23:52.279000,simply pass here a variable not any
00:23:52.279000,00:23:55.269000,simply pass here a variable not any address of variable or anything right so
00:23:55.269000,00:23:55.279000,address of variable or anything right so
00:23:55.279000,00:23:56.510000,address of variable or anything right so in this case also you are getting
00:23:56.510000,00:23:56.520000,in this case also you are getting
00:23:56.520000,00:23:58.710000,in this case also you are getting ambiguity error three reasons of of
00:23:58.710000,00:23:58.720000,ambiguity error three reasons of of
00:23:58.720000,00:24:01.190000,ambiguity error three reasons of of getting ambiguity error in while you are
00:24:01.190000,00:24:01.200000,getting ambiguity error in while you are
00:24:01.200000,00:24:02.750000,getting ambiguity error in while you are doing function overloading this thing
00:24:02.750000,00:24:02.760000,doing function overloading this thing
00:24:02.760000,00:24:04.549000,doing function overloading this thing you need to take care while you are
00:24:04.549000,00:24:04.559000,you need to take care while you are
00:24:04.559000,00:24:05.909000,you need to take care while you are doing function overloading in your
00:24:05.909000,00:24:05.919000,doing function overloading in your
00:24:05.919000,00:24:08.350000,doing function overloading in your program right so yeah we can say is this
00:24:08.350000,00:24:08.360000,program right so yeah we can say is this
00:24:08.360000,00:24:09.870000,program right so yeah we can say is this function overloading is a powerful
00:24:09.870000,00:24:09.880000,function overloading is a powerful
00:24:09.880000,00:24:11.950000,function overloading is a powerful feature in programming this will
00:24:11.950000,00:24:11.960000,feature in programming this will
00:24:11.960000,00:24:13.470000,feature in programming this will increase the readability of the code
00:24:13.470000,00:24:13.480000,increase the readability of the code
00:24:13.480000,00:24:15.269000,increase the readability of the code because you use only with only single
00:24:15.269000,00:24:15.279000,because you use only with only single
00:24:15.279000,00:24:16.590000,because you use only with only single function name you can achieve different
00:24:16.590000,00:24:16.600000,function name you can achieve different
00:24:16.600000,00:24:18.430000,function name you can achieve different different task you can do different
00:24:18.430000,00:24:18.440000,different task you can do different
00:24:18.440000,00:24:20.990000,different task you can do different different task based on the different
00:24:20.990000,00:24:21,different task based on the different
00:24:21,00:24:22.549000,different task based on the different parameters only right the function name
00:24:22.549000,00:24:22.559000,parameters only right the function name
00:24:22.559000,00:24:24.909000,parameters only right the function name is same so it increase the flexibility
00:24:24.909000,00:24:24.919000,is same so it increase the flexibility
00:24:24.919000,00:24:28.710000,is same so it increase the flexibility and reusability of your code right but
00:24:28.710000,00:24:28.720000,and reusability of your code right but
00:24:28.720000,00:24:30.950000,and reusability of your code right but obiously disadvantages are what you have
00:24:30.950000,00:24:30.960000,obiously disadvantages are what you have
00:24:30.960000,00:24:32.669000,obiously disadvantages are what you have to be more careful because there would
00:24:32.669000,00:24:32.679000,to be more careful because there would
00:24:32.679000,00:24:35.430000,to be more careful because there would be ambiguity error also so this thing
00:24:35.430000,00:24:35.440000,be ambiguity error also so this thing
00:24:35.440000,00:24:38.190000,be ambiguity error also so this thing you need to remember here right and
00:24:38.190000,00:24:38.200000,you need to remember here right and
00:24:38.200000,00:24:40.310000,you need to remember here right and compiler dependency also when you port
00:24:40.310000,00:24:40.320000,compiler dependency also when you port
00:24:40.320000,00:24:41.630000,compiler dependency also when you port your program from one compiler to
00:24:41.630000,00:24:41.640000,your program from one compiler to
00:24:41.640000,00:24:43.549000,your program from one compiler to another there maybe you can get some
00:24:43.549000,00:24:43.559000,another there maybe you can get some
00:24:43.559000,00:24:45.750000,another there maybe you can get some because of the some rules you get
00:24:45.750000,00:24:45.760000,because of the some rules you get
00:24:45.760000,00:24:48.909000,because of the some rules you get unpredictable results while you are you
00:24:48.909000,00:24:48.919000,unpredictable results while you are you
00:24:48.919000,00:24:50.590000,unpredictable results while you are you know achieving or doing function
00:24:50.590000,00:24:50.600000,know achieving or doing function
00:24:50.600000,00:24:52.389000,know achieving or doing function overloading in your program and
00:24:52.389000,00:24:52.399000,overloading in your program and
00:24:52.399000,00:24:54.230000,overloading in your program and debugging is also sometimes difficult
00:24:54.230000,00:24:54.240000,debugging is also sometimes difficult
00:24:54.240000,00:24:56.950000,debugging is also sometimes difficult because uh sometimes the error doesn't
00:24:56.950000,00:24:56.960000,because uh sometimes the error doesn't
00:24:56.960000,00:25:00.029000,because uh sometimes the error doesn't show exactly which function overload is
00:25:00.029000,00:25:00.039000,show exactly which function overload is
00:25:00.039000,00:25:02.710000,show exactly which function overload is causing that error so this is all about
00:25:02.710000,00:25:02.720000,causing that error so this is all about
00:25:02.720000,00:25:04.630000,causing that error so this is all about function overloading I hope you got this
00:25:04.630000,00:25:04.640000,function overloading I hope you got this
00:25:04.640000,00:25:05.870000,function overloading I hope you got this right so in the next video we'll see
00:25:05.870000,00:25:05.880000,right so in the next video we'll see
00:25:05.880000,00:25:07.710000,right so in the next video we'll see some coding exercise based on functions
00:25:07.710000,00:25:07.720000,some coding exercise based on functions
00:25:07.720000,00:25:10.070000,some coding exercise based on functions and function overloading right so now
00:25:10.070000,00:25:10.080000,and function overloading right so now
00:25:10.080000,00:25:12.190000,and function overloading right so now I'll see you in the next Tut bye take
00:25:12.190000,00:25:12.200000,I'll see you in the next Tut bye take
00:25:12.200000,00:25:15.200000,I'll see you in the next Tut bye take care
