Start Time,End Time,Text
00:00:02.030000,00:00:02.040000,hey everyone I hope you are safe and
00:00:02.040000,00:00:04.070000,hey everyone I hope you are safe and doing good so in the series of learning
00:00:04.070000,00:00:04.080000,doing good so in the series of learning
00:00:04.080000,00:00:05.829000,doing good so in the series of learning C++ programming language we are
00:00:05.829000,00:00:05.839000,C++ programming language we are
00:00:05.839000,00:00:07.869000,C++ programming language we are discussing functions in C++ in previous
00:00:07.869000,00:00:07.879000,discussing functions in C++ in previous
00:00:07.879000,00:00:09.950000,discussing functions in C++ in previous video we have seen some uh coding
00:00:09.950000,00:00:09.960000,video we have seen some uh coding
00:00:09.960000,00:00:12.870000,video we have seen some uh coding exercises based on functions right now
00:00:12.870000,00:00:12.880000,exercises based on functions right now
00:00:12.880000,00:00:14.709000,exercises based on functions right now we have discussed function overloading
00:00:14.709000,00:00:14.719000,we have discussed function overloading
00:00:14.719000,00:00:17.670000,we have discussed function overloading so we will see in this video uh exercise
00:00:17.670000,00:00:17.680000,so we will see in this video uh exercise
00:00:17.680000,00:00:20.550000,so we will see in this video uh exercise based on function overloading right and
00:00:20.550000,00:00:20.560000,based on function overloading right and
00:00:20.560000,00:00:22.910000,based on function overloading right and what is that exercise you have to write
00:00:22.910000,00:00:22.920000,what is that exercise you have to write
00:00:22.920000,00:00:25.390000,what is that exercise you have to write down a program to find area of different
00:00:25.390000,00:00:25.400000,down a program to find area of different
00:00:25.400000,00:00:28.630000,down a program to find area of different different shapes like Square rectangle
00:00:28.630000,00:00:28.640000,different shapes like Square rectangle
00:00:28.640000,00:00:33.190000,different shapes like Square rectangle and circle by calling a function area I
00:00:33.190000,00:00:33.200000,and circle by calling a function area I
00:00:33.200000,00:00:35.229000,and circle by calling a function area I would say by calling an overloaded
00:00:35.229000,00:00:35.239000,would say by calling an overloaded
00:00:35.239000,00:00:39.310000,would say by calling an overloaded function area so here you got it area is
00:00:39.310000,00:00:39.320000,function area so here you got it area is
00:00:39.320000,00:00:41.270000,function area so here you got it area is a function that would be overloaded here
00:00:41.270000,00:00:41.280000,a function that would be overloaded here
00:00:41.280000,00:00:43.830000,a function that would be overloaded here in your program right so the name of
00:00:43.830000,00:00:43.840000,in your program right so the name of
00:00:43.840000,00:00:47.430000,in your program right so the name of this uh function would be same area but
00:00:47.430000,00:00:47.440000,this uh function would be same area but
00:00:47.440000,00:00:48.950000,this uh function would be same area but you have to Define this function three
00:00:48.950000,00:00:48.960000,you have to Define this function three
00:00:48.960000,00:00:51.830000,you have to Define this function three times one for calculating area of square
00:00:51.830000,00:00:51.840000,times one for calculating area of square
00:00:51.840000,00:00:55.270000,times one for calculating area of square area of rectangle and area of circle
00:00:55.270000,00:00:55.280000,area of rectangle and area of circle
00:00:55.280000,00:00:57.150000,area of rectangle and area of circle right I hope you know how to find out
00:00:57.150000,00:00:57.160000,right I hope you know how to find out
00:00:57.160000,00:01:00.630000,right I hope you know how to find out area of square it's side into side side
00:01:00.630000,00:01:00.640000,area of square it's side into side side
00:01:00.640000,00:01:03.830000,area of square it's side into side side right you have to just give one uh let's
00:01:03.830000,00:01:03.840000,right you have to just give one uh let's
00:01:03.840000,00:01:07.190000,right you have to just give one uh let's suppose one integer variable side would
00:01:07.190000,00:01:07.200000,suppose one integer variable side would
00:01:07.200000,00:01:11.630000,suppose one integer variable side would be int and thus area of uh Square would
00:01:11.630000,00:01:11.640000,be int and thus area of uh Square would
00:01:11.640000,00:01:13.870000,be int and thus area of uh Square would return integer value right so return
00:01:13.870000,00:01:13.880000,return integer value right so return
00:01:13.880000,00:01:15.670000,return integer value right so return type would be int and argument will pass
00:01:15.670000,00:01:15.680000,type would be int and argument will pass
00:01:15.680000,00:01:18.429000,type would be int and argument will pass would be int second for calculating area
00:01:18.429000,00:01:18.439000,would be int second for calculating area
00:01:18.439000,00:01:21.030000,would be int second for calculating area of rectangle that would accept two
00:01:21.030000,00:01:21.040000,of rectangle that would accept two
00:01:21.040000,00:01:23.230000,of rectangle that would accept two argument length and width of rectangle
00:01:23.230000,00:01:23.240000,argument length and width of rectangle
00:01:23.240000,00:01:25.230000,argument length and width of rectangle that would be in double and it will
00:01:25.230000,00:01:25.240000,that would be in double and it will
00:01:25.240000,00:01:28.149000,that would be in double and it will return a double value right area of
00:01:28.149000,00:01:28.159000,return a double value right area of
00:01:28.159000,00:01:30.590000,return a double value right area of circle it will also take one argument
00:01:30.590000,00:01:30.600000,circle it will also take one argument
00:01:30.600000,00:01:33.789000,circle it will also take one argument that be double that is radius P R square
00:01:33.789000,00:01:33.799000,that be double that is radius P R square
00:01:33.799000,00:01:36.109000,that be double that is radius P R square right the area of circle and it will
00:01:36.109000,00:01:36.119000,right the area of circle and it will
00:01:36.119000,00:01:38.270000,right the area of circle and it will return double return type of that would
00:01:38.270000,00:01:38.280000,return double return type of that would
00:01:38.280000,00:01:39.950000,return double return type of that would be also double so
00:01:39.950000,00:01:39.960000,be also double so
00:01:39.960000,00:01:42.350000,be also double so three uh you have to Define this area
00:01:42.350000,00:01:42.360000,three uh you have to Define this area
00:01:42.360000,00:01:44.190000,three uh you have to Define this area function three times right but name
00:01:44.190000,00:01:44.200000,function three times right but name
00:01:44.200000,00:01:48.149000,function three times right but name would be same I hope you got my question
00:01:48.149000,00:01:48.159000,would be same I hope you got my question
00:01:48.159000,00:01:49.950000,would be same I hope you got my question right so now pause the video and try
00:01:49.950000,00:01:49.960000,right so now pause the video and try
00:01:49.960000,00:01:53.350000,right so now pause the video and try this out so I hope you have done this
00:01:53.350000,00:01:53.360000,this out so I hope you have done this
00:01:53.360000,00:01:55.310000,this out so I hope you have done this now we will
00:01:55.310000,00:01:55.320000,now we will
00:01:55.320000,00:01:58.830000,now we will Define that area function three times
00:01:58.830000,00:01:58.840000,Define that area function three times
00:01:58.840000,00:02:01.870000,Define that area function three times right so let let's take first prototype
00:02:01.870000,00:02:01.880000,right so let let's take first prototype
00:02:01.880000,00:02:05.350000,right so let let's take first prototype or function declaration so one would be
00:02:05.350000,00:02:05.360000,or function declaration so one would be
00:02:05.360000,00:02:10.229000,or function declaration so one would be in name would be area and it will take
00:02:10.229000,00:02:10.239000,in name would be area and it will take
00:02:10.239000,00:02:12.949000,in name would be area and it will take one argument of type int to calculate
00:02:12.949000,00:02:12.959000,one argument of type int to calculate
00:02:12.959000,00:02:16.790000,one argument of type int to calculate area of square second would be of type
00:02:16.790000,00:02:16.800000,area of square second would be of type
00:02:16.800000,00:02:19.790000,area of square second would be of type double and name would be same and it
00:02:19.790000,00:02:19.800000,double and name would be same and it
00:02:19.800000,00:02:24.430000,double and name would be same and it will take two argument double and double
00:02:24.430000,00:02:24.440000,will take two argument double and double
00:02:24.440000,00:02:27.309000,will take two argument double and double to calculate area of
00:02:27.309000,00:02:27.319000,to calculate area of
00:02:27.319000,00:02:32.270000,to calculate area of rectangle right and third is also return
00:02:32.270000,00:02:32.280000,rectangle right and third is also return
00:02:32.280000,00:02:36.229000,rectangle right and third is also return type is same double name is same area
00:02:36.229000,00:02:36.239000,type is same double name is same area
00:02:36.239000,00:02:37.990000,type is same double name is same area and it will take only one argument of
00:02:37.990000,00:02:38,and it will take only one argument of
00:02:38,00:02:42.750000,and it will take only one argument of type double this is to calculate area of
00:02:42.750000,00:02:42.760000,type double this is to calculate area of
00:02:42.760000,00:02:44.350000,type double this is to calculate area of circle
00:02:44.350000,00:02:44.360000,circle
00:02:44.360000,00:02:47.149000,circle right okay now we are calling these
00:02:47.149000,00:02:47.159000,right okay now we are calling these
00:02:47.159000,00:02:49.190000,right okay now we are calling these function in main we'll call this let's
00:02:49.190000,00:02:49.200000,function in main we'll call this let's
00:02:49.200000,00:02:52.030000,function in main we'll call this let's define these function first right so
00:02:52.030000,00:02:52.040000,define these function first right so
00:02:52.040000,00:02:53.229000,define these function first right so first is
00:02:53.229000,00:02:53.239000,first is
00:02:53.239000,00:02:57.229000,first is in area and in definition you have to
00:02:57.229000,00:02:57.239000,in area and in definition you have to
00:02:57.239000,00:03:00.350000,in area and in definition you have to take a variable name also that is
00:03:00.350000,00:03:00.360000,take a variable name also that is
00:03:00.360000,00:03:02.670000,take a variable name also that is like inside or any variable take a b c x
00:03:02.670000,00:03:02.680000,like inside or any variable take a b c x
00:03:02.680000,00:03:04.869000,like inside or any variable take a b c x y z s any variable name you can take
00:03:04.869000,00:03:04.879000,y z s any variable name you can take
00:03:04.879000,00:03:06.860000,y z s any variable name you can take right and it will simply
00:03:06.860000,00:03:06.870000,right and it will simply
00:03:06.870000,00:03:10.949000,right and it will simply [Music]
00:03:14.149000,00:03:14.159000,return how to calculate area of
00:03:14.159000,00:03:16.509000,return how to calculate area of square that length into length or the
00:03:16.509000,00:03:16.519000,square that length into length or the
00:03:16.519000,00:03:19.190000,square that length into length or the side into side or you can use that power
00:03:19.190000,00:03:19.200000,side into side or you can use that power
00:03:19.200000,00:03:21.910000,side into side or you can use that power function you can include that cth
00:03:21.910000,00:03:21.920000,function you can include that cth
00:03:21.920000,00:03:23.509000,function you can include that cth library and from there you can use power
00:03:23.509000,00:03:23.519000,library and from there you can use power
00:03:23.519000,00:03:26.270000,library and from there you can use power function to calculate power but here I'm
00:03:26.270000,00:03:26.280000,function to calculate power but here I'm
00:03:26.280000,00:03:28.550000,function to calculate power but here I'm just using simply side into side that's
00:03:28.550000,00:03:28.560000,just using simply side into side that's
00:03:28.560000,00:03:30.509000,just using simply side into side that's it right
00:03:30.509000,00:03:30.519000,it right
00:03:30.519000,00:03:34.030000,it right so same like here we take a variable int
00:03:34.030000,00:03:34.040000,so same like here we take a variable int
00:03:34.040000,00:03:37.270000,so same like here we take a variable int a variable Square underscore side and
00:03:37.270000,00:03:37.280000,a variable Square underscore side and
00:03:37.280000,00:03:41.710000,a variable Square underscore side and from user we will take input and
00:03:41.710000,00:03:41.720000,from user we will take input and
00:03:41.720000,00:03:45.710000,from user we will take input and simply we will pass that
00:03:45.710000,00:03:45.720000,simply we will pass that
00:03:45.720000,00:03:49.949000,simply we will pass that area this Square side here right but see
00:03:49.949000,00:03:49.959000,area this Square side here right but see
00:03:49.959000,00:03:53.789000,area this Square side here right but see it is returning integer Valu so you have
00:03:53.789000,00:03:53.799000,it is returning integer Valu so you have
00:03:53.799000,00:03:56.390000,it is returning integer Valu so you have to uh store that value or fetch that
00:03:56.390000,00:03:56.400000,to uh store that value or fetch that
00:03:56.400000,00:03:58.949000,to uh store that value or fetch that value in an integer variable right so
00:03:58.949000,00:03:58.959000,value in an integer variable right so
00:03:58.959000,00:04:01.110000,value in an integer variable right so let's take here in square side as well
00:04:01.110000,00:04:01.120000,let's take here in square side as well
00:04:01.120000,00:04:02.069000,let's take here in square side as well as
00:04:02.069000,00:04:02.079000,as
00:04:02.079000,00:04:07.069000,as a area of
00:04:09.550000,00:04:09.560000,square this variable name area of square
00:04:09.560000,00:04:12.429000,square this variable name area of square any variable name you can take
00:04:12.429000,00:04:12.439000,any variable name you can take
00:04:12.439000,00:04:16.990000,any variable name you can take and area of square equal
00:04:16.990000,00:04:17,and area of square equal
00:04:17,00:04:20.150000,and area of square equal to area and square we will here Square
00:04:20.150000,00:04:20.160000,to area and square we will here Square
00:04:20.160000,00:04:21.550000,to area and square we will here Square side will pass so whatever this function
00:04:21.550000,00:04:21.560000,side will pass so whatever this function
00:04:21.560000,00:04:23.629000,side will pass so whatever this function will return we we are going to store
00:04:23.629000,00:04:23.639000,will return we we are going to store
00:04:23.639000,00:04:26.749000,will return we we are going to store that value into this integer variable
00:04:26.749000,00:04:26.759000,that value into this integer variable
00:04:26.759000,00:04:30.350000,that value into this integer variable and we simply print this C out area of
00:04:30.350000,00:04:30.360000,and we simply print this C out area of
00:04:30.360000,00:04:31.390000,and we simply print this C out area of square
00:04:31.390000,00:04:31.400000,square
00:04:31.400000,00:04:35.990000,square is simply print this one you got it so
00:04:35.990000,00:04:36,is simply print this one you got it so
00:04:36,00:04:39.189000,is simply print this one you got it so till now let's run this and see if this
00:04:39.189000,00:04:39.199000,till now let's run this and see if this
00:04:39.199000,00:04:41.749000,till now let's run this and see if this function is working or not four and area
00:04:41.749000,00:04:41.759000,function is working or not four and area
00:04:41.759000,00:04:45.230000,function is working or not four and area of square is 16 yeah it is working right
00:04:45.230000,00:04:45.240000,of square is 16 yeah it is working right
00:04:45.240000,00:04:47.870000,of square is 16 yeah it is working right now let's define
00:04:47.870000,00:04:47.880000,now let's define
00:04:47.880000,00:04:49.909000,now let's define another
00:04:49.909000,00:04:49.919000,another
00:04:49.919000,00:04:53.909000,another function double name is same
00:04:53.909000,00:04:53.919000,function double name is same
00:04:53.919000,00:04:57.909000,function double name is same area and here we will take like Double
00:04:57.909000,00:04:57.919000,area and here we will take like Double
00:04:57.919000,00:05:02.390000,area and here we will take like Double L double w
00:05:05.150000,00:05:05.160000,and it will return how to calculate area
00:05:05.160000,00:05:09.790000,and it will return how to calculate area of rectangle length into width so L into
00:05:09.790000,00:05:09.800000,of rectangle length into width so L into
00:05:09.800000,00:05:13.150000,of rectangle length into width so L into W that's it obviously we will pass these
00:05:13.150000,00:05:13.160000,W that's it obviously we will pass these
00:05:13.160000,00:05:15.710000,W that's it obviously we will pass these two arguments while calling so first
00:05:15.710000,00:05:15.720000,two arguments while calling so first
00:05:15.720000,00:05:16.749000,two arguments while calling so first let's
00:05:16.749000,00:05:16.759000,let's
00:05:16.759000,00:05:18.749000,let's take
00:05:18.749000,00:05:18.759000,take
00:05:18.759000,00:05:23.510000,take double length comma width two
00:05:23.510000,00:05:23.520000,double length comma width two
00:05:23.520000,00:05:26.830000,double length comma width two variables right and as well as suppose
00:05:26.830000,00:05:26.840000,variables right and as well as suppose
00:05:26.840000,00:05:28.590000,variables right and as well as suppose we take another variable area of
00:05:28.590000,00:05:28.600000,we take another variable area of
00:05:28.600000,00:05:30.510000,we take another variable area of rectangle
00:05:30.510000,00:05:30.520000,rectangle
00:05:30.520000,00:05:32.510000,rectangle now after calling area of square let's
00:05:32.510000,00:05:32.520000,now after calling area of square let's
00:05:32.520000,00:05:35.150000,now after calling area of square let's ask from user to enter length and width
00:05:35.150000,00:05:35.160000,ask from user to enter length and width
00:05:35.160000,00:05:38.350000,ask from user to enter length and width of a rectangle right and
00:05:38.350000,00:05:38.360000,of a rectangle right and
00:05:38.360000,00:05:42.590000,of a rectangle right and now area of rect equal to we just call
00:05:42.590000,00:05:42.600000,now area of rect equal to we just call
00:05:42.600000,00:05:45.150000,now area of rect equal to we just call this function area and we'll
00:05:45.150000,00:05:45.160000,this function area and we'll
00:05:45.160000,00:05:47.749000,this function area and we'll pass whatever the length user has
00:05:47.749000,00:05:47.759000,pass whatever the length user has
00:05:47.759000,00:05:51.390000,pass whatever the length user has entered and the
00:05:51.390000,00:05:51.400000,entered and the
00:05:51.400000,00:05:54.870000,entered and the width right and simply print area of
00:05:54.870000,00:05:54.880000,width right and simply print area of
00:05:54.880000,00:05:58.629000,width right and simply print area of rectangle right now for same let's take
00:05:58.629000,00:05:58.639000,rectangle right now for same let's take
00:05:58.639000,00:06:02.309000,rectangle right now for same let's take one more uh
00:06:05.270000,00:06:05.280000,variable
00:06:05.280000,00:06:12.070000,variable radius and one variable area of
00:06:15.430000,00:06:15.440000,circle radius and area of circle so
00:06:15.440000,00:06:17.029000,circle radius and area of circle so let's
00:06:17.029000,00:06:17.039000,let's
00:06:17.039000,00:06:18.870000,let's enter that
00:06:18.870000,00:06:18.880000,enter that
00:06:18.880000,00:06:21.629000,enter that radius now area of circle is equal to
00:06:21.629000,00:06:21.639000,radius now area of circle is equal to
00:06:21.639000,00:06:25.230000,radius now area of circle is equal to let's call this area and let's pass just
00:06:25.230000,00:06:25.240000,let's call this area and let's pass just
00:06:25.240000,00:06:25.990000,let's call this area and let's pass just the
00:06:25.990000,00:06:26,the
00:06:26,00:06:28.710000,the radius and after that print area of
00:06:28.710000,00:06:28.720000,radius and after that print area of
00:06:28.720000,00:06:31.430000,radius and after that print area of circle
00:06:31.430000,00:06:31.440000,circle
00:06:31.440000,00:06:33.469000,circle return zero now let's define the third
00:06:33.469000,00:06:33.479000,return zero now let's define the third
00:06:33.479000,00:06:35.070000,return zero now let's define the third function
00:06:35.070000,00:06:35.080000,function
00:06:35.080000,00:06:38.990000,function also area area and third one is
00:06:38.990000,00:06:39,also area area and third one is
00:06:39,00:06:41.510000,also area area and third one is for area of circle so let's take a
00:06:41.510000,00:06:41.520000,for area of circle so let's take a
00:06:41.520000,00:06:44.230000,for area of circle so let's take a variable name here R simply or radius
00:06:44.230000,00:06:44.240000,variable name here R simply or radius
00:06:44.240000,00:06:45.670000,variable name here R simply or radius also you can take
00:06:45.670000,00:06:45.680000,also you can take
00:06:45.680000,00:06:48.390000,also you can take and area of circle is p Pi R square so
00:06:48.390000,00:06:48.400000,and area of circle is p Pi R square so
00:06:48.400000,00:06:51.710000,and area of circle is p Pi R square so you you need to take that value of pi so
00:06:51.710000,00:06:51.720000,you you need to take that value of pi so
00:06:51.720000,00:06:53.629000,you you need to take that value of pi so let's take a variable here double Pi is
00:06:53.629000,00:06:53.639000,let's take a variable here double Pi is
00:06:53.639000,00:06:57.550000,let's take a variable here double Pi is equal to it's fix 3.14 we'll take this
00:06:57.550000,00:06:57.560000,equal to it's fix 3.14 we'll take this
00:06:57.560000,00:07:00.589000,equal to it's fix 3.14 we'll take this one only and now
00:07:00.589000,00:07:00.599000,one only and now
00:07:00.599000,00:07:04.070000,one only and now return &lt; r² piun into R
00:07:04.070000,00:07:04.080000,return &lt; r² piun into R
00:07:04.080000,00:07:08.950000,return &lt; r² piun into R into R that's it let's R this and
00:07:08.950000,00:07:08.960000,into R that's it let's R this and
00:07:08.960000,00:07:12.869000,into R that's it let's R this and see what output you getting here first
00:07:12.869000,00:07:12.879000,see what output you getting here first
00:07:12.879000,00:07:15.350000,see what output you getting here first inter one side of square four area of
00:07:15.350000,00:07:15.360000,inter one side of square four area of
00:07:15.360000,00:07:17.189000,inter one side of square four area of square is 16 now enter length and width
00:07:17.189000,00:07:17.199000,square is 16 now enter length and width
00:07:17.199000,00:07:21.469000,square is 16 now enter length and width of rectangle so 3.4 and 4.5 area of
00:07:21.469000,00:07:21.479000,of rectangle so 3.4 and 4.5 area of
00:07:21.479000,00:07:23.909000,of rectangle so 3.4 and 4.5 area of rectangle is 15.3 enter radius of a
00:07:23.909000,00:07:23.919000,rectangle is 15.3 enter radius of a
00:07:23.919000,00:07:26.629000,rectangle is 15.3 enter radius of a circle let's take three so area of
00:07:26.629000,00:07:26.639000,circle let's take three so area of
00:07:26.639000,00:07:30.510000,circle let's take three so area of circle is 28.26%
00:07:32.950000,00:07:32.960000,so this this is like one example of
00:07:32.960000,00:07:36.710000,so this this is like one example of using overloaded function right area
00:07:36.710000,00:07:36.720000,using overloaded function right area
00:07:36.720000,00:07:39.150000,using overloaded function right area name is same you don't have to uh
00:07:39.150000,00:07:39.160000,name is same you don't have to uh
00:07:39.160000,00:07:41.710000,name is same you don't have to uh remember like maybe if the function
00:07:41.710000,00:07:41.720000,remember like maybe if the function
00:07:41.720000,00:07:43.869000,remember like maybe if the function overloaded overloading is not there then
00:07:43.869000,00:07:43.879000,overloaded overloading is not there then
00:07:43.879000,00:07:46.070000,overloaded overloading is not there then you have to write on area underscore
00:07:46.070000,00:07:46.080000,you have to write on area underscore
00:07:46.080000,00:07:48.749000,you have to write on area underscore circle area underscore rectangle area
00:07:48.749000,00:07:48.759000,circle area underscore rectangle area
00:07:48.759000,00:07:51.950000,circle area underscore rectangle area underscore square like this right and
00:07:51.950000,00:07:51.960000,underscore square like this right and
00:07:51.960000,00:07:54.350000,underscore square like this right and whenever you will call then for area of
00:07:54.350000,00:07:54.360000,whenever you will call then for area of
00:07:54.360000,00:07:56.550000,whenever you will call then for area of square you have to call area underscore
00:07:56.550000,00:07:56.560000,square you have to call area underscore
00:07:56.560000,00:07:58.790000,square you have to call area underscore square if you want to find out area of
00:07:58.790000,00:07:58.800000,square if you want to find out area of
00:07:58.800000,00:08:01.309000,square if you want to find out area of rectangle then are underscore rectangle
00:08:01.309000,00:08:01.319000,rectangle then are underscore rectangle
00:08:01.319000,00:08:03.110000,rectangle then are underscore rectangle but using function overloading there is
00:08:03.110000,00:08:03.120000,but using function overloading there is
00:08:03.120000,00:08:05.270000,but using function overloading there is no need to remember the name exact name
00:08:05.270000,00:08:05.280000,no need to remember the name exact name
00:08:05.280000,00:08:07.390000,no need to remember the name exact name of the function because name is same
00:08:07.390000,00:08:07.400000,of the function because name is same
00:08:07.400000,00:08:10.629000,of the function because name is same area just the type of argument and types
00:08:10.629000,00:08:10.639000,area just the type of argument and types
00:08:10.639000,00:08:12.670000,area just the type of argument and types of argument and number of arguments the
00:08:12.670000,00:08:12.680000,of argument and number of arguments the
00:08:12.680000,00:08:14.869000,of argument and number of arguments the parameter you pass that is different
00:08:14.869000,00:08:14.879000,parameter you pass that is different
00:08:14.879000,00:08:16.990000,parameter you pass that is different right so I hope you got this thing if
00:08:16.990000,00:08:17,right so I hope you got this thing if
00:08:17,00:08:19.950000,right so I hope you got this thing if you're not getting this it's okay take
00:08:19.950000,00:08:19.960000,you're not getting this it's okay take
00:08:19.960000,00:08:23.790000,you're not getting this it's okay take screenshot of this cing or I'll just
00:08:23.790000,00:08:23.800000,screenshot of this cing or I'll just
00:08:23.800000,00:08:26.270000,screenshot of this cing or I'll just paste this in uh description box or
00:08:26.270000,00:08:26.280000,paste this in uh description box or
00:08:26.280000,00:08:28.710000,paste this in uh description box or maybe in comment I'll pin this comment
00:08:28.710000,00:08:28.720000,maybe in comment I'll pin this comment
00:08:28.720000,00:08:31.589000,maybe in comment I'll pin this comment right and dry run this write down on a
00:08:31.589000,00:08:31.599000,right and dry run this write down on a
00:08:31.599000,00:08:33.190000,right and dry run this write down on a piece of paper and dry run this right
00:08:33.190000,00:08:33.200000,piece of paper and dry run this right
00:08:33.200000,00:08:35.190000,piece of paper and dry run this right and also try out different different
00:08:35.190000,00:08:35.200000,and also try out different different
00:08:35.200000,00:08:37.029000,and also try out different different example of this type using function
00:08:37.029000,00:08:37.039000,example of this type using function
00:08:37.039000,00:08:38.430000,example of this type using function overloading it's not like that you got
00:08:38.430000,00:08:38.440000,overloading it's not like that you got
00:08:38.440000,00:08:39.630000,overloading it's not like that you got this example and you are done with
00:08:39.630000,00:08:39.640000,this example and you are done with
00:08:39.640000,00:08:42.029000,this example and you are done with function overloading no try out
00:08:42.029000,00:08:42.039000,function overloading no try out
00:08:42.039000,00:08:43.430000,function overloading no try out different different examples of function
00:08:43.430000,00:08:43.440000,different different examples of function
00:08:43.440000,00:08:45.710000,different different examples of function overloading how you can use your program
00:08:45.710000,00:08:45.720000,overloading how you can use your program
00:08:45.720000,00:08:47.590000,overloading how you can use your program use uh function overloading in your
00:08:47.590000,00:08:47.600000,use uh function overloading in your
00:08:47.600000,00:08:49.750000,use uh function overloading in your program okay now that's it for this
00:08:49.750000,00:08:49.760000,program okay now that's it for this
00:08:49.760000,00:08:51.550000,program okay now that's it for this video now I'll see you in the next video
00:08:51.550000,00:08:51.560000,video now I'll see you in the next video
00:08:51.560000,00:08:55.680000,video now I'll see you in the next video till then bye-bye take care
