Start Time,End Time,Text
00:00:02.110000,00:00:02.120000,hey everyone I hope you are safe and
00:00:02.120000,00:00:03.990000,hey everyone I hope you are safe and doing good so in the series of learning
00:00:03.990000,00:00:04,doing good so in the series of learning
00:00:04,00:00:05.510000,doing good so in the series of learning C++ programming language we are
00:00:05.510000,00:00:05.520000,C++ programming language we are
00:00:05.520000,00:00:07.470000,C++ programming language we are discussing functions in C++ in previous
00:00:07.470000,00:00:07.480000,discussing functions in C++ in previous
00:00:07.480000,00:00:09.709000,discussing functions in C++ in previous video we have seen how to pass arrays to
00:00:09.709000,00:00:09.719000,video we have seen how to pass arrays to
00:00:09.719000,00:00:12.310000,video we have seen how to pass arrays to a function right now based on that we'll
00:00:12.310000,00:00:12.320000,a function right now based on that we'll
00:00:12.320000,00:00:14.910000,a function right now based on that we'll see two or three coding exercise in this
00:00:14.910000,00:00:14.920000,see two or three coding exercise in this
00:00:14.920000,00:00:17.710000,see two or three coding exercise in this video okay if you got that you can
00:00:17.710000,00:00:17.720000,video okay if you got that you can
00:00:17.720000,00:00:19.510000,video okay if you got that you can easily do these exercises so first
00:00:19.510000,00:00:19.520000,easily do these exercises so first
00:00:19.520000,00:00:22.390000,easily do these exercises so first exercise is you have to find out minimum
00:00:22.390000,00:00:22.400000,exercise is you have to find out minimum
00:00:22.400000,00:00:24.349000,exercise is you have to find out minimum and maximum element from an array so I
00:00:24.349000,00:00:24.359000,and maximum element from an array so I
00:00:24.359000,00:00:25.710000,and maximum element from an array so I hope you know the logic how to find out
00:00:25.710000,00:00:25.720000,hope you know the logic how to find out
00:00:25.720000,00:00:28.109000,hope you know the logic how to find out minimum and maximum element of an array
00:00:28.109000,00:00:28.119000,minimum and maximum element of an array
00:00:28.119000,00:00:29.790000,minimum and maximum element of an array right now there's a Twist you have to
00:00:29.790000,00:00:29.800000,right now there's a Twist you have to
00:00:29.800000,00:00:31.870000,right now there's a Twist you have to use use functions here so Define two
00:00:31.870000,00:00:31.880000,use use functions here so Define two
00:00:31.880000,00:00:34.549000,use use functions here so Define two functions Min element and Max element or
00:00:34.549000,00:00:34.559000,functions Min element and Max element or
00:00:34.559000,00:00:36.830000,functions Min element and Max element or any name you can take right while
00:00:36.830000,00:00:36.840000,any name you can take right while
00:00:36.840000,00:00:39.910000,any name you can take right while calling past that array you take right
00:00:39.910000,00:00:39.920000,calling past that array you take right
00:00:39.920000,00:00:42.709000,calling past that array you take right and then you have to find out like
00:00:42.709000,00:00:42.719000,and then you have to find out like
00:00:42.719000,00:00:45.190000,and then you have to find out like Define those functions to find out
00:00:45.190000,00:00:45.200000,Define those functions to find out
00:00:45.200000,00:00:47.350000,Define those functions to find out minimum and maximum element right using
00:00:47.350000,00:00:47.360000,minimum and maximum element right using
00:00:47.360000,00:00:49.590000,minimum and maximum element right using function you have to do this thing right
00:00:49.590000,00:00:49.600000,function you have to do this thing right
00:00:49.600000,00:00:51.549000,function you have to do this thing right so pause the video if you got my problem
00:00:51.549000,00:00:51.559000,so pause the video if you got my problem
00:00:51.559000,00:00:53.549000,so pause the video if you got my problem statement pause the video and try this
00:00:53.549000,00:00:53.559000,statement pause the video and try this
00:00:53.559000,00:00:56.709000,statement pause the video and try this out so I hope you have done this now
00:00:56.709000,00:00:56.719000,out so I hope you have done this now
00:00:56.719000,00:01:00.189000,out so I hope you have done this now we'll Define two functions right suppose
00:01:00.189000,00:01:00.199000,we'll Define two functions right suppose
00:01:00.199000,00:01:03.229000,we'll Define two functions right suppose void one is minan
00:01:03.229000,00:01:03.239000,void one is minan
00:01:03.239000,00:01:06.390000,void one is minan element we'll uh first declare two
00:01:06.390000,00:01:06.400000,element we'll uh first declare two
00:01:06.400000,00:01:10.030000,element we'll uh first declare two functions right mean element and there
00:01:10.030000,00:01:10.040000,functions right mean element and there
00:01:10.040000,00:01:11.710000,functions right mean element and there we should tell the compiler that this
00:01:11.710000,00:01:11.720000,we should tell the compiler that this
00:01:11.720000,00:01:15.990000,we should tell the compiler that this function is going to accept array as an
00:01:15.990000,00:01:16,function is going to accept array as an
00:01:16,00:01:18.190000,function is going to accept array as an argument so this one is for array and
00:01:18.190000,00:01:18.200000,argument so this one is for array and
00:01:18.200000,00:01:21.590000,argument so this one is for array and second is for size as we pass suppose
00:01:21.590000,00:01:21.600000,second is for size as we pass suppose
00:01:21.600000,00:01:24.469000,second is for size as we pass suppose right so intend it if you want to take
00:01:24.469000,00:01:24.479000,right so intend it if you want to take
00:01:24.479000,00:01:28.190000,right so intend it if you want to take name of these elements also I mean this
00:01:28.190000,00:01:28.200000,name of these elements also I mean this
00:01:28.200000,00:01:30.429000,name of these elements also I mean this is also fine you can take but but I
00:01:30.429000,00:01:30.439000,is also fine you can take but but I
00:01:30.439000,00:01:33.469000,is also fine you can take but but I prefer the syntax I'm comfortable with
00:01:33.469000,00:01:33.479000,prefer the syntax I'm comfortable with
00:01:33.479000,00:01:34.310000,prefer the syntax I'm comfortable with this
00:01:34.310000,00:01:34.320000,this
00:01:34.320000,00:01:37.870000,this thing so next is Max element same
00:01:37.870000,00:01:37.880000,thing so next is Max element same
00:01:37.880000,00:01:40.469000,thing so next is Max element same prototype would be there for this also
00:01:40.469000,00:01:40.479000,prototype would be there for this also
00:01:40.479000,00:01:44.230000,prototype would be there for this also right and in main let's take now first
00:01:44.230000,00:01:44.240000,right and in main let's take now first
00:01:44.240000,00:01:46.109000,right and in main let's take now first an
00:01:46.109000,00:01:46.119000,an
00:01:46.119000,00:01:56.270000,an array okay
00:01:58.550000,00:01:58.560000,sorry let's take five elements we have
00:01:58.560000,00:02:00.310000,sorry let's take five elements we have in this array right and and we are
00:02:00.310000,00:02:00.320000,in this array right and and we are
00:02:00.320000,00:02:03.109000,in this array right and and we are calling this main element function and
00:02:03.109000,00:02:03.119000,calling this main element function and
00:02:03.119000,00:02:04.709000,calling this main element function and we are passing
00:02:04.709000,00:02:04.719000,we are passing
00:02:04.719000,00:02:06.550000,we are passing ARR
00:02:06.550000,00:02:06.560000,ARR
00:02:06.560000,00:02:10.910000,ARR right and obviously the size as well so
00:02:10.910000,00:02:10.920000,right and obviously the size as well so
00:02:10.920000,00:02:12.949000,right and obviously the size as well so you know the formula to calculate
00:02:12.949000,00:02:12.959000,you know the formula to calculate
00:02:12.959000,00:02:15.550000,you know the formula to calculate size size of this complete area divided
00:02:15.550000,00:02:15.560000,size size of this complete area divided
00:02:15.560000,00:02:17.949000,size size of this complete area divided by size of one element or one element is
00:02:17.949000,00:02:17.959000,by size of one element or one element is
00:02:17.959000,00:02:20.390000,by size of one element or one element is of type int so size of int we can also
00:02:20.390000,00:02:20.400000,of type int so size of int we can also
00:02:20.400000,00:02:23.190000,of type int so size of int we can also write and here we are passing size as
00:02:23.190000,00:02:23.200000,write and here we are passing size as
00:02:23.200000,00:02:26.550000,write and here we are passing size as well right so let's define now this
00:02:26.550000,00:02:26.560000,well right so let's define now this
00:02:26.560000,00:02:31.869000,well right so let's define now this function
00:02:36.350000,00:02:36.360000,here you need to take name this is
00:02:36.360000,00:02:38.190000,here you need to take name this is compulsory the variable name the
00:02:38.190000,00:02:38.200000,compulsory the variable name the
00:02:38.200000,00:02:40.350000,compulsory the variable name the parameter name a and size we are taking
00:02:40.350000,00:02:40.360000,parameter name a and size we are taking
00:02:40.360000,00:02:42.190000,parameter name a and size we are taking right because this is function
00:02:42.190000,00:02:42.200000,right because this is function
00:02:42.200000,00:02:44.229000,right because this is function definition so I hope now you know the
00:02:44.229000,00:02:44.239000,definition so I hope now you know the
00:02:44.239000,00:02:45.710000,definition so I hope now you know the logic minimum element and maximum
00:02:45.710000,00:02:45.720000,logic minimum element and maximum
00:02:45.720000,00:02:48.589000,logic minimum element and maximum element so let's take let's take the
00:02:48.589000,00:02:48.599000,element so let's take let's take the
00:02:48.599000,00:02:49.990000,element so let's take let's take the first element
00:02:49.990000,00:02:50,first element
00:02:50,00:02:53.030000,first element is a smallest one in the array let's
00:02:53.030000,00:02:53.040000,is a smallest one in the array let's
00:02:53.040000,00:02:57.110000,is a smallest one in the array let's assume right so we'll take suppose a
00:02:57.110000,00:02:57.120000,assume right so we'll take suppose a
00:02:57.120000,00:03:02.670000,assume right so we'll take suppose a variable smallest in smallest equal to a
00:03:02.670000,00:03:02.680000,variable smallest in smallest equal to a
00:03:02.680000,00:03:05.949000,variable smallest in smallest equal to a of0 let's take let's assume first
00:03:05.949000,00:03:05.959000,of0 let's take let's assume first
00:03:05.959000,00:03:07.789000,of0 let's take let's assume first element is the smallest one and then we
00:03:07.789000,00:03:07.799000,element is the smallest one and then we
00:03:07.799000,00:03:09.390000,element is the smallest one and then we compare the first element with all the
00:03:09.390000,00:03:09.400000,compare the first element with all the
00:03:09.400000,00:03:11.910000,compare the first element with all the elements and if you find any smaller
00:03:11.910000,00:03:11.920000,elements and if you find any smaller
00:03:11.920000,00:03:13.630000,elements and if you find any smaller element than the first one then just
00:03:13.630000,00:03:13.640000,element than the first one then just
00:03:13.640000,00:03:15.990000,element than the first one then just replace that or something like this
00:03:15.990000,00:03:16,replace that or something like this
00:03:16,00:03:19.149000,replace that or something like this right okay now four Loop we are going to
00:03:19.149000,00:03:19.159000,right okay now four Loop we are going to
00:03:19.159000,00:03:20.789000,right okay now four Loop we are going to compare because the smallest element
00:03:20.789000,00:03:20.799000,compare because the smallest element
00:03:20.799000,00:03:23.229000,compare because the smallest element with all the elements right so four
00:03:23.229000,00:03:23.239000,with all the elements right so four
00:03:23.239000,00:03:26.789000,with all the elements right so four loop from 0 to I less than whatever the
00:03:26.789000,00:03:26.799000,loop from 0 to I less than whatever the
00:03:26.799000,00:03:30.589000,loop from 0 to I less than whatever the size of the array size and
00:03:30.589000,00:03:30.599000,size of the array size and
00:03:30.599000,00:03:34.830000,size of the array size and I
00:03:39.750000,00:03:39.760000,++ so we take if if a of I whatever the
00:03:39.760000,00:03:44.869000,++ so we take if if a of I whatever the element a of I less than the smallest
00:03:44.869000,00:03:44.879000,element a of I less than the smallest
00:03:44.879000,00:03:46.550000,element a of I less than the smallest element
00:03:46.550000,00:03:46.560000,element
00:03:46.560000,00:03:48.670000,element then the smallest element will be
00:03:48.670000,00:03:48.680000,then the smallest element will be
00:03:48.680000,00:03:50.789000,then the smallest element will be modified now the a of I element would
00:03:50.789000,00:03:50.799000,modified now the a of I element would
00:03:50.799000,00:03:54.589000,modified now the a of I element would become the smallest element that's
00:03:54.589000,00:03:54.599000,become the smallest element that's
00:03:54.599000,00:03:59.789000,become the smallest element that's it right and after that just print that
00:03:59.789000,00:03:59.799000,it right and after that just print that
00:03:59.799000,00:04:01.030000,it right and after that just print that element or if you want that this
00:04:01.030000,00:04:01.040000,element or if you want that this
00:04:01.040000,00:04:03.589000,element or if you want that this function should return that element so
00:04:03.589000,00:04:03.599000,function should return that element so
00:04:03.599000,00:04:05.309000,function should return that element so we should change I mean we have to
00:04:05.309000,00:04:05.319000,we should change I mean we have to
00:04:05.319000,00:04:07.750000,we should change I mean we have to change the Prototype so the return type
00:04:07.750000,00:04:07.760000,change the Prototype so the return type
00:04:07.760000,00:04:10.710000,change the Prototype so the return type of the function int and Here Also let's
00:04:10.710000,00:04:10.720000,of the function int and Here Also let's
00:04:10.720000,00:04:11.789000,of the function int and Here Also let's take
00:04:11.789000,00:04:11.799000,take
00:04:11.799000,00:04:13.390000,take int
00:04:13.390000,00:04:13.400000,int
00:04:13.400000,00:04:16.509000,int and after finding this it will return
00:04:16.509000,00:04:16.519000,and after finding this it will return
00:04:16.519000,00:04:19.670000,and after finding this it will return whatever the smallest
00:04:19.670000,00:04:19.680000,whatever the smallest
00:04:19.680000,00:04:22.909000,whatever the smallest element got it now if it is returning
00:04:22.909000,00:04:22.919000,element got it now if it is returning
00:04:22.919000,00:04:24.629000,element got it now if it is returning something so obviously you have to hold
00:04:24.629000,00:04:24.639000,something so obviously you have to hold
00:04:24.639000,00:04:25.510000,something so obviously you have to hold that
00:04:25.510000,00:04:25.520000,that
00:04:25.520000,00:04:27.830000,that element in a variable name of and
00:04:27.830000,00:04:27.840000,element in a variable name of and
00:04:27.840000,00:04:30.310000,element in a variable name of and variable of type int right
00:04:30.310000,00:04:30.320000,variable of type int right
00:04:30.320000,00:04:32.469000,variable of type int right so let's let's take here one more
00:04:32.469000,00:04:32.479000,so let's let's take here one more
00:04:32.479000,00:04:36.110000,so let's let's take here one more element in int smallest element and
00:04:36.110000,00:04:36.120000,element in int smallest element and
00:04:36.120000,00:04:38.430000,element in int smallest element and whatever it will return we will store
00:04:38.430000,00:04:38.440000,whatever it will return we will store
00:04:38.440000,00:04:41.029000,whatever it will return we will store that in that element in this variable
00:04:41.029000,00:04:41.039000,that in that element in this variable
00:04:41.039000,00:04:43.950000,that in that element in this variable smallest element and simply we print
00:04:43.950000,00:04:43.960000,smallest element and simply we print
00:04:43.960000,00:04:46.749000,smallest element and simply we print that smallest
00:04:46.749000,00:04:46.759000,that smallest
00:04:46.759000,00:04:51.189000,that smallest element that's
00:04:54.270000,00:04:54.280000,it okay let's run this and see it's
00:04:54.280000,00:04:56.909000,it okay let's run this and see it's working or not smallest element is okay
00:04:56.909000,00:04:56.919000,working or not smallest element is okay
00:04:56.919000,00:04:58.629000,working or not smallest element is okay smallest element is
00:04:58.629000,00:04:58.639000,smallest element is
00:04:58.639000,00:05:01.710000,smallest element is obviously see here you have to call now
00:05:01.710000,00:05:01.720000,obviously see here you have to call now
00:05:01.720000,00:05:05.350000,obviously see here you have to call now that function so the function is main
00:05:05.350000,00:05:05.360000,that function so the function is main
00:05:05.360000,00:05:07.870000,that function so the function is main element you're not calling that function
00:05:07.870000,00:05:07.880000,element you're not calling that function
00:05:07.880000,00:05:09.909000,element you're not calling that function so that is why it is giving you whatever
00:05:09.909000,00:05:09.919000,so that is why it is giving you whatever
00:05:09.919000,00:05:12.830000,so that is why it is giving you whatever the size is right here you if you know
00:05:12.830000,00:05:12.840000,the size is right here you if you know
00:05:12.840000,00:05:15.749000,the size is right here you if you know the concept of this coma uh operator
00:05:15.749000,00:05:15.759000,the concept of this coma uh operator
00:05:15.759000,00:05:17.070000,the concept of this coma uh operator then you will get this thing why you are
00:05:17.070000,00:05:17.080000,then you will get this thing why you are
00:05:17.080000,00:05:20.710000,then you will get this thing why you are getting five right now Min element and
00:05:20.710000,00:05:20.720000,getting five right now Min element and
00:05:20.720000,00:05:22.309000,getting five right now Min element and okay now we are calling this let's run
00:05:22.309000,00:05:22.319000,okay now we are calling this let's run
00:05:22.319000,00:05:27.150000,okay now we are calling this let's run this and see - 78 yeah that's correct
00:05:27.150000,00:05:27.160000,this and see - 78 yeah that's correct
00:05:27.160000,00:05:30.430000,this and see - 78 yeah that's correct minimum element is this so now it's your
00:05:30.430000,00:05:30.440000,minimum element is this so now it's your
00:05:30.440000,00:05:32.189000,minimum element is this so now it's your assignment now pause the video and try
00:05:32.189000,00:05:32.199000,assignment now pause the video and try
00:05:32.199000,00:05:34.790000,assignment now pause the video and try that maximum element how to find out
00:05:34.790000,00:05:34.800000,that maximum element how to find out
00:05:34.800000,00:05:37.749000,that maximum element how to find out right same we consider the first element
00:05:37.749000,00:05:37.759000,right same we consider the first element
00:05:37.759000,00:05:40.550000,right same we consider the first element as maximum element from this array and
00:05:40.550000,00:05:40.560000,as maximum element from this array and
00:05:40.560000,00:05:43.430000,as maximum element from this array and then we compare this with every element
00:05:43.430000,00:05:43.440000,then we compare this with every element
00:05:43.440000,00:05:47.390000,then we compare this with every element right less than
00:05:50.309000,00:05:50.319000,size and I
00:05:50.319000,00:05:55.189000,size and I ++ and if uh that those that a of I is
00:05:55.189000,00:05:55.199000,++ and if uh that those that a of I is
00:05:55.199000,00:05:56.350000,++ and if uh that those that a of I is greater
00:05:56.350000,00:05:56.360000,greater
00:05:56.360000,00:05:58.790000,greater than now greater than the maximum
00:05:58.790000,00:05:58.800000,than now greater than the maximum
00:05:58.800000,00:06:00.510000,than now greater than the maximum element
00:06:00.510000,00:06:00.520000,element
00:06:00.520000,00:06:02.270000,element if any a ofi I mean the element is
00:06:02.270000,00:06:02.280000,if any a ofi I mean the element is
00:06:02.280000,00:06:04.469000,if any a ofi I mean the element is maximum the sorry greater than those
00:06:04.469000,00:06:04.479000,maximum the sorry greater than those
00:06:04.479000,00:06:06.629000,maximum the sorry greater than those maximum element then we replace that so
00:06:06.629000,00:06:06.639000,maximum element then we replace that so
00:06:06.639000,00:06:08.710000,maximum element then we replace that so now maximum element will
00:06:08.710000,00:06:08.720000,now maximum element will
00:06:08.720000,00:06:11.350000,now maximum element will become is equal is equal to whatever
00:06:11.350000,00:06:11.360000,become is equal is equal to whatever
00:06:11.360000,00:06:16.749000,become is equal is equal to whatever that AI element
00:06:21.309000,00:06:21.319000,right and at last we simply return so
00:06:21.319000,00:06:24.870000,right and at last we simply return so let's change this prototype this return
00:06:24.870000,00:06:24.880000,let's change this prototype this return
00:06:24.880000,00:06:27.909000,let's change this prototype this return type to in and here we'll call this this
00:06:27.909000,00:06:27.919000,type to in and here we'll call this this
00:06:27.919000,00:06:30.550000,type to in and here we'll call this this so simply Direct in see out we can
00:06:30.550000,00:06:30.560000,so simply Direct in see out we can
00:06:30.560000,00:06:34.270000,so simply Direct in see out we can call uh whatever the function name x x
00:06:34.270000,00:06:34.280000,call uh whatever the function name x x
00:06:34.280000,00:06:38.390000,call uh whatever the function name x x element and pass a and the
00:06:38.390000,00:06:38.400000,element and pass a and the
00:06:38.400000,00:06:40.749000,element and pass a and the size let's run this and see what outut
00:06:40.749000,00:06:40.759000,size let's run this and see what outut
00:06:40.759000,00:06:42.710000,size let's run this and see what outut we getting minimum element is- 78
00:06:42.710000,00:06:42.720000,we getting minimum element is- 78
00:06:42.720000,00:06:45.830000,we getting minimum element is- 78 maximum in is 56 yeah that's
00:06:45.830000,00:06:45.840000,maximum in is 56 yeah that's
00:06:45.840000,00:06:48.629000,maximum in is 56 yeah that's correct right so here we are passing an
00:06:48.629000,00:06:48.639000,correct right so here we are passing an
00:06:48.639000,00:06:50.550000,correct right so here we are passing an array in a
00:06:50.550000,00:06:50.560000,array in a
00:06:50.560000,00:06:52.830000,array in a function and we are you know performing
00:06:52.830000,00:06:52.840000,function and we are you know performing
00:06:52.840000,00:06:55.670000,function and we are you know performing some operations right okay these two I
00:06:55.670000,00:06:55.680000,some operations right okay these two I
00:06:55.680000,00:06:57.469000,some operations right okay these two I hope you are done with these two one
00:06:57.469000,00:06:57.479000,hope you are done with these two one
00:06:57.479000,00:07:01.510000,hope you are done with these two one more exercise is suppose uh you are
00:07:01.510000,00:07:01.520000,more exercise is suppose uh you are
00:07:01.520000,00:07:03.790000,more exercise is suppose uh you are hosting an event in your school or in
00:07:03.790000,00:07:03.800000,hosting an event in your school or in
00:07:03.800000,00:07:06.550000,hosting an event in your school or in your college and you want to invite some
00:07:06.550000,00:07:06.560000,your college and you want to invite some
00:07:06.560000,00:07:11.270000,your college and you want to invite some guest speakers right so for that you
00:07:11.270000,00:07:11.280000,guest speakers right so for that you
00:07:11.280000,00:07:14.710000,guest speakers right so for that you will make that list right and you'll
00:07:14.710000,00:07:14.720000,will make that list right and you'll
00:07:14.720000,00:07:16.550000,will make that list right and you'll print that list and after that after
00:07:16.550000,00:07:16.560000,print that list and after that after
00:07:16.560000,00:07:18.749000,print that list and after that after hosting that suppose after hosting that
00:07:18.749000,00:07:18.759000,hosting that suppose after hosting that
00:07:18.759000,00:07:20.510000,hosting that suppose after hosting that or after that event you just clear that
00:07:20.510000,00:07:20.520000,or after that event you just clear that
00:07:20.520000,00:07:23.550000,or after that event you just clear that list so print the list and clear list
00:07:23.550000,00:07:23.560000,list so print the list and clear list
00:07:23.560000,00:07:26.710000,list so print the list and clear list two function you need to
00:07:26.710000,00:07:26.720000,two function you need to
00:07:26.720000,00:07:30.430000,two function you need to Define okay so suppose we have
00:07:30.430000,00:07:30.440000,Define okay so suppose we have
00:07:30.440000,00:07:32.950000,Define okay so suppose we have string an array I mean array of string
00:07:32.950000,00:07:32.960000,string an array I mean array of string
00:07:32.960000,00:07:35.710000,string an array I mean array of string type and there we have three names maybe
00:07:35.710000,00:07:35.720000,type and there we have three names maybe
00:07:35.720000,00:07:39.070000,type and there we have three names maybe like Jenny and Rahul and prep or any
00:07:39.070000,00:07:39.080000,like Jenny and Rahul and prep or any
00:07:39.080000,00:07:42.070000,like Jenny and Rahul and prep or any other name right so first print that
00:07:42.070000,00:07:42.080000,other name right so first print that
00:07:42.080000,00:07:45.629000,other name right so first print that list Define a function print list right
00:07:45.629000,00:07:45.639000,list Define a function print list right
00:07:45.639000,00:07:48.110000,list Define a function print list right and then clear that list after clearing
00:07:48.110000,00:07:48.120000,and then clear that list after clearing
00:07:48.120000,00:07:49.749000,and then clear that list after clearing again print that
00:07:49.749000,00:07:49.759000,again print that
00:07:49.759000,00:07:52.589000,again print that list I hope you got my point we didn't
00:07:52.589000,00:07:52.599000,list I hope you got my point we didn't
00:07:52.599000,00:07:54.950000,list I hope you got my point we didn't try this out let's declare a function
00:07:54.950000,00:07:54.960000,try this out let's declare a function
00:07:54.960000,00:07:58.309000,try this out let's declare a function print list and here we will take an
00:07:58.309000,00:07:58.319000,print list and here we will take an
00:07:58.319000,00:08:00.589000,print list and here we will take an array of type string
00:08:00.589000,00:08:00.599000,array of type string
00:08:00.599000,00:08:05.430000,array of type string as well as size so that would be an INT
00:08:05.430000,00:08:05.440000,as well as size so that would be an INT
00:08:05.440000,00:08:07.589000,as well as size so that would be an INT another one is clear that list I me
00:08:07.589000,00:08:07.599000,another one is clear that list I me
00:08:07.599000,00:08:10.790000,another one is clear that list I me clear list and same we'll pass string
00:08:10.790000,00:08:10.800000,clear list and same we'll pass string
00:08:10.800000,00:08:14.990000,clear list and same we'll pass string and array and second size of what data
00:08:14.990000,00:08:15,and array and second size of what data
00:08:15,00:08:16.550000,and array and second size of what data type you need to give no need to give
00:08:16.550000,00:08:16.560000,type you need to give no need to give
00:08:16.560000,00:08:18.270000,type you need to give no need to give here variable name because it is
00:08:18.270000,00:08:18.280000,here variable name because it is
00:08:18.280000,00:08:19.430000,here variable name because it is function
00:08:19.430000,00:08:19.440000,function
00:08:19.440000,00:08:23.670000,function declaration now in main function let's
00:08:23.670000,00:08:23.680000,declaration now in main function let's
00:08:23.680000,00:08:27.589000,declaration now in main function let's take string
00:08:29.990000,00:08:30,and like speak
00:08:30,00:08:31.430000,and like speak speakers
00:08:31.430000,00:08:31.440000,speakers
00:08:31.440000,00:08:34.670000,speakers list is equal
00:08:34.670000,00:08:34.680000,list is equal
00:08:34.680000,00:08:39.070000,list is equal to Jenny it's shuk Khan not the other
00:08:39.070000,00:08:39.080000,to Jenny it's shuk Khan not the other
00:08:39.080000,00:08:42.469000,to Jenny it's shuk Khan not the other one and suppose Modi you can make your
00:08:42.469000,00:08:42.479000,one and suppose Modi you can make your
00:08:42.479000,00:08:45.670000,one and suppose Modi you can make your own list if you don't like these three
00:08:45.670000,00:08:45.680000,own list if you don't like these three
00:08:45.680000,00:08:48.190000,own list if you don't like these three person you can just change the name
00:08:48.190000,00:08:48.200000,person you can just change the name
00:08:48.200000,00:08:52.990000,person you can just change the name right so this is my list fine now okay
00:08:52.990000,00:08:53,right so this is my list fine now okay
00:08:53,00:08:55.070000,right so this is my list fine now okay this is an array obviously so you
00:08:55.070000,00:08:55.080000,this is an array obviously so you
00:08:55.080000,00:08:57.949000,this is an array obviously so you should declare it something like this
00:08:57.949000,00:08:57.959000,should declare it something like this
00:08:57.959000,00:09:02.230000,should declare it something like this right now we are calling that print list
00:09:02.230000,00:09:02.240000,right now we are calling that print list
00:09:02.240000,00:09:04.190000,right now we are calling that print list and here I'm just
00:09:04.190000,00:09:04.200000,and here I'm just
00:09:04.200000,00:09:08.310000,and here I'm just passing speaker list and size so let's
00:09:08.310000,00:09:08.320000,passing speaker list and size so let's
00:09:08.320000,00:09:10.230000,passing speaker list and size so let's take let's take here one more variable
00:09:10.230000,00:09:10.240000,take let's take here one more variable
00:09:10.240000,00:09:16.670000,take let's take here one more variable like
00:09:19.949000,00:09:19.959000,end speaker list size is
00:09:19.959000,00:09:22.269000,end speaker list size is three right and here I'm just passing
00:09:22.269000,00:09:22.279000,three right and here I'm just passing
00:09:22.279000,00:09:24.389000,three right and here I'm just passing speaker list
00:09:24.389000,00:09:24.399000,speaker list
00:09:24.399000,00:09:27.630000,speaker list size right so now let's let's define
00:09:27.630000,00:09:27.640000,size right so now let's let's define
00:09:27.640000,00:09:32.829000,size right so now let's let's define this
00:09:42.910000,00:09:42.920000,and let's take name here same name you
00:09:42.920000,00:09:44.750000,and let's take name here same name you can take speaker list or S list I'm
00:09:44.750000,00:09:44.760000,can take speaker list or S list I'm
00:09:44.760000,00:09:47.389000,can take speaker list or S list I'm taking here and then I'm taking simple
00:09:47.389000,00:09:47.399000,taking here and then I'm taking simple
00:09:47.399000,00:09:50.430000,taking here and then I'm taking simple name in
00:09:50.430000,00:09:50.440000,name in
00:09:50.440000,00:09:55.829000,name in size right okay now the for
00:09:58.389000,00:09:58.399000,loop I should be less than whatever the
00:09:58.399000,00:10:01.310000,loop I should be less than whatever the size is and
00:10:01.310000,00:10:01.320000,size is and
00:10:01.320000,00:10:06.910000,size is and i++ so we will simply print now because
00:10:06.910000,00:10:06.920000,i++ so we will simply print now because
00:10:06.920000,00:10:08.590000,i++ so we will simply print now because this function is not returning anything
00:10:08.590000,00:10:08.600000,this function is not returning anything
00:10:08.600000,00:10:11.829000,this function is not returning anything we just want to print C out and the list
00:10:11.829000,00:10:11.839000,we just want to print C out and the list
00:10:11.839000,00:10:12.949000,we just want to print C out and the list so
00:10:12.949000,00:10:12.959000,so
00:10:12.959000,00:10:14.470000,so s
00:10:14.470000,00:10:14.480000,s
00:10:14.480000,00:10:16.990000,s list and
00:10:16.990000,00:10:17,list and
00:10:17,00:10:19.590000,list and I with some
00:10:19.590000,00:10:19.600000,I with some
00:10:19.600000,00:10:22.509000,I with some space
00:10:22.509000,00:10:22.519000,space
00:10:22.519000,00:10:25.310000,space right let's write down here a new
00:10:25.310000,00:10:25.320000,right let's write down here a new
00:10:25.320000,00:10:29.750000,right let's write down here a new line just to format it a little bit endl
00:10:29.750000,00:10:29.760000,line just to format it a little bit endl
00:10:29.760000,00:10:32.509000,line just to format it a little bit endl right now this is what print list so let
00:10:32.509000,00:10:32.519000,right now this is what print list so let
00:10:32.519000,00:10:33.949000,right now this is what print list so let me run this and show you the output you
00:10:33.949000,00:10:33.959000,me run this and show you the output you
00:10:33.959000,00:10:35.509000,me run this and show you the output you will
00:10:35.509000,00:10:35.519000,will
00:10:35.519000,00:10:39.190000,will get okay let's run this here
00:10:39.190000,00:10:39.200000,get okay let's run this here
00:10:39.200000,00:10:42.389000,get okay let's run this here don't so this is the list J srk Modi we
00:10:42.389000,00:10:42.399000,don't so this is the list J srk Modi we
00:10:42.399000,00:10:44.470000,don't so this is the list J srk Modi we just printing the list and you also want
00:10:44.470000,00:10:44.480000,just printing the list and you also want
00:10:44.480000,00:10:47.670000,just printing the list and you also want to uh restrict anyone from this function
00:10:47.670000,00:10:47.680000,to uh restrict anyone from this function
00:10:47.680000,00:10:50.190000,to uh restrict anyone from this function print list to modify the list so what
00:10:50.190000,00:10:50.200000,print list to modify the list so what
00:10:50.200000,00:10:53.550000,print list to modify the list so what you will do just write down here
00:10:53.550000,00:10:53.560000,you will do just write down here
00:10:53.560000,00:10:58.069000,you will do just write down here const just make this constant so that
00:10:58.069000,00:10:58.079000,const just make this constant so that
00:10:58.079000,00:11:01.990000,const just make this constant so that and no one can modify it right so if you
00:11:01.990000,00:11:02,and no one can modify it right so if you
00:11:02,00:11:04.829000,and no one can modify it right so if you want to here modify so suppose if you
00:11:04.829000,00:11:04.839000,want to here modify so suppose if you
00:11:04.839000,00:11:08.150000,want to here modify so suppose if you want to modify like if you don't like
00:11:08.150000,00:11:08.160000,want to modify like if you don't like
00:11:08.160000,00:11:11.949000,want to modify like if you don't like Modi and you want to replace this with
00:11:11.949000,00:11:11.959000,Modi and you want to replace this with
00:11:11.959000,00:11:15.829000,Modi and you want to replace this with Rahul
00:11:19.470000,00:11:19.480000,so let's do this but now we have done
00:11:19.480000,00:11:21.350000,so let's do this but now we have done this constant parameter here so it will
00:11:21.350000,00:11:21.360000,this constant parameter here so it will
00:11:21.360000,00:11:22.389000,this constant parameter here so it will give
00:11:22.389000,00:11:22.399000,give
00:11:22.399000,00:11:25.710000,give error now if you want to clear the list
00:11:25.710000,00:11:25.720000,error now if you want to clear the list
00:11:25.720000,00:11:29.350000,error now if you want to clear the list then let's define this
00:11:29.350000,00:11:29.360000,then let's define this
00:11:29.360000,00:11:32.389000,then let's define this the same function so here let's
00:11:32.389000,00:11:32.399000,the same function so here let's
00:11:32.399000,00:11:35.230000,the same function so here let's obviously you have to take the name I'm
00:11:35.230000,00:11:35.240000,obviously you have to take the name I'm
00:11:35.240000,00:11:40.430000,obviously you have to take the name I'm taking s list and here size so same for
00:11:40.430000,00:11:40.440000,taking s list and here size so same for
00:11:40.440000,00:11:43.150000,taking s list and here size so same for Loop and here rather than see out
00:11:43.150000,00:11:43.160000,Loop and here rather than see out
00:11:43.160000,00:11:44.829000,Loop and here rather than see out because you want to clear everything out
00:11:44.829000,00:11:44.839000,because you want to clear everything out
00:11:44.839000,00:11:46.269000,because you want to clear everything out so
00:11:46.269000,00:11:46.279000,so
00:11:46.279000,00:11:51.190000,so sore list and whatever the element there
00:11:51.190000,00:11:51.200000,sore list and whatever the element there
00:11:51.200000,00:11:57.310000,sore list and whatever the element there just a space or nothing sorry that's
00:11:57.310000,00:11:57.320000,just a space or nothing sorry that's
00:11:57.320000,00:11:59.910000,just a space or nothing sorry that's it after clearing the list let's call
00:11:59.910000,00:11:59.920000,it after clearing the list let's call
00:11:59.920000,00:12:03.590000,it after clearing the list let's call this function clear list
00:12:14.269000,00:12:14.279000,print right and let's uh in this
00:12:14.279000,00:12:16.110000,print right and let's uh in this function let's print after clearing
00:12:16.110000,00:12:16.120000,function let's print after clearing
00:12:16.120000,00:12:22.430000,function let's print after clearing let's
00:12:25.710000,00:12:25.720000,print list cleared
00:12:25.720000,00:12:29.870000,print list cleared right so this is a program now let's run
00:12:29.870000,00:12:29.880000,right so this is a program now let's run
00:12:29.880000,00:12:31.110000,right so this is a program now let's run this and
00:12:31.110000,00:12:31.120000,this and
00:12:31.120000,00:12:34.150000,this and see first the list then list cleared and
00:12:34.150000,00:12:34.160000,see first the list then list cleared and
00:12:34.160000,00:12:37.670000,see first the list then list cleared and nothing will be printed now after that
00:12:37.670000,00:12:37.680000,nothing will be printed now after that
00:12:37.680000,00:12:40.750000,nothing will be printed now after that right so because list is cleared now you
00:12:40.750000,00:12:40.760000,right so because list is cleared now you
00:12:40.760000,00:12:42.350000,right so because list is cleared now you got
00:12:42.350000,00:12:42.360000,got
00:12:42.360000,00:12:45.870000,got it so like rather than in we can pass
00:12:45.870000,00:12:45.880000,it so like rather than in we can pass
00:12:45.880000,00:12:48.310000,it so like rather than in we can pass string array also so this is that
00:12:48.310000,00:12:48.320000,string array also so this is that
00:12:48.320000,00:12:50.670000,string array also so this is that example I hope you got this how to pass
00:12:50.670000,00:12:50.680000,example I hope you got this how to pass
00:12:50.680000,00:12:52.629000,example I hope you got this how to pass arrays to a function now try out
00:12:52.629000,00:12:52.639000,arrays to a function now try out
00:12:52.639000,00:12:54.509000,arrays to a function now try out different different exercises and
00:12:54.509000,00:12:54.519000,different different exercises and
00:12:54.519000,00:12:57.150000,different different exercises and examples on this thing on this topic
00:12:57.150000,00:12:57.160000,examples on this thing on this topic
00:12:57.160000,00:12:58.910000,examples on this thing on this topic don't leave this like yeah you got you
00:12:58.910000,00:12:58.920000,don't leave this like yeah you got you
00:12:58.920000,00:13:00.430000,don't leave this like yeah you got you you what those three exercises and
00:13:00.430000,00:13:00.440000,you what those three exercises and
00:13:00.440000,00:13:02.910000,you what those three exercises and that's it no just try out at least five
00:13:02.910000,00:13:02.920000,that's it no just try out at least five
00:13:02.920000,00:13:05.269000,that's it no just try out at least five or 10 exercises of different different
00:13:05.269000,00:13:05.279000,or 10 exercises of different different
00:13:05.279000,00:13:07.629000,or 10 exercises of different different type right like have to pass AR to a
00:13:07.629000,00:13:07.639000,type right like have to pass AR to a
00:13:07.639000,00:13:09.430000,type right like have to pass AR to a function so now that's it for this video
00:13:09.430000,00:13:09.440000,function so now that's it for this video
00:13:09.440000,00:13:10.750000,function so now that's it for this video now I'll see you in the next video till
00:13:10.750000,00:13:10.760000,now I'll see you in the next video till
00:13:10.760000,00:13:14.720000,now I'll see you in the next video till then bye-bye take care
