Start Time,End Time,Text
00:00:02.190000,00:00:02.200000,hey everyone I hope you are safe and
00:00:02.200000,00:00:03.990000,hey everyone I hope you are safe and doing good so in the series of learning
00:00:03.990000,00:00:04,doing good so in the series of learning
00:00:04,00:00:05.390000,doing good so in the series of learning C++ programming language we are
00:00:05.390000,00:00:05.400000,C++ programming language we are
00:00:05.400000,00:00:07.829000,C++ programming language we are discussing functions in C++ right till
00:00:07.829000,00:00:07.839000,discussing functions in C++ right till
00:00:07.839000,00:00:09.509000,discussing functions in C++ right till now we have discussed basics of
00:00:09.509000,00:00:09.519000,now we have discussed basics of
00:00:09.519000,00:00:11.830000,now we have discussed basics of functions right then call by value call
00:00:11.830000,00:00:11.840000,functions right then call by value call
00:00:11.840000,00:00:13.350000,functions right then call by value call by reference or we can say pass by value
00:00:13.350000,00:00:13.360000,by reference or we can say pass by value
00:00:13.360000,00:00:15.230000,by reference or we can say pass by value pass by reference these two things then
00:00:15.230000,00:00:15.240000,pass by reference these two things then
00:00:15.240000,00:00:16.830000,pass by reference these two things then function overloading then some coding
00:00:16.830000,00:00:16.840000,function overloading then some coding
00:00:16.840000,00:00:19.070000,function overloading then some coding exercise based on that then how to pass
00:00:19.070000,00:00:19.080000,exercise based on that then how to pass
00:00:19.080000,00:00:21.109000,exercise based on that then how to pass arrays to a function right and one
00:00:21.109000,00:00:21.119000,arrays to a function right and one
00:00:21.119000,00:00:23.750000,arrays to a function right and one coding exercise for that thing also
00:00:23.750000,00:00:23.760000,coding exercise for that thing also
00:00:23.760000,00:00:27.310000,coding exercise for that thing also right now we will discuss in this video
00:00:27.310000,00:00:27.320000,right now we will discuss in this video
00:00:27.320000,00:00:30.429000,right now we will discuss in this video how function call actually works
00:00:30.429000,00:00:30.439000,how function call actually works
00:00:30.439000,00:00:33.229000,how function call actually works right like we call a function in main
00:00:33.229000,00:00:33.239000,right like we call a function in main
00:00:33.239000,00:00:34.630000,right like we call a function in main function we are calling one function
00:00:34.630000,00:00:34.640000,function we are calling one function
00:00:34.640000,00:00:36.470000,function we are calling one function then I say the control will pass to
00:00:36.470000,00:00:36.480000,then I say the control will pass to
00:00:36.480000,00:00:38.310000,then I say the control will pass to another function then that function is
00:00:38.310000,00:00:38.320000,another function then that function is
00:00:38.320000,00:00:40.510000,another function then that function is doing some you know a computation or
00:00:40.510000,00:00:40.520000,doing some you know a computation or
00:00:40.520000,00:00:42.389000,doing some you know a computation or some processing and will return some
00:00:42.389000,00:00:42.399000,some processing and will return some
00:00:42.399000,00:00:46.150000,some processing and will return some result right so how actually this thing
00:00:46.150000,00:00:46.160000,result right so how actually this thing
00:00:46.160000,00:00:48.990000,result right so how actually this thing is working how function call is actually
00:00:48.990000,00:00:49,is working how function call is actually
00:00:49,00:00:51.990000,is working how function call is actually works what is happening behind the scene
00:00:51.990000,00:00:52,works what is happening behind the scene
00:00:52,00:00:54.630000,works what is happening behind the scene right so you don't need to go in that
00:00:54.630000,00:00:54.640000,right so you don't need to go in that
00:00:54.640000,00:00:57.310000,right so you don't need to go in that much deep like because obviously there
00:00:57.310000,00:00:57.320000,much deep like because obviously there
00:00:57.320000,00:01:00.229000,much deep like because obviously there are these things are working on lay of
00:01:00.229000,00:01:00.239000,are these things are working on lay of
00:01:00.239000,00:01:02.910000,are these things are working on lay of instructions so we don't need to uh go
00:01:02.910000,00:01:02.920000,instructions so we don't need to uh go
00:01:02.920000,00:01:06.510000,instructions so we don't need to uh go in deep right but yeah you need to you
00:01:06.510000,00:01:06.520000,in deep right but yeah you need to you
00:01:06.520000,00:01:08.429000,in deep right but yeah you need to you know to Su what you need to understand
00:01:08.429000,00:01:08.439000,know to Su what you need to understand
00:01:08.439000,00:01:10.109000,know to Su what you need to understand how behind the scene what is happening
00:01:10.109000,00:01:10.119000,how behind the scene what is happening
00:01:10.119000,00:01:13.590000,how behind the scene what is happening how this function call is working right
00:01:13.590000,00:01:13.600000,how this function call is working right
00:01:13.600000,00:01:16.350000,how this function call is working right so we'll see that thing in this video
00:01:16.350000,00:01:16.360000,so we'll see that thing in this video
00:01:16.360000,00:01:18.710000,so we'll see that thing in this video now first before uh discussing this
00:01:18.710000,00:01:18.720000,now first before uh discussing this
00:01:18.720000,00:01:20.830000,now first before uh discussing this thing the actual working let me show you
00:01:20.830000,00:01:20.840000,thing the actual working let me show you
00:01:20.840000,00:01:23.950000,thing the actual working let me show you if you have a program then how actually
00:01:23.950000,00:01:23.960000,if you have a program then how actually
00:01:23.960000,00:01:25.109000,if you have a program then how actually the memory is laid off for your
00:01:25.109000,00:01:25.119000,the memory is laid off for your
00:01:25.119000,00:01:28.710000,the memory is laid off for your programing that computer memory right so
00:01:28.710000,00:01:28.720000,programing that computer memory right so
00:01:28.720000,00:01:33.990000,programing that computer memory right so the memory is divided into into segments
00:01:38.069000,00:01:38.079000,actually something like this so we have
00:01:38.079000,00:01:40.590000,actually something like this so we have one segment this is our code area where
00:01:40.590000,00:01:40.600000,one segment this is our code area where
00:01:40.600000,00:01:43.870000,one segment this is our code area where her actual code the program is there
00:01:43.870000,00:01:43.880000,her actual code the program is there
00:01:43.880000,00:01:46.910000,her actual code the program is there then this one is for those static or if
00:01:46.910000,00:01:46.920000,then this one is for those static or if
00:01:46.920000,00:01:49.709000,then this one is for those static or if you have some Global variables then for
00:01:49.709000,00:01:49.719000,you have some Global variables then for
00:01:49.719000,00:01:51.910000,you have some Global variables then for those memory would be allocated and then
00:01:51.910000,00:01:51.920000,those memory would be allocated and then
00:01:51.920000,00:01:57.029000,those memory would be allocated and then one we have this area for stack like
00:01:57.029000,00:01:57.039000,one we have this area for stack like
00:01:57.039000,00:02:01.029000,one we have this area for stack like stack memory and this is
00:02:01.029000,00:02:01.039000,stack memory and this is
00:02:01.039000,00:02:03.310000,stack memory and this is Heap right so this is kind of free
00:02:03.310000,00:02:03.320000,Heap right so this is kind of free
00:02:03.320000,00:02:05.069000,Heap right so this is kind of free storage and Heap this we will not
00:02:05.069000,00:02:05.079000,storage and Heap this we will not
00:02:05.079000,00:02:06.190000,storage and Heap this we will not discuss in this video because this we
00:02:06.190000,00:02:06.200000,discuss in this video because this we
00:02:06.200000,00:02:08.869000,discuss in this video because this we will use when we discussing like Dynamic
00:02:08.869000,00:02:08.879000,will use when we discussing like Dynamic
00:02:08.879000,00:02:11.830000,will use when we discussing like Dynamic uh memory allocation and all so this
00:02:11.830000,00:02:11.840000,uh memory allocation and all so this
00:02:11.840000,00:02:14.270000,uh memory allocation and all so this thing when you are calling functions
00:02:14.270000,00:02:14.280000,thing when you are calling functions
00:02:14.280000,00:02:17.030000,thing when you are calling functions then this memory the stack memory is to
00:02:17.030000,00:02:17.040000,then this memory the stack memory is to
00:02:17.040000,00:02:20.030000,then this memory the stack memory is to be used so for about this area we'll be
00:02:20.030000,00:02:20.040000,be used so for about this area we'll be
00:02:20.040000,00:02:21.670000,be used so for about this area we'll be discussing in this
00:02:21.670000,00:02:21.680000,discussing in this
00:02:21.680000,00:02:24.030000,discussing in this video right
00:02:24.030000,00:02:24.040000,video right
00:02:24.040000,00:02:26.589000,video right now functions basically use that
00:02:26.589000,00:02:26.599000,now functions basically use that
00:02:26.599000,00:02:28.270000,now functions basically use that function called
00:02:28.270000,00:02:28.280000,function called
00:02:28.280000,00:02:31.869000,function called St it's like the normal stack which
00:02:31.869000,00:02:31.879000,St it's like the normal stack which
00:02:31.879000,00:02:35.750000,St it's like the normal stack which works on that Leo principle last and
00:02:35.750000,00:02:35.760000,works on that Leo principle last and
00:02:35.760000,00:02:38.470000,works on that Leo principle last and first out it's like you can see a stack
00:02:38.470000,00:02:38.480000,first out it's like you can see a stack
00:02:38.480000,00:02:41.869000,first out it's like you can see a stack of uh your in your wardrobe you put your
00:02:41.869000,00:02:41.879000,of uh your in your wardrobe you put your
00:02:41.879000,00:02:44.949000,of uh your in your wardrobe you put your clothes stack of clothes right so last
00:02:44.949000,00:02:44.959000,clothes stack of clothes right so last
00:02:44.959000,00:02:47.750000,clothes stack of clothes right so last in first out principle so the same
00:02:47.750000,00:02:47.760000,in first out principle so the same
00:02:47.760000,00:02:49.750000,in first out principle so the same function goal stack also works in this
00:02:49.750000,00:02:49.760000,function goal stack also works in this
00:02:49.760000,00:02:54.630000,function goal stack also works in this principle last and first down right now
00:02:54.630000,00:02:54.640000,principle last and first down right now
00:02:54.640000,00:02:57.630000,principle last and first down right now see whenever a new function is to be
00:02:57.630000,00:02:57.640000,see whenever a new function is to be
00:02:57.640000,00:03:00.949000,see whenever a new function is to be called then an activate ation record is
00:03:00.949000,00:03:00.959000,called then an activate ation record is
00:03:00.959000,00:03:05.509000,called then an activate ation record is to be pushed or created in that step now
00:03:05.509000,00:03:05.519000,to be pushed or created in that step now
00:03:05.519000,00:03:07.309000,to be pushed or created in that step now what is that activation
00:03:07.309000,00:03:07.319000,what is that activation
00:03:07.319000,00:03:09.869000,what is that activation record that activation record contains
00:03:09.869000,00:03:09.879000,record that activation record contains
00:03:09.879000,00:03:11.630000,record that activation record contains some information about that function
00:03:11.630000,00:03:11.640000,some information about that function
00:03:11.640000,00:03:13.910000,some information about that function like about the parameter of the function
00:03:13.910000,00:03:13.920000,like about the parameter of the function
00:03:13.920000,00:03:15.670000,like about the parameter of the function or you can say store the parameter of
00:03:15.670000,00:03:15.680000,or you can say store the parameter of
00:03:15.680000,00:03:18.070000,or you can say store the parameter of the functions or it has space for those
00:03:18.070000,00:03:18.080000,the functions or it has space for those
00:03:18.080000,00:03:20.309000,the functions or it has space for those local variables of the functions some
00:03:20.309000,00:03:20.319000,local variables of the functions some
00:03:20.319000,00:03:22.070000,local variables of the functions some temporary variables also there in that
00:03:22.070000,00:03:22.080000,temporary variables also there in that
00:03:22.080000,00:03:24.229000,temporary variables also there in that function and as well as the return
00:03:24.229000,00:03:24.239000,function and as well as the return
00:03:24.239000,00:03:26.030000,function and as well as the return address it also stores that activation
00:03:26.030000,00:03:26.040000,address it also stores that activation
00:03:26.040000,00:03:27.509000,address it also stores that activation record of that function stores the
00:03:27.509000,00:03:27.519000,record of that function stores the
00:03:27.519000,00:03:28.869000,record of that function stores the return address because obviously we need
00:03:28.869000,00:03:28.879000,return address because obviously we need
00:03:28.879000,00:03:30.910000,return address because obviously we need to know that fun need to know where to
00:03:30.910000,00:03:30.920000,to know that fun need to know where to
00:03:30.920000,00:03:33.470000,to know that fun need to know where to return after processing Where to return
00:03:33.470000,00:03:33.480000,return after processing Where to return
00:03:33.480000,00:03:35.910000,return after processing Where to return so that address would also be stored and
00:03:35.910000,00:03:35.920000,so that address would also be stored and
00:03:35.920000,00:03:37.509000,so that address would also be stored and some other information also some
00:03:37.509000,00:03:37.519000,some other information also some
00:03:37.519000,00:03:39.830000,some other information also some registers information and all so in that
00:03:39.830000,00:03:39.840000,registers information and all so in that
00:03:39.840000,00:03:43.149000,registers information and all so in that much deep we will not go here so this is
00:03:43.149000,00:03:43.159000,much deep we will not go here so this is
00:03:43.159000,00:03:45.470000,much deep we will not go here so this is basically the
00:03:45.470000,00:03:45.480000,basically the
00:03:45.480000,00:03:48.750000,basically the memory right for our program how the
00:03:48.750000,00:03:48.760000,memory right for our program how the
00:03:48.760000,00:03:51.350000,memory right for our program how the memory is laid off for a program okay
00:03:51.350000,00:03:51.360000,memory is laid off for a program okay
00:03:51.360000,00:03:52.750000,memory is laid off for a program okay but see one thing you need to remember
00:03:52.750000,00:03:52.760000,but see one thing you need to remember
00:03:52.760000,00:03:56.030000,but see one thing you need to remember this stack sizes it's not infinite it's
00:03:56.030000,00:03:56.040000,this stack sizes it's not infinite it's
00:03:56.040000,00:03:59.910000,this stack sizes it's not infinite it's finite right so if there are many more
00:03:59.910000,00:03:59.920000,finite right so if there are many more
00:03:59.920000,00:04:01.350000,finite right so if there are many more activation functions or many more
00:04:01.350000,00:04:01.360000,activation functions or many more
00:04:01.360000,00:04:03.069000,activation functions or many more activation records more activation
00:04:03.069000,00:04:03.079000,activation records more activation
00:04:03.079000,00:04:05.350000,activation records more activation records then there would be a error you
00:04:05.350000,00:04:05.360000,records then there would be a error you
00:04:05.360000,00:04:08.789000,records then there would be a error you can get that um stack Overflow error
00:04:08.789000,00:04:08.799000,can get that um stack Overflow error
00:04:08.799000,00:04:11.069000,can get that um stack Overflow error right and whenever a new activation
00:04:11.069000,00:04:11.079000,right and whenever a new activation
00:04:11.079000,00:04:13.110000,right and whenever a new activation record is created means whenever a new
00:04:13.110000,00:04:13.120000,record is created means whenever a new
00:04:13.120000,00:04:15.110000,record is created means whenever a new function is called so obviously
00:04:15.110000,00:04:15.120000,function is called so obviously
00:04:15.120000,00:04:17.509000,function is called so obviously activation record is created and pushed
00:04:17.509000,00:04:17.519000,activation record is created and pushed
00:04:17.519000,00:04:19.670000,activation record is created and pushed into the
00:04:19.670000,00:04:19.680000,into the
00:04:19.680000,00:04:24.350000,into the stack right so and whenever the function
00:04:24.350000,00:04:24.360000,stack right so and whenever the function
00:04:24.360000,00:04:26.990000,stack right so and whenever the function terminates then the activation
00:04:26.990000,00:04:27,terminates then the activation
00:04:27,00:04:28.550000,terminates then the activation activation record for that function
00:04:28.550000,00:04:28.560000,activation record for that function
00:04:28.560000,00:04:30.950000,activation record for that function would be popped out out from the stack
00:04:30.950000,00:04:30.960000,would be popped out out from the stack
00:04:30.960000,00:04:32.990000,would be popped out out from the stack and the control will return to the
00:04:32.990000,00:04:33,and the control will return to the
00:04:33,00:04:35.150000,and the control will return to the calling function now let's see this
00:04:35.150000,00:04:35.160000,calling function now let's see this
00:04:35.160000,00:04:36.110000,calling function now let's see this thing with
00:04:36.110000,00:04:36.120000,thing with
00:04:36.120000,00:04:38.430000,thing with example okay so let's see this example
00:04:38.430000,00:04:38.440000,example okay so let's see this example
00:04:38.440000,00:04:40.590000,example okay so let's see this example suppose we have this program and you
00:04:40.590000,00:04:40.600000,suppose we have this program and you
00:04:40.600000,00:04:42.469000,suppose we have this program and you have to find out you just dry on this
00:04:42.469000,00:04:42.479000,have to find out you just dry on this
00:04:42.479000,00:04:43.870000,have to find out you just dry on this we'll dry on this and we'll see what
00:04:43.870000,00:04:43.880000,we'll dry on this and we'll see what
00:04:43.880000,00:04:46.990000,we'll dry on this and we'll see what output you will get right okay now at
00:04:46.990000,00:04:47,output you will get right okay now at
00:04:47,00:04:49.310000,output you will get right okay now at first obviously we know the control will
00:04:49.310000,00:04:49.320000,first obviously we know the control will
00:04:49.320000,00:04:53.029000,first obviously we know the control will go to here main function main is a
00:04:53.029000,00:04:53.039000,go to here main function main is a
00:04:53.039000,00:04:55.469000,go to here main function main is a function right so an activation report
00:04:55.469000,00:04:55.479000,function right so an activation report
00:04:55.479000,00:04:57.710000,function right so an activation report would be one entry would be created for
00:04:57.710000,00:04:57.720000,would be one entry would be created for
00:04:57.720000,00:05:00.189000,would be one entry would be created for Main and pushed into
00:05:00.189000,00:05:00.199000,Main and pushed into
00:05:00.199000,00:05:03.710000,Main and pushed into that function called Step so we have
00:05:03.710000,00:05:03.720000,that function called Step so we have
00:05:03.720000,00:05:06.590000,that function called Step so we have something like this let's
00:05:06.590000,00:05:06.600000,something like this let's
00:05:06.600000,00:05:08.110000,something like this let's take
00:05:08.110000,00:05:08.120000,take
00:05:08.120000,00:05:11.390000,take this so this is for
00:05:11.390000,00:05:11.400000,this so this is for
00:05:11.400000,00:05:15.029000,this so this is for me right and what in this activation
00:05:15.029000,00:05:15.039000,me right and what in this activation
00:05:15.039000,00:05:17.350000,me right and what in this activation record this activation record is
00:05:17.350000,00:05:17.360000,record this activation record is
00:05:17.360000,00:05:20.309000,record this activation record is also so we'll store here what
00:05:20.309000,00:05:20.319000,also so we'll store here what
00:05:20.319000,00:05:22.189000,also so we'll store here what information local variable of the
00:05:22.189000,00:05:22.199000,information local variable of the
00:05:22.199000,00:05:24.270000,information local variable of the function parameters return address of
00:05:24.270000,00:05:24.280000,function parameters return address of
00:05:24.280000,00:05:26.350000,function parameters return address of the function and some other information
00:05:26.350000,00:05:26.360000,the function and some other information
00:05:26.360000,00:05:28.870000,the function and some other information also I'm value and all but here we will
00:05:28.870000,00:05:28.880000,also I'm value and all but here we will
00:05:28.880000,00:05:32.189000,also I'm value and all but here we will store only local variables and that's it
00:05:32.189000,00:05:32.199000,store only local variables and that's it
00:05:32.199000,00:05:34.309000,store only local variables and that's it right our parameters so here we have num
00:05:34.309000,00:05:34.319000,right our parameters so here we have num
00:05:34.319000,00:05:38.350000,right our parameters so here we have num one and num two so here we have memory
00:05:38.350000,00:05:38.360000,one and num two so here we have memory
00:05:38.360000,00:05:41.029000,one and num two so here we have memory would be allocated to num one and num
00:05:41.029000,00:05:41.039000,would be allocated to num one and num
00:05:41.039000,00:05:44.390000,would be allocated to num one and num two num one is three and this is seven
00:05:44.390000,00:05:44.400000,two num one is three and this is seven
00:05:44.400000,00:05:46.629000,two num one is three and this is seven and one is
00:05:46.629000,00:05:46.639000,and one is
00:05:46.639000,00:05:50.830000,and one is result one variable and that is
00:05:50.830000,00:05:50.840000,result one variable and that is
00:05:50.840000,00:05:52.510000,result one variable and that is zero
00:05:52.510000,00:05:52.520000,zero
00:05:52.520000,00:05:55.710000,zero right now on the next line in the next
00:05:55.710000,00:05:55.720000,right now on the next line in the next
00:05:55.720000,00:05:57.350000,right now on the next line in the next instruction we have result is equal to
00:05:57.350000,00:05:57.360000,instruction we have result is equal to
00:05:57.360000,00:05:59.230000,instruction we have result is equal to addition num one and num two so here we
00:05:59.230000,00:05:59.240000,addition num one and num two so here we
00:05:59.240000,00:06:00.189000,addition num one and num two so here we are
00:06:00.189000,00:06:00.199000,are
00:06:00.199000,00:06:03.510000,are calling this function
00:06:03.510000,00:06:03.520000,calling this function
00:06:03.520000,00:06:06.990000,calling this function see addition num one and num two so this
00:06:06.990000,00:06:07,see addition num one and num two so this
00:06:07,00:06:10.870000,see addition num one and num two so this is function call now whenever the
00:06:10.870000,00:06:10.880000,is function call now whenever the
00:06:10.880000,00:06:12.749000,is function call now whenever the control will go to here addition and
00:06:12.749000,00:06:12.759000,control will go to here addition and
00:06:12.759000,00:06:15.110000,control will go to here addition and after processing the control will go
00:06:15.110000,00:06:15.120000,after processing the control will go
00:06:15.120000,00:06:18.309000,after processing the control will go back return back to this only right so
00:06:18.309000,00:06:18.319000,back return back to this only right so
00:06:18.319000,00:06:19.390000,back return back to this only right so the return
00:06:19.390000,00:06:19.400000,the return
00:06:19.400000,00:06:21.909000,the return address that would also be stored like
00:06:21.909000,00:06:21.919000,address that would also be stored like
00:06:21.919000,00:06:24.790000,address that would also be stored like where that function would be returned so
00:06:24.790000,00:06:24.800000,where that function would be returned so
00:06:24.800000,00:06:26.390000,where that function would be returned so that returned address would also be
00:06:26.390000,00:06:26.400000,that returned address would also be
00:06:26.400000,00:06:28.390000,that returned address would also be stored right but that we are not going
00:06:28.390000,00:06:28.400000,stored right but that we are not going
00:06:28.400000,00:06:30.909000,stored right but that we are not going to store but yeah behind the scene it is
00:06:30.909000,00:06:30.919000,to store but yeah behind the scene it is
00:06:30.919000,00:06:33.070000,to store but yeah behind the scene it is happening the return address is also
00:06:33.070000,00:06:33.080000,happening the return address is also
00:06:33.080000,00:06:35.990000,happening the return address is also stored here in the stack right for this
00:06:35.990000,00:06:36,stored here in the stack right for this
00:06:36,00:06:37.189000,stored here in the stack right for this activation
00:06:37.189000,00:06:37.199000,activation
00:06:37.199000,00:06:41.309000,activation frame now if addition means next the
00:06:41.309000,00:06:41.319000,frame now if addition means next the
00:06:41.319000,00:06:44.230000,frame now if addition means next the control will call this function right
00:06:44.230000,00:06:44.240000,control will call this function right
00:06:44.240000,00:06:47.110000,control will call this function right means what is happening one more stack
00:06:47.110000,00:06:47.120000,means what is happening one more stack
00:06:47.120000,00:06:51.670000,means what is happening one more stack frame now this is the active stack
00:06:51.670000,00:06:51.680000,frame now this is the active stack
00:06:51.680000,00:06:54.909000,frame now this is the active stack frame this is for addition right so now
00:06:54.909000,00:06:54.919000,frame this is for addition right so now
00:06:54.919000,00:06:56.629000,frame this is for addition right so now this is the active stack frame we have
00:06:56.629000,00:06:56.639000,this is the active stack frame we have
00:06:56.639000,00:07:00.629000,this is the active stack frame we have int a int B the parameters so A and B
00:07:00.629000,00:07:00.639000,int a int B the parameters so A and B
00:07:00.639000,00:07:03.629000,int a int B the parameters so A and B right value to be passed num one is here
00:07:03.629000,00:07:03.639000,right value to be passed num one is here
00:07:03.639000,00:07:06.869000,right value to be passed num one is here three here we have seven so in a now we
00:07:06.869000,00:07:06.879000,three here we have seven so in a now we
00:07:06.879000,00:07:10.350000,three here we have seven so in a now we have three in B now we have seven right
00:07:10.350000,00:07:10.360000,have three in B now we have seven right
00:07:10.360000,00:07:12.710000,have three in B now we have seven right sum is equal to 0 one more local
00:07:12.710000,00:07:12.720000,sum is equal to 0 one more local
00:07:12.720000,00:07:15.469000,sum is equal to 0 one more local variable we have that is sum that is Zer
00:07:15.469000,00:07:15.479000,variable we have that is sum that is Zer
00:07:15.479000,00:07:18.350000,variable we have that is sum that is Zer here now sum is equal to a plus b means
00:07:18.350000,00:07:18.360000,here now sum is equal to a plus b means
00:07:18.360000,00:07:20.309000,here now sum is equal to a plus b means sum becomes
00:07:20.309000,00:07:20.319000,sum becomes
00:07:20.319000,00:07:24.550000,sum becomes 10 right okay fine in the next
00:07:24.550000,00:07:24.560000,10 right okay fine in the next
00:07:24.560000,00:07:26.749000,10 right okay fine in the next instruction we have subtra substraction
00:07:26.749000,00:07:26.759000,instruction we have subtra substraction
00:07:26.759000,00:07:30.350000,instruction we have subtra substraction sum a so again we are calling one more
00:07:30.350000,00:07:30.360000,sum a so again we are calling one more
00:07:30.360000,00:07:33.110000,sum a so again we are calling one more function that is substraction now where
00:07:33.110000,00:07:33.120000,function that is substraction now where
00:07:33.120000,00:07:35.230000,function that is substraction now where is that function this is that function
00:07:35.230000,00:07:35.240000,is that function this is that function
00:07:35.240000,00:07:38.830000,is that function this is that function substraction right so now one more stack
00:07:38.830000,00:07:38.840000,substraction right so now one more stack
00:07:38.840000,00:07:40.749000,substraction right so now one more stack frame would be post or the activation
00:07:40.749000,00:07:40.759000,frame would be post or the activation
00:07:40.759000,00:07:43.029000,frame would be post or the activation record for substraction function now the
00:07:43.029000,00:07:43.039000,record for substraction function now the
00:07:43.039000,00:07:45.070000,record for substraction function now the active frame is this
00:07:45.070000,00:07:45.080000,active frame is this
00:07:45.080000,00:07:49.230000,active frame is this one right okay now here we have see here
00:07:49.230000,00:07:49.240000,one right okay now here we have see here
00:07:49.240000,00:07:54.270000,one right okay now here we have see here we have reference variable m per X so
00:07:54.270000,00:07:54.280000,we have reference variable m per X so
00:07:54.280000,00:07:56.909000,we have reference variable m per X so this sum we are passing with pass by
00:07:56.909000,00:07:56.919000,this sum we are passing with pass by
00:07:56.919000,00:07:58.990000,this sum we are passing with pass by reference and this A and B we are
00:07:58.990000,00:07:59,reference and this A and B we are
00:07:59,00:08:00.710000,reference and this A and B we are passing call by
00:08:00.710000,00:08:00.720000,passing call by
00:08:00.720000,00:08:03.550000,passing call by value right so in pass by reference this
00:08:03.550000,00:08:03.560000,value right so in pass by reference this
00:08:03.560000,00:08:06.909000,value right so in pass by reference this x is just an alas or alternative name of
00:08:06.909000,00:08:06.919000,x is just an alas or alternative name of
00:08:06.919000,00:08:09.309000,x is just an alas or alternative name of the sum means actually you're passing
00:08:09.309000,00:08:09.319000,the sum means actually you're passing
00:08:09.319000,00:08:12.710000,the sum means actually you're passing the address that is it right so we not
00:08:12.710000,00:08:12.720000,the address that is it right so we not
00:08:12.720000,00:08:14.950000,the address that is it right so we not passing the actual value of sum that is
00:08:14.950000,00:08:14.960000,passing the actual value of sum that is
00:08:14.960000,00:08:22.950000,passing the actual value of sum that is 10 no so here we have X Y and
00:08:22.950000,00:08:22.960000,10 no so here we have X Y and
00:08:22.960000,00:08:27.110000,10 no so here we have X Y and Z so this x whatever the sum we are
00:08:27.110000,00:08:27.120000,Z so this x whatever the sum we are
00:08:27.120000,00:08:30.230000,Z so this x whatever the sum we are passing that would be going to to this x
00:08:30.230000,00:08:30.240000,passing that would be going to to this x
00:08:30.240000,00:08:34.670000,passing that would be going to to this x then a to this Y and this B to this
00:08:34.670000,00:08:34.680000,then a to this Y and this B to this
00:08:34.680000,00:08:39.709000,then a to this Y and this B to this Zed fine so in x x we don't have any
00:08:39.709000,00:08:39.719000,Zed fine so in x x we don't have any
00:08:39.719000,00:08:40.909000,Zed fine so in x x we don't have any value X is
00:08:40.909000,00:08:40.919000,value X is
00:08:40.919000,00:08:42.389000,value X is [Applause]
00:08:42.389000,00:08:42.399000,[Applause]
00:08:42.399000,00:08:45.110000,[Applause] simply the another name for the sum we
00:08:45.110000,00:08:45.120000,simply the another name for the sum we
00:08:45.120000,00:08:46.870000,simply the another name for the sum we passing like basically the address it's
00:08:46.870000,00:08:46.880000,passing like basically the address it's
00:08:46.880000,00:08:48.910000,passing like basically the address it's passed by reference so it is just
00:08:48.910000,00:08:48.920000,passed by reference so it is just
00:08:48.920000,00:08:53.350000,passed by reference so it is just pointing to this sum that's it right now
00:08:53.350000,00:08:53.360000,pointing to this sum that's it right now
00:08:53.360000,00:08:58.230000,pointing to this sum that's it right now in y we have three and in Zed we have
00:08:58.230000,00:08:58.240000,in y we have three and in Zed we have
00:08:58.240000,00:09:01.670000,in y we have three and in Zed we have 7 here here one instruction we have x =
00:09:01.670000,00:09:01.680000,7 here here one instruction we have x =
00:09:01.680000,00:09:04.110000,7 here here one instruction we have x = X - y -
00:09:04.110000,00:09:04.120000,X - y -
00:09:04.120000,00:09:10.310000,X - y - Z right so x = X - y now X is this 10 10
00:09:10.310000,00:09:10.320000,Z right so x = X - y now X is this 10 10
00:09:10.320000,00:09:14.870000,Z right so x = X - y now X is this 10 10 - y 3 - 7 that is sum becomes zero now
00:09:14.870000,00:09:14.880000,- y 3 - 7 that is sum becomes zero now
00:09:14.880000,00:09:18.590000,- y 3 - 7 that is sum becomes zero now here sum becomes
00:09:18.590000,00:09:18.600000,here sum becomes
00:09:18.600000,00:09:22.110000,here sum becomes zero in this addition here sum becomes
00:09:22.110000,00:09:22.120000,zero in this addition here sum becomes
00:09:22.120000,00:09:23.910000,zero in this addition here sum becomes now zero because we are passing this
00:09:23.910000,00:09:23.920000,now zero because we are passing this
00:09:23.920000,00:09:27.190000,now zero because we are passing this value passed by reference so now it
00:09:27.190000,00:09:27.200000,value passed by reference so now it
00:09:27.200000,00:09:31.069000,value passed by reference so now it means we can alter the ual value we not
00:09:31.069000,00:09:31.079000,means we can alter the ual value we not
00:09:31.079000,00:09:33.990000,means we can alter the ual value we not passing the copy okay now there's no
00:09:33.990000,00:09:34,passing the copy okay now there's no
00:09:34,00:09:36.069000,passing the copy okay now there's no return but as soon as the control will
00:09:36.069000,00:09:36.079000,return but as soon as the control will
00:09:36.079000,00:09:39.190000,return but as soon as the control will see this curly Braes closing braces
00:09:39.190000,00:09:39.200000,see this curly Braes closing braces
00:09:39.200000,00:09:42.269000,see this curly Braes closing braces means return so where it will return
00:09:42.269000,00:09:42.279000,means return so where it will return
00:09:42.279000,00:09:44.030000,means return so where it will return yeah because the return address is also
00:09:44.030000,00:09:44.040000,yeah because the return address is also
00:09:44.040000,00:09:46.470000,yeah because the return address is also stored in this activation record so this
00:09:46.470000,00:09:46.480000,stored in this activation record so this
00:09:46.480000,00:09:48.910000,stored in this activation record so this function knows where to return so it
00:09:48.910000,00:09:48.920000,function knows where to return so it
00:09:48.920000,00:09:54.389000,function knows where to return so it will return back to this here
00:09:54.389000,00:09:54.399000,will return back to this here
00:09:54.399000,00:09:57.430000,will return back to this here here where we are calling this from
00:09:57.430000,00:09:57.440000,here where we are calling this from
00:09:57.440000,00:09:58.829000,here where we are calling this from addition function we are calling
00:09:58.829000,00:09:58.839000,addition function we are calling
00:09:58.839000,00:10:00.750000,addition function we are calling addition is calling function so it will
00:10:00.750000,00:10:00.760000,addition is calling function so it will
00:10:00.760000,00:10:04.230000,addition is calling function so it will return here right and this this Frame
00:10:04.230000,00:10:04.240000,return here right and this this Frame
00:10:04.240000,00:10:06.990000,return here right and this this Frame would be now removed and the memory
00:10:06.990000,00:10:07,would be now removed and the memory
00:10:07,00:10:08.310000,would be now removed and the memory would be
00:10:08.310000,00:10:08.320000,would be
00:10:08.320000,00:10:10.870000,would be freed so all these local variables are
00:10:10.870000,00:10:10.880000,freed so all these local variables are
00:10:10.880000,00:10:13.389000,freed so all these local variables are gone now activation record is now this
00:10:13.389000,00:10:13.399000,gone now activation record is now this
00:10:13.399000,00:10:15.470000,gone now activation record is now this one is gone now activation record is
00:10:15.470000,00:10:15.480000,one is gone now activation record is
00:10:15.480000,00:10:18.389000,one is gone now activation record is this addition for this function addition
00:10:18.389000,00:10:18.399000,this addition for this function addition
00:10:18.399000,00:10:21.509000,this addition for this function addition right now here we are here in this in
00:10:21.509000,00:10:21.519000,right now here we are here in this in
00:10:21.519000,00:10:25.069000,right now here we are here in this in this line so the next instruction is
00:10:25.069000,00:10:25.079000,this line so the next instruction is
00:10:25.079000,00:10:27.550000,this line so the next instruction is this see obviously the return address is
00:10:27.550000,00:10:27.560000,this see obviously the return address is
00:10:27.560000,00:10:29.630000,this see obviously the return address is stored so we know using the program
00:10:29.630000,00:10:29.640000,stored so we know using the program
00:10:29.640000,00:10:32.430000,stored so we know using the program counter which next next instruction is
00:10:32.430000,00:10:32.440000,counter which next next instruction is
00:10:32.440000,00:10:34.190000,counter which next next instruction is to be executed all these information is
00:10:34.190000,00:10:34.200000,to be executed all these information is
00:10:34.200000,00:10:36.910000,to be executed all these information is to be stored right everything sub
00:10:36.910000,00:10:36.920000,to be stored right everything sub
00:10:36.920000,00:10:40.509000,to be stored right everything sub register values values uh stack pointer
00:10:40.509000,00:10:40.519000,register values values uh stack pointer
00:10:40.519000,00:10:43.190000,register values values uh stack pointer return address program counter and all
00:10:43.190000,00:10:43.200000,return address program counter and all
00:10:43.200000,00:10:45.110000,return address program counter and all stack pointer and Base address all these
00:10:45.110000,00:10:45.120000,stack pointer and Base address all these
00:10:45.120000,00:10:46.829000,stack pointer and Base address all these values is to be stored right behind the
00:10:46.829000,00:10:46.839000,values is to be stored right behind the
00:10:46.839000,00:10:50.269000,values is to be stored right behind the scene right now next instruction is
00:10:50.269000,00:10:50.279000,scene right now next instruction is
00:10:50.279000,00:10:52.509000,scene right now next instruction is return sum basically we are returning
00:10:52.509000,00:10:52.519000,return sum basically we are returning
00:10:52.519000,00:10:54.949000,return sum basically we are returning some Where to return where we are
00:10:54.949000,00:10:54.959000,some Where to return where we are
00:10:54.959000,00:10:57.470000,some Where to return where we are calling this sum the addition function
00:10:57.470000,00:10:57.480000,calling this sum the addition function
00:10:57.480000,00:11:00.710000,calling this sum the addition function here so it will return here now sum
00:11:00.710000,00:11:00.720000,here so it will return here now sum
00:11:00.720000,00:11:03.110000,here so it will return here now sum would be returned sum would be returned
00:11:03.110000,00:11:03.120000,would be returned sum would be returned
00:11:03.120000,00:11:05.310000,would be returned sum would be returned here and in result that sum would be
00:11:05.310000,00:11:05.320000,here and in result that sum would be
00:11:05.320000,00:11:07.710000,here and in result that sum would be stored so result becomes now zero
00:11:07.710000,00:11:07.720000,stored so result becomes now zero
00:11:07.720000,00:11:09.269000,stored so result becomes now zero because sum is
00:11:09.269000,00:11:09.279000,because sum is
00:11:09.279000,00:11:12.910000,because sum is zero right and after
00:11:12.910000,00:11:12.920000,zero right and after
00:11:12.920000,00:11:16.470000,zero right and after returning this uh stack is also gone
00:11:16.470000,00:11:16.480000,returning this uh stack is also gone
00:11:16.480000,00:11:18.790000,returning this uh stack is also gone this stack frame is also gone right so
00:11:18.790000,00:11:18.800000,this stack frame is also gone right so
00:11:18.800000,00:11:21.870000,this stack frame is also gone right so now the activation frame is main main
00:11:21.870000,00:11:21.880000,now the activation frame is main main
00:11:21.880000,00:11:24.389000,now the activation frame is main main function now in main after this we have
00:11:24.389000,00:11:24.399000,function now in main after this we have
00:11:24.399000,00:11:26.710000,function now in main after this we have see out result so result will be printed
00:11:26.710000,00:11:26.720000,see out result so result will be printed
00:11:26.720000,00:11:28.790000,see out result so result will be printed that is zero and return zero return zero
00:11:28.790000,00:11:28.800000,that is zero and return zero return zero
00:11:28.800000,00:11:30.430000,that is zero and return zero return zero means
00:11:30.430000,00:11:30.440000,means
00:11:30.440000,00:11:33.430000,means successfully out of out from this uh
00:11:33.430000,00:11:33.440000,successfully out of out from this uh
00:11:33.440000,00:11:37.389000,successfully out of out from this uh program right so now this is also F now
00:11:37.389000,00:11:37.399000,program right so now this is also F now
00:11:37.399000,00:11:40.910000,program right so now this is also F now all the summary like free right me also
00:11:40.910000,00:11:40.920000,all the summary like free right me also
00:11:40.920000,00:11:42.910000,all the summary like free right me also poed out so one by one the activation
00:11:42.910000,00:11:42.920000,poed out so one by one the activation
00:11:42.920000,00:11:46.629000,poed out so one by one the activation record would be popped out whenever you
00:11:46.629000,00:11:46.639000,record would be popped out whenever you
00:11:46.639000,00:11:49.829000,record would be popped out whenever you on I hope you got the internal working I
00:11:49.829000,00:11:49.839000,on I hope you got the internal working I
00:11:49.839000,00:11:52.509000,on I hope you got the internal working I mean how the function f is actually
00:11:52.509000,00:11:52.519000,mean how the function f is actually
00:11:52.519000,00:11:55.069000,mean how the function f is actually working right that's it for this video
00:11:55.069000,00:11:55.079000,working right that's it for this video
00:11:55.079000,00:11:57.190000,working right that's it for this video in the next video we'll see uh scope of
00:11:57.190000,00:11:57.200000,in the next video we'll see uh scope of
00:11:57.200000,00:11:59.790000,in the next video we'll see uh scope of variable right this you need to
00:11:59.790000,00:11:59.800000,variable right this you need to
00:11:59.800000,00:12:02.269000,variable right this you need to understand what is the scope of
00:12:02.269000,00:12:02.279000,understand what is the scope of
00:12:02.279000,00:12:04.389000,understand what is the scope of variables right and then we'll see uh
00:12:04.389000,00:12:04.399000,variables right and then we'll see uh
00:12:04.399000,00:12:06.670000,variables right and then we'll see uh recursion in functions right so now I'll
00:12:06.670000,00:12:06.680000,recursion in functions right so now I'll
00:12:06.680000,00:12:09.959000,recursion in functions right so now I'll see in the next
