Start Time,End Time,Text
00:00:02.310000,00:00:02.320000,hey everyone I hope you are safe and
00:00:02.320000,00:00:04.070000,hey everyone I hope you are safe and doing good so in the series of learning
00:00:04.070000,00:00:04.080000,doing good so in the series of learning
00:00:04.080000,00:00:05.269000,doing good so in the series of learning C++ programming language we are
00:00:05.269000,00:00:05.279000,C++ programming language we are
00:00:05.279000,00:00:07.150000,C++ programming language we are discussing uh functions in C++ in the
00:00:07.150000,00:00:07.160000,discussing uh functions in C++ in the
00:00:07.160000,00:00:08.990000,discussing uh functions in C++ in the previous video we have seen how actually
00:00:08.990000,00:00:09,previous video we have seen how actually
00:00:09,00:00:11.350000,previous video we have seen how actually function call works that stack function
00:00:11.350000,00:00:11.360000,function call works that stack function
00:00:11.360000,00:00:13.190000,function call works that stack function call stack what is happening behind the
00:00:13.190000,00:00:13.200000,call stack what is happening behind the
00:00:13.200000,00:00:15.190000,call stack what is happening behind the scene when you are calling a function
00:00:15.190000,00:00:15.200000,scene when you are calling a function
00:00:15.200000,00:00:16.790000,scene when you are calling a function right like that creation of activation
00:00:16.790000,00:00:16.800000,right like that creation of activation
00:00:16.800000,00:00:18.670000,right like that creation of activation record dealing with parameters pushing
00:00:18.670000,00:00:18.680000,record dealing with parameters pushing
00:00:18.680000,00:00:21.269000,record dealing with parameters pushing that into the stack that uh activation
00:00:21.269000,00:00:21.279000,that into the stack that uh activation
00:00:21.279000,00:00:23.349000,that into the stack that uh activation record then pop out that activation
00:00:23.349000,00:00:23.359000,record then pop out that activation
00:00:23.359000,00:00:24.830000,record then pop out that activation record from the stack when termination
00:00:24.830000,00:00:24.840000,record from the stack when termination
00:00:24.840000,00:00:26.589000,record from the stack when termination dealing with the return address return
00:00:26.589000,00:00:26.599000,dealing with the return address return
00:00:26.599000,00:00:28.630000,dealing with the return address return value and all right and this is
00:00:28.630000,00:00:28.640000,value and all right and this is
00:00:28.640000,00:00:31.350000,value and all right and this is basically we call it fun function called
00:00:31.350000,00:00:31.360000,basically we call it fun function called
00:00:31.360000,00:00:34.190000,basically we call it fun function called overhead right if you don't remember
00:00:34.190000,00:00:34.200000,overhead right if you don't remember
00:00:34.200000,00:00:35.830000,overhead right if you don't remember that thing let me just brief you that
00:00:35.830000,00:00:35.840000,that thing let me just brief you that
00:00:35.840000,00:00:38.430000,that thing let me just brief you that thing with this example after that we'll
00:00:38.430000,00:00:38.440000,thing with this example after that we'll
00:00:38.440000,00:00:40.029000,thing with this example after that we'll be discussing inline function in this
00:00:40.029000,00:00:40.039000,be discussing inline function in this
00:00:40.039000,00:00:42.430000,be discussing inline function in this video right we have this program
00:00:42.430000,00:00:42.440000,video right we have this program
00:00:42.440000,00:00:44.029000,video right we have this program basically a small program here we are
00:00:44.029000,00:00:44.039000,basically a small program here we are
00:00:44.039000,00:00:47.790000,basically a small program here we are just adding two numbers right this is
00:00:47.790000,00:00:47.800000,just adding two numbers right this is
00:00:47.800000,00:00:49.709000,just adding two numbers right this is the function definition add two
00:00:49.709000,00:00:49.719000,the function definition add two
00:00:49.719000,00:00:51.310000,the function definition add two parameters A and B return a plus b and
00:00:51.310000,00:00:51.320000,parameters A and B return a plus b and
00:00:51.320000,00:00:52.470000,parameters A and B return a plus b and here we are calling this function add
00:00:52.470000,00:00:52.480000,here we are calling this function add
00:00:52.480000,00:00:54.229000,here we are calling this function add and we passing parameter 1 and two what
00:00:54.229000,00:00:54.239000,and we passing parameter 1 and two what
00:00:54.239000,00:00:55.990000,and we passing parameter 1 and two what what is happening behind the scene how
00:00:55.990000,00:00:56,what is happening behind the scene how
00:00:56,00:00:57.790000,what is happening behind the scene how this function call Works actually when
00:00:57.790000,00:00:57.800000,this function call Works actually when
00:00:57.800000,00:01:00.630000,this function call Works actually when we are calling this add this function
00:01:00.630000,00:01:00.640000,we are calling this add this function
00:01:00.640000,00:01:03.549000,we are calling this add this function add then the control will go here and in
00:01:03.549000,00:01:03.559000,add then the control will go here and in
00:01:03.559000,00:01:05.670000,add then the control will go here and in that memory it's like we are dealing
00:01:05.670000,00:01:05.680000,that memory it's like we are dealing
00:01:05.680000,00:01:08.070000,that memory it's like we are dealing with that stack memory only so one
00:01:08.070000,00:01:08.080000,with that stack memory only so one
00:01:08.080000,00:01:10.070000,with that stack memory only so one activation record for this first first
00:01:10.070000,00:01:10.080000,activation record for this first first
00:01:10.080000,00:01:11.789000,activation record for this first first we have main function so for this main
00:01:11.789000,00:01:11.799000,we have main function so for this main
00:01:11.799000,00:01:13.789000,we have main function so for this main we have one activation record here right
00:01:13.789000,00:01:13.799000,we have one activation record here right
00:01:13.799000,00:01:16.070000,we have one activation record here right that will be pushed in this stack so
00:01:16.070000,00:01:16.080000,that will be pushed in this stack so
00:01:16.080000,00:01:19.109000,that will be pushed in this stack so here we have in we have sum and sum is
00:01:19.109000,00:01:19.119000,here we have in we have sum and sum is
00:01:19.119000,00:01:22.030000,here we have in we have sum and sum is zero right after we are calling this add
00:01:22.030000,00:01:22.040000,zero right after we are calling this add
00:01:22.040000,00:01:23.630000,zero right after we are calling this add so we are calling this add means control
00:01:23.630000,00:01:23.640000,so we are calling this add means control
00:01:23.640000,00:01:26.069000,so we are calling this add means control will go here this is function definition
00:01:26.069000,00:01:26.079000,will go here this is function definition
00:01:26.079000,00:01:29.230000,will go here this is function definition so one activation record for this add
00:01:29.230000,00:01:29.240000,so one activation record for this add
00:01:29.240000,00:01:31.069000,so one activation record for this add would be pushed in in this stack frame
00:01:31.069000,00:01:31.079000,would be pushed in in this stack frame
00:01:31.079000,00:01:32.510000,would be pushed in in this stack frame in the stack or this is called as
00:01:32.510000,00:01:32.520000,in the stack or this is called as
00:01:32.520000,00:01:36.789000,in the stack or this is called as activation record stack frame right now
00:01:36.789000,00:01:36.799000,activation record stack frame right now
00:01:36.799000,00:01:40.630000,activation record stack frame right now here we have a and b so a would be
00:01:40.630000,00:01:40.640000,here we have a and b so a would be
00:01:40.640000,00:01:42.950000,here we have a and b so a would be passed as one and B would be passed here
00:01:42.950000,00:01:42.960000,passed as one and B would be passed here
00:01:42.960000,00:01:45.190000,passed as one and B would be passed here that would be like value is two return a
00:01:45.190000,00:01:45.200000,that would be like value is two return a
00:01:45.200000,00:01:48.510000,that would be like value is two return a plus b so 1 + 2 it will return three
00:01:48.510000,00:01:48.520000,plus b so 1 + 2 it will return three
00:01:48.520000,00:01:52.230000,plus b so 1 + 2 it will return three right where it will return here
00:01:52.230000,00:01:52.240000,right where it will return here
00:01:52.240000,00:01:55.230000,right where it will return here here and after that it will just simply
00:01:55.230000,00:01:55.240000,here and after that it will just simply
00:01:55.240000,00:01:58.389000,here and after that it will just simply print some so this is kind of overhead
00:01:58.389000,00:01:58.399000,print some so this is kind of overhead
00:01:58.399000,00:01:59.950000,print some so this is kind of overhead just creating the activation record
00:01:59.950000,00:01:59.960000,just creating the activation record
00:01:59.960000,00:02:01.510000,just creating the activation record pushing that into the stack dealing with
00:02:01.510000,00:02:01.520000,pushing that into the stack dealing with
00:02:01.520000,00:02:03.270000,pushing that into the stack dealing with those parameters like copying this
00:02:03.270000,00:02:03.280000,those parameters like copying this
00:02:03.280000,00:02:05.029000,those parameters like copying this actual parameter to formal parameter and
00:02:05.029000,00:02:05.039000,actual parameter to formal parameter and
00:02:05.039000,00:02:07.870000,actual parameter to formal parameter and all right after that obviously saving
00:02:07.870000,00:02:07.880000,all right after that obviously saving
00:02:07.880000,00:02:09.309000,all right after that obviously saving that return address where you want to
00:02:09.309000,00:02:09.319000,that return address where you want to
00:02:09.319000,00:02:11.110000,that return address where you want to return what next instructions to be
00:02:11.110000,00:02:11.120000,return what next instructions to be
00:02:11.120000,00:02:13.070000,return what next instructions to be executed that's having that instruction
00:02:13.070000,00:02:13.080000,executed that's having that instruction
00:02:13.080000,00:02:15.869000,executed that's having that instruction pointer Base address stack pointer and
00:02:15.869000,00:02:15.879000,pointer Base address stack pointer and
00:02:15.879000,00:02:19.790000,pointer Base address stack pointer and all right so this is kind of overhead so
00:02:19.790000,00:02:19.800000,all right so this is kind of overhead so
00:02:19.800000,00:02:22.229000,all right so this is kind of overhead so uh if a function is very small yeah
00:02:22.229000,00:02:22.239000,uh if a function is very small yeah
00:02:22.239000,00:02:23.949000,uh if a function is very small yeah obviously this function is very small
00:02:23.949000,00:02:23.959000,obviously this function is very small
00:02:23.959000,00:02:26.070000,obviously this function is very small just addition and I have only one line
00:02:26.070000,00:02:26.080000,just addition and I have only one line
00:02:26.080000,00:02:30.550000,just addition and I have only one line it on a plus b right so this fun
00:02:30.550000,00:02:30.560000,it on a plus b right so this fun
00:02:30.560000,00:02:31.949000,it on a plus b right so this fun or sometime we have just display
00:02:31.949000,00:02:31.959000,or sometime we have just display
00:02:31.959000,00:02:33.790000,or sometime we have just display function rather than and and add we have
00:02:33.790000,00:02:33.800000,function rather than and and add we have
00:02:33.800000,00:02:36.030000,function rather than and and add we have display and here I'm just displaying C
00:02:36.030000,00:02:36.040000,display and here I'm just displaying C
00:02:36.040000,00:02:39.990000,display and here I'm just displaying C out the value of a and b is like
00:02:39.990000,00:02:40,out the value of a and b is like
00:02:40,00:02:41.350000,out the value of a and b is like whatever value you pass here one and two
00:02:41.350000,00:02:41.360000,whatever value you pass here one and two
00:02:41.360000,00:02:43.430000,whatever value you pass here one and two rather than adding right so if a
00:02:43.430000,00:02:43.440000,rather than adding right so if a
00:02:43.440000,00:02:45.589000,rather than adding right so if a function is very small then sometimes
00:02:45.589000,00:02:45.599000,function is very small then sometimes
00:02:45.599000,00:02:48.830000,function is very small then sometimes sometimes this function call Overhead
00:02:48.830000,00:02:48.840000,sometimes this function call Overhead
00:02:48.840000,00:02:51.229000,sometimes this function call Overhead might be more than the time spent
00:02:51.229000,00:02:51.239000,might be more than the time spent
00:02:51.239000,00:02:55.750000,might be more than the time spent executing the function means the time to
00:02:55.750000,00:02:55.760000,executing the function means the time to
00:02:55.760000,00:02:57.470000,executing the function means the time to execute the time taken to execute this
00:02:57.470000,00:02:57.480000,execute the time taken to execute this
00:02:57.480000,00:02:58.910000,execute the time taken to execute this function or you can say the execution
00:02:58.910000,00:02:58.920000,function or you can say the execution
00:02:58.920000,00:03:01.910000,function or you can say the execution time of this fun function is less than
00:03:01.910000,00:03:01.920000,time of this fun function is less than
00:03:01.920000,00:03:04.309000,time of this fun function is less than the function call Overhead time right so
00:03:04.309000,00:03:04.319000,the function call Overhead time right so
00:03:04.319000,00:03:06.830000,the function call Overhead time right so in this case we can use inline function
00:03:06.830000,00:03:06.840000,in this case we can use inline function
00:03:06.840000,00:03:09.350000,in this case we can use inline function inline function basically expanded in
00:03:09.350000,00:03:09.360000,inline function basically expanded in
00:03:09.360000,00:03:12.190000,inline function basically expanded in line while calling that function means
00:03:12.190000,00:03:12.200000,line while calling that function means
00:03:12.200000,00:03:14.430000,line while calling that function means in line function is a function which is
00:03:14.430000,00:03:14.440000,in line function is a function which is
00:03:14.440000,00:03:16.509000,in line function is a function which is expanded in line when it is called what
00:03:16.509000,00:03:16.519000,expanded in line when it is called what
00:03:16.519000,00:03:18.110000,expanded in line when it is called what does that mean I'll show you that thing
00:03:18.110000,00:03:18.120000,does that mean I'll show you that thing
00:03:18.120000,00:03:20.789000,does that mean I'll show you that thing also see if you want to make this add
00:03:20.789000,00:03:20.799000,also see if you want to make this add
00:03:20.799000,00:03:22.630000,also see if you want to make this add function inline function then you just
00:03:22.630000,00:03:22.640000,function inline function then you just
00:03:22.640000,00:03:25.589000,function inline function then you just have to add a keyword inline as a prefix
00:03:25.589000,00:03:25.599000,have to add a keyword inline as a prefix
00:03:25.599000,00:03:27.110000,have to add a keyword inline as a prefix I mean before this return type of the
00:03:27.110000,00:03:27.120000,I mean before this return type of the
00:03:27.120000,00:03:29.270000,I mean before this return type of the function while defining this function
00:03:29.270000,00:03:29.280000,function while defining this function
00:03:29.280000,00:03:32.390000,function while defining this function just add here a keyword so inline
00:03:32.390000,00:03:32.400000,just add here a keyword so inline
00:03:32.400000,00:03:33.910000,just add here a keyword so inline keyword then return type function name
00:03:33.910000,00:03:33.920000,keyword then return type function name
00:03:33.920000,00:03:35.550000,keyword then return type function name parameters and the function body but
00:03:35.550000,00:03:35.560000,parameters and the function body but
00:03:35.560000,00:03:36.830000,parameters and the function body but make sure the function should be very
00:03:36.830000,00:03:36.840000,make sure the function should be very
00:03:36.840000,00:03:37.910000,make sure the function should be very small or
00:03:37.910000,00:03:37.920000,small or
00:03:37.920000,00:03:41.470000,small or simple right uh hardly it contains like
00:03:41.470000,00:03:41.480000,simple right uh hardly it contains like
00:03:41.480000,00:03:44.949000,simple right uh hardly it contains like one or hardly two lines maximum right so
00:03:44.949000,00:03:44.959000,one or hardly two lines maximum right so
00:03:44.959000,00:03:46.630000,one or hardly two lines maximum right so and it's not compulsory that that
00:03:46.630000,00:03:46.640000,and it's not compulsory that that
00:03:46.640000,00:03:48.350000,and it's not compulsory that that compiler compiler will treat this
00:03:48.350000,00:03:48.360000,compiler compiler will treat this
00:03:48.360000,00:03:50.149000,compiler compiler will treat this function as inline function we can just
00:03:50.149000,00:03:50.159000,function as inline function we can just
00:03:50.159000,00:03:53.869000,function as inline function we can just suggest compiler by adding this keyword
00:03:53.869000,00:03:53.879000,suggest compiler by adding this keyword
00:03:53.879000,00:03:55.710000,suggest compiler by adding this keyword that please treat my function in line
00:03:55.710000,00:03:55.720000,that please treat my function in line
00:03:55.720000,00:03:57.710000,that please treat my function in line function because it's very small so here
00:03:57.710000,00:03:57.720000,function because it's very small so here
00:03:57.720000,00:03:59.190000,function because it's very small so here that function call Overhead is more
00:03:59.190000,00:03:59.200000,that function call Overhead is more
00:03:59.200000,00:04:01.910000,that function call Overhead is more rather than the time taken time uh you
00:04:01.910000,00:04:01.920000,rather than the time taken time uh you
00:04:01.920000,00:04:03.670000,rather than the time taken time uh you know the execution time of this function
00:04:03.670000,00:04:03.680000,know the execution time of this function
00:04:03.680000,00:04:05.869000,know the execution time of this function but it's completely depends on compiler
00:04:05.869000,00:04:05.879000,but it's completely depends on compiler
00:04:05.879000,00:04:07.670000,but it's completely depends on compiler whether it you know this function would
00:04:07.670000,00:04:07.680000,whether it you know this function would
00:04:07.680000,00:04:11.429000,whether it you know this function would be treated as in line or not right and
00:04:11.429000,00:04:11.439000,be treated as in line or not right and
00:04:11.439000,00:04:13.069000,be treated as in line or not right and sometimes even you don't know I mean
00:04:13.069000,00:04:13.079000,sometimes even you don't know I mean
00:04:13.079000,00:04:14.830000,sometimes even you don't know I mean even you don't suggest even you don't
00:04:14.830000,00:04:14.840000,even you don't suggest even you don't
00:04:14.840000,00:04:16.949000,even you don't suggest even you don't write this in line keyword and the
00:04:16.949000,00:04:16.959000,write this in line keyword and the
00:04:16.959000,00:04:18.830000,write this in line keyword and the function would be treated as inline
00:04:18.830000,00:04:18.840000,function would be treated as inline
00:04:18.840000,00:04:21.710000,function would be treated as inline function because compiler optimizations
00:04:21.710000,00:04:21.720000,function because compiler optimizations
00:04:21.720000,00:04:23.150000,function because compiler optimizations are very
00:04:23.150000,00:04:23.160000,are very
00:04:23.160000,00:04:25.310000,are very sophisticated right so it will treat
00:04:25.310000,00:04:25.320000,sophisticated right so it will treat
00:04:25.320000,00:04:26.830000,sophisticated right so it will treat that function in line even if you
00:04:26.830000,00:04:26.840000,that function in line even if you
00:04:26.840000,00:04:29.469000,that function in line even if you haven't written any inline keybord and
00:04:29.469000,00:04:29.479000,haven't written any inline keybord and
00:04:29.479000,00:04:31.110000,haven't written any inline keybord and sometimes you have written that in line
00:04:31.110000,00:04:31.120000,sometimes you have written that in line
00:04:31.120000,00:04:32.510000,sometimes you have written that in line keyword and your function will not be
00:04:32.510000,00:04:32.520000,keyword and your function will not be
00:04:32.520000,00:04:33.909000,keyword and your function will not be treated as in line
00:04:33.909000,00:04:33.919000,treated as in line
00:04:33.919000,00:04:37.870000,treated as in line function right so see now I we will
00:04:37.870000,00:04:37.880000,function right so see now I we will
00:04:37.880000,00:04:39.230000,function right so see now I we will discuss the advantages of using inline
00:04:39.230000,00:04:39.240000,discuss the advantages of using inline
00:04:39.240000,00:04:40.590000,discuss the advantages of using inline function the drawbacks and when to use
00:04:40.590000,00:04:40.600000,function the drawbacks and when to use
00:04:40.600000,00:04:42.790000,function the drawbacks and when to use inline function right now what is
00:04:42.790000,00:04:42.800000,inline function right now what is
00:04:42.800000,00:04:44.189000,inline function right now what is actually happening when you write here
00:04:44.189000,00:04:44.199000,actually happening when you write here
00:04:44.199000,00:04:47.029000,actually happening when you write here the inline keyword at the function poll
00:04:47.029000,00:04:47.039000,the inline keyword at the function poll
00:04:47.039000,00:04:48.749000,the inline keyword at the function poll while you're calling this function
00:04:48.749000,00:04:48.759000,while you're calling this function
00:04:48.759000,00:04:52.950000,while you're calling this function here here only at compile time only this
00:04:52.950000,00:04:52.960000,here here only at compile time only this
00:04:52.960000,00:04:55.150000,here here only at compile time only this the whole body of this inline function
00:04:55.150000,00:04:55.160000,the whole body of this inline function
00:04:55.160000,00:04:58.550000,the whole body of this inline function would be replaced here I mean the whole
00:04:58.550000,00:04:58.560000,would be replaced here I mean the whole
00:04:58.560000,00:05:00.590000,would be replaced here I mean the whole body of this inline function function
00:05:00.590000,00:05:00.600000,body of this inline function function
00:05:00.600000,00:05:03.749000,body of this inline function function gets inserted at the place of inline
00:05:03.749000,00:05:03.759000,gets inserted at the place of inline
00:05:03.759000,00:05:06.230000,gets inserted at the place of inline function call so I mean this line would
00:05:06.230000,00:05:06.240000,function call so I mean this line would
00:05:06.240000,00:05:09.749000,function call so I mean this line would be replaced with return a plus b here
00:05:09.749000,00:05:09.759000,be replaced with return a plus b here
00:05:09.759000,00:05:11.950000,be replaced with return a plus b here return a plus b so 1+ 2 return a plus b
00:05:11.950000,00:05:11.960000,return a plus b so 1+ 2 return a plus b
00:05:11.960000,00:05:16.550000,return a plus b so 1+ 2 return a plus b 1+ 2 means 3 so the control will not go
00:05:16.550000,00:05:16.560000,1+ 2 means 3 so the control will not go
00:05:16.560000,00:05:18.550000,1+ 2 means 3 so the control will not go here and back and all directly it will
00:05:18.550000,00:05:18.560000,here and back and all directly it will
00:05:18.560000,00:05:20.150000,here and back and all directly it will give you answer
00:05:20.150000,00:05:20.160000,give you answer
00:05:20.160000,00:05:23.110000,give you answer three so definitely it would be faster
00:05:23.110000,00:05:23.120000,three so definitely it would be faster
00:05:23.120000,00:05:24.390000,three so definitely it would be faster if you use in line function in your
00:05:24.390000,00:05:24.400000,if you use in line function in your
00:05:24.400000,00:05:25.590000,if you use in line function in your program and the efficiency would be a
00:05:25.590000,00:05:25.600000,program and the efficiency would be a
00:05:25.600000,00:05:29.870000,program and the efficiency would be a little bit more right but if a function
00:05:29.870000,00:05:29.880000,little bit more right but if a function
00:05:29.880000,00:05:32.270000,little bit more right but if a function contains Loops or static variables or
00:05:32.270000,00:05:32.280000,contains Loops or static variables or
00:05:32.280000,00:05:35.350000,contains Loops or static variables or switch or go to or a function is large
00:05:35.350000,00:05:35.360000,switch or go to or a function is large
00:05:35.360000,00:05:38.029000,switch or go to or a function is large then do not make that function in line
00:05:38.029000,00:05:38.039000,then do not make that function in line
00:05:38.039000,00:05:39.629000,then do not make that function in line function
00:05:39.629000,00:05:39.639000,function
00:05:39.639000,00:05:42.270000,function right if a function is very simple
00:05:42.270000,00:05:42.280000,right if a function is very simple
00:05:42.280000,00:05:44.230000,right if a function is very simple contains only one line or hardly two
00:05:44.230000,00:05:44.240000,contains only one line or hardly two
00:05:44.240000,00:05:46.510000,contains only one line or hardly two lines that function you can consider as
00:05:46.510000,00:05:46.520000,lines that function you can consider as
00:05:46.520000,00:05:48.469000,lines that function you can consider as inline function because see if you use
00:05:48.469000,00:05:48.479000,inline function because see if you use
00:05:48.479000,00:05:50.390000,inline function because see if you use more and more inline function maybe you
00:05:50.390000,00:05:50.400000,more and more inline function maybe you
00:05:50.400000,00:05:52.670000,more and more inline function maybe you think that yeah it is going to save time
00:05:52.670000,00:05:52.680000,think that yeah it is going to save time
00:05:52.680000,00:05:55.150000,think that yeah it is going to save time right the efficiency would be more right
00:05:55.150000,00:05:55.160000,right the efficiency would be more right
00:05:55.160000,00:05:57.230000,right the efficiency would be more right execution would be faster so make every
00:05:57.230000,00:05:57.240000,execution would be faster so make every
00:05:57.240000,00:05:59.870000,execution would be faster so make every function in line function but if you use
00:05:59.870000,00:05:59.880000,function in line function but if you use
00:05:59.880000,00:06:01.830000,function in line function but if you use more and more inline function then what
00:06:01.830000,00:06:01.840000,more and more inline function then what
00:06:01.840000,00:06:03.550000,more and more inline function then what happens suppose this is inline function
00:06:03.550000,00:06:03.560000,happens suppose this is inline function
00:06:03.560000,00:06:05.309000,happens suppose this is inline function ad and I'm calling this function in my
00:06:05.309000,00:06:05.319000,ad and I'm calling this function in my
00:06:05.319000,00:06:08.270000,ad and I'm calling this function in my program like 10
00:06:08.270000,00:06:08.280000,program like 10
00:06:08.280000,00:06:11.350000,program like 10 times or 20
00:06:11.350000,00:06:11.360000,times or 20
00:06:11.360000,00:06:14.469000,times or 20 times like add 1 2 add 2 three and like
00:06:14.469000,00:06:14.479000,times like add 1 2 add 2 three and like
00:06:14.479000,00:06:16.469000,times like add 1 2 add 2 three and like this 20 times I'm calling this function
00:06:16.469000,00:06:16.479000,this 20 times I'm calling this function
00:06:16.479000,00:06:20.070000,this 20 times I'm calling this function right so at every function call this
00:06:20.070000,00:06:20.080000,right so at every function call this
00:06:20.080000,00:06:22.029000,right so at every function call this statement or this whole body of the
00:06:22.029000,00:06:22.039000,statement or this whole body of the
00:06:22.039000,00:06:25.350000,statement or this whole body of the function gets inserted right at every
00:06:25.350000,00:06:25.360000,function gets inserted right at every
00:06:25.360000,00:06:27.749000,function gets inserted right at every function call obviously this is the
00:06:27.749000,00:06:27.759000,function call obviously this is the
00:06:27.759000,00:06:29.870000,function call obviously this is the meaning of inline function right right
00:06:29.870000,00:06:29.880000,meaning of inline function right right
00:06:29.880000,00:06:32.150000,meaning of inline function right right so in that case there would be you know
00:06:32.150000,00:06:32.160000,so in that case there would be you know
00:06:32.160000,00:06:34.589000,so in that case there would be you know that size of that binary executable file
00:06:34.589000,00:06:34.599000,that size of that binary executable file
00:06:34.599000,00:06:37.150000,that size of that binary executable file would be large and it may lead to
00:06:37.150000,00:06:37.160000,would be large and it may lead to
00:06:37.160000,00:06:39.350000,would be large and it may lead to sometime threshing right threshing I
00:06:39.350000,00:06:39.360000,sometime threshing right threshing I
00:06:39.360000,00:06:40.990000,sometime threshing right threshing I hope you have heard the term like
00:06:40.990000,00:06:41,hope you have heard the term like
00:06:41,00:06:43.029000,hope you have heard the term like threshing in memory in operating system
00:06:43.029000,00:06:43.039000,threshing in memory in operating system
00:06:43.039000,00:06:45.309000,threshing in memory in operating system right it's because of those page fault
00:06:45.309000,00:06:45.319000,right it's because of those page fault
00:06:45.319000,00:06:47.990000,right it's because of those page fault and swapping when page Vol and swapping
00:06:47.990000,00:06:48,and swapping when page Vol and swapping
00:06:48,00:06:50.309000,and swapping when page Vol and swapping is more then CPU utilization would be
00:06:50.309000,00:06:50.319000,is more then CPU utilization would be
00:06:50.319000,00:06:51.830000,is more then CPU utilization would be less and this will lead to ultimately
00:06:51.830000,00:06:51.840000,less and this will lead to ultimately
00:06:51.840000,00:06:53.909000,less and this will lead to ultimately threshing like in operating system or in
00:06:53.909000,00:06:53.919000,threshing like in operating system or in
00:06:53.919000,00:06:57.790000,threshing like in operating system or in memory right so that is why if you are
00:06:57.790000,00:06:57.800000,memory right so that is why if you are
00:06:57.800000,00:06:59.309000,memory right so that is why if you are calling this in line function many times
00:06:59.309000,00:06:59.319000,calling this in line function many times
00:06:59.319000,00:07:02.029000,calling this in line function many times then this would lead to this problem
00:07:02.029000,00:07:02.039000,then this would lead to this problem
00:07:02.039000,00:07:04.550000,then this would lead to this problem right if you change in this inline
00:07:04.550000,00:07:04.560000,right if you change in this inline
00:07:04.560000,00:07:06.710000,right if you change in this inline function right then you have to
00:07:06.710000,00:07:06.720000,function right then you have to
00:07:06.720000,00:07:08.869000,function right then you have to obviously recompile all the location
00:07:08.869000,00:07:08.879000,obviously recompile all the location
00:07:08.879000,00:07:11.029000,obviously recompile all the location where you are calling that function
00:07:11.029000,00:07:11.039000,where you are calling that function
00:07:11.039000,00:07:13.830000,where you are calling that function right to reflect the changes you have
00:07:13.830000,00:07:13.840000,right to reflect the changes you have
00:07:13.840000,00:07:16.270000,right to reflect the changes you have done in the in line function right so
00:07:16.270000,00:07:16.280000,done in the in line function right so
00:07:16.280000,00:07:18.430000,done in the in line function right so that compile time overhead would be more
00:07:18.430000,00:07:18.440000,that compile time overhead would be more
00:07:18.440000,00:07:20.550000,that compile time overhead would be more also basically in large projects and
00:07:20.550000,00:07:20.560000,also basically in large projects and
00:07:20.560000,00:07:22.230000,also basically in large projects and programs these inline functions would be
00:07:22.230000,00:07:22.240000,programs these inline functions would be
00:07:22.240000,00:07:24.510000,programs these inline functions would be Tre treated and no this inline function
00:07:24.510000,00:07:24.520000,Tre treated and no this inline function
00:07:24.520000,00:07:25.909000,Tre treated and no this inline function would be written in a separate file
00:07:25.909000,00:07:25.919000,would be written in a separate file
00:07:25.919000,00:07:28.110000,would be written in a separate file those header file or do H file so that
00:07:28.110000,00:07:28.120000,those header file or do H file so that
00:07:28.120000,00:07:30.189000,those header file or do H file so that the definition would be visible to every
00:07:30.189000,00:07:30.199000,the definition would be visible to every
00:07:30.199000,00:07:33.790000,the definition would be visible to every program right so let's run this program
00:07:33.790000,00:07:33.800000,program right so let's run this program
00:07:33.800000,00:07:35.629000,program right so let's run this program so this is a simple program right
00:07:35.629000,00:07:35.639000,so this is a simple program right
00:07:35.639000,00:07:37.629000,so this is a simple program right addition of two numbers if you run this
00:07:37.629000,00:07:37.639000,addition of two numbers if you run this
00:07:37.639000,00:07:39.110000,addition of two numbers if you run this then simply it will give you three the
00:07:39.110000,00:07:39.120000,then simply it will give you three the
00:07:39.120000,00:07:42.189000,then simply it will give you three the answer right but if I want to make this
00:07:42.189000,00:07:42.199000,answer right but if I want to make this
00:07:42.199000,00:07:43.710000,answer right but if I want to make this function in line so you just have to add
00:07:43.710000,00:07:43.720000,function in line so you just have to add
00:07:43.720000,00:07:45.990000,function in line so you just have to add a one line one keyword here in
00:07:45.990000,00:07:46,a one line one keyword here in
00:07:46,00:07:48.309000,a one line one keyword here in line let's run this and see again it
00:07:48.309000,00:07:48.319000,line let's run this and see again it
00:07:48.319000,00:07:51.469000,line let's run this and see again it will give you three now this time this
00:07:51.469000,00:07:51.479000,will give you three now this time this
00:07:51.479000,00:07:53.510000,will give you three now this time this it would be treated as this this body of
00:07:53.510000,00:07:53.520000,it would be treated as this this body of
00:07:53.520000,00:07:55.350000,it would be treated as this this body of the function return on a plus b would be
00:07:55.350000,00:07:55.360000,the function return on a plus b would be
00:07:55.360000,00:07:59.070000,the function return on a plus b would be replaced here like add 1 and two so it
00:07:59.070000,00:07:59.080000,replaced here like add 1 and two so it
00:07:59.080000,00:08:01.149000,replaced here like add 1 and two so it would be plac like here return a plus b
00:08:01.149000,00:08:01.159000,would be plac like here return a plus b
00:08:01.159000,00:08:04.189000,would be plac like here return a plus b so a b we know these are one and two so
00:08:04.189000,00:08:04.199000,so a b we know these are one and two so
00:08:04.199000,00:08:05.710000,so a b we know these are one and two so a plus b would be given as like three
00:08:05.710000,00:08:05.720000,a plus b would be given as like three
00:08:05.720000,00:08:08.149000,a plus b would be given as like three that is three so now I hope you got the
00:08:08.149000,00:08:08.159000,that is three so now I hope you got the
00:08:08.159000,00:08:09.270000,that is three so now I hope you got the idea about inline function what are
00:08:09.270000,00:08:09.280000,idea about inline function what are
00:08:09.280000,00:08:10.909000,idea about inline function what are inline function how to use when to use
00:08:10.909000,00:08:10.919000,inline function how to use when to use
00:08:10.919000,00:08:13.029000,inline function how to use when to use when not to use in line function and
00:08:13.029000,00:08:13.039000,when not to use in line function and
00:08:13.039000,00:08:14.430000,when not to use in line function and like advantages of using this function
00:08:14.430000,00:08:14.440000,like advantages of using this function
00:08:14.440000,00:08:16.189000,like advantages of using this function drawbacks of using in line function
00:08:16.189000,00:08:16.199000,drawbacks of using in line function
00:08:16.199000,00:08:17.790000,drawbacks of using in line function everything about function right so in
00:08:17.790000,00:08:17.800000,everything about function right so in
00:08:17.800000,00:08:18.710000,everything about function right so in the next video we'll see what are
00:08:18.710000,00:08:18.720000,the next video we'll see what are
00:08:18.720000,00:08:20.469000,the next video we'll see what are recursive function and what is recursion
00:08:20.469000,00:08:20.479000,recursive function and what is recursion
00:08:20.479000,00:08:21.589000,recursive function and what is recursion so now I'll see you in the next video
00:08:21.589000,00:08:21.599000,so now I'll see you in the next video
00:08:21.599000,00:08:25.599000,so now I'll see you in the next video till then bye bye take care
