Start Time,End Time,Text
00:00:02.030000,00:00:02.040000,hey everyone I hope you are safe and
00:00:02.040000,00:00:03.709000,hey everyone I hope you are safe and doing good so in the series of learning
00:00:03.709000,00:00:03.719000,doing good so in the series of learning
00:00:03.719000,00:00:05.070000,doing good so in the series of learning C++ programming language we are
00:00:05.070000,00:00:05.080000,C++ programming language we are
00:00:05.080000,00:00:06.990000,C++ programming language we are discussing oops Concept in C++ in the
00:00:06.990000,00:00:07,discussing oops Concept in C++ in the
00:00:07,00:00:08.430000,discussing oops Concept in C++ in the previous video we have seen what is a
00:00:08.430000,00:00:08.440000,previous video we have seen what is a
00:00:08.440000,00:00:10.430000,previous video we have seen what is a class what is an object how to define a
00:00:10.430000,00:00:10.440000,class what is an object how to define a
00:00:10.440000,00:00:13.070000,class what is an object how to define a class how to create objects right with
00:00:13.070000,00:00:13.080000,class how to create objects right with
00:00:13.080000,00:00:14.789000,class how to create objects right with the help of examples and real life
00:00:14.789000,00:00:14.799000,the help of examples and real life
00:00:14.799000,00:00:16.910000,the help of examples and real life examples as well so in this video we'll
00:00:16.910000,00:00:16.920000,examples as well so in this video we'll
00:00:16.920000,00:00:19.470000,examples as well so in this video we'll see like practically those things we'll
00:00:19.470000,00:00:19.480000,see like practically those things we'll
00:00:19.480000,00:00:21.470000,see like practically those things we'll be uh you know creating a class defining
00:00:21.470000,00:00:21.480000,be uh you know creating a class defining
00:00:21.480000,00:00:23.029000,be uh you know creating a class defining a class and we'll be creating some
00:00:23.029000,00:00:23.039000,a class and we'll be creating some
00:00:23.039000,00:00:25.150000,a class and we'll be creating some objects of that class and then we will
00:00:25.150000,00:00:25.160000,objects of that class and then we will
00:00:25.160000,00:00:27.429000,objects of that class and then we will be accessing whatever the you know
00:00:27.429000,00:00:27.439000,be accessing whatever the you know
00:00:27.439000,00:00:29.509000,be accessing whatever the you know attributes and those uh you know
00:00:29.509000,00:00:29.519000,attributes and those uh you know
00:00:29.519000,00:00:31.310000,attributes and those uh you know functions or the methods in that class
00:00:31.310000,00:00:31.320000,functions or the methods in that class
00:00:31.320000,00:00:32.990000,functions or the methods in that class with the help of those objects right
00:00:32.990000,00:00:33,with the help of those objects right
00:00:33,00:00:34.750000,with the help of those objects right practically so I'll show you this thing
00:00:34.750000,00:00:34.760000,practically so I'll show you this thing
00:00:34.760000,00:00:36.069000,practically so I'll show you this thing with the help of a program so we'll take
00:00:36.069000,00:00:36.079000,with the help of a program so we'll take
00:00:36.079000,00:00:38.830000,with the help of a program so we'll take this example this is a class suppose
00:00:38.830000,00:00:38.840000,this example this is a class suppose
00:00:38.840000,00:00:40.510000,this example this is a class suppose account class and here we have these are
00:00:40.510000,00:00:40.520000,account class and here we have these are
00:00:40.520000,00:00:44.229000,account class and here we have these are two attributes string name and balance
00:00:44.229000,00:00:44.239000,two attributes string name and balance
00:00:44.239000,00:00:47.029000,two attributes string name and balance and these two are methods of this class
00:00:47.029000,00:00:47.039000,and these two are methods of this class
00:00:47.039000,00:00:50.110000,and these two are methods of this class right so we will create objects with the
00:00:50.110000,00:00:50.120000,right so we will create objects with the
00:00:50.120000,00:00:52.189000,right so we will create objects with the help of new keyword as well as without
00:00:52.189000,00:00:52.199000,help of new keyword as well as without
00:00:52.199000,00:00:54.270000,help of new keyword as well as without new keyword right these two methods I
00:00:54.270000,00:00:54.280000,new keyword right these two methods I
00:00:54.280000,00:00:55.630000,new keyword right these two methods I have discussed in previous video how to
00:00:55.630000,00:00:55.640000,have discussed in previous video how to
00:00:55.640000,00:00:57.990000,have discussed in previous video how to create object type one is like uh with
00:00:57.990000,00:00:58,create object type one is like uh with
00:00:58,00:00:59.509000,create object type one is like uh with the help of new keyword it's like
00:00:59.509000,00:00:59.519000,the help of new keyword it's like
00:00:59.519000,00:01:03.029000,the help of new keyword it's like creating pointer to object so both ways
00:01:03.029000,00:01:03.039000,creating pointer to object so both ways
00:01:03.039000,00:01:05.750000,creating pointer to object so both ways we will discuss here and using both ways
00:01:05.750000,00:01:05.760000,we will discuss here and using both ways
00:01:05.760000,00:01:08.510000,we will discuss here and using both ways how to access these attributes and
00:01:08.510000,00:01:08.520000,how to access these attributes and
00:01:08.520000,00:01:10.270000,how to access these attributes and methods with the help of those objects
00:01:10.270000,00:01:10.280000,methods with the help of those objects
00:01:10.280000,00:01:12.109000,methods with the help of those objects we will see so this video would be a
00:01:12.109000,00:01:12.119000,we will see so this video would be a
00:01:12.119000,00:01:14.230000,we will see so this video would be a little bit lengthy right in detail we'll
00:01:14.230000,00:01:14.240000,little bit lengthy right in detail we'll
00:01:14.240000,00:01:16.070000,little bit lengthy right in detail we'll see this thing practically and I I'll
00:01:16.070000,00:01:16.080000,see this thing practically and I I'll
00:01:16.080000,00:01:18.950000,see this thing practically and I I'll show you how to debug that program step
00:01:18.950000,00:01:18.960000,show you how to debug that program step
00:01:18.960000,00:01:21.510000,show you how to debug that program step by step then you will get it clearly
00:01:21.510000,00:01:21.520000,by step then you will get it clearly
00:01:21.520000,00:01:23.350000,by step then you will get it clearly right how this program is actually
00:01:23.350000,00:01:23.360000,right how this program is actually
00:01:23.360000,00:01:26.030000,right how this program is actually running behind how these values is to be
00:01:26.030000,00:01:26.040000,running behind how these values is to be
00:01:26.040000,00:01:27.630000,running behind how these values is to be assigned with the help of object and
00:01:27.630000,00:01:27.640000,assigned with the help of object and
00:01:27.640000,00:01:29.230000,assigned with the help of object and when this values is to be assigned
00:01:29.230000,00:01:29.240000,when this values is to be assigned
00:01:29.240000,00:01:30.710000,when this values is to be assigned something like this right right so we'll
00:01:30.710000,00:01:30.720000,something like this right right so we'll
00:01:30.720000,00:01:33.550000,something like this right right so we'll debug this program step by step fine so
00:01:33.550000,00:01:33.560000,debug this program step by step fine so
00:01:33.560000,00:01:35.510000,debug this program step by step fine so let's start okay so now we are going to
00:01:35.510000,00:01:35.520000,let's start okay so now we are going to
00:01:35.520000,00:01:37.710000,let's start okay so now we are going to create a class so first where to create
00:01:37.710000,00:01:37.720000,create a class so first where to create
00:01:37.720000,00:01:40.630000,create a class so first where to create that class inside the uh inside this uh
00:01:40.630000,00:01:40.640000,that class inside the uh inside this uh
00:01:40.640000,00:01:42.950000,that class inside the uh inside this uh main yes you can create this class
00:01:42.950000,00:01:42.960000,main yes you can create this class
00:01:42.960000,00:01:45.429000,main yes you can create this class inside main but this is not recommended
00:01:45.429000,00:01:45.439000,inside main but this is not recommended
00:01:45.439000,00:01:46.910000,inside main but this is not recommended because if you create a class inside
00:01:46.910000,00:01:46.920000,because if you create a class inside
00:01:46.920000,00:01:48.350000,because if you create a class inside this main function then the scope of
00:01:48.350000,00:01:48.360000,this main function then the scope of
00:01:48.360000,00:01:50.190000,this main function then the scope of this classes within this main only you
00:01:50.190000,00:01:50.200000,this classes within this main only you
00:01:50.200000,00:01:52.109000,this classes within this main only you can use that class not outside of this
00:01:52.109000,00:01:52.119000,can use that class not outside of this
00:01:52.119000,00:01:54.069000,can use that class not outside of this Main and when you'll be working on
00:01:54.069000,00:01:54.079000,Main and when you'll be working on
00:01:54.079000,00:01:55.910000,Main and when you'll be working on projects then we will be using you know
00:01:55.910000,00:01:55.920000,projects then we will be using you know
00:01:55.920000,00:01:57.789000,projects then we will be using you know we will be declaring classes in some
00:01:57.789000,00:01:57.799000,we will be declaring classes in some
00:01:57.799000,00:01:59.310000,we will be declaring classes in some other file and we'll be using those
00:01:59.310000,00:01:59.320000,other file and we'll be using those
00:01:59.320000,00:02:02.149000,other file and we'll be using those classes in some other file like in one
00:02:02.149000,00:02:02.159000,classes in some other file like in one
00:02:02.159000,00:02:04.109000,classes in some other file like in one file what suppose another file I have
00:02:04.109000,00:02:04.119000,file what suppose another file I have
00:02:04.119000,00:02:05.870000,file what suppose another file I have one another file we have so in a you
00:02:05.870000,00:02:05.880000,one another file we have so in a you
00:02:05.880000,00:02:07.069000,one another file we have so in a you know project we'll be having different
00:02:07.069000,00:02:07.079000,know project we'll be having different
00:02:07.079000,00:02:09.469000,know project we'll be having different different files So within you know
00:02:09.469000,00:02:09.479000,different files So within you know
00:02:09.479000,00:02:11.229000,different files So within you know entire application I'll be using those
00:02:11.229000,00:02:11.239000,entire application I'll be using those
00:02:11.239000,00:02:14.710000,entire application I'll be using those classes maybe so always you don't
00:02:14.710000,00:02:14.720000,classes maybe so always you don't
00:02:14.720000,00:02:16.869000,classes maybe so always you don't declare these classes outside main
00:02:16.869000,00:02:16.879000,declare these classes outside main
00:02:16.879000,00:02:18.949000,declare these classes outside main function so that we can use these
00:02:18.949000,00:02:18.959000,function so that we can use these
00:02:18.959000,00:02:21.190000,function so that we can use these classes within you know that entire
00:02:21.190000,00:02:21.200000,classes within you know that entire
00:02:21.200000,00:02:22.470000,classes within you know that entire application of the entire project
00:02:22.470000,00:02:22.480000,application of the entire project
00:02:22.480000,00:02:25.589000,application of the entire project wherever you want to use so how to
00:02:25.589000,00:02:25.599000,wherever you want to use so how to
00:02:25.599000,00:02:29.550000,wherever you want to use so how to define a class class keyword and name of
00:02:29.550000,00:02:29.560000,define a class class keyword and name of
00:02:29.560000,00:02:31.550000,define a class class keyword and name of the class class I'm taking what is the
00:02:31.550000,00:02:31.560000,the class class I'm taking what is the
00:02:31.560000,00:02:33.270000,the class class I'm taking what is the class
00:02:33.270000,00:02:33.280000,class
00:02:33.280000,00:02:35.710000,class account I mean Pascal naming convention
00:02:35.710000,00:02:35.720000,account I mean Pascal naming convention
00:02:35.720000,00:02:38.910000,account I mean Pascal naming convention we use so first word first letter of
00:02:38.910000,00:02:38.920000,we use so first word first letter of
00:02:38.920000,00:02:41.990000,we use so first word first letter of every word would be Capital right now
00:02:41.990000,00:02:42,every word would be Capital right now
00:02:42,00:02:45.470000,every word would be Capital right now here let's take these two things these
00:02:45.470000,00:02:45.480000,here let's take these two things these
00:02:45.480000,00:02:49.670000,here let's take these two things these two
00:02:51.869000,00:02:51.879000,attributes and if you're using string
00:02:51.879000,00:02:55.149000,attributes and if you're using string here so better better to include here
00:02:55.149000,00:02:55.159000,here so better better to include here
00:02:55.159000,00:02:56.589000,here so better better to include here which file I have told you already when
00:02:56.589000,00:02:56.599000,which file I have told you already when
00:02:56.599000,00:02:59.110000,which file I have told you already when we were discussing string string header
00:02:59.110000,00:02:59.120000,we were discussing string string header
00:02:59.120000,00:03:00.910000,we were discussing string string header if you not include include that also by
00:03:00.910000,00:03:00.920000,if you not include include that also by
00:03:00.920000,00:03:02.869000,if you not include include that also by by default using that iio stream also
00:03:02.869000,00:03:02.879000,by default using that iio stream also
00:03:02.879000,00:03:05.589000,by default using that iio stream also these features would be added but always
00:03:05.589000,00:03:05.599000,these features would be added but always
00:03:05.599000,00:03:07.869000,these features would be added but always explicitly include string header if
00:03:07.869000,00:03:07.879000,explicitly include string header if
00:03:07.879000,00:03:09.789000,explicitly include string header if you're using string explicitly you know
00:03:09.789000,00:03:09.799000,you're using string explicitly you know
00:03:09.799000,00:03:11.589000,you're using string explicitly you know include Vector header if you using
00:03:11.589000,00:03:11.599000,include Vector header if you using
00:03:11.599000,00:03:13.550000,include Vector header if you using vectors that would be good for you that
00:03:13.550000,00:03:13.560000,vectors that would be good for you that
00:03:13.560000,00:03:16.309000,vectors that would be good for you that would be recommended always right so
00:03:16.309000,00:03:16.319000,would be recommended always right so
00:03:16.319000,00:03:18.229000,would be recommended always right so okay these two are attributes we are
00:03:18.229000,00:03:18.239000,okay these two are attributes we are
00:03:18.239000,00:03:21.030000,okay these two are attributes we are having and now we will have
00:03:21.030000,00:03:21.040000,having and now we will have
00:03:21.040000,00:03:24.830000,having and now we will have some methods so like this and there you
00:03:24.830000,00:03:24.840000,some methods so like this and there you
00:03:24.840000,00:03:26.270000,some methods so like this and there you should have a semicolon after this class
00:03:26.270000,00:03:26.280000,should have a semicolon after this class
00:03:26.280000,00:03:29.070000,should have a semicolon after this class so that's it we have like taken two
00:03:29.070000,00:03:29.080000,so that's it we have like taken two
00:03:29.080000,00:03:30.910000,so that's it we have like taken two attributes and methods within this class
00:03:30.910000,00:03:30.920000,attributes and methods within this class
00:03:30.920000,00:03:34.070000,attributes and methods within this class account right now how to create like we
00:03:34.070000,00:03:34.080000,account right now how to create like we
00:03:34.080000,00:03:36.110000,account right now how to create like we will be obviously creating objects in
00:03:36.110000,00:03:36.120000,will be obviously creating objects in
00:03:36.120000,00:03:39.030000,will be obviously creating objects in this main so we'll be accessing uh these
00:03:39.030000,00:03:39.040000,this main so we'll be accessing uh these
00:03:39.040000,00:03:40.949000,this main so we'll be accessing uh these names this spell attributes and methods
00:03:40.949000,00:03:40.959000,names this spell attributes and methods
00:03:40.959000,00:03:42.949000,names this spell attributes and methods with help of object only right so let's
00:03:42.949000,00:03:42.959000,with help of object only right so let's
00:03:42.959000,00:03:45.149000,with help of object only right so let's create object what is the formula what
00:03:45.149000,00:03:45.159000,create object what is the formula what
00:03:45.159000,00:03:47.750000,create object what is the formula what is the way to create object class name
00:03:47.750000,00:03:47.760000,is the way to create object class name
00:03:47.760000,00:03:50.830000,is the way to create object class name one ways just class name and object name
00:03:50.830000,00:03:50.840000,one ways just class name and object name
00:03:50.840000,00:03:54.750000,one ways just class name and object name so suppose I'm
00:04:04.350000,00:04:04.360000,right account and object name is Jore
00:04:04.360000,00:04:05.550000,right account and object name is Jore account or any object name you can take
00:04:05.550000,00:04:05.560000,account or any object name you can take
00:04:05.560000,00:04:08.110000,account or any object name you can take a BC x y z anything
00:04:08.110000,00:04:08.120000,a BC x y z anything
00:04:08.120000,00:04:12.229000,a BC x y z anything right one object I have created now this
00:04:12.229000,00:04:12.239000,right one object I have created now this
00:04:12.239000,00:04:13.949000,right one object I have created now this thing we have seen in previous video if
00:04:13.949000,00:04:13.959000,thing we have seen in previous video if
00:04:13.959000,00:04:15.910000,thing we have seen in previous video if you run this you will not get any output
00:04:15.910000,00:04:15.920000,you run this you will not get any output
00:04:15.920000,00:04:17.870000,you run this you will not get any output but you will not get any error as well
00:04:17.870000,00:04:17.880000,but you will not get any error as well
00:04:17.880000,00:04:20.550000,but you will not get any error as well right that's it compiled
00:04:20.550000,00:04:20.560000,right that's it compiled
00:04:20.560000,00:04:22.870000,right that's it compiled successfully now if you debug this if
00:04:22.870000,00:04:22.880000,successfully now if you debug this if
00:04:22.880000,00:04:26.230000,successfully now if you debug this if you debug this so let's put that break
00:04:26.230000,00:04:26.240000,you debug this so let's put that break
00:04:26.240000,00:04:30.189000,you debug this so let's put that break point here here account Jen I mean when
00:04:30.189000,00:04:30.199000,point here here account Jen I mean when
00:04:30.199000,00:04:32.230000,point here here account Jen I mean when we are creating that object so here you
00:04:32.230000,00:04:32.240000,we are creating that object so here you
00:04:32.240000,00:04:34.270000,we are creating that object so here you see that run and debug that option or
00:04:34.270000,00:04:34.280000,see that run and debug that option or
00:04:34.280000,00:04:36.670000,see that run and debug that option or you can just press control plus shift
00:04:36.670000,00:04:36.680000,you can just press control plus shift
00:04:36.680000,00:04:40.189000,you can just press control plus shift plus d so just enter and here see
00:04:40.189000,00:04:40.199000,plus d so just enter and here see
00:04:40.199000,00:04:41.909000,plus d so just enter and here see already I have chosen this compiler C
00:04:41.909000,00:04:41.919000,already I have chosen this compiler C
00:04:41.919000,00:04:45.749000,already I have chosen this compiler C C++ g++ do exe if you are working in C++
00:04:45.749000,00:04:45.759000,C++ g++ do exe if you are working in C++
00:04:45.759000,00:04:49.629000,C++ g++ do exe if you are working in C++ use this g++ exe right uh select this
00:04:49.629000,00:04:49.639000,use this g++ exe right uh select this
00:04:49.639000,00:04:51.550000,use this g++ exe right uh select this one otherwise if you're working in C
00:04:51.550000,00:04:51.560000,one otherwise if you're working in C
00:04:51.560000,00:04:54.830000,one otherwise if you're working in C language use GCC so this compiler this D
00:04:54.830000,00:04:54.840000,language use GCC so this compiler this D
00:04:54.840000,00:04:57.350000,language use GCC so this compiler this D I have already Chosen and
00:04:57.350000,00:04:57.360000,I have already Chosen and
00:04:57.360000,00:04:59.990000,I have already Chosen and run so see here you see variable and
00:04:59.990000,00:05:00,run so see here you see variable and
00:05:00,00:05:02.070000,run so see here you see variable and watch and call stack see stack I have
00:05:02.070000,00:05:02.080000,watch and call stack see stack I have
00:05:02.080000,00:05:03.870000,watch and call stack see stack I have shown you I mean we have discussed that
00:05:03.870000,00:05:03.880000,shown you I mean we have discussed that
00:05:03.880000,00:05:08.270000,shown you I mean we have discussed that stack memory right so see in locals I
00:05:08.270000,00:05:08.280000,stack memory right so see in locals I
00:05:08.280000,00:05:11.749000,stack memory right so see in locals I hope you are able to say this we have
00:05:11.749000,00:05:11.759000,hope you are able to say this we have
00:05:11.759000,00:05:14.029000,hope you are able to say this we have one object one variable J account in
00:05:14.029000,00:05:14.039000,one object one variable J account in
00:05:14.039000,00:05:18.150000,one object one variable J account in name we have nothing like see let me
00:05:18.150000,00:05:18.160000,name we have nothing like see let me
00:05:18.160000,00:05:22.029000,name we have nothing like see let me just show you here in name in data plus
00:05:22.029000,00:05:22.039000,just show you here in name in data plus
00:05:22.039000,00:05:26.469000,just show you here in name in data plus we have just nothing right no name and
00:05:26.469000,00:05:26.479000,we have just nothing right no name and
00:05:26.479000,00:05:30.110000,we have just nothing right no name and balance is any garbage value right now
00:05:30.110000,00:05:30.120000,balance is any garbage value right now
00:05:30.120000,00:05:30.690000,balance is any garbage value right now let me show
00:05:30.690000,00:05:30.700000,let me show
00:05:30.700000,00:05:32.390000,let me show [Music]
00:05:32.390000,00:05:32.400000,[Music]
00:05:32.400000,00:05:36.029000,[Music] you see it now it's debugging our code
00:05:36.029000,00:05:36.039000,you see it now it's debugging our code
00:05:36.039000,00:05:38.550000,you see it now it's debugging our code so once you click here step over the
00:05:38.550000,00:05:38.560000,so once you click here step over the
00:05:38.560000,00:05:42.430000,so once you click here step over the next step is the cursor is here now here
00:05:42.430000,00:05:42.440000,next step is the cursor is here now here
00:05:42.440000,00:05:46.029000,next step is the cursor is here now here means that's it after next that's it
00:05:46.029000,00:05:46.039000,means that's it after next that's it
00:05:46.039000,00:05:48.629000,means that's it after next that's it means there is nothing right okay fine
00:05:48.629000,00:05:48.639000,means there is nothing right okay fine
00:05:48.639000,00:05:50.110000,means there is nothing right okay fine now we will see
00:05:50.110000,00:05:50.120000,now we will see
00:05:50.120000,00:05:54.790000,now we will see what we will be assigning values here
00:05:54.790000,00:05:54.800000,what we will be assigning values here
00:05:54.800000,00:05:57.749000,what we will be assigning values here let's delete this break point
00:05:57.749000,00:05:57.759000,let's delete this break point
00:05:57.759000,00:06:01.110000,let's delete this break point here now have to exess
00:06:01.110000,00:06:01.120000,here now have to exess
00:06:01.120000,00:06:04.309000,here now have to exess these attributes and methods by default
00:06:04.309000,00:06:04.319000,these attributes and methods by default
00:06:04.319000,00:06:05.790000,these attributes and methods by default all these attributes method whatever is
00:06:05.790000,00:06:05.800000,all these attributes method whatever is
00:06:05.800000,00:06:08.110000,all these attributes method whatever is in class is private by default so we
00:06:08.110000,00:06:08.120000,in class is private by default so we
00:06:08.120000,00:06:09.990000,in class is private by default so we cannot access directly two methods are
00:06:09.990000,00:06:10,cannot access directly two methods are
00:06:10,00:06:11.230000,cannot access directly two methods are there with the dot operator with ar
00:06:11.230000,00:06:11.240000,there with the dot operator with ar
00:06:11.240000,00:06:13.870000,there with the dot operator with ar operator we'll discuss both these things
00:06:13.870000,00:06:13.880000,operator we'll discuss both these things
00:06:13.880000,00:06:16.909000,operator we'll discuss both these things how to access just the object name dot
00:06:16.909000,00:06:16.919000,how to access just the object name dot
00:06:16.919000,00:06:18.390000,how to access just the object name dot operator with the help of dot operator
00:06:18.390000,00:06:18.400000,operator with the help of dot operator
00:06:18.400000,00:06:19.790000,operator with the help of dot operator one ways with the help of dot operator
00:06:19.790000,00:06:19.800000,one ways with the help of dot operator
00:06:19.800000,00:06:23.350000,one ways with the help of dot operator Dot and name I want to access so just
00:06:23.350000,00:06:23.360000,Dot and name I want to access so just
00:06:23.360000,00:06:25.670000,Dot and name I want to access so just write down the that name of that
00:06:25.670000,00:06:25.680000,write down the that name of that
00:06:25.680000,00:06:27.710000,write down the that name of that variable or name of that attribute name
00:06:27.710000,00:06:27.720000,variable or name of that attribute name
00:06:27.720000,00:06:29.629000,variable or name of that attribute name is name only and equal to I'm assigning
00:06:29.629000,00:06:29.639000,is name only and equal to I'm assigning
00:06:29.639000,00:06:33.469000,is name only and equal to I'm assigning name
00:06:38.150000,00:06:38.160000,here jti katri account name is jti Kat
00:06:38.160000,00:06:41.670000,here jti katri account name is jti Kat and next is J account object name do
00:06:41.670000,00:06:41.680000,and next is J account object name do
00:06:41.680000,00:06:44.150000,and next is J account object name do balance suppose balance is equal to I
00:06:44.150000,00:06:44.160000,balance suppose balance is equal to I
00:06:44.160000,00:06:47.390000,balance suppose balance is equal to I have like maybe some balance I have or
00:06:47.390000,00:06:47.400000,have like maybe some balance I have or
00:06:47.400000,00:06:50.710000,"have like maybe some balance I have or let's take like 5,000 rupees Z because"
00:06:50.710000,00:06:50.720000,"let's take like 5,000 rupees Z because"
00:06:50.720000,00:06:53.230000,"let's take like 5,000 rupees Z because we taking double value right now see"
00:06:53.230000,00:06:53.240000,we taking double value right now see
00:06:53.240000,00:06:55.510000,we taking double value right now see here the error this St line member
00:06:55.510000,00:06:55.520000,here the error this St line member
00:06:55.520000,00:06:58.230000,here the error this St line member account name is inaccessible why so
00:06:58.230000,00:06:58.240000,account name is inaccessible why so
00:06:58.240000,00:07:00.430000,account name is inaccessible why so because these everything is private so
00:07:00.430000,00:07:00.440000,because these everything is private so
00:07:00.440000,00:07:02.830000,because these everything is private so to make it public here within this class
00:07:02.830000,00:07:02.840000,to make it public here within this class
00:07:02.840000,00:07:05.189000,to make it public here within this class you use a specifier public and call it
00:07:05.189000,00:07:05.199000,you use a specifier public and call it
00:07:05.199000,00:07:06.990000,you use a specifier public and call it we will discuss these ex specifier
00:07:06.990000,00:07:07,we will discuss these ex specifier
00:07:07,00:07:09.550000,we will discuss these ex specifier public private protected in later videos
00:07:09.550000,00:07:09.560000,public private protected in later videos
00:07:09.560000,00:07:12.350000,public private protected in later videos right in detail for now first make
00:07:12.350000,00:07:12.360000,right in detail for now first make
00:07:12.360000,00:07:15.150000,right in detail for now first make everything public and then use for this
00:07:15.150000,00:07:15.160000,everything public and then use for this
00:07:15.160000,00:07:18.430000,everything public and then use for this video okay now we can accept there is no
00:07:18.430000,00:07:18.440000,video okay now we can accept there is no
00:07:18.440000,00:07:21.869000,video okay now we can accept there is no error fine now if I debug this if I
00:07:21.869000,00:07:21.879000,error fine now if I debug this if I
00:07:21.879000,00:07:25.230000,error fine now if I debug this if I debug this and show you so see okay
00:07:25.230000,00:07:25.240000,debug this and show you so see okay
00:07:25.240000,00:07:27.469000,debug this and show you so see okay first stop the stagging now add the
00:07:27.469000,00:07:27.479000,first stop the stagging now add the
00:07:27.479000,00:07:28.909000,first stop the stagging now add the break point here I'm adding that break
00:07:28.909000,00:07:28.919000,break point here I'm adding that break
00:07:28.919000,00:07:30.189000,break point here I'm adding that break point like account gen account the
00:07:30.189000,00:07:30.199000,point like account gen account the
00:07:30.199000,00:07:32.189000,point like account gen account the object I'm creating here so let's debug
00:07:32.189000,00:07:32.199000,object I'm creating here so let's debug
00:07:32.199000,00:07:33.230000,object I'm creating here so let's debug this
00:07:33.230000,00:07:33.240000,this
00:07:33.240000,00:07:36.150000,this again and see in the variable here just
00:07:36.150000,00:07:36.160000,again and see in the variable here just
00:07:36.160000,00:07:39.350000,again and see in the variable here just see see in call stack we have main main
00:07:39.350000,00:07:39.360000,see see in call stack we have main main
00:07:39.360000,00:07:41.070000,see see in call stack we have main main function because obviously that
00:07:41.070000,00:07:41.080000,function because obviously that
00:07:41.080000,00:07:42.749000,function because obviously that activation record for main would be
00:07:42.749000,00:07:42.759000,activation record for main would be
00:07:42.759000,00:07:46.550000,activation record for main would be pushed in that stack so here I have main
00:07:46.550000,00:07:46.560000,pushed in that stack so here I have main
00:07:46.560000,00:07:49.149000,pushed in that stack so here I have main fine now in locals variables local
00:07:49.149000,00:07:49.159000,fine now in locals variables local
00:07:49.159000,00:07:50.629000,fine now in locals variables local variable I have J account there we have
00:07:50.629000,00:07:50.639000,variable I have J account there we have
00:07:50.639000,00:07:52.189000,variable I have J account there we have name and balance balance is some garbage
00:07:52.189000,00:07:52.199000,name and balance balance is some garbage
00:07:52.199000,00:07:55.390000,name and balance balance is some garbage value we don't know so now
00:07:55.390000,00:07:55.400000,value we don't know so now
00:07:55.400000,00:07:56.950000,value we don't know so now see
00:07:56.950000,00:07:56.960000,see
00:07:56.960000,00:08:00.149000,see here now control is here now now step
00:08:00.149000,00:08:00.159000,here now control is here now now step
00:08:00.159000,00:08:02.430000,here now control is here now now step next step over the next line control
00:08:02.430000,00:08:02.440000,next step over the next line control
00:08:02.440000,00:08:05.070000,next step over the next line control would be next line so now this jti katri
00:08:05.070000,00:08:05.080000,would be next line so now this jti katri
00:08:05.080000,00:08:07.430000,would be next line so now this jti katri this account this in name this jti katri
00:08:07.430000,00:08:07.440000,this account this in name this jti katri
00:08:07.440000,00:08:10.189000,this account this in name this jti katri would be assigned so in
00:08:10.189000,00:08:10.199000,would be assigned so in
00:08:10.199000,00:08:13.869000,would be assigned so in name here you will see data plus see
00:08:13.869000,00:08:13.879000,name here you will see data plus see
00:08:13.879000,00:08:16.309000,name here you will see data plus see there's nothing here just the
00:08:16.309000,00:08:16.319000,there's nothing here just the
00:08:16.319000,00:08:19.350000,there's nothing here just the address once you CL click step over now
00:08:19.350000,00:08:19.360000,address once you CL click step over now
00:08:19.360000,00:08:21.309000,address once you CL click step over now this line has been executed and see here
00:08:21.309000,00:08:21.319000,this line has been executed and see here
00:08:21.319000,00:08:24.469000,this line has been executed and see here can you see here Janti katri see this is
00:08:24.469000,00:08:24.479000,can you see here Janti katri see this is
00:08:24.479000,00:08:27.070000,can you see here Janti katri see this is jtia 3 right the name and the length is
00:08:27.070000,00:08:27.080000,jtia 3 right the name and the length is
00:08:27.080000,00:08:28.909000,jtia 3 right the name and the length is 14 character and this is the address
00:08:28.909000,00:08:28.919000,14 character and this is the address
00:08:28.919000,00:08:31.309000,14 character and this is the address balance still some garbage value because
00:08:31.309000,00:08:31.319000,balance still some garbage value because
00:08:31.319000,00:08:33.990000,balance still some garbage value because cursor is on this line now it's not been
00:08:33.990000,00:08:34,cursor is on this line now it's not been
00:08:34,00:08:36.589000,cursor is on this line now it's not been executed so once you click on this line
00:08:36.589000,00:08:36.599000,executed so once you click on this line
00:08:36.599000,00:08:38.389000,executed so once you click on this line now see balance is
00:08:38.389000,00:08:38.399000,now see balance is
00:08:38.399000,00:08:40.469000,"now see balance is 5,000 so this is the beauty of like you"
00:08:40.469000,00:08:40.479000,"5,000 so this is the beauty of like you"
00:08:40.479000,00:08:41.870000,"5,000 so this is the beauty of like you know debugger step by step what is"
00:08:41.870000,00:08:41.880000,know debugger step by step what is
00:08:41.880000,00:08:43.029000,know debugger step by step what is happening you can
00:08:43.029000,00:08:43.039000,happening you can
00:08:43.039000,00:08:47.230000,happening you can see okay fine if you again this click
00:08:47.230000,00:08:47.240000,see okay fine if you again this click
00:08:47.240000,00:08:51.910000,see okay fine if you again this click the step over that's it out
00:08:51.910000,00:08:51.920000,the step over that's it out
00:08:51.920000,00:08:54.829000,the step over that's it out see posed on here now in call stack
00:08:54.829000,00:08:54.839000,see posed on here now in call stack
00:08:54.839000,00:08:56.230000,see posed on here now in call stack there is nothing Main and something like
00:08:56.230000,00:08:56.240000,there is nothing Main and something like
00:08:56.240000,00:09:00.430000,there is nothing Main and something like this right okay now
00:09:00.430000,00:09:00.440000,this right okay now
00:09:00.440000,00:09:04.630000,this right okay now let's delete everything and now this we
00:09:04.630000,00:09:04.640000,let's delete everything and now this we
00:09:04.640000,00:09:05.990000,let's delete everything and now this we know this is how you can access these
00:09:05.990000,00:09:06,know this is how you can access these
00:09:06,00:09:07.990000,know this is how you can access these things right now let's call these
00:09:07.990000,00:09:08,things right now let's call these
00:09:08,00:09:09.910000,things right now let's call these functions with the help of this have to
00:09:09.910000,00:09:09.920000,functions with the help of this have to
00:09:09.920000,00:09:10.829000,functions with the help of this have to call these
00:09:10.829000,00:09:10.839000,call these
00:09:10.839000,00:09:14.710000,call these functions same name of the object dot
00:09:14.710000,00:09:14.720000,functions same name of the object dot
00:09:14.720000,00:09:16.150000,functions same name of the object dot name of the function I want to call
00:09:16.150000,00:09:16.160000,name of the function I want to call
00:09:16.160000,00:09:18.949000,name of the function I want to call deposit suppose deposit and double
00:09:18.949000,00:09:18.959000,deposit suppose deposit and double
00:09:18.959000,00:09:20.389000,deposit suppose deposit and double amount what amount you want to deposit
00:09:20.389000,00:09:20.399000,amount what amount you want to deposit
00:09:20.399000,00:09:21.430000,amount what amount you want to deposit suppose
00:09:21.430000,00:09:21.440000,suppose
00:09:21.440000,00:09:23.710000,suppose 1000.0 this but the thing here is there
00:09:23.710000,00:09:23.720000,1000.0 this but the thing here is there
00:09:23.720000,00:09:26.670000,1000.0 this but the thing here is there will be no error but the thing is here
00:09:26.670000,00:09:26.680000,will be no error but the thing is here
00:09:26.680000,00:09:28.470000,will be no error but the thing is here we are it's not getting any definition
00:09:28.470000,00:09:28.480000,we are it's not getting any definition
00:09:28.480000,00:09:30.389000,we are it's not getting any definition of this function so what will happen
00:09:30.389000,00:09:30.399000,of this function so what will happen
00:09:30.399000,00:09:32.829000,of this function so what will happen nothing it will compile that's it
00:09:32.829000,00:09:32.839000,nothing it will compile that's it
00:09:32.839000,00:09:34.630000,nothing it will compile that's it nothing will happen if I show you if I
00:09:34.630000,00:09:34.640000,nothing will happen if I show you if I
00:09:34.640000,00:09:37.150000,nothing will happen if I show you if I run this and I'll show you see nothing
00:09:37.150000,00:09:37.160000,run this and I'll show you see nothing
00:09:37.160000,00:09:38.590000,run this and I'll show you see nothing you will get
00:09:38.590000,00:09:38.600000,you will get
00:09:38.600000,00:09:40.350000,you will get here the
00:09:40.350000,00:09:40.360000,here the
00:09:40.360000,00:09:42.910000,here the output but there is one error like
00:09:42.910000,00:09:42.920000,output but there is one error like
00:09:42.920000,00:09:44.310000,output but there is one error like obviously there undefined reference to
00:09:44.310000,00:09:44.320000,obviously there undefined reference to
00:09:44.320000,00:09:46.990000,obviously there undefined reference to this deposit because there is no we can
00:09:46.990000,00:09:47,this deposit because there is no we can
00:09:47,00:09:48.670000,this deposit because there is no we can say like definition of this function so
00:09:48.670000,00:09:48.680000,say like definition of this function so
00:09:48.680000,00:09:50.310000,say like definition of this function so we can Define the methods so not
00:09:50.310000,00:09:50.320000,we can Define the methods so not
00:09:50.320000,00:09:51.509000,we can Define the methods so not function call it methods so we can
00:09:51.509000,00:09:51.519000,function call it methods so we can
00:09:51.519000,00:09:52.990000,function call it methods so we can Define these methods there are many ways
00:09:52.990000,00:09:53,Define these methods there are many ways
00:09:53,00:09:54.870000,Define these methods there are many ways but one way the simplest one for this
00:09:54.870000,00:09:54.880000,but one way the simplest one for this
00:09:54.880000,00:09:57.230000,but one way the simplest one for this video here only within that class only
00:09:57.230000,00:09:57.240000,video here only within that class only
00:09:57.240000,00:10:00.550000,video here only within that class only I'm defining it right so after this
00:10:00.550000,00:10:00.560000,I'm defining it right so after this
00:10:00.560000,00:10:02.269000,I'm defining it right so after this rather than the semicolon I'm just
00:10:02.269000,00:10:02.279000,rather than the semicolon I'm just
00:10:02.279000,00:10:04.590000,rather than the semicolon I'm just defining this and I'm just updating the
00:10:04.590000,00:10:04.600000,defining this and I'm just updating the
00:10:04.600000,00:10:06.110000,defining this and I'm just updating the balance because after deposit the
00:10:06.110000,00:10:06.120000,balance because after deposit the
00:10:06.120000,00:10:07.590000,balance because after deposit the balance would
00:10:07.590000,00:10:07.600000,balance would
00:10:07.600000,00:10:10.269000,balance would be plus would be added whatever the
00:10:10.269000,00:10:10.279000,be plus would be added whatever the
00:10:10.279000,00:10:12.630000,be plus would be added whatever the amount you deposit right that would be
00:10:12.630000,00:10:12.640000,amount you deposit right that would be
00:10:12.640000,00:10:16.310000,amount you deposit right that would be added and let's just here write see out
00:10:16.310000,00:10:16.320000,added and let's just here write see out
00:10:16.320000,00:10:20.670000,added and let's just here write see out and updated balance is balance that's it
00:10:20.670000,00:10:20.680000,and updated balance is balance that's it
00:10:20.680000,00:10:23.150000,and updated balance is balance that's it so I have defined this here only it will
00:10:23.150000,00:10:23.160000,so I have defined this here only it will
00:10:23.160000,00:10:26.230000,so I have defined this here only it will show me updated balance right and
00:10:26.230000,00:10:26.240000,show me updated balance right and
00:10:26.240000,00:10:28.829000,show me updated balance right and withdraw for this also let's define this
00:10:28.829000,00:10:28.839000,withdraw for this also let's define this
00:10:28.839000,00:10:29.949000,withdraw for this also let's define this here only
00:10:29.949000,00:10:29.959000,here only
00:10:29.959000,00:10:31.910000,here only if you want to withdraw then it would be
00:10:31.910000,00:10:31.920000,if you want to withdraw then it would be
00:10:31.920000,00:10:33.030000,if you want to withdraw then it would be minus
00:10:33.030000,00:10:33.040000,minus
00:10:33.040000,00:10:36.470000,minus from that balance right that's it so
00:10:36.470000,00:10:36.480000,from that balance right that's it so
00:10:36.480000,00:10:38.389000,from that balance right that's it so here I'm not writing any say out and all
00:10:38.389000,00:10:38.399000,here I'm not writing any say out and all
00:10:38.399000,00:10:40.150000,here I'm not writing any say out and all right if you want to write you can write
00:10:40.150000,00:10:40.160000,right if you want to write you can write
00:10:40.160000,00:10:43.470000,right if you want to write you can write also you can update now deposit is this
00:10:43.470000,00:10:43.480000,also you can update now deposit is this
00:10:43.480000,00:10:45.870000,also you can update now deposit is this so after depositing it will show some
00:10:45.870000,00:10:45.880000,so after depositing it will show some
00:10:45.880000,00:10:47.790000,so after depositing it will show some amount what amount it will show just
00:10:47.790000,00:10:47.800000,amount what amount it will show just
00:10:47.800000,00:10:49.590000,amount what amount it will show just calculate and just run this and I'll see
00:10:49.590000,00:10:49.600000,calculate and just run this and I'll see
00:10:49.600000,00:10:50.750000,calculate and just run this and I'll see I'll show you what output you will be
00:10:50.750000,00:10:50.760000,I'll show you what output you will be
00:10:50.760000,00:10:52.550000,I'll show you what output you will be getting
00:10:52.550000,00:10:52.560000,getting
00:10:52.560000,00:10:57.190000,"getting 6,000 got it now if you debug this break"
00:10:57.190000,00:10:57.200000,"6,000 got it now if you debug this break"
00:10:57.200000,00:10:59.389000,"6,000 got it now if you debug this break point I have already added here just"
00:10:59.389000,00:10:59.399000,point I have already added here just
00:10:59.399000,00:11:06.030000,point I have already added here just buug this again and let's see
00:11:08.790000,00:11:08.800000,see right now control is here so in
00:11:08.800000,00:11:10.470000,see right now control is here so in local in variable we have J account in
00:11:10.470000,00:11:10.480000,local in variable we have J account in
00:11:10.480000,00:11:12.269000,local in variable we have J account in name some we don't have anything in
00:11:12.269000,00:11:12.279000,name some we don't have anything in
00:11:12.279000,00:11:14.389000,name some we don't have anything in Balance we have some garbage Valu so
00:11:14.389000,00:11:14.399000,Balance we have some garbage Valu so
00:11:14.399000,00:11:15.870000,Balance we have some garbage Valu so step
00:11:15.870000,00:11:15.880000,step
00:11:15.880000,00:11:18.990000,step over and I'll show you in name in this
00:11:18.990000,00:11:19,over and I'll show you in name in this
00:11:19,00:11:20.829000,over and I'll show you in name in this data plus they see the length is zero
00:11:20.829000,00:11:20.839000,data plus they see the length is zero
00:11:20.839000,00:11:23.870000,data plus they see the length is zero and see this is empty there's nothing
00:11:23.870000,00:11:23.880000,and see this is empty there's nothing
00:11:23.880000,00:11:26.110000,and see this is empty there's nothing run this and seats updated jti kri
00:11:26.110000,00:11:26.120000,run this and seats updated jti kri
00:11:26.120000,00:11:27.670000,run this and seats updated jti kri length is 14 now balance would be
00:11:27.670000,00:11:27.680000,length is 14 now balance would be
00:11:27.680000,00:11:29.350000,length is 14 now balance would be updated
00:11:29.350000,00:11:29.360000,updated
00:11:29.360000,00:11:33.230000,"updated see you got it 5,000 rupes and okay now"
00:11:33.230000,00:11:33.240000,"see you got it 5,000 rupes and okay now"
00:11:33.240000,00:11:35.949000,"see you got it 5,000 rupes and okay now obviously you have to you"
00:11:35.949000,00:11:35.959000,obviously you have to you
00:11:35.959000,00:11:38.990000,"obviously you have to you know 5,000 but now the cursor is here so"
00:11:38.990000,00:11:39,"know 5,000 but now the cursor is here so"
00:11:39,00:11:40.590000,"know 5,000 but now the cursor is here so after depositing 1,000 rupees let me"
00:11:40.590000,00:11:40.600000,"after depositing 1,000 rupees let me"
00:11:40.600000,00:11:42.629000,"after depositing 1,000 rupees let me just click this step over again see the"
00:11:42.629000,00:11:42.639000,just click this step over again see the
00:11:42.639000,00:11:45.030000,"just click this step over again see the balance is 6,000 right and that's"
00:11:45.030000,00:11:45.040000,"balance is 6,000 right and that's"
00:11:45.040000,00:11:46.790000,"balance is 6,000 right and that's exactly you get the"
00:11:46.790000,00:11:46.800000,exactly you get the
00:11:46.800000,00:11:49.350000,exactly you get the output and now after returning from this
00:11:49.350000,00:11:49.360000,output and now after returning from this
00:11:49.360000,00:11:51.509000,output and now after returning from this the variables are out I mean deleted and
00:11:51.509000,00:11:51.519000,the variables are out I mean deleted and
00:11:51.519000,00:11:53.470000,the variables are out I mean deleted and there is no main in that step right the
00:11:53.470000,00:11:53.480000,there is no main in that step right the
00:11:53.480000,00:11:55.790000,there is no main in that step right the memories feed so let's just stop this
00:11:55.790000,00:11:55.800000,memories feed so let's just stop this
00:11:55.800000,00:11:56.509000,memories feed so let's just stop this and
00:11:56.509000,00:11:56.519000,and
00:11:56.519000,00:12:00.030000,and now call Jenny account do
00:12:00.030000,00:12:00.040000,now call Jenny account do
00:12:00.040000,00:12:03.069000,now call Jenny account do withdraw 500
00:12:03.069000,00:12:03.079000,withdraw 500
00:12:03.079000,00:12:09.030000,withdraw 500 rupees or 500 Point like maybe
00:12:11.509000,00:12:11.519000,50 if you run this or you debug this
00:12:11.519000,00:12:13.350000,50 if you run this or you debug this let's debug this and I'll show you the
00:12:13.350000,00:12:13.360000,let's debug this and I'll show you the
00:12:13.360000,00:12:15.069000,let's debug this and I'll show you the output you run this and see what output
00:12:15.069000,00:12:15.079000,output you run this and see what output
00:12:15.079000,00:12:17.230000,output you run this and see what output you getting so here we are having some
00:12:17.230000,00:12:17.240000,you getting so here we are having some
00:12:17.240000,00:12:18.910000,you getting so here we are having some variable just check the
00:12:18.910000,00:12:18.920000,variable just check the
00:12:18.920000,00:12:20.790000,variable just check the balance run
00:12:20.790000,00:12:20.800000,balance run
00:12:20.800000,00:12:24.110000,balance run this let me show you the name also
00:12:24.110000,00:12:24.120000,this let me show you the name also
00:12:24.120000,00:12:26.790000,this let me show you the name also here run this and you see the what
00:12:26.790000,00:12:26.800000,here run this and you see the what
00:12:26.800000,00:12:29.509000,"here run this and you see the what changes you are getting here see 5,000"
00:12:29.509000,00:12:29.519000,"changes you are getting here see 5,000"
00:12:29.519000,00:12:31.949000,"changes you are getting here see 5,000 after deposit 6,000 6,000 now the cursor"
00:12:31.949000,00:12:31.959000,"after deposit 6,000 6,000 now the cursor"
00:12:31.959000,00:12:36.430000,"after deposit 6,000 6,000 now the cursor is here now again step over see 54"
00:12:36.430000,00:12:36.440000,is here now again step over see 54
00:12:36.440000,00:12:39.949000,is here now again step over see 54 99.5 has been already updated right so
00:12:39.949000,00:12:39.959000,99.5 has been already updated right so
00:12:39.959000,00:12:42.430000,99.5 has been already updated right so like this this is how you can debug your
00:12:42.430000,00:12:42.440000,like this this is how you can debug your
00:12:42.440000,00:12:45.430000,like this this is how you can debug your code right now this is one way to create
00:12:45.430000,00:12:45.440000,code right now this is one way to create
00:12:45.440000,00:12:46.710000,code right now this is one way to create object and accessing these things now
00:12:46.710000,00:12:46.720000,object and accessing these things now
00:12:46.720000,00:12:49.350000,object and accessing these things now second way is pointer to object okay
00:12:49.350000,00:12:49.360000,second way is pointer to object okay
00:12:49.360000,00:12:52.269000,second way is pointer to object okay let's create that also rather than this
00:12:52.269000,00:12:52.279000,let's create that also rather than this
00:12:52.279000,00:12:55.430000,let's create that also rather than this let's just comment out everything and
00:12:55.430000,00:12:55.440000,let's just comment out everything and
00:12:55.440000,00:12:59.590000,let's just comment out everything and we'll be creating here
00:13:02.389000,00:13:02.399000,account with the help of pointer pointer
00:13:02.399000,00:13:07.990000,account with the help of pointer pointer to object so here I'm
00:13:12.269000,00:13:12.279000,writing jny account equal to new
00:13:12.279000,00:13:14.269000,writing jny account equal to new and
00:13:14.269000,00:13:14.279000,and
00:13:14.279000,00:13:17.509000,and account and this this is second way
00:13:17.509000,00:13:17.519000,account and this this is second way
00:13:17.519000,00:13:18.670000,account and this this is second way basically here we are calling the
00:13:18.670000,00:13:18.680000,basically here we are calling the
00:13:18.680000,00:13:20.509000,basically here we are calling the Constructor Constructor this is default
00:13:20.509000,00:13:20.519000,Constructor Constructor this is default
00:13:20.519000,00:13:22.189000,Constructor Constructor this is default Constructor this Constructor would be
00:13:22.189000,00:13:22.199000,Constructor this Constructor would be
00:13:22.199000,00:13:24.230000,Constructor this Constructor would be called here also but it is by default
00:13:24.230000,00:13:24.240000,called here also but it is by default
00:13:24.240000,00:13:25.430000,called here also but it is by default but here you need to write down that
00:13:25.430000,00:13:25.440000,but here you need to write down that
00:13:25.440000,00:13:27.389000,but here you need to write down that Constructor I'll discuss Constructor
00:13:27.389000,00:13:27.399000,Constructor I'll discuss Constructor
00:13:27.399000,00:13:29.110000,Constructor I'll discuss Constructor default Constructor parameterize
00:13:29.110000,00:13:29.120000,default Constructor parameterize
00:13:29.120000,00:13:30.790000,default Constructor parameterize structor everything in detail but for
00:13:30.790000,00:13:30.800000,structor everything in detail but for
00:13:30.800000,00:13:33.509000,structor everything in detail but for this video you just you know remember
00:13:33.509000,00:13:33.519000,this video you just you know remember
00:13:33.519000,00:13:34.790000,this video you just you know remember this is the second way to create object
00:13:34.790000,00:13:34.800000,this is the second way to create object
00:13:34.800000,00:13:36.110000,this is the second way to create object but this is not object here we are
00:13:36.110000,00:13:36.120000,but this is not object here we are
00:13:36.120000,00:13:38.710000,but this is not object here we are creating what pointer to object we are
00:13:38.710000,00:13:38.720000,creating what pointer to object we are
00:13:38.720000,00:13:40.990000,creating what pointer to object we are not creating object actually pointer to
00:13:40.990000,00:13:41,not creating object actually pointer to
00:13:41,00:13:43.430000,not creating object actually pointer to object this will return a pointer to
00:13:43.430000,00:13:43.440000,object this will return a pointer to
00:13:43.440000,00:13:45.509000,object this will return a pointer to object so we are having now pointer
00:13:45.509000,00:13:45.519000,object so we are having now pointer
00:13:45.519000,00:13:47.310000,object so we are having now pointer actually not an object here this is an
00:13:47.310000,00:13:47.320000,actually not an object here this is an
00:13:47.320000,00:13:49.230000,actually not an object here this is an object J account but here we have
00:13:49.230000,00:13:49.240000,object J account but here we have
00:13:49.240000,00:13:51.790000,object J account but here we have pointer to object so how to access using
00:13:51.790000,00:13:51.800000,pointer to object so how to access using
00:13:51.800000,00:13:53.590000,pointer to object so how to access using pointer to object one ways you have to
00:13:53.590000,00:13:53.600000,pointer to object one ways you have to
00:13:53.600000,00:13:55.629000,pointer to object one ways you have to De reference that pointer right if you
00:13:55.629000,00:13:55.639000,De reference that pointer right if you
00:13:55.639000,00:13:58.430000,De reference that pointer right if you remember with the help of s Str uh this
00:13:58.430000,00:13:58.440000,remember with the help of s Str uh this
00:13:58.440000,00:14:01.590000,remember with the help of s Str uh this op this is referencing operator estri
00:14:01.590000,00:14:01.600000,op this is referencing operator estri
00:14:01.600000,00:14:04.590000,op this is referencing operator estri and J account this because this is
00:14:04.590000,00:14:04.600000,and J account this because this is
00:14:04.600000,00:14:08.430000,and J account this because this is pointer so D reference it then Dot and
00:14:08.430000,00:14:08.440000,pointer so D reference it then Dot and
00:14:08.440000,00:14:10.269000,pointer so D reference it then Dot and then you can access these things like
00:14:10.269000,00:14:10.279000,then you can access these things like
00:14:10.279000,00:14:17.430000,then you can access these things like name equal
00:14:21.389000,00:14:21.399000,to like this one way is this right this
00:14:21.399000,00:14:24.310000,to like this one way is this right this will also work right second way is if
00:14:24.310000,00:14:24.320000,will also work right second way is if
00:14:24.320000,00:14:25.990000,will also work right second way is if you want to check out okay you can check
00:14:25.990000,00:14:26,you want to check out okay you can check
00:14:26,00:14:28.910000,you want to check out okay you can check out this also just move this break point
00:14:28.910000,00:14:28.920000,out this also just move this break point
00:14:28.920000,00:14:31.069000,out this also just move this break point and just add a break point
00:14:31.069000,00:14:31.079000,and just add a break point
00:14:31.079000,00:14:36.749000,and just add a break point here okay let's here do one more
00:14:39.829000,00:14:39.839000,thing access this balance as well and
00:14:39.839000,00:14:41.910000,"thing access this balance as well and 5,000."
00:14:41.910000,00:14:41.920000,"5,000."
00:14:41.920000,00:14:45.389000,"5,000. right and same to access the deposite"
00:14:45.389000,00:14:45.399000,right and same to access the deposite
00:14:45.399000,00:14:53.150000,right and same to access the deposite and withdraw we use this only
00:14:55.310000,00:14:55.320000,like so this is how if you create a
00:14:55.320000,00:14:56.430000,like so this is how if you create a pointer to object this is how you can
00:14:56.430000,00:14:56.440000,pointer to object this is how you can
00:14:56.440000,00:14:58.310000,pointer to object this is how you can access these things right and we are I'm
00:14:58.310000,00:14:58.320000,access these things right and we are I'm
00:14:58.320000,00:15:01.110000,access these things right and we are I'm just using these you know brackets for
00:15:01.110000,00:15:01.120000,just using these you know brackets for
00:15:01.120000,00:15:03.269000,just using these you know brackets for this because this do operator is having
00:15:03.269000,00:15:03.279000,this because this do operator is having
00:15:03.279000,00:15:06.110000,this because this do operator is having higher precedence than this s string but
00:15:06.110000,00:15:06.120000,higher precedence than this s string but
00:15:06.120000,00:15:07.749000,higher precedence than this s string but you want to be reference this object
00:15:07.749000,00:15:07.759000,you want to be reference this object
00:15:07.759000,00:15:09.629000,you want to be reference this object first then do operator you want to apply
00:15:09.629000,00:15:09.639000,first then do operator you want to apply
00:15:09.639000,00:15:11.069000,first then do operator you want to apply so that is why I'm just putting these
00:15:11.069000,00:15:11.079000,so that is why I'm just putting these
00:15:11.079000,00:15:13.550000,so that is why I'm just putting these brackets here to increase this this
00:15:13.550000,00:15:13.560000,brackets here to increase this this
00:15:13.560000,00:15:15.990000,brackets here to increase this this precedence of this estri operator
00:15:15.990000,00:15:16,precedence of this estri operator
00:15:16,00:15:17.790000,precedence of this estri operator right
00:15:17.790000,00:15:17.800000,right
00:15:17.800000,00:15:20.150000,right now let me run this first and show you
00:15:20.150000,00:15:20.160000,now let me run this first and show you
00:15:20.160000,00:15:22.749000,now let me run this first and show you the you know output directly so balance
00:15:22.749000,00:15:22.759000,the you know output directly so balance
00:15:22.759000,00:15:24.590000,the you know output directly so balance is this
00:15:24.590000,00:15:24.600000,is this
00:15:24.600000,00:15:27.790000,is this 6.5 now what we see let's debug this
00:15:27.790000,00:15:27.800000,6.5 now what we see let's debug this
00:15:27.800000,00:15:29.509000,6.5 now what we see let's debug this break point is here when creating this
00:15:29.509000,00:15:29.519000,break point is here when creating this
00:15:29.519000,00:15:31.870000,break point is here when creating this pointer to object let's debug this and
00:15:31.870000,00:15:31.880000,pointer to object let's debug this and
00:15:31.880000,00:15:35.870000,pointer to object let's debug this and step by step we will see okay now in
00:15:35.870000,00:15:35.880000,step by step we will see okay now in
00:15:35.880000,00:15:38.389000,step by step we will see okay now in stack we have this Main and in locals we
00:15:38.389000,00:15:38.399000,stack we have this Main and in locals we
00:15:38.399000,00:15:40.829000,stack we have this Main and in locals we have J account see in J account now we
00:15:40.829000,00:15:40.839000,have J account see in J account now we
00:15:40.839000,00:15:44.230000,have J account see in J account now we have some you know it's not object it's
00:15:44.230000,00:15:44.240000,have some you know it's not object it's
00:15:44.240000,00:15:45.430000,have some you know it's not object it's pointer to
00:15:45.430000,00:15:45.440000,pointer to
00:15:45.440000,00:15:47.069000,pointer to object
00:15:47.069000,00:15:47.079000,object
00:15:47.079000,00:15:52.150000,object right so here we have see here you
00:15:52.150000,00:15:52.160000,right so here we have see here you
00:15:52.160000,00:15:53.790000,right so here we have see here you should out of bound this address is out
00:15:53.790000,00:15:53.800000,should out of bound this address is out
00:15:53.800000,00:15:55.870000,should out of bound this address is out of bound rather than your name it will
00:15:55.870000,00:15:55.880000,of bound rather than your name it will
00:15:55.880000,00:15:58.990000,of bound rather than your name it will store the address right but ra right now
00:15:58.990000,00:15:59,store the address right but ra right now
00:15:59,00:16:00.629000,store the address right but ra right now some garbage value is there length is
00:16:00.629000,00:16:00.639000,some garbage value is there length is
00:16:00.639000,00:16:02.110000,some garbage value is there length is some garbage value and balance is also
00:16:02.110000,00:16:02.120000,some garbage value and balance is also
00:16:02.120000,00:16:06.350000,some garbage value and balance is also some garbage value okay now let's run
00:16:06.350000,00:16:06.360000,some garbage value okay now let's run
00:16:06.360000,00:16:09.870000,some garbage value okay now let's run this control is here so step over the
00:16:09.870000,00:16:09.880000,this control is here so step over the
00:16:09.880000,00:16:12.389000,this control is here so step over the next line is see now J account do name
00:16:12.389000,00:16:12.399000,next line is see now J account do name
00:16:12.399000,00:16:15.030000,next line is see now J account do name after creating this pointer to object we
00:16:15.030000,00:16:15.040000,after creating this pointer to object we
00:16:15.040000,00:16:17.790000,after creating this pointer to object we have here some address because pointer
00:16:17.790000,00:16:17.800000,have here some address because pointer
00:16:17.800000,00:16:19.350000,have here some address because pointer in pointer we have obviously address of
00:16:19.350000,00:16:19.360000,in pointer we have obviously address of
00:16:19.360000,00:16:21.629000,in pointer we have obviously address of some other variable so it is having the
00:16:21.629000,00:16:21.639000,some other variable so it is having the
00:16:21.639000,00:16:26.110000,some other variable so it is having the address see the address right now let's
00:16:26.110000,00:16:26.120000,address see the address right now let's
00:16:26.120000,00:16:27.590000,address see the address right now let's run this again we are not having any
00:16:27.590000,00:16:27.600000,run this again we are not having any
00:16:27.600000,00:16:30.509000,run this again we are not having any particular name now let's run this again
00:16:30.509000,00:16:30.519000,particular name now let's run this again
00:16:30.519000,00:16:32.910000,particular name now let's run this again see this is J account is having address
00:16:32.910000,00:16:32.920000,see this is J account is having address
00:16:32.920000,00:16:34.749000,see this is J account is having address so it is not object it is pointed to
00:16:34.749000,00:16:34.759000,so it is not object it is pointed to
00:16:34.759000,00:16:37.590000,so it is not object it is pointed to object step over see here now we have
00:16:37.590000,00:16:37.600000,object step over see here now we have
00:16:37.600000,00:16:41.309000,object step over see here now we have jti kri 14 because this line has been
00:16:41.309000,00:16:41.319000,jti kri 14 because this line has been
00:16:41.319000,00:16:43.590000,jti kri 14 because this line has been executed now cursor is in next line see
00:16:43.590000,00:16:43.600000,executed now cursor is in next line see
00:16:43.600000,00:16:45.030000,executed now cursor is in next line see th now the
00:16:45.030000,00:16:45.040000,th now the
00:16:45.040000,00:16:48.790000,"th now the balance 5,000 let's R this"
00:16:48.790000,00:16:48.800000,"balance 5,000 let's R this"
00:16:48.800000,00:16:54.309000,"balance 5,000 let's R this 60.5 after withdraw let's run this"
00:16:57.990000,00:16:58,55.5 right and if I again now the cursor
00:16:58,00:16:59.710000,55.5 right and if I again now the cursor is here
00:16:59.710000,00:16:59.720000,is here
00:16:59.720000,00:17:02.230000,is here means if I again run step over means out
00:17:02.230000,00:17:02.240000,means if I again run step over means out
00:17:02.240000,00:17:04.150000,means if I again run step over means out of this program
00:17:04.150000,00:17:04.160000,of this program
00:17:04.160000,00:17:08.150000,of this program means means variables and all gone out
00:17:08.150000,00:17:08.160000,means means variables and all gone out
00:17:08.160000,00:17:12.710000,means means variables and all gone out of the me I mean
00:17:15.549000,00:17:15.559000,sorry variables and all destroyed in
00:17:15.559000,00:17:16.909000,sorry variables and all destroyed in call stack also we don't have any Main
00:17:16.909000,00:17:16.919000,call stack also we don't have any Main
00:17:16.919000,00:17:19.590000,call stack also we don't have any Main and all right so this is the second
00:17:19.590000,00:17:19.600000,and all right so this is the second
00:17:19.600000,00:17:23.549000,and all right so this is the second way now okay rather than this we can use
00:17:23.549000,00:17:23.559000,way now okay rather than this we can use
00:17:23.559000,00:17:25.750000,way now okay rather than this we can use an arrow operator as well so rather than
00:17:25.750000,00:17:25.760000,an arrow operator as well so rather than
00:17:25.760000,00:17:29.270000,an arrow operator as well so rather than this let's just comment out everything
00:17:29.270000,00:17:29.280000,this let's just comment out everything
00:17:29.280000,00:17:31.150000,this let's just comment out everything and object is same pointer to object we
00:17:31.150000,00:17:31.160000,and object is same pointer to object we
00:17:31.160000,00:17:33.150000,and object is same pointer to object we are creating but how you can access
00:17:33.150000,00:17:33.160000,are creating but how you can access
00:17:33.160000,00:17:37.470000,are creating but how you can access simple J account and this arrow and see
00:17:37.470000,00:17:37.480000,simple J account and this arrow and see
00:17:37.480000,00:17:42.750000,simple J account and this arrow and see you can access any name is equal to
00:17:42.750000,00:17:42.760000,you can access any name is equal to
00:17:42.760000,00:17:45.950000,you can access any name is equal to G this also we can do right so rather
00:17:45.950000,00:17:45.960000,G this also we can do right so rather
00:17:45.960000,00:17:47.470000,G this also we can do right so rather than this if you're finding it difficult
00:17:47.470000,00:17:47.480000,than this if you're finding it difficult
00:17:47.480000,00:17:50.070000,than this if you're finding it difficult you can use Arrow this only means this
00:17:50.070000,00:17:50.080000,you can use Arrow this only means this
00:17:50.080000,00:17:52.549000,you can use Arrow this only means this means first D reference then apply do
00:17:52.549000,00:17:52.559000,means first D reference then apply do
00:17:52.559000,00:17:55.430000,means first D reference then apply do operator this Arrow this operator means
00:17:55.430000,00:17:55.440000,operator this Arrow this operator means
00:17:55.440000,00:17:57.230000,operator this Arrow this operator means right so if you are creating pointer to
00:17:57.230000,00:17:57.240000,right so if you are creating pointer to
00:17:57.240000,00:17:59.630000,right so if you are creating pointer to object use either this convention to
00:17:59.630000,00:17:59.640000,object use either this convention to
00:17:59.640000,00:18:02.630000,object use either this convention to access the methods and members for AR
00:18:02.630000,00:18:02.640000,access the methods and members for AR
00:18:02.640000,00:18:04.470000,access the methods and members for AR operator if you're creating object
00:18:04.470000,00:18:04.480000,operator if you're creating object
00:18:04.480000,00:18:06.070000,operator if you're creating object something like this simply use dot
00:18:06.070000,00:18:06.080000,something like this simply use dot
00:18:06.080000,00:18:07.950000,something like this simply use dot operator to access attributes and
00:18:07.950000,00:18:07.960000,operator to access attributes and
00:18:07.960000,00:18:12.230000,operator to access attributes and methods right so I hope you got this the
00:18:12.230000,00:18:12.240000,methods right so I hope you got this the
00:18:12.240000,00:18:13.710000,methods right so I hope you got this the class how to create objects how to
00:18:13.710000,00:18:13.720000,class how to create objects how to
00:18:13.720000,00:18:15.549000,class how to create objects how to access attributes and methods with the
00:18:15.549000,00:18:15.559000,access attributes and methods with the
00:18:15.559000,00:18:17.990000,access attributes and methods with the help of uh dot operator and AR operator
00:18:17.990000,00:18:18,help of uh dot operator and AR operator
00:18:18,00:18:19.630000,help of uh dot operator and AR operator right and I hope you got how to debug
00:18:19.630000,00:18:19.640000,right and I hope you got how to debug
00:18:19.640000,00:18:21.310000,right and I hope you got how to debug and all you got what is happening behind
00:18:21.310000,00:18:21.320000,and all you got what is happening behind
00:18:21.320000,00:18:24.870000,and all you got what is happening behind the scene right so I hope you got this
00:18:24.870000,00:18:24.880000,the scene right so I hope you got this
00:18:24.880000,00:18:26.230000,the scene right so I hope you got this concept in the next video we'll see one
00:18:26.230000,00:18:26.240000,concept in the next video we'll see one
00:18:26.240000,00:18:27.710000,concept in the next video we'll see one coding exercise based on this and after
00:18:27.710000,00:18:27.720000,coding exercise based on this and after
00:18:27.720000,00:18:30.430000,coding exercise based on this and after that we'll see next two concept right so
00:18:30.430000,00:18:30.440000,that we'll see next two concept right so
00:18:30.440000,00:18:31.870000,that we'll see next two concept right so now that's it for this video now I'll
00:18:31.870000,00:18:31.880000,now that's it for this video now I'll
00:18:31.880000,00:18:32.950000,now that's it for this video now I'll see you in the next video till then
00:18:32.950000,00:18:32.960000,see you in the next video till then
00:18:32.960000,00:18:36.880000,see you in the next video till then bye-bye take care
