Start Time,End Time,Text
00:00:02.510000,00:00:02.520000,hey everyone I hope you are safe and
00:00:02.520000,00:00:04.430000,hey everyone I hope you are safe and doing good so in the series of learning
00:00:04.430000,00:00:04.440000,doing good so in the series of learning
00:00:04.440000,00:00:05.950000,doing good so in the series of learning C++ programming language we are
00:00:05.950000,00:00:05.960000,C++ programming language we are
00:00:05.960000,00:00:08.350000,C++ programming language we are discussing uh oops Concept in C++ right
00:00:08.350000,00:00:08.360000,discussing uh oops Concept in C++ right
00:00:08.360000,00:00:10.270000,discussing uh oops Concept in C++ right in the previous video we have seen how
00:00:10.270000,00:00:10.280000,in the previous video we have seen how
00:00:10.280000,00:00:13.870000,in the previous video we have seen how to access class members using objects
00:00:13.870000,00:00:13.880000,to access class members using objects
00:00:13.880000,00:00:15.430000,to access class members using objects right and in that video also I have
00:00:15.430000,00:00:15.440000,right and in that video also I have
00:00:15.440000,00:00:18.390000,right and in that video also I have shown you know the the debugging process
00:00:18.390000,00:00:18.400000,shown you know the the debugging process
00:00:18.400000,00:00:20.349000,shown you know the the debugging process how to debug the program step by step I
00:00:20.349000,00:00:20.359000,how to debug the program step by step I
00:00:20.359000,00:00:24.070000,how to debug the program step by step I have shown you everything right now
00:00:24.070000,00:00:24.080000,have shown you everything right now
00:00:24.080000,00:00:25.670000,have shown you everything right now we'll be discussing one coding exercise
00:00:25.670000,00:00:25.680000,we'll be discussing one coding exercise
00:00:25.680000,00:00:27.630000,we'll be discussing one coding exercise in this video right I hope you are clear
00:00:27.630000,00:00:27.640000,in this video right I hope you are clear
00:00:27.640000,00:00:29.349000,in this video right I hope you are clear with what is a class what is object what
00:00:29.349000,00:00:29.359000,with what is a class what is object what
00:00:29.359000,00:00:31.349000,with what is a class what is object what are class CL members how to define a
00:00:31.349000,00:00:31.359000,are class CL members how to define a
00:00:31.359000,00:00:33.910000,are class CL members how to define a class how to you know Define an object
00:00:33.910000,00:00:33.920000,class how to you know Define an object
00:00:33.920000,00:00:35.869000,class how to you know Define an object how to create an object how to access
00:00:35.869000,00:00:35.879000,how to create an object how to access
00:00:35.879000,00:00:38.389000,how to create an object how to access those class members using objects no
00:00:38.389000,00:00:38.399000,those class members using objects no
00:00:38.399000,00:00:42.430000,those class members using objects no right so the question for you is first
00:00:42.430000,00:00:42.440000,right so the question for you is first
00:00:42.440000,00:00:46.229000,right so the question for you is first we you have to create one uh file
00:00:46.229000,00:00:46.239000,we you have to create one uh file
00:00:46.239000,00:00:49.910000,we you have to create one uh file suppose module
00:00:53.709000,00:00:53.719000,do extension would be do name can be
00:00:53.719000,00:00:56.029000,do extension would be do name can be anything I'm saying module it can be
00:00:56.029000,00:00:56.039000,anything I'm saying module it can be
00:00:56.039000,00:00:59.270000,anything I'm saying module it can be anything module do and here in this
00:00:59.270000,00:00:59.280000,anything module do and here in this
00:00:59.280000,00:01:01.910000,anything module do and here in this you'll be defining a
00:01:01.910000,00:01:01.920000,you'll be defining a
00:01:01.920000,00:01:08.910000,you'll be defining a class any class suppose
00:01:12.310000,00:01:12.320000,instructor and in this class it will
00:01:12.320000,00:01:15.310000,instructor and in this class it will have some attributes and one or two
00:01:15.310000,00:01:15.320000,have some attributes and one or two
00:01:15.320000,00:01:19.390000,have some attributes and one or two functions that's it just there is no you
00:01:19.390000,00:01:19.400000,functions that's it just there is no you
00:01:19.400000,00:01:22.429000,functions that's it just there is no you know other thing here in this module do
00:01:22.429000,00:01:22.439000,know other thing here in this module do
00:01:22.439000,00:01:24.469000,know other thing here in this module do just the class you can say that
00:01:24.469000,00:01:24.479000,just the class you can say that
00:01:24.479000,00:01:26.870000,just the class you can say that Declaration of the class having this
00:01:26.870000,00:01:26.880000,Declaration of the class having this
00:01:26.880000,00:01:29.749000,Declaration of the class having this class is having some attributes here and
00:01:29.749000,00:01:29.759000,class is having some attributes here and
00:01:29.759000,00:01:32.270000,class is having some attributes here and some some functions right suppose one
00:01:32.270000,00:01:32.280000,some some functions right suppose one
00:01:32.280000,00:01:33.190000,some some functions right suppose one function
00:01:33.190000,00:01:33.200000,function
00:01:33.200000,00:01:37.270000,function only fine and one
00:01:37.270000,00:01:37.280000,only fine and one
00:01:37.280000,00:01:40.469000,only fine and one more file another file would be like
00:01:40.469000,00:01:40.479000,more file another file would be like
00:01:40.479000,00:01:45.550000,more file another file would be like main. CPP main do
00:01:50.350000,00:01:50.360000,CPP right in this main do CPP we are
00:01:50.360000,00:01:53.709000,CPP right in this main do CPP we are going to create object of this class and
00:01:53.709000,00:01:53.719000,going to create object of this class and
00:01:53.719000,00:01:57.230000,going to create object of this class and we are going to access these attributes
00:01:57.230000,00:01:57.240000,we are going to access these attributes
00:01:57.240000,00:02:01.389000,we are going to access these attributes and functions from this file so there
00:02:01.389000,00:02:01.399000,and functions from this file so there
00:02:01.399000,00:02:04.190000,and functions from this file so there are basically two files everything is
00:02:04.190000,00:02:04.200000,are basically two files everything is
00:02:04.200000,00:02:06.870000,are basically two files everything is not within one file right there are two
00:02:06.870000,00:02:06.880000,not within one file right there are two
00:02:06.880000,00:02:10.470000,not within one file right there are two files first file with do H
00:02:10.470000,00:02:10.480000,files first file with do H
00:02:10.480000,00:02:13.190000,files first file with do H extension which is having only the
00:02:13.190000,00:02:13.200000,extension which is having only the
00:02:13.200000,00:02:14.790000,extension which is having only the class
00:02:14.790000,00:02:14.800000,class
00:02:14.800000,00:02:16.589000,class declaration
00:02:16.589000,00:02:16.599000,declaration
00:02:16.599000,00:02:20.550000,declaration right another file is in another file
00:02:20.550000,00:02:20.560000,right another file is in another file
00:02:20.560000,00:02:22.430000,right another file is in another file with do CPP extension we are going to
00:02:22.430000,00:02:22.440000,with do CPP extension we are going to
00:02:22.440000,00:02:23.990000,with do CPP extension we are going to create the object of this class and we
00:02:23.990000,00:02:24,create the object of this class and we
00:02:24,00:02:25.830000,create the object of this class and we are going to access these attributes and
00:02:25.830000,00:02:25.840000,are going to access these attributes and
00:02:25.840000,00:02:26.910000,are going to access these attributes and member
00:02:26.910000,00:02:26.920000,member
00:02:26.920000,00:02:29.910000,member functions any attribute like string name
00:02:29.910000,00:02:29.920000,functions any attribute like string name
00:02:29.920000,00:02:32.630000,functions any attribute like string name name int age or any function maybe like
00:02:32.630000,00:02:32.640000,name int age or any function maybe like
00:02:32.640000,00:02:34.350000,name int age or any function maybe like void display and just display the name
00:02:34.350000,00:02:34.360000,void display and just display the name
00:02:34.360000,00:02:37.630000,void display and just display the name of this instructor in that class and
00:02:37.630000,00:02:37.640000,of this instructor in that class and
00:02:37.640000,00:02:39.110000,of this instructor in that class and although we haven't discussed till now
00:02:39.110000,00:02:39.120000,although we haven't discussed till now
00:02:39.120000,00:02:41.830000,although we haven't discussed till now the ex specifier concept so make this
00:02:41.830000,00:02:41.840000,the ex specifier concept so make this
00:02:41.840000,00:02:43.350000,the ex specifier concept so make this everything here
00:02:43.350000,00:02:43.360000,everything here
00:02:43.360000,00:02:46.550000,everything here public only then we can access I mean
00:02:46.550000,00:02:46.560000,public only then we can access I mean
00:02:46.560000,00:02:49.350000,public only then we can access I mean the class member right using the
00:02:49.350000,00:02:49.360000,the class member right using the
00:02:49.360000,00:02:53.550000,the class member right using the object right now I hope you got the what
00:02:53.550000,00:02:53.560000,object right now I hope you got the what
00:02:53.560000,00:02:55.390000,object right now I hope you got the what in is the problem
00:02:55.390000,00:02:55.400000,in is the problem
00:02:55.400000,00:02:58.990000,in is the problem statement see in basically when we use
00:02:58.990000,00:02:59,statement see in basically when we use
00:02:59,00:03:02.430000,statement see in basically when we use this op concept then generally uh we
00:03:02.430000,00:03:02.440000,this op concept then generally uh we
00:03:02.440000,00:03:04.470000,this op concept then generally uh we don't include everything in one single
00:03:04.470000,00:03:04.480000,don't include everything in one single
00:03:04.480000,00:03:07.390000,don't include everything in one single file we generally uh divide this
00:03:07.390000,00:03:07.400000,file we generally uh divide this
00:03:07.400000,00:03:09.390000,file we generally uh divide this software development into two files one
00:03:09.390000,00:03:09.400000,software development into two files one
00:03:09.400000,00:03:13.149000,software development into two files one is extension and another is CPP
00:03:13.149000,00:03:13.159000,is extension and another is CPP
00:03:13.159000,00:03:15.550000,is extension and another is CPP extension extension file this file is
00:03:15.550000,00:03:15.560000,extension extension file this file is
00:03:15.560000,00:03:18.149000,extension extension file this file is having only the Declaration of classes
00:03:18.149000,00:03:18.159000,having only the Declaration of classes
00:03:18.159000,00:03:20.470000,having only the Declaration of classes functions some Global variables some
00:03:20.470000,00:03:20.480000,functions some Global variables some
00:03:20.480000,00:03:23.670000,functions some Global variables some macro definitions and all right that's
00:03:23.670000,00:03:23.680000,macro definitions and all right that's
00:03:23.680000,00:03:26.830000,macro definitions and all right that's it and the cpv will have definition of
00:03:26.830000,00:03:26.840000,it and the cpv will have definition of
00:03:26.840000,00:03:28.990000,it and the cpv will have definition of all these things like the functions or
00:03:28.990000,00:03:29,all these things like the functions or
00:03:29,00:03:30.750000,all these things like the functions or you know class definition function
00:03:30.750000,00:03:30.760000,you know class definition function
00:03:30.760000,00:03:33.589000,you know class definition function definition method definition or any
00:03:33.589000,00:03:33.599000,definition method definition or any
00:03:33.599000,00:03:35.949000,definition method definition or any other like Global variables or any other
00:03:35.949000,00:03:35.959000,other like Global variables or any other
00:03:35.959000,00:03:38.710000,other like Global variables or any other thing so this do will have only the
00:03:38.710000,00:03:38.720000,thing so this do will have only the
00:03:38.720000,00:03:40.229000,thing so this do will have only the Declaration of all the things and this
00:03:40.229000,00:03:40.239000,Declaration of all the things and this
00:03:40.239000,00:03:41.910000,Declaration of all the things and this is having the definition or the actual
00:03:41.910000,00:03:41.920000,is having the definition or the actual
00:03:41.920000,00:03:45.110000,is having the definition or the actual implementation this is code file and
00:03:45.110000,00:03:45.120000,implementation this is code file and
00:03:45.120000,00:03:48.110000,implementation this is code file and this is just the Declaration
00:03:48.110000,00:03:48.120000,this is just the Declaration
00:03:48.120000,00:03:50.750000,this is just the Declaration file right so when you will be working
00:03:50.750000,00:03:50.760000,file right so when you will be working
00:03:50.760000,00:03:52.789000,file right so when you will be working on you know large projects or large
00:03:52.789000,00:03:52.799000,on you know large projects or large
00:03:52.799000,00:03:55.069000,on you know large projects or large programs in later videos then you will
00:03:55.069000,00:03:55.079000,programs in later videos then you will
00:03:55.079000,00:03:58.470000,programs in later videos then you will get it better how I mean why and how we
00:03:58.470000,00:03:58.480000,get it better how I mean why and how we
00:03:58.480000,00:04:01.149000,get it better how I mean why and how we divide you know the code or the thing
00:04:01.149000,00:04:01.159000,divide you know the code or the thing
00:04:01.159000,00:04:03.910000,divide you know the code or the thing into two files or more than two files we
00:04:03.910000,00:04:03.920000,into two files or more than two files we
00:04:03.920000,00:04:06.309000,into two files or more than two files we can also have more than two files within
00:04:06.309000,00:04:06.319000,can also have more than two files within
00:04:06.319000,00:04:08.190000,can also have more than two files within single project we can have four five six
00:04:08.190000,00:04:08.200000,single project we can have four five six
00:04:08.200000,00:04:11.470000,single project we can have four five six files as many file as we want right but
00:04:11.470000,00:04:11.480000,files as many file as we want right but
00:04:11.480000,00:04:13.270000,files as many file as we want right but basically we are going we are going to
00:04:13.270000,00:04:13.280000,basically we are going we are going to
00:04:13.280000,00:04:14.990000,basically we are going we are going to start with now just two files one is
00:04:14.990000,00:04:15,start with now just two files one is
00:04:15,00:04:17.870000,start with now just two files one is with do extension one is with do CVP
00:04:17.870000,00:04:17.880000,with do extension one is with do CVP
00:04:17.880000,00:04:19.909000,with do extension one is with do CVP extension right so now pause the video
00:04:19.909000,00:04:19.919000,extension right so now pause the video
00:04:19.919000,00:04:22.150000,extension right so now pause the video and try this out so I hope you have done
00:04:22.150000,00:04:22.160000,and try this out so I hope you have done
00:04:22.160000,00:04:25.189000,and try this out so I hope you have done this let's create a new
00:04:25.189000,00:04:25.199000,this let's create a new
00:04:25.199000,00:04:30.270000,this let's create a new file module. H it's already exist so
00:04:30.270000,00:04:30.280000,file module. H it's already exist so
00:04:30.280000,00:04:33.110000,file module. H it's already exist so like module 1.
00:04:33.110000,00:04:33.120000,like module 1.
00:04:33.120000,00:04:38.310000,like module 1. H right and here we'll just have one
00:04:38.310000,00:04:38.320000,H right and here we'll just have one
00:04:38.320000,00:04:40.909000,H right and here we'll just have one class like
00:04:40.909000,00:04:40.919000,class like
00:04:40.919000,00:04:42.749000,class like class
00:04:42.749000,00:04:42.759000,class
00:04:42.759000,00:04:45.270000,class instructor there are some include guards
00:04:45.270000,00:04:45.280000,instructor there are some include guards
00:04:45.280000,00:04:48.270000,instructor there are some include guards as well like hash if and if hash Define
00:04:48.270000,00:04:48.280000,as well like hash if and if hash Define
00:04:48.280000,00:04:50.790000,as well like hash if and if hash Define it all those thing also we'll see but
00:04:50.790000,00:04:50.800000,it all those thing also we'll see but
00:04:50.800000,00:04:52.310000,it all those thing also we'll see but right now just simple thing I'm just
00:04:52.310000,00:04:52.320000,right now just simple thing I'm just
00:04:52.320000,00:04:55.150000,right now just simple thing I'm just taking one class here right and by
00:04:55.150000,00:04:55.160000,taking one class here right and by
00:04:55.160000,00:04:56.790000,taking one class here right and by default everything in class is private
00:04:56.790000,00:04:56.800000,default everything in class is private
00:04:56.800000,00:04:59.230000,default everything in class is private so make it public first and then take
00:04:59.230000,00:04:59.240000,so make it public first and then take
00:04:59.240000,00:05:01.909000,so make it public first and then take like
00:05:04.310000,00:05:04.320000,some attributes string and if you're
00:05:04.320000,00:05:07.590000,some attributes string and if you're taking here like string so
00:05:07.590000,00:05:07.600000,taking here like string so
00:05:07.600000,00:05:11.230000,taking here like string so obviously better to include
00:05:11.230000,00:05:11.240000,obviously better to include
00:05:11.240000,00:05:14.469000,obviously better to include what string header okay sorry this would
00:05:14.469000,00:05:14.479000,what string header okay sorry this would
00:05:14.479000,00:05:17.230000,what string header okay sorry this would be scope resolution operator right and
00:05:17.230000,00:05:17.240000,be scope resolution operator right and
00:05:17.240000,00:05:22.909000,be scope resolution operator right and one thing I have like in and
00:05:26.189000,00:05:26.199000,uh experience of that
00:05:26.199000,00:05:28.749000,uh experience of that instructor and only one function I'm
00:05:28.749000,00:05:28.759000,instructor and only one function I'm
00:05:28.759000,00:05:32.990000,instructor and only one function I'm taking like void
00:05:35.430000,00:05:35.440000,display and just Define the here only
00:05:35.440000,00:05:38.270000,display and just Define the here only and I'm just writing here like hi myself
00:05:38.270000,00:05:38.280000,and I'm just writing here like hi myself
00:05:38.280000,00:05:40.710000,and I'm just writing here like hi myself and whatever the name we will take and
00:05:40.710000,00:05:40.720000,and whatever the name we will take and
00:05:40.720000,00:05:45.430000,and whatever the name we will take and like having
00:05:49.350000,00:05:49.360000,experience whatever the EXP we
00:05:49.360000,00:05:52.590000,experience whatever the EXP we take and we are not using here the using
00:05:52.590000,00:05:52.600000,take and we are not using here the using
00:05:52.600000,00:05:54.830000,take and we are not using here the using name space STD so better to write down
00:05:54.830000,00:05:54.840000,name space STD so better to write down
00:05:54.840000,00:06:00.070000,name space STD so better to write down like obviously that name space STD
00:06:04.830000,00:06:04.840000,right so now here we have just only this
00:06:04.840000,00:06:07.150000,right so now here we have just only this class although I have defined this
00:06:07.150000,00:06:07.160000,class although I have defined this
00:06:07.160000,00:06:09.189000,class although I have defined this method here we'll also see method
00:06:09.189000,00:06:09.199000,method here we'll also see method
00:06:09.199000,00:06:11.430000,method here we'll also see method implementation uh different ways to
00:06:11.430000,00:06:11.440000,implementation uh different ways to
00:06:11.440000,00:06:13.150000,implementation uh different ways to implement these method inside class
00:06:13.150000,00:06:13.160000,implement these method inside class
00:06:13.160000,00:06:15.309000,implement these method inside class outside class different class and all
00:06:15.309000,00:06:15.319000,outside class different class and all
00:06:15.319000,00:06:18.510000,outside class different class and all but for now sorry but for now I'm just
00:06:18.510000,00:06:18.520000,but for now sorry but for now I'm just
00:06:18.520000,00:06:20.070000,but for now sorry but for now I'm just defining this method here only inside
00:06:20.070000,00:06:20.080000,defining this method here only inside
00:06:20.080000,00:06:23.230000,defining this method here only inside this class only
00:06:23.230000,00:06:23.240000,this class only
00:06:23.240000,00:06:27.110000,this class only right but yeah you are using this C out
00:06:27.110000,00:06:27.120000,right but yeah you are using this C out
00:06:27.120000,00:06:32.469000,right but yeah you are using this C out so you have to include here
00:06:50.589000,00:06:50.599000,only let's create one more file and I'm
00:06:50.599000,00:06:54.110000,only let's create one more file and I'm going to uh make that name of the
00:06:54.110000,00:06:54.120000,going to uh make that name of the
00:06:54.120000,00:06:57.909000,going to uh make that name of the file instructor.
00:06:57.909000,00:06:57.919000,file instructor.
00:06:57.919000,00:07:00.189000,file instructor. CPP right
00:07:00.189000,00:07:00.199000,CPP right
00:07:00.199000,00:07:03.270000,CPP right and here in this file this is main file
00:07:03.270000,00:07:03.280000,and here in this file this is main file
00:07:03.280000,00:07:05.270000,and here in this file this is main file or you can take any name here I'm going
00:07:05.270000,00:07:05.280000,or you can take any name here I'm going
00:07:05.280000,00:07:07.790000,or you can take any name here I'm going to create object of that class that we
00:07:07.790000,00:07:07.800000,to create object of that class that we
00:07:07.800000,00:07:10.029000,to create object of that class that we have in this module 1.
00:07:10.029000,00:07:10.039000,have in this module 1.
00:07:10.039000,00:07:16.270000,have in this module 1. H so to access this class from this this
00:07:16.270000,00:07:16.280000,H so to access this class from this this
00:07:16.280000,00:07:18.710000,H so to access this class from this this file CP CB file first you have to
00:07:18.710000,00:07:18.720000,file CP CB file first you have to
00:07:18.720000,00:07:23.070000,file CP CB file first you have to include this module 1. within this file
00:07:23.070000,00:07:23.080000,include this module 1. within this file
00:07:23.080000,00:07:25.990000,include this module 1. within this file right so we have to include something
00:07:25.990000,00:07:26,right so we have to include something
00:07:26,00:07:29.710000,right so we have to include something like this hash include and
00:07:29.710000,00:07:29.720000,like this hash include and
00:07:29.720000,00:07:32.710000,like this hash include and module 1. H here I'm not using these
00:07:32.710000,00:07:32.720000,module 1. H here I'm not using these
00:07:32.720000,00:07:34.550000,module 1. H here I'm not using these brackets angular brackets because these
00:07:34.550000,00:07:34.560000,brackets angular brackets because these
00:07:34.560000,00:07:36.150000,brackets angular brackets because these brackets are used when you want to
00:07:36.150000,00:07:36.160000,brackets are used when you want to
00:07:36.160000,00:07:38.790000,brackets are used when you want to include those standard system defined
00:07:38.790000,00:07:38.800000,include those standard system defined
00:07:38.800000,00:07:40.749000,include those standard system defined libraries iio stream string Vector
00:07:40.749000,00:07:40.759000,libraries iio stream string Vector
00:07:40.759000,00:07:42.830000,libraries iio stream string Vector already defined but if you want to
00:07:42.830000,00:07:42.840000,already defined but if you want to
00:07:42.840000,00:07:45.270000,already defined but if you want to include the file which you have defined
00:07:45.270000,00:07:45.280000,include the file which you have defined
00:07:45.280000,00:07:46.149000,include the file which you have defined like
00:07:46.149000,00:07:46.159000,like
00:07:46.159000,00:07:52.629000,like module module 1 do then we use this uh
00:07:52.629000,00:07:52.639000,module module 1 do then we use this uh
00:07:52.639000,00:07:54.990000,module module 1 do then we use this uh uh double quotes right not those angular
00:07:54.990000,00:07:55,uh double quotes right not those angular
00:07:55,00:07:57.670000,uh double quotes right not those angular brackets so these are some convention to
00:07:57.670000,00:07:57.680000,brackets so these are some convention to
00:07:57.680000,00:08:00.149000,brackets so these are some convention to include these files
00:08:00.149000,00:08:00.159000,include these files
00:08:00.159000,00:08:03.189000,include these files okay
00:08:07.189000,00:08:07.199000,now let's include iio stream as well and
00:08:07.199000,00:08:10.869000,now let's include iio stream as well and uh now obviously here we will have Main
00:08:10.869000,00:08:10.879000,uh now obviously here we will have Main
00:08:10.879000,00:08:12.469000,uh now obviously here we will have Main and within main we are going to create
00:08:12.469000,00:08:12.479000,and within main we are going to create
00:08:12.479000,00:08:17.270000,and within main we are going to create object of see instructor I can easily
00:08:17.270000,00:08:17.280000,object of see instructor I can easily
00:08:17.280000,00:08:19.029000,object of see instructor I can easily access this right because I have include
00:08:19.029000,00:08:19.039000,access this right because I have include
00:08:19.039000,00:08:20.749000,access this right because I have include this module 1. and if you haven't
00:08:20.749000,00:08:20.759000,this module 1. and if you haven't
00:08:20.759000,00:08:23.309000,this module 1. and if you haven't include this let's just comment out this
00:08:23.309000,00:08:23.319000,include this let's just comment out this
00:08:23.319000,00:08:24.149000,include this let's just comment out this and
00:08:24.149000,00:08:24.159000,and
00:08:24.159000,00:08:28.270000,and now see it's not showing those you know
00:08:28.270000,00:08:28.280000,now see it's not showing those you know
00:08:28.280000,00:08:32.430000,now see it's not showing those you know options so to access whatever is there
00:08:32.430000,00:08:32.440000,options so to access whatever is there
00:08:32.440000,00:08:34.389000,options so to access whatever is there in to to access this class you have to
00:08:34.389000,00:08:34.399000,in to to access this class you have to
00:08:34.399000,00:08:35.909000,in to to access this class you have to include
00:08:35.909000,00:08:35.919000,include
00:08:35.919000,00:08:39.310000,include this module one so instructor and
00:08:39.310000,00:08:39.320000,this module one so instructor and
00:08:39.320000,00:08:41.909000,this module one so instructor and suppose
00:08:41.909000,00:08:41.919000,suppose
00:08:41.919000,00:08:46.070000,suppose J or
00:08:48.750000,00:08:48.760000,uh instructor
00:08:48.760000,00:08:54.750000,uh instructor 1 that's it and instructor 1 dot name
00:08:54.750000,00:08:54.760000,1 that's it and instructor 1 dot name
00:08:54.760000,00:08:59.590000,1 that's it and instructor 1 dot name equal to Jenny
00:09:03.509000,00:09:03.519000,and instructor 1 do age sorry not age
00:09:03.519000,00:09:07.829000,and instructor 1 do age sorry not age that was experience is equal to how many
00:09:07.829000,00:09:07.839000,that was experience is equal to how many
00:09:07.839000,00:09:13.230000,that was experience is equal to how many years suppose 7 years and
00:09:19.230000,00:09:19.240000,then instructor 1 do display that's
00:09:19.240000,00:09:22.990000,then instructor 1 do display that's it return
00:09:26.190000,00:09:26.200000,zero fine now let's run this and see
00:09:26.200000,00:09:29.069000,zero fine now let's run this and see what output you are getting here see hi
00:09:29.069000,00:09:29.079000,what output you are getting here see hi
00:09:29.079000,00:09:31.310000,what output you are getting here see hi myself joury having experience of 7
00:09:31.310000,00:09:31.320000,myself joury having experience of 7
00:09:31.320000,00:09:33.550000,myself joury having experience of 7 years you got
00:09:33.550000,00:09:33.560000,years you got
00:09:33.560000,00:09:37.829000,years you got it right so see we have two files now
00:09:37.829000,00:09:37.839000,it right so see we have two files now
00:09:37.839000,00:09:40.430000,it right so see we have two files now for only like one it's like small
00:09:40.430000,00:09:40.440000,for only like one it's like small
00:09:40.440000,00:09:43.790000,for only like one it's like small project here we have only just the class
00:09:43.790000,00:09:43.800000,project here we have only just the class
00:09:43.800000,00:09:46.829000,project here we have only just the class class declaration and from here we are
00:09:46.829000,00:09:46.839000,class declaration and from here we are
00:09:46.839000,00:09:48.829000,class declaration and from here we are accessing using the object we are
00:09:48.829000,00:09:48.839000,accessing using the object we are
00:09:48.839000,00:09:50.230000,accessing using the object we are accessing whatever is there in the class
00:09:50.230000,00:09:50.240000,accessing whatever is there in the class
00:09:50.240000,00:09:51.790000,accessing whatever is there in the class the class members right so this also we
00:09:51.790000,00:09:51.800000,the class members right so this also we
00:09:51.800000,00:09:54.990000,the class members right so this also we can do just you have to include that do
00:09:54.990000,00:09:55,can do just you have to include that do
00:09:55,00:09:57.710000,can do just you have to include that do file right so in the next video we'll
00:09:57.710000,00:09:57.720000,file right so in the next video we'll
00:09:57.720000,00:09:59.870000,file right so in the next video we'll see what are excess specifiers you know
00:09:59.870000,00:09:59.880000,see what are excess specifiers you know
00:09:59.880000,00:10:01.550000,see what are excess specifiers you know public private and protected so now we
00:10:01.550000,00:10:01.560000,public private and protected so now we
00:10:01.560000,00:10:03.389000,public private and protected so now we see in the next video then bye- bye take
00:10:03.389000,00:10:03.399000,see in the next video then bye- bye take
00:10:03.399000,00:10:06.399000,see in the next video then bye- bye take care
