Start Time,End Time,Text
00:00:02.149000,00:00:02.159000,hey everyone I hope you are safe and
00:00:02.159000,00:00:04.110000,hey everyone I hope you are safe and doing good so in the series of learning
00:00:04.110000,00:00:04.120000,doing good so in the series of learning
00:00:04.120000,00:00:05.910000,doing good so in the series of learning C++ programming language in the previous
00:00:05.910000,00:00:05.920000,C++ programming language in the previous
00:00:05.920000,00:00:08.110000,C++ programming language in the previous video we have seen what are ex
00:00:08.110000,00:00:08.120000,video we have seen what are ex
00:00:08.120000,00:00:11.030000,video we have seen what are ex specifiers private public and
00:00:11.030000,00:00:11.040000,specifiers private public and
00:00:11.040000,00:00:13.589000,specifiers private public and protected right now although we haven't
00:00:13.589000,00:00:13.599000,protected right now although we haven't
00:00:13.599000,00:00:15.829000,protected right now although we haven't discussed protected because that is used
00:00:15.829000,00:00:15.839000,discussed protected because that is used
00:00:15.839000,00:00:17.470000,discussed protected because that is used in inheritance and that thing we'll
00:00:17.470000,00:00:17.480000,in inheritance and that thing we'll
00:00:17.480000,00:00:19.590000,in inheritance and that thing we'll discuss later in the C++ course right so
00:00:19.590000,00:00:19.600000,discuss later in the C++ course right so
00:00:19.600000,00:00:20.870000,discuss later in the C++ course right so we have discussed private and public
00:00:20.870000,00:00:20.880000,we have discussed private and public
00:00:20.880000,00:00:24.189000,we have discussed private and public with help of examples right now in this
00:00:24.189000,00:00:24.199000,with help of examples right now in this
00:00:24.199000,00:00:26.910000,with help of examples right now in this video we'll see how to implement class
00:00:26.910000,00:00:26.920000,video we'll see how to implement class
00:00:26.920000,00:00:29.109000,video we'll see how to implement class methods you know I hope you know what
00:00:29.109000,00:00:29.119000,methods you know I hope you know what
00:00:29.119000,00:00:30.630000,methods you know I hope you know what are class methods
00:00:30.630000,00:00:30.640000,are class methods
00:00:30.640000,00:00:32.510000,are class methods these are simply functions but these
00:00:32.510000,00:00:32.520000,these are simply functions but these
00:00:32.520000,00:00:34.670000,these are simply functions but these functions are not free floating function
00:00:34.670000,00:00:34.680000,functions are not free floating function
00:00:34.680000,00:00:37.389000,functions are not free floating function in the program these function are you
00:00:37.389000,00:00:37.399000,in the program these function are you
00:00:37.399000,00:00:40.110000,in the program these function are you know bound to a specific class that is
00:00:40.110000,00:00:40.120000,know bound to a specific class that is
00:00:40.120000,00:00:41.950000,know bound to a specific class that is why these are known as
00:00:41.950000,00:00:41.960000,why these are known as
00:00:41.960000,00:00:44.389000,why these are known as methods right class you know member
00:00:44.389000,00:00:44.399000,methods right class you know member
00:00:44.399000,00:00:47.310000,methods right class you know member functions or methods we can say more
00:00:47.310000,00:00:47.320000,functions or methods we can say more
00:00:47.320000,00:00:49.430000,functions or methods we can say more specifically if we say then we uh you
00:00:49.430000,00:00:49.440000,specifically if we say then we uh you
00:00:49.440000,00:00:52.270000,specifically if we say then we uh you know uh call them member functions right
00:00:52.270000,00:00:52.280000,know uh call them member functions right
00:00:52.280000,00:00:54.670000,know uh call them member functions right or methods also we can say right now how
00:00:54.670000,00:00:54.680000,or methods also we can say right now how
00:00:54.680000,00:00:57.510000,or methods also we can say right now how to implement those methods till now we
00:00:57.510000,00:00:57.520000,to implement those methods till now we
00:00:57.520000,00:00:59.670000,to implement those methods till now we were implementing or we were defining
00:00:59.670000,00:00:59.680000,were implementing or we were defining
00:00:59.680000,00:01:00.750000,were implementing or we were defining those
00:01:00.750000,00:01:00.760000,those
00:01:00.760000,00:01:03.869000,those methods inside the class only right
00:01:03.869000,00:01:03.879000,methods inside the class only right
00:01:03.879000,00:01:07.149000,methods inside the class only right those deposit and uh withdraw and all
00:01:07.149000,00:01:07.159000,those deposit and uh withdraw and all
00:01:07.159000,00:01:09.149000,those deposit and uh withdraw and all inside the class only we have just
00:01:09.149000,00:01:09.159000,inside the class only we have just
00:01:09.159000,00:01:11.390000,inside the class only we have just defined those functions so right so that
00:01:11.390000,00:01:11.400000,defined those functions so right so that
00:01:11.400000,00:01:13.950000,defined those functions so right so that is also fine but there are three ways
00:01:13.950000,00:01:13.960000,is also fine but there are three ways
00:01:13.960000,00:01:16.390000,is also fine but there are three ways basically to implement class methods one
00:01:16.390000,00:01:16.400000,basically to implement class methods one
00:01:16.400000,00:01:19.429000,basically to implement class methods one is inside the class second is outside
00:01:19.429000,00:01:19.439000,is inside the class second is outside
00:01:19.439000,00:01:21.670000,is inside the class second is outside the class and third is separate the
00:01:21.670000,00:01:21.680000,the class and third is separate the
00:01:21.680000,00:01:24.749000,the class and third is separate the specifications of those methods from the
00:01:24.749000,00:01:24.759000,specifications of those methods from the
00:01:24.759000,00:01:26.590000,specifications of those methods from the implementation from the actual
00:01:26.590000,00:01:26.600000,implementation from the actual
00:01:26.600000,00:01:28.550000,implementation from the actual definition right so declaration and
00:01:28.550000,00:01:28.560000,definition right so declaration and
00:01:28.560000,00:01:31.069000,definition right so declaration and definition would be different I mean
00:01:31.069000,00:01:31.079000,definition would be different I mean
00:01:31.079000,00:01:32.950000,definition would be different I mean this inside the class outside the class
00:01:32.950000,00:01:32.960000,this inside the class outside the class
00:01:32.960000,00:01:34.429000,this inside the class outside the class this would be obviously within the same
00:01:34.429000,00:01:34.439000,this would be obviously within the same
00:01:34.439000,00:01:37.190000,this would be obviously within the same file whatever we create like CPP program
00:01:37.190000,00:01:37.200000,file whatever we create like CPP program
00:01:37.200000,00:01:41.469000,file whatever we create like CPP program right but here we divide our project or
00:01:41.469000,00:01:41.479000,right but here we divide our project or
00:01:41.479000,00:01:44.310000,right but here we divide our project or that our program into two files one
00:01:44.310000,00:01:44.320000,that our program into two files one
00:01:44.320000,00:01:50.310000,that our program into two files one is file and one is CPP file in Ed file
00:01:50.310000,00:01:50.320000,is file and one is CPP file in Ed file
00:01:50.320000,00:01:53.990000,is file and one is CPP file in Ed file only the Declaration of the class and
00:01:53.990000,00:01:54,only the Declaration of the class and
00:01:54,00:01:56.510000,only the Declaration of the class and those methods only within that class no
00:01:56.510000,00:01:56.520000,those methods only within that class no
00:01:56.520000,00:01:59.029000,those methods only within that class no implementation of those methods and one
00:01:59.029000,00:01:59.039000,implementation of those methods and one
00:01:59.039000,00:02:02.270000,implementation of those methods and one separate CPP file where we Implement
00:02:02.270000,00:02:02.280000,separate CPP file where we Implement
00:02:02.280000,00:02:06.109000,separate CPP file where we Implement those methods right so generally uh in
00:02:06.109000,00:02:06.119000,those methods right so generally uh in
00:02:06.119000,00:02:07.709000,those methods right so generally uh in software development when you're using
00:02:07.709000,00:02:07.719000,software development when you're using
00:02:07.719000,00:02:10.150000,software development when you're using this oops concept
00:02:10.150000,00:02:10.160000,this oops concept
00:02:10.160000,00:02:12.430000,this oops concept generally that would be divided the
00:02:12.430000,00:02:12.440000,generally that would be divided the
00:02:12.440000,00:02:14.110000,generally that would be divided the project or that thing would be divided
00:02:14.110000,00:02:14.120000,project or that thing would be divided
00:02:14.120000,00:02:16.150000,project or that thing would be divided into two files one is do H file one is
00:02:16.150000,00:02:16.160000,into two files one is do H file one is
00:02:16.160000,00:02:20.350000,into two files one is do H file one is RO C file we don't put everything in a
00:02:20.350000,00:02:20.360000,RO C file we don't put everything in a
00:02:20.360000,00:02:22.430000,RO C file we don't put everything in a single file when you're are dealing with
00:02:22.430000,00:02:22.440000,single file when you're are dealing with
00:02:22.440000,00:02:24.390000,single file when you're are dealing with the projects large projects right at
00:02:24.390000,00:02:24.400000,the projects large projects right at
00:02:24.400000,00:02:26.710000,the projects large projects right at industry level this is
00:02:26.710000,00:02:26.720000,industry level this is
00:02:26.720000,00:02:28.869000,industry level this is recommended just put your Declarations
00:02:28.869000,00:02:28.879000,recommended just put your Declarations
00:02:28.879000,00:02:30.630000,recommended just put your Declarations of your classes functions Global
00:02:30.630000,00:02:30.640000,of your classes functions Global
00:02:30.640000,00:02:32.790000,of your classes functions Global variables macro definition in a separate
00:02:32.790000,00:02:32.800000,variables macro definition in a separate
00:02:32.800000,00:02:34.990000,variables macro definition in a separate file and the implementation or
00:02:34.990000,00:02:35,file and the implementation or
00:02:35,00:02:36.750000,file and the implementation or definition of those thing in a separate
00:02:36.750000,00:02:36.760000,definition of those thing in a separate
00:02:36.760000,00:02:39.910000,definition of those thing in a separate file right you'll be habitual of using
00:02:39.910000,00:02:39.920000,file right you'll be habitual of using
00:02:39.920000,00:02:42.270000,file right you'll be habitual of using these two files and all once you know
00:02:42.270000,00:02:42.280000,these two files and all once you know
00:02:42.280000,00:02:44.190000,these two files and all once you know we'll be uh moving further in this
00:02:44.190000,00:02:44.200000,we'll be uh moving further in this
00:02:44.200000,00:02:46.270000,we'll be uh moving further in this course And discussing projects and more
00:02:46.270000,00:02:46.280000,course And discussing projects and more
00:02:46.280000,00:02:48.589000,course And discussing projects and more programs right so three ways to
00:02:48.589000,00:02:48.599000,programs right so three ways to
00:02:48.599000,00:02:50.790000,programs right so three ways to implement class methods I'll show you
00:02:50.790000,00:02:50.800000,implement class methods I'll show you
00:02:50.800000,00:02:53.309000,implement class methods I'll show you all the meth uh three ways inside we
00:02:53.309000,00:02:53.319000,all the meth uh three ways inside we
00:02:53.319000,00:02:55.270000,all the meth uh three ways inside we have seen to some word but I'll show you
00:02:55.270000,00:02:55.280000,have seen to some word but I'll show you
00:02:55.280000,00:02:57.630000,have seen to some word but I'll show you that thing also how to implement outside
00:02:57.630000,00:02:57.640000,that thing also how to implement outside
00:02:57.640000,00:02:59.229000,that thing also how to implement outside and how to do this thing with the help
00:02:59.229000,00:02:59.239000,and how to do this thing with the help
00:02:59.239000,00:03:02.550000,and how to do this thing with the help of these two files this already we have
00:03:02.550000,00:03:02.560000,of these two files this already we have
00:03:02.560000,00:03:04.789000,of these two files this already we have discussed uh in one of the coding
00:03:04.789000,00:03:04.799000,discussed uh in one of the coding
00:03:04.799000,00:03:07.470000,discussed uh in one of the coding exercise not in the previous video but
00:03:07.470000,00:03:07.480000,exercise not in the previous video but
00:03:07.480000,00:03:09.030000,exercise not in the previous video but you know I think previous two previous
00:03:09.030000,00:03:09.040000,you know I think previous two previous
00:03:09.040000,00:03:10.630000,you know I think previous two previous video we have discussed one coding
00:03:10.630000,00:03:10.640000,video we have discussed one coding
00:03:10.640000,00:03:13.110000,video we have discussed one coding exercise there we have taken two uh you
00:03:13.110000,00:03:13.120000,exercise there we have taken two uh you
00:03:13.120000,00:03:13.910000,exercise there we have taken two uh you know
00:03:13.910000,00:03:13.920000,know
00:03:13.920000,00:03:17.149000,know classes and do CPP you can go and watch
00:03:17.149000,00:03:17.159000,classes and do CPP you can go and watch
00:03:17.159000,00:03:20.830000,classes and do CPP you can go and watch that video also okay now first let's see
00:03:20.830000,00:03:20.840000,that video also okay now first let's see
00:03:20.840000,00:03:22.750000,that video also okay now first let's see inside the class how to define class
00:03:22.750000,00:03:22.760000,inside the class how to define class
00:03:22.760000,00:03:26.190000,inside the class how to define class methods inside this uh class so let's
00:03:26.190000,00:03:26.200000,methods inside this uh class so let's
00:03:26.200000,00:03:29.350000,methods inside this uh class so let's create a new file first within this C++
00:03:29.350000,00:03:29.360000,create a new file first within this C++
00:03:29.360000,00:03:32.830000,create a new file first within this C++ forace only okay so let's have a class
00:03:32.830000,00:03:32.840000,forace only okay so let's have a class
00:03:32.840000,00:03:35.750000,forace only okay so let's have a class account we have string name and balance
00:03:35.750000,00:03:35.760000,account we have string name and balance
00:03:35.760000,00:03:38.630000,account we have string name and balance okay this is undefined because you are
00:03:38.630000,00:03:38.640000,okay this is undefined because you are
00:03:38.640000,00:03:42.589000,okay this is undefined because you are not using those STD the name space I
00:03:42.589000,00:03:42.599000,not using those STD the name space I
00:03:42.599000,00:03:44.429000,not using those STD the name space I haven't used here using namespace STD
00:03:44.429000,00:03:44.439000,haven't used here using namespace STD
00:03:44.439000,00:03:45.750000,haven't used here using namespace STD that is why you have to separately
00:03:45.750000,00:03:45.760000,that is why you have to separately
00:03:45.760000,00:03:47.910000,that is why you have to separately include STD and you know the scope
00:03:47.910000,00:03:47.920000,include STD and you know the scope
00:03:47.920000,00:03:51.229000,include STD and you know the scope resolution operator fine okay these two
00:03:51.229000,00:03:51.239000,resolution operator fine okay these two
00:03:51.239000,00:03:53.270000,resolution operator fine okay these two are private because I haven't specified
00:03:53.270000,00:03:53.280000,are private because I haven't specified
00:03:53.280000,00:03:55.589000,are private because I haven't specified anything here and let's
00:03:55.589000,00:03:55.599000,anything here and let's
00:03:55.599000,00:04:00.229000,anything here and let's take method now public so see I have
00:04:00.229000,00:04:00.239000,take method now public so see I have
00:04:00.239000,00:04:02.309000,take method now public so see I have told you in previous video These are
00:04:02.309000,00:04:02.319000,told you in previous video These are
00:04:02.319000,00:04:04.030000,told you in previous video These are these attributes name and balance are
00:04:04.030000,00:04:04.040000,these attributes name and balance are
00:04:04.040000,00:04:06.309000,these attributes name and balance are private so if you want to access or set
00:04:06.309000,00:04:06.319000,private so if you want to access or set
00:04:06.319000,00:04:07.750000,private so if you want to access or set or get the values of these things we
00:04:07.750000,00:04:07.760000,or get the values of these things we
00:04:07.760000,00:04:10.309000,or get the values of these things we generally use getter and Setter methods
00:04:10.309000,00:04:10.319000,generally use getter and Setter methods
00:04:10.319000,00:04:14.030000,generally use getter and Setter methods right so let's take one method
00:04:14.030000,00:04:14.040000,right so let's take one method
00:04:14.040000,00:04:17.110000,right so let's take one method set
00:04:19.670000,00:04:19.680000,balance and balance is equal to whatever
00:04:19.680000,00:04:23.030000,balance and balance is equal to whatever the amount you pass that would be the
00:04:23.030000,00:04:23.040000,the amount you pass that would be the
00:04:23.040000,00:04:27.390000,the amount you pass that would be the balance and one is get method so it is
00:04:27.390000,00:04:27.400000,balance and one is get method so it is
00:04:27.400000,00:04:29.070000,balance and one is get method so it is going to return the balance so return
00:04:29.070000,00:04:29.080000,going to return the balance so return
00:04:29.080000,00:04:33.150000,going to return the balance so return type would be in
00:04:34.670000,00:04:34.680000,if you want to check out the balance you
00:04:34.680000,00:04:36.790000,if you want to check out the balance you just call get balance and it is going to
00:04:36.790000,00:04:36.800000,just call get balance and it is going to
00:04:36.800000,00:04:40.710000,just call get balance and it is going to return whatever the balances right so
00:04:40.710000,00:04:40.720000,return whatever the balances right so
00:04:40.720000,00:04:42.749000,return whatever the balances right so these are two getter and Setter methods
00:04:42.749000,00:04:42.759000,these are two getter and Setter methods
00:04:42.759000,00:04:45.110000,these are two getter and Setter methods so this is the way we are defining these
00:04:45.110000,00:04:45.120000,so this is the way we are defining these
00:04:45.120000,00:04:46.790000,so this is the way we are defining these methods or implementing these method
00:04:46.790000,00:04:46.800000,methods or implementing these method
00:04:46.800000,00:04:48.390000,methods or implementing these method inside the class so this is the first
00:04:48.390000,00:04:48.400000,inside the class so this is the first
00:04:48.400000,00:04:52.189000,inside the class so this is the first way right but
00:04:52.189000,00:04:52.199000,way right but
00:04:52.199000,00:04:56.710000,way right but generally this method is used for short
00:04:56.710000,00:04:56.720000,generally this method is used for short
00:04:56.720000,00:04:59.150000,generally this method is used for short and you know inline functions the
00:04:59.150000,00:04:59.160000,and you know inline functions the
00:04:59.160000,00:05:00.950000,and you know inline functions the functions which are having only one line
00:05:00.950000,00:05:00.960000,functions which are having only one line
00:05:00.960000,00:05:04.110000,functions which are having only one line of definition which are very short sweet
00:05:04.110000,00:05:04.120000,of definition which are very short sweet
00:05:04.120000,00:05:06.670000,of definition which are very short sweet right like this I have only one line of
00:05:06.670000,00:05:06.680000,right like this I have only one line of
00:05:06.680000,00:05:08.150000,right like this I have only one line of definition of this function so these are
00:05:08.150000,00:05:08.160000,definition of this function so these are
00:05:08.160000,00:05:10.070000,definition of this function so these are like type of short function or inline
00:05:10.070000,00:05:10.080000,like type of short function or inline
00:05:10.080000,00:05:12.550000,like type of short function or inline function right now I have one more
00:05:12.550000,00:05:12.560000,function right now I have one more
00:05:12.560000,00:05:14.390000,function right now I have one more function deposit or any other function
00:05:14.390000,00:05:14.400000,function deposit or any other function
00:05:14.400000,00:05:17.310000,function deposit or any other function which is having 2 3 4 lines of code
00:05:17.310000,00:05:17.320000,which is having 2 3 4 lines of code
00:05:17.320000,00:05:19.749000,which is having 2 3 4 lines of code right so obviously we will not Define
00:05:19.749000,00:05:19.759000,right so obviously we will not Define
00:05:19.759000,00:05:21.670000,right so obviously we will not Define that in within the class that is not a
00:05:21.670000,00:05:21.680000,that in within the class that is not a
00:05:21.680000,00:05:23.590000,that in within the class that is not a that is not recommended you can Define
00:05:23.590000,00:05:23.600000,that is not recommended you can Define
00:05:23.600000,00:05:25.070000,that is not recommended you can Define that but that is not recommended because
00:05:25.070000,00:05:25.080000,that but that is not recommended because
00:05:25.080000,00:05:28.029000,that but that is not recommended because we want our class to be you know a short
00:05:28.029000,00:05:28.039000,we want our class to be you know a short
00:05:28.039000,00:05:32.309000,we want our class to be you know a short and sweet and crispy what I'm what I'm
00:05:32.309000,00:05:32.319000,and sweet and crispy what I'm what I'm
00:05:32.319000,00:05:33.870000,and sweet and crispy what I'm what I'm you know saying about this class these
00:05:33.870000,00:05:33.880000,you know saying about this class these
00:05:33.880000,00:05:37.309000,you know saying about this class these words crispy and sweet short class right
00:05:37.309000,00:05:37.319000,words crispy and sweet short class right
00:05:37.319000,00:05:39.309000,words crispy and sweet short class right so that easily by looking at that class
00:05:39.309000,00:05:39.319000,so that easily by looking at that class
00:05:39.319000,00:05:40.870000,so that easily by looking at that class we get the idea these are okay these are
00:05:40.870000,00:05:40.880000,we get the idea these are okay these are
00:05:40.880000,00:05:42.710000,we get the idea these are okay these are the methods these are the you know
00:05:42.710000,00:05:42.720000,the methods these are the you know
00:05:42.720000,00:05:44.749000,the methods these are the you know attributes and all it's not like that we
00:05:44.749000,00:05:44.759000,attributes and all it's not like that we
00:05:44.759000,00:05:46.350000,attributes and all it's not like that we have three four functions and every
00:05:46.350000,00:05:46.360000,have three four functions and every
00:05:46.360000,00:05:47.909000,have three four functions and every function we are defining within the
00:05:47.909000,00:05:47.919000,function we are defining within the
00:05:47.919000,00:05:51.309000,function we are defining within the class only right the class would be very
00:05:51.309000,00:05:51.319000,class only right the class would be very
00:05:51.319000,00:05:53.350000,class only right the class would be very lengthy right that would not be
00:05:53.350000,00:05:53.360000,lengthy right that would not be
00:05:53.360000,00:05:55.590000,lengthy right that would not be recommended so inside the class just
00:05:55.590000,00:05:55.600000,recommended so inside the class just
00:05:55.600000,00:05:57.150000,recommended so inside the class just Define those functions which which are
00:05:57.150000,00:05:57.160000,Define those functions which which are
00:05:57.160000,00:05:58.909000,Define those functions which which are considered which can be considered as
00:05:58.909000,00:05:58.919000,considered which can be considered as
00:05:58.919000,00:06:00.710000,considered which can be considered as inline function
00:06:00.710000,00:06:00.720000,inline function
00:06:00.720000,00:06:02.469000,inline function uh mainly those getter and Setter
00:06:02.469000,00:06:02.479000,uh mainly those getter and Setter
00:06:02.479000,00:06:04.870000,uh mainly those getter and Setter methods these we Define within the class
00:06:04.870000,00:06:04.880000,methods these we Define within the class
00:06:04.880000,00:06:06.790000,methods these we Define within the class so this is one way you can Define the
00:06:06.790000,00:06:06.800000,so this is one way you can Define the
00:06:06.800000,00:06:09.670000,so this is one way you can Define the methods within the class only second way
00:06:09.670000,00:06:09.680000,methods within the class only second way
00:06:09.680000,00:06:12.830000,methods within the class only second way is outside of the class now suppose I
00:06:12.830000,00:06:12.840000,is outside of the class now suppose I
00:06:12.840000,00:06:15.909000,is outside of the class now suppose I have two more functions I want to
00:06:15.909000,00:06:15.919000,have two more functions I want to
00:06:15.919000,00:06:19.390000,have two more functions I want to deposit something and suppose uh I want
00:06:19.390000,00:06:19.400000,deposit something and suppose uh I want
00:06:19.400000,00:06:25.870000,deposit something and suppose uh I want to withdraw
00:06:28.510000,00:06:28.520000,something so I'm just declaring these
00:06:28.520000,00:06:30.430000,something so I'm just declaring these methods within the this class I'm not
00:06:30.430000,00:06:30.440000,methods within the this class I'm not
00:06:30.440000,00:06:32.150000,methods within the this class I'm not defining I'm not implementing this
00:06:32.150000,00:06:32.160000,defining I'm not implementing this
00:06:32.160000,00:06:34.110000,defining I'm not implementing this within within the class I'm I'm going to
00:06:34.110000,00:06:34.120000,within within the class I'm I'm going to
00:06:34.120000,00:06:36.270000,within within the class I'm I'm going to implement these outside of the class but
00:06:36.270000,00:06:36.280000,implement these outside of the class but
00:06:36.280000,00:06:38.830000,implement these outside of the class but with that same CPP file within that same
00:06:38.830000,00:06:38.840000,with that same CPP file within that same
00:06:38.840000,00:06:42.230000,with that same CPP file within that same you know uh file program so outside of
00:06:42.230000,00:06:42.240000,you know uh file program so outside of
00:06:42.240000,00:06:43.670000,you know uh file program so outside of the class we can Define it's not
00:06:43.670000,00:06:43.680000,the class we can Define it's not
00:06:43.680000,00:06:45.710000,the class we can Define it's not compulsory that you have to Define these
00:06:45.710000,00:06:45.720000,compulsory that you have to Define these
00:06:45.720000,00:06:47.870000,compulsory that you have to Define these within the main function only outside of
00:06:47.870000,00:06:47.880000,within the main function only outside of
00:06:47.880000,00:06:50.309000,within the main function only outside of the class just Define but how to define
00:06:50.309000,00:06:50.319000,the class just Define but how to define
00:06:50.319000,00:06:52.270000,the class just Define but how to define proper syntax you have to follow you
00:06:52.270000,00:06:52.280000,proper syntax you have to follow you
00:06:52.280000,00:06:54.430000,proper syntax you have to follow you have to tell that this deposit it's not
00:06:54.430000,00:06:54.440000,have to tell that this deposit it's not
00:06:54.440000,00:06:57.710000,have to tell that this deposit it's not like that directly write word
00:06:57.710000,00:06:57.720000,like that directly write word
00:06:57.720000,00:07:08.790000,like that directly write word deposit and
00:07:11.029000,00:07:11.039000,something like this like double money
00:07:11.039000,00:07:15.430000,something like this like double money and here just what we do is we update
00:07:15.430000,00:07:15.440000,and here just what we do is we update
00:07:15.440000,00:07:24.270000,and here just what we do is we update the balance
00:07:27.510000,00:07:27.520000,right something like this see we cannot
00:07:27.520000,00:07:29.830000,right something like this see we cannot access balance the balance is undefined
00:07:29.830000,00:07:29.840000,access balance the balance is undefined
00:07:29.840000,00:07:31.670000,access balance the balance is undefined because when you declare when you define
00:07:31.670000,00:07:31.680000,because when you declare when you define
00:07:31.680000,00:07:34.270000,because when you declare when you define a function something like this it will
00:07:34.270000,00:07:34.280000,a function something like this it will
00:07:34.280000,00:07:37.990000,a function something like this it will search for a free function because this
00:07:37.990000,00:07:38,search for a free function because this
00:07:38,00:07:40.430000,search for a free function because this function is not bound to any class or
00:07:40.430000,00:07:40.440000,function is not bound to any class or
00:07:40.440000,00:07:42.150000,function is not bound to any class or any particular thing it is a free
00:07:42.150000,00:07:42.160000,any particular thing it is a free
00:07:42.160000,00:07:43.990000,any particular thing it is a free function word deposit this is kind of
00:07:43.990000,00:07:44,function word deposit this is kind of
00:07:44,00:07:46.909000,function word deposit this is kind of regular function we are using right so
00:07:46.909000,00:07:46.919000,regular function we are using right so
00:07:46.919000,00:07:48.589000,regular function we are using right so you have to tell the compiler that this
00:07:48.589000,00:07:48.599000,you have to tell the compiler that this
00:07:48.599000,00:07:51.990000,you have to tell the compiler that this deposit function is you know bound is
00:07:51.990000,00:07:52,deposit function is you know bound is
00:07:52,00:07:54.909000,deposit function is you know bound is bind with a specific class you have to
00:07:54.909000,00:07:54.919000,bind with a specific class you have to
00:07:54.919000,00:07:57.430000,bind with a specific class you have to tell that thing right so how to tell
00:07:57.430000,00:07:57.440000,tell that thing right so how to tell
00:07:57.440000,00:07:59.149000,tell that thing right so how to tell that thing first the return type then
00:07:59.149000,00:07:59.159000,that thing first the return type then
00:07:59.159000,00:08:05.029000,that thing first the return type then the class name this thing is
00:08:08.270000,00:08:08.280000,important then scope resolution operator
00:08:08.280000,00:08:10.869000,important then scope resolution operator then the function name and then see now
00:08:10.869000,00:08:10.879000,then the function name and then see now
00:08:10.879000,00:08:14.510000,then the function name and then see now the there is no error now as we know
00:08:14.510000,00:08:14.520000,the there is no error now as we know
00:08:14.520000,00:08:16.070000,the there is no error now as we know like we have tell the compiler that that
00:08:16.070000,00:08:16.080000,like we have tell the compiler that that
00:08:16.080000,00:08:18.749000,like we have tell the compiler that that deposite function is from this class
00:08:18.749000,00:08:18.759000,deposite function is from this class
00:08:18.759000,00:08:21.149000,deposite function is from this class account and yeah obviously this is
00:08:21.149000,00:08:21.159000,account and yeah obviously this is
00:08:21.159000,00:08:23.149000,account and yeah obviously this is public method so using this public
00:08:23.149000,00:08:23.159000,public method so using this public
00:08:23.159000,00:08:25.830000,public method so using this public method we can access balance which is a
00:08:25.830000,00:08:25.840000,method we can access balance which is a
00:08:25.840000,00:08:28.589000,method we can access balance which is a private class member private attribute
00:08:28.589000,00:08:28.599000,private class member private attribute
00:08:28.599000,00:08:30.070000,private class member private attribute of this class
00:08:30.070000,00:08:30.080000,of this class
00:08:30.080000,00:08:32.550000,of this class right it's private if you want to
00:08:32.550000,00:08:32.560000,right it's private if you want to
00:08:32.560000,00:08:35.430000,right it's private if you want to specify then you can write down
00:08:35.430000,00:08:35.440000,specify then you can write down
00:08:35.440000,00:08:38.750000,specify then you can write down here
00:08:41.029000,00:08:41.039000,private this also will
00:08:41.039000,00:08:43.870000,private this also will work right so there's no error now this
00:08:43.870000,00:08:43.880000,work right so there's no error now this
00:08:43.880000,00:08:45.910000,work right so there's no error now this is how you can Define outside of the
00:08:45.910000,00:08:45.920000,is how you can Define outside of the
00:08:45.920000,00:08:48.389000,is how you can Define outside of the class same suppose let's define this
00:08:48.389000,00:08:48.399000,class same suppose let's define this
00:08:48.399000,00:08:50.630000,class same suppose let's define this withraw also okay here we don't have
00:08:50.630000,00:08:50.640000,withraw also okay here we don't have
00:08:50.640000,00:08:52.910000,withraw also okay here we don't have money uh we have the you know the
00:08:52.910000,00:08:52.920000,money uh we have the you know the
00:08:52.920000,00:08:56.310000,money uh we have the you know the parameter name this name is amount Al so
00:08:56.310000,00:08:56.320000,parameter name this name is amount Al so
00:08:56.320000,00:08:57.790000,parameter name this name is amount Al so you can write down here amount don't
00:08:57.790000,00:08:57.800000,you can write down here amount don't
00:08:57.800000,00:08:59.790000,you can write down here amount don't worry
00:08:59.790000,00:08:59.800000,worry
00:08:59.800000,00:09:02.150000,worry it's okay any name you can take but this
00:09:02.150000,00:09:02.160000,it's okay any name you can take but this
00:09:02.160000,00:09:04.550000,it's okay any name you can take but this and this should be same right so this is
00:09:04.550000,00:09:04.560000,and this should be same right so this is
00:09:04.560000,00:09:06.350000,and this should be same right so this is how we can Define outside of the class
00:09:06.350000,00:09:06.360000,how we can Define outside of the class
00:09:06.360000,00:09:08.590000,how we can Define outside of the class right now if you want to check like if
00:09:08.590000,00:09:08.600000,right now if you want to check like if
00:09:08.600000,00:09:11.990000,right now if you want to check like if they are working or not then let's
00:09:11.990000,00:09:12,they are working or not then let's
00:09:12,00:09:15.790000,they are working or not then let's create an object of this class in main I
00:09:15.790000,00:09:15.800000,create an object of this class in main I
00:09:15.800000,00:09:18.269000,create an object of this class in main I hope you can see the
00:09:18.269000,00:09:18.279000,hope you can see the
00:09:18.279000,00:09:21.910000,hope you can see the coding class name is
00:09:21.910000,00:09:21.920000,coding class name is
00:09:21.920000,00:09:26.190000,coding class name is account and uh let's take
00:09:26.190000,00:09:26.200000,account and uh let's take
00:09:26.200000,00:09:29.470000,account and uh let's take here account one the object name right
00:09:29.470000,00:09:29.480000,here account one the object name right
00:09:29.480000,00:09:33.030000,here account one the object name right right and we haven't taken anything to
00:09:33.030000,00:09:33.040000,right and we haven't taken anything to
00:09:33.040000,00:09:35.910000,right and we haven't taken anything to set and get the names so directly here
00:09:35.910000,00:09:35.920000,set and get the names so directly here
00:09:35.920000,00:09:41.550000,set and get the names so directly here only I just write down name equal
00:09:45.150000,00:09:45.160000,to jti katri or using get and set
00:09:45.160000,00:09:47.829000,to jti katri or using get and set methods you can just set the name right
00:09:47.829000,00:09:47.839000,methods you can just set the name right
00:09:47.839000,00:09:49.630000,methods you can just set the name right like we have set the
00:09:49.630000,00:09:49.640000,like we have set the
00:09:49.640000,00:09:51.990000,like we have set the balance so account
00:09:51.990000,00:09:52,balance so account
00:09:52,00:09:56.509000,balance so account One account 1 dot see here you will not
00:09:56.509000,00:09:56.519000,One account 1 dot see here you will not
00:09:56.519000,00:09:59.389000,One account 1 dot see here you will not see any uh option of accessing those
00:09:59.389000,00:09:59.399000,see any uh option of accessing those
00:09:59.399000,00:10:00.790000,see any uh option of accessing those name and balance because these are
00:10:00.790000,00:10:00.800000,name and balance because these are
00:10:00.800000,00:10:03.310000,name and balance because these are private all these things are public you
00:10:03.310000,00:10:03.320000,private all these things are public you
00:10:03.320000,00:10:05.350000,private all these things are public you can access these things so if you want
00:10:05.350000,00:10:05.360000,can access these things so if you want
00:10:05.360000,00:10:08.430000,can access these things so if you want to set the balance just call this and
00:10:08.430000,00:10:08.440000,to set the balance just call this and
00:10:08.440000,00:10:10.910000,to set the balance just call this and some balance let's
00:10:10.910000,00:10:10.920000,some balance let's
00:10:10.920000,00:10:13.949000,some balance let's set right now if you want to check out
00:10:13.949000,00:10:13.959000,set right now if you want to check out
00:10:13.959000,00:10:17.750000,set right now if you want to check out the balance then just call this get
00:10:17.750000,00:10:17.760000,the balance then just call this get
00:10:17.760000,00:10:20.110000,the balance then just call this get balance and obviously this is going to
00:10:20.110000,00:10:20.120000,balance and obviously this is going to
00:10:20.120000,00:10:22.750000,balance and obviously this is going to return get balance so directly if you
00:10:22.750000,00:10:22.760000,return get balance so directly if you
00:10:22.760000,00:10:24.590000,return get balance so directly if you write if you call this something like
00:10:24.590000,00:10:24.600000,write if you call this something like
00:10:24.600000,00:10:26.910000,write if you call this something like this you will not get any
00:10:26.910000,00:10:26.920000,this you will not get any
00:10:26.920000,00:10:29.310000,this you will not get any output let's me let me just run this and
00:10:29.310000,00:10:29.320000,output let's me let me just run this and
00:10:29.320000,00:10:30.710000,output let's me let me just run this and and I'll show you so you not getting any
00:10:30.710000,00:10:30.720000,and I'll show you so you not getting any
00:10:30.720000,00:10:32.870000,and I'll show you so you not getting any output because it is returning something
00:10:32.870000,00:10:32.880000,output because it is returning something
00:10:32.880000,00:10:34.870000,output because it is returning something get balance but you are not accepting
00:10:34.870000,00:10:34.880000,get balance but you are not accepting
00:10:34.880000,00:10:36.710000,get balance but you are not accepting that thing somewhere you're just calling
00:10:36.710000,00:10:36.720000,that thing somewhere you're just calling
00:10:36.720000,00:10:39.350000,that thing somewhere you're just calling so either you take a in variable and
00:10:39.350000,00:10:39.360000,so either you take a in variable and
00:10:39.360000,00:10:41.190000,so either you take a in variable and something like this or you can just
00:10:41.190000,00:10:41.200000,something like this or you can just
00:10:41.200000,00:10:44.470000,something like this or you can just directly call this in see out whatever
00:10:44.470000,00:10:44.480000,directly call this in see out whatever
00:10:44.480000,00:10:47.190000,directly call this in see out whatever it will return this will print so STD
00:10:47.190000,00:10:47.200000,it will return this will print so STD
00:10:47.200000,00:10:49.550000,it will return this will print so STD you have to use the name space in which
00:10:49.550000,00:10:49.560000,you have to use the name space in which
00:10:49.560000,00:10:54.269000,you have to use the name space in which this C out is now let's run this and C
00:10:54.269000,00:10:54.279000,this C out is now let's run this and C
00:10:54.279000,00:10:56.520000,"this C out is now let's run this and C 10,000 rupes you got it"
00:10:56.520000,00:10:56.530000,"10,000 rupes you got it"
00:10:56.530000,00:10:57.870000,"10,000 rupes you got it [Music]"
00:10:57.870000,00:10:57.880000,[Music]
00:10:57.880000,00:10:59.910000,[Music] now right so this this is how you can
00:10:59.910000,00:10:59.920000,now right so this this is how you can
00:10:59.920000,00:11:01.790000,now right so this this is how you can Define and declare or if you want to
00:11:01.790000,00:11:01.800000,Define and declare or if you want to
00:11:01.800000,00:11:04.110000,Define and declare or if you want to just call all other
00:11:04.110000,00:11:04.120000,just call all other
00:11:04.120000,00:11:07.430000,just call all other functions do deposit and I want to
00:11:07.430000,00:11:07.440000,functions do deposit and I want to
00:11:07.440000,00:11:08.130000,functions do deposit and I want to deposit some
00:11:08.130000,00:11:08.140000,deposit some
00:11:08.140000,00:11:09.790000,deposit some [Music]
00:11:09.790000,00:11:09.800000,[Music]
00:11:09.800000,00:11:12.269000,[Music] money and now I want to check the money
00:11:12.269000,00:11:12.279000,money and now I want to check the money
00:11:12.279000,00:11:13.949000,money and now I want to check the money account
00:11:13.949000,00:11:13.959000,account
00:11:13.959000,00:11:17.870000,account one that balance has been updated or
00:11:17.870000,00:11:17.880000,one that balance has been updated or
00:11:17.880000,00:11:24.550000,one that balance has been updated or not so obviously see out and before that
00:11:27.949000,00:11:27.959000,STD let's run this and see the updated
00:11:27.959000,00:11:30.110000,STD let's run this and see the updated balances okay
00:11:30.110000,00:11:30.120000,balances okay
00:11:30.120000,00:11:31.550000,balances okay let's just
00:11:31.550000,00:11:31.560000,let's just
00:11:31.560000,00:11:34.550000,let's just first comment out this sline so first
00:11:34.550000,00:11:34.560000,first comment out this sline so first
00:11:34.560000,00:11:38.670000,"first comment out this sline so first balance was 10,000 then it was suppose"
00:11:38.670000,00:11:38.680000,"balance was 10,000 then it was suppose"
00:11:38.680000,00:11:42.150000,"balance was 10,000 then it was suppose let's 10,000 again add so it would be"
00:11:42.150000,00:11:42.160000,"let's 10,000 again add so it would be"
00:11:42.160000,00:11:44.310000,"let's 10,000 again add so it would be 20,000 the balance would be 20,000 see"
00:11:44.310000,00:11:44.320000,"20,000 the balance would be 20,000 see"
00:11:44.320000,00:11:48.590000,"20,000 the balance would be 20,000 see 20,000 you got it right now third thing"
00:11:48.590000,00:11:48.600000,"20,000 you got it right now third thing"
00:11:48.600000,00:11:49.910000,"20,000 you got it right now third thing now we are going to separate the"
00:11:49.910000,00:11:49.920000,now we are going to separate the
00:11:49.920000,00:11:51.910000,now we are going to separate the specifications from the
00:11:51.910000,00:11:51.920000,specifications from the
00:11:51.920000,00:11:56.389000,specifications from the implementation right so for that we'll
00:11:56.389000,00:11:56.399000,implementation right so for that we'll
00:11:56.399000,00:12:00.069000,implementation right so for that we'll create one H file one CPP file
00:12:00.069000,00:12:00.079000,create one H file one CPP file
00:12:00.079000,00:12:02.430000,create one H file one CPP file right and see let me just show you that
00:12:02.430000,00:12:02.440000,right and see let me just show you that
00:12:02.440000,00:12:07.069000,right and see let me just show you that thing also we will just take this class
00:12:07.069000,00:12:07.079000,thing also we will just take this class
00:12:07.079000,00:12:12.350000,thing also we will just take this class right and we will let's
00:12:12.350000,00:12:12.360000,right and we will let's
00:12:12.360000,00:12:15.230000,right and we will let's just or let's create a new file and I'll
00:12:15.230000,00:12:15.240000,just or let's create a new file and I'll
00:12:15.240000,00:12:18.870000,just or let's create a new file and I'll show you implement 3.h because this is
00:12:18.870000,00:12:18.880000,show you implement 3.h because this is
00:12:18.880000,00:12:20.790000,show you implement 3.h because this is the third way to implement so here we
00:12:20.790000,00:12:20.800000,the third way to implement so here we
00:12:20.800000,00:12:22.629000,the third way to implement so here we will take only the Declaration of the
00:12:22.629000,00:12:22.639000,will take only the Declaration of the
00:12:22.639000,00:12:25.430000,will take only the Declaration of the class that's it no definition at all
00:12:25.430000,00:12:25.440000,class that's it no definition at all
00:12:25.440000,00:12:28.030000,class that's it no definition at all right so from this we just take this
00:12:28.030000,00:12:28.040000,right so from this we just take this
00:12:28.040000,00:12:29.629000,right so from this we just take this class
00:12:29.629000,00:12:29.639000,class
00:12:29.639000,00:12:32.590000,class we cut this class from this CPP file and
00:12:32.590000,00:12:32.600000,we cut this class from this CPP file and
00:12:32.600000,00:12:36.829000,we cut this class from this CPP file and just paste this here right so yeah we
00:12:36.829000,00:12:36.839000,just paste this here right so yeah we
00:12:36.839000,00:12:39.990000,just paste this here right so yeah we are using this string here so obviously
00:12:39.990000,00:12:40,are using this string here so obviously
00:12:40,00:12:42.550000,are using this string here so obviously what you have to
00:12:45.030000,00:12:45.040000,include now we have this thing only the
00:12:45.040000,00:12:47.550000,include now we have this thing only the class although we have these functions
00:12:47.550000,00:12:47.560000,class although we have these functions
00:12:47.560000,00:12:48.910000,class although we have these functions inside the class we have defined that
00:12:48.910000,00:12:48.920000,inside the class we have defined that
00:12:48.920000,00:12:50.670000,inside the class we have defined that thing we can do or you don't want to
00:12:50.670000,00:12:50.680000,thing we can do or you don't want to
00:12:50.680000,00:12:53.389000,thing we can do or you don't want to Define you can just you know uh just
00:12:53.389000,00:12:53.399000,Define you can just you know uh just
00:12:53.399000,00:12:54.949000,Define you can just you know uh just declare these functions and Define in
00:12:54.949000,00:12:54.959000,declare these functions and Define in
00:12:54.959000,00:12:57.829000,declare these functions and Define in other CPP file but let's keep it as it
00:12:57.829000,00:12:57.839000,other CPP file but let's keep it as it
00:12:57.839000,00:13:00.870000,other CPP file but let's keep it as it is we I'll show with these two functions
00:13:00.870000,00:13:00.880000,is we I'll show with these two functions
00:13:00.880000,00:13:04.590000,is we I'll show with these two functions right okay
00:13:04.590000,00:13:04.600000,right okay
00:13:04.600000,00:13:10.110000,right okay now uh in this cppp
00:13:13.590000,00:13:13.600000,file we just Define these functions and
00:13:13.600000,00:13:15.269000,file we just Define these functions and we are calling these function with this
00:13:15.269000,00:13:15.279000,we are calling these function with this
00:13:15.279000,00:13:17.829000,we are calling these function with this one way is this this also we can do
00:13:17.829000,00:13:17.839000,one way is this this also we can do
00:13:17.839000,00:13:19.550000,one way is this this also we can do right in within this only we have main
00:13:19.550000,00:13:19.560000,right in within this only we have main
00:13:19.560000,00:13:23.150000,right in within this only we have main function but here one problem is C this
00:13:23.150000,00:13:23.160000,function but here one problem is C this
00:13:23.160000,00:13:25.509000,function but here one problem is C this account we don't know like where this
00:13:25.509000,00:13:25.519000,account we don't know like where this
00:13:25.519000,00:13:27.430000,account we don't know like where this account from where this this account
00:13:27.430000,00:13:27.440000,account from where this this account
00:13:27.440000,00:13:29.150000,account from where this this account class is where because in within this
00:13:29.150000,00:13:29.160000,class is where because in within this
00:13:29.160000,00:13:31.590000,class is where because in within this this CPU file there's no account class
00:13:31.590000,00:13:31.600000,this CPU file there's no account class
00:13:31.600000,00:13:33.389000,this CPU file there's no account class right this account class is within this
00:13:33.389000,00:13:33.399000,right this account class is within this
00:13:33.399000,00:13:36.350000,right this account class is within this do file so you have to include that do
00:13:36.350000,00:13:36.360000,do file so you have to include that do
00:13:36.360000,00:13:38.230000,do file so you have to include that do file first
00:13:38.230000,00:13:38.240000,file first
00:13:38.240000,00:13:45.790000,file first here hash include and how to
00:13:49.230000,00:13:49.240000,include so you go to account.
00:13:49.240000,00:13:54.150000,include so you go to account. H sorry it's not account. we have second
00:13:54.150000,00:13:54.160000,H sorry it's not account. we have second
00:13:54.160000,00:13:56.990000,H sorry it's not account. we have second name Implement
00:13:56.990000,00:13:57,name Implement
00:13:57,00:14:00.550000,name Implement 3. right now see there is no
00:14:00.550000,00:14:00.560000,3. right now see there is no
00:14:00.560000,00:14:03.230000,3. right now see there is no error and the there are not angular
00:14:03.230000,00:14:03.240000,error and the there are not angular
00:14:03.240000,00:14:05.069000,error and the there are not angular brackets angular brackets are used this
00:14:05.069000,00:14:05.079000,brackets angular brackets are used this
00:14:05.079000,00:14:06.509000,brackets angular brackets are used this kind of bracket are used to include
00:14:06.509000,00:14:06.519000,kind of bracket are used to include
00:14:06.519000,00:14:08.870000,kind of bracket are used to include those you know standard system libraries
00:14:08.870000,00:14:08.880000,those you know standard system libraries
00:14:08.880000,00:14:10.389000,those you know standard system libraries those are defined string iio string
00:14:10.389000,00:14:10.399000,those are defined string iio string
00:14:10.399000,00:14:12.550000,those are defined string iio string vector and all this is we have our own
00:14:12.550000,00:14:12.560000,vector and all this is we have our own
00:14:12.560000,00:14:15.509000,vector and all this is we have our own module of our project right so you have
00:14:15.509000,00:14:15.519000,module of our project right so you have
00:14:15.519000,00:14:17.790000,module of our project right so you have defined your own you know module with do
00:14:17.790000,00:14:17.800000,defined your own you know module with do
00:14:17.800000,00:14:20.110000,defined your own you know module with do extension so that is why to implement
00:14:20.110000,00:14:20.120000,extension so that is why to implement
00:14:20.120000,00:14:21.990000,extension so that is why to implement these kind of thing we use double
00:14:21.990000,00:14:22,these kind of thing we use double
00:14:22,00:14:23.829000,these kind of thing we use double quotation mark this is the you know
00:14:23.829000,00:14:23.839000,quotation mark this is the you know
00:14:23.839000,00:14:26.590000,quotation mark this is the you know Convention of the rule kind of rule
00:14:26.590000,00:14:26.600000,Convention of the rule kind of rule
00:14:26.600000,00:14:30.069000,Convention of the rule kind of rule right now here we have defined this and
00:14:30.069000,00:14:30.079000,right now here we have defined this and
00:14:30.079000,00:14:32.590000,right now here we have defined this and we are just accessing so let me show you
00:14:32.590000,00:14:32.600000,we are just accessing so let me show you
00:14:32.600000,00:14:34.710000,we are just accessing so let me show you just run this and we'll see what output
00:14:34.710000,00:14:34.720000,just run this and we'll see what output
00:14:34.720000,00:14:36.590000,"just run this and we'll see what output you getting you should get 20,000 here"
00:14:36.590000,00:14:36.600000,"you getting you should get 20,000 here"
00:14:36.600000,00:14:41.910000,"you getting you should get 20,000 here also right let's run"
00:14:45.389000,00:14:45.399000,"this see output is 20,000 although it"
00:14:45.399000,00:14:47.550000,"this see output is 20,000 although it will be a little bit slower because it"
00:14:47.550000,00:14:47.560000,will be a little bit slower because it
00:14:47.560000,00:14:49.509000,will be a little bit slower because it will check all the hash include
00:14:49.509000,00:14:49.519000,will check all the hash include
00:14:49.519000,00:14:51.509000,will check all the hash include preprocessor it will check okay it's in
00:14:51.509000,00:14:51.519000,preprocessor it will check okay it's in
00:14:51.519000,00:14:53.470000,preprocessor it will check okay it's in do file so it will check this file and
00:14:53.470000,00:14:53.480000,do file so it will check this file and
00:14:53.480000,00:14:56.829000,do file so it will check this file and all right but here one problem is if you
00:14:56.829000,00:14:56.839000,all right but here one problem is if you
00:14:56.839000,00:15:00.350000,all right but here one problem is if you include this doed file two times suppose
00:15:00.350000,00:15:00.360000,include this doed file two times suppose
00:15:00.360000,00:15:03.670000,include this doed file two times suppose uh by mistake I
00:15:03.670000,00:15:03.680000,uh by mistake I
00:15:03.680000,00:15:07.430000,uh by mistake I have I have included here also by
00:15:07.430000,00:15:07.440000,have I have included here also by
00:15:07.440000,00:15:10.509000,have I have included here also by mistake so let's run this and see it
00:15:10.509000,00:15:10.519000,mistake so let's run this and see it
00:15:10.519000,00:15:12.629000,mistake so let's run this and see it will show you one error see there
00:15:12.629000,00:15:12.639000,will show you one error see there
00:15:12.639000,00:15:15.150000,will show you one error see there redefinition of the class
00:15:15.150000,00:15:15.160000,redefinition of the class
00:15:15.160000,00:15:17.470000,redefinition of the class account previous definition of the class
00:15:17.470000,00:15:17.480000,account previous definition of the class
00:15:17.480000,00:15:19.470000,account previous definition of the class account two time you have defined this
00:15:19.470000,00:15:19.480000,account two time you have defined this
00:15:19.480000,00:15:24.829000,account two time you have defined this class here here here also right so to
00:15:24.829000,00:15:24.839000,class here here here also right so to
00:15:24.839000,00:15:27.189000,class here here here also right so to you know take care of this thing what we
00:15:27.189000,00:15:27.199000,you know take care of this thing what we
00:15:27.199000,00:15:29.350000,you know take care of this thing what we can do either you have to take care only
00:15:29.350000,00:15:29.360000,can do either you have to take care only
00:15:29.360000,00:15:30.990000,can do either you have to take care only one time you have to remember include
00:15:30.990000,00:15:31,one time you have to remember include
00:15:31,00:15:33.670000,one time you have to remember include this class or second thing maybe you are
00:15:33.670000,00:15:33.680000,this class or second thing maybe you are
00:15:33.680000,00:15:35.230000,this class or second thing maybe you are dealing with large projects we don't
00:15:35.230000,00:15:35.240000,dealing with large projects we don't
00:15:35.240000,00:15:37.870000,dealing with large projects we don't know like suppose one uh one place we
00:15:37.870000,00:15:37.880000,know like suppose one uh one place we
00:15:37.880000,00:15:40.069000,know like suppose one uh one place we have included that class at some other
00:15:40.069000,00:15:40.079000,have included that class at some other
00:15:40.079000,00:15:42.870000,have included that class at some other point also we are using those classes
00:15:42.870000,00:15:42.880000,point also we are using those classes
00:15:42.880000,00:15:45.749000,point also we are using those classes from H file the files again we want to
00:15:45.749000,00:15:45.759000,from H file the files again we want to
00:15:45.759000,00:15:47.550000,from H file the files again we want to include again we have accidentally
00:15:47.550000,00:15:47.560000,include again we have accidentally
00:15:47.560000,00:15:50.829000,include again we have accidentally include then will give so we can do one
00:15:50.829000,00:15:50.839000,include then will give so we can do one
00:15:50.839000,00:15:53.470000,include then will give so we can do one thing to avoid this thing we can use
00:15:53.470000,00:15:53.480000,thing to avoid this thing we can use
00:15:53.480000,00:15:55.030000,thing to avoid this thing we can use hash include
00:15:55.030000,00:15:55.040000,hash include
00:15:55.040000,00:15:57.670000,hash include guards right and what is that thing let
00:15:57.670000,00:15:57.680000,guards right and what is that thing let
00:15:57.680000,00:16:00.749000,guards right and what is that thing let me just show you before this just
00:16:00.749000,00:16:00.759000,me just show you before this just
00:16:00.759000,00:16:06.990000,me just show you before this just include hash if n
00:16:06.990000,00:16:07,include hash if n
00:16:07,00:16:13.550000,include hash if n def if andf and then the guard name so
00:16:13.550000,00:16:13.560000,def if andf and then the guard name so
00:16:13.560000,00:16:15.670000,def if andf and then the guard name so any name you can take but generally we
00:16:15.670000,00:16:15.680000,any name you can take but generally we
00:16:15.680000,00:16:20.269000,any name you can take but generally we take like those name as name of our file
00:16:20.269000,00:16:20.279000,take like those name as name of our file
00:16:20.279000,00:16:22.150000,take like those name as name of our file so Implement three is our file so
00:16:22.150000,00:16:22.160000,so Implement three is our file so
00:16:22.160000,00:16:24.829000,so Implement three is our file so generally we take that that name or we
00:16:24.829000,00:16:24.839000,generally we take that that name or we
00:16:24.839000,00:16:26.590000,generally we take that that name or we can take this account also the class
00:16:26.590000,00:16:26.600000,can take this account also the class
00:16:26.600000,00:16:29.110000,can take this account also the class name or any name ABC also you you can
00:16:29.110000,00:16:29.120000,name or any name ABC also you you can
00:16:29.120000,00:16:31.309000,name or any name ABC also you you can take suppose I'm taking here A B C let's
00:16:31.309000,00:16:31.319000,take suppose I'm taking here A B C let's
00:16:31.319000,00:16:34.430000,take suppose I'm taking here A B C let's see underscore H but the name should be
00:16:34.430000,00:16:34.440000,see underscore H but the name should be
00:16:34.440000,00:16:37.910000,see underscore H but the name should be in caps right that is general you know
00:16:37.910000,00:16:37.920000,in caps right that is general you know
00:16:37.920000,00:16:41.069000,in caps right that is general you know Convention of writing hash
00:16:41.069000,00:16:41.079000,Convention of writing hash
00:16:41.079000,00:16:44.189000,Convention of writing hash include so and this would be preceded
00:16:44.189000,00:16:44.199000,include so and this would be preceded
00:16:44.199000,00:16:47.069000,include so and this would be preceded and succeeded with
00:16:47.069000,00:16:47.079000,and succeeded with
00:16:47.079000,00:16:50.590000,and succeeded with underscore then hash
00:16:50.590000,00:16:50.600000,underscore then hash
00:16:50.600000,00:16:55.910000,underscore then hash Define hash
00:17:09.189000,00:17:09.199000,underscore right and after that after
00:17:09.199000,00:17:10.949000,underscore right and after that after completion
00:17:10.949000,00:17:10.959000,completion
00:17:10.959000,00:17:15.189000,completion hash and if this is compulsory
00:17:15.189000,00:17:15.199000,hash and if this is compulsory
00:17:15.199000,00:17:20.029000,hash and if this is compulsory right this is kind of we can say
00:17:21.630000,00:17:21.640000,macro
00:17:21.640000,00:17:25.990000,macro right now hash if n death we can say it
00:17:25.990000,00:17:26,right now hash if n death we can say it
00:17:26,00:17:28.350000,right now hash if n death we can say it will avoid you know uh to be included
00:17:28.350000,00:17:28.360000,will avoid you know uh to be included
00:17:28.360000,00:17:31.750000,will avoid you know uh to be included the same same header file multiple times
00:17:31.750000,00:17:31.760000,the same same header file multiple times
00:17:31.760000,00:17:35.549000,the same same header file multiple times within the same CPP file do CPP file or
00:17:35.549000,00:17:35.559000,within the same CPP file do CPP file or
00:17:35.559000,00:17:37.669000,within the same CPP file do CPP file or the same translation unit more precisely
00:17:37.669000,00:17:37.679000,the same translation unit more precisely
00:17:37.679000,00:17:40.470000,the same translation unit more precisely if you say right or for now you don't
00:17:40.470000,00:17:40.480000,if you say right or for now you don't
00:17:40.480000,00:17:42.350000,if you say right or for now you don't understand the translation unit we just
00:17:42.350000,00:17:42.360000,understand the translation unit we just
00:17:42.360000,00:17:45.310000,understand the translation unit we just I just call uh within the same cppb file
00:17:45.310000,00:17:45.320000,I just call uh within the same cppb file
00:17:45.320000,00:17:47.789000,I just call uh within the same cppb file right so now
00:17:47.789000,00:17:47.799000,right so now
00:17:47.799000,00:17:53.350000,right so now see now suppose I have included this two
00:17:53.350000,00:17:53.360000,see now suppose I have included this two
00:17:53.360000,00:17:56.190000,see now suppose I have included this two times and let me just show you run this
00:17:56.190000,00:17:56.200000,times and let me just show you run this
00:17:56.200000,00:17:58.070000,times and let me just show you run this and I'll show you the output see it will
00:17:58.070000,00:17:58.080000,and I'll show you the output see it will
00:17:58.080000,00:17:59.590000,and I'll show you the output see it will not give any error
00:17:59.590000,00:17:59.600000,not give any error
00:17:59.600000,00:18:02.789000,"not give any error 20,000 why so because once it will see"
00:18:02.789000,00:18:02.799000,"20,000 why so because once it will see"
00:18:02.799000,00:18:04.310000,"20,000 why so because once it will see hash include and all it will go to this"
00:18:04.310000,00:18:04.320000,hash include and all it will go to this
00:18:04.320000,00:18:06.630000,hash include and all it will go to this dotage and it will see the hash include
00:18:06.630000,00:18:06.640000,dotage and it will see the hash include
00:18:06.640000,00:18:10.350000,dotage and it will see the hash include guards if not defined it means N means
00:18:10.350000,00:18:10.360000,guards if not defined it means N means
00:18:10.360000,00:18:15.350000,guards if not defined it means N means if not defined this header then Define
00:18:15.350000,00:18:15.360000,if not defined this header then Define
00:18:15.360000,00:18:17.870000,if not defined this header then Define this right and whatever is there after
00:18:17.870000,00:18:17.880000,this right and whatever is there after
00:18:17.880000,00:18:19.909000,this right and whatever is there after this hash defin line that would be
00:18:19.909000,00:18:19.919000,this hash defin line that would be
00:18:19.919000,00:18:23.990000,this hash defin line that would be included and all till this end if right
00:18:23.990000,00:18:24,included and all till this end if right
00:18:24,00:18:26.750000,included and all till this end if right now again it will see hash include
00:18:26.750000,00:18:26.760000,now again it will see hash include
00:18:26.760000,00:18:29.029000,now again it will see hash include Implement 3 again like it will check
00:18:29.029000,00:18:29.039000,Implement 3 again like it will check
00:18:29.039000,00:18:31.870000,Implement 3 again like it will check this so the first condition is if not
00:18:31.870000,00:18:31.880000,this so the first condition is if not
00:18:31.880000,00:18:34.789000,this so the first condition is if not defined ABC and H I mean the name of
00:18:34.789000,00:18:34.799000,defined ABC and H I mean the name of
00:18:34.799000,00:18:37.390000,defined ABC and H I mean the name of that has include but it has already been
00:18:37.390000,00:18:37.400000,that has include but it has already been
00:18:37.400000,00:18:40.230000,that has include but it has already been defined because we have already you know
00:18:40.230000,00:18:40.240000,defined because we have already you know
00:18:40.240000,00:18:43.350000,defined because we have already you know uh imported or included that header
00:18:43.350000,00:18:43.360000,uh imported or included that header
00:18:43.360000,00:18:46.830000,uh imported or included that header already uh previously right so already
00:18:46.830000,00:18:46.840000,already uh previously right so already
00:18:46.840000,00:18:49.430000,already uh previously right so already defined so this will not give true if
00:18:49.430000,00:18:49.440000,defined so this will not give true if
00:18:49.440000,00:18:52.029000,defined so this will not give true if not defined means yeah it will give
00:18:52.029000,00:18:52.039000,not defined means yeah it will give
00:18:52.039000,00:18:53.950000,not defined means yeah it will give false because already defined so that is
00:18:53.950000,00:18:53.960000,false because already defined so that is
00:18:53.960000,00:18:55.710000,false because already defined so that is why we will not enter here and directly
00:18:55.710000,00:18:55.720000,why we will not enter here and directly
00:18:55.720000,00:18:58.310000,why we will not enter here and directly and if that's it so whatever is there
00:18:58.310000,00:18:58.320000,and if that's it so whatever is there
00:18:58.320000,00:18:59.510000,and if that's it so whatever is there within this
00:18:59.510000,00:18:59.520000,within this
00:18:59.520000,00:19:00.950000,within this whatever the class and all that would
00:19:00.950000,00:19:00.960000,whatever the class and all that would
00:19:00.960000,00:19:02.590000,whatever the class and all that would not be included again or that would not
00:19:02.590000,00:19:02.600000,not be included again or that would not
00:19:02.600000,00:19:04.310000,not be included again or that would not be defined again that is why you will
00:19:04.310000,00:19:04.320000,be defined again that is why you will
00:19:04.320000,00:19:06.590000,be defined again that is why you will not get any error that is why we
00:19:06.590000,00:19:06.600000,not get any error that is why we
00:19:06.600000,00:19:10.270000,not get any error that is why we generally in file we use these hash
00:19:10.270000,00:19:10.280000,generally in file we use these hash
00:19:10.280000,00:19:12.230000,generally in file we use these hash include guards these are known as hash
00:19:12.230000,00:19:12.240000,include guards these are known as hash
00:19:12.240000,00:19:14.149000,include guards these are known as hash include guards the name you can take
00:19:14.149000,00:19:14.159000,include guards the name you can take
00:19:14.159000,00:19:16.270000,include guards the name you can take anything ABC generally we take Implement
00:19:16.270000,00:19:16.280000,anything ABC generally we take Implement
00:19:16.280000,00:19:18.029000,anything ABC generally we take Implement three I mean the name of that module and
00:19:18.029000,00:19:18.039000,three I mean the name of that module and
00:19:18.039000,00:19:20.950000,three I mean the name of that module and all right and we preceded these are
00:19:20.950000,00:19:20.960000,all right and we preceded these are
00:19:20.960000,00:19:23.350000,all right and we preceded these are preceded with underscore and ending
00:19:23.350000,00:19:23.360000,preceded with underscore and ending
00:19:23.360000,00:19:26.310000,preceded with underscore and ending would also be with then underscore right
00:19:26.310000,00:19:26.320000,would also be with then underscore right
00:19:26.320000,00:19:28.070000,would also be with then underscore right you can take any name and you can check
00:19:28.070000,00:19:28.080000,you can take any name and you can check
00:19:28.080000,00:19:30.870000,you can take any name and you can check if you not take these uh underscore or
00:19:30.870000,00:19:30.880000,if you not take these uh underscore or
00:19:30.880000,00:19:32.870000,if you not take these uh underscore or not that would work or not that is up to
00:19:32.870000,00:19:32.880000,not that would work or not that is up to
00:19:32.880000,00:19:34.870000,not that would work or not that is up to you right and one thing also we can do
00:19:34.870000,00:19:34.880000,you right and one thing also we can do
00:19:34.880000,00:19:39.029000,you right and one thing also we can do generally we do uh in Project is we have
00:19:39.029000,00:19:39.039000,generally we do uh in Project is we have
00:19:39.039000,00:19:42.230000,generally we do uh in Project is we have do file just Define this and in one CPP
00:19:42.230000,00:19:42.240000,do file just Define this and in one CPP
00:19:42.240000,00:19:44.470000,do file just Define this and in one CPP file let's create one CPP
00:19:44.470000,00:19:44.480000,file let's create one CPP
00:19:44.480000,00:19:49.070000,file let's create one CPP file Implement 3. CPP the same name H
00:19:49.070000,00:19:49.080000,file Implement 3. CPP the same name H
00:19:49.080000,00:19:51.270000,file Implement 3. CPP the same name H header file is having same name with CPP
00:19:51.270000,00:19:51.280000,header file is having same name with CPP
00:19:51.280000,00:19:54.430000,header file is having same name with CPP and here within this CPP we are having
00:19:54.430000,00:19:54.440000,and here within this CPP we are having
00:19:54.440000,00:19:56.430000,and here within this CPP we are having definition of these functions so let's
00:19:56.430000,00:19:56.440000,definition of these functions so let's
00:19:56.440000,00:19:58.789000,definition of these functions so let's define these functions
00:19:58.789000,00:19:58.799000,define these functions
00:19:58.799000,00:20:01.549000,define these functions contr X from this and let's define
00:20:01.549000,00:20:01.559000,contr X from this and let's define
00:20:01.559000,00:20:04.590000,contr X from this and let's define here right now obviously for this you
00:20:04.590000,00:20:04.600000,here right now obviously for this you
00:20:04.600000,00:20:11.590000,here right now obviously for this you have to include Implement dot
00:20:13.140000,00:20:13.150000,h you got
00:20:13.150000,00:20:16.470000,h you got [Music]
00:20:20.270000,00:20:20.280000,it here we have just the Implement do H
00:20:20.280000,00:20:22.110000,it here we have just the Implement do H and we are just defining these two
00:20:22.110000,00:20:22.120000,and we are just defining these two
00:20:22.120000,00:20:24.190000,and we are just defining these two function that's it nothing else no main
00:20:24.190000,00:20:24.200000,function that's it nothing else no main
00:20:24.200000,00:20:27.270000,function that's it nothing else no main function at all and one more main CPP
00:20:27.270000,00:20:27.280000,function at all and one more main CPP
00:20:27.280000,00:20:29.110000,function at all and one more main CPP file there we have our main function we
00:20:29.110000,00:20:29.120000,file there we have our main function we
00:20:29.120000,00:20:31.830000,file there we have our main function we just create the object when we can call
00:20:31.830000,00:20:31.840000,just create the object when we can call
00:20:31.840000,00:20:34.549000,just create the object when we can call that's it so we have three files now as
00:20:34.549000,00:20:34.559000,that's it so we have three files now as
00:20:34.559000,00:20:37.230000,that's it so we have three files now as many files as you can have in your
00:20:37.230000,00:20:37.240000,many files as you can have in your
00:20:37.240000,00:20:39.590000,many files as you can have in your project right don't
00:20:39.590000,00:20:39.600000,project right don't
00:20:39.600000,00:20:42.390000,project right don't worry so in one I hope you are getting
00:20:42.390000,00:20:42.400000,worry so in one I hope you are getting
00:20:42.400000,00:20:45.750000,worry so in one I hope you are getting what I'm trying to you know uh do here
00:20:45.750000,00:20:45.760000,what I'm trying to you know uh do here
00:20:45.760000,00:20:49.510000,what I'm trying to you know uh do here in CPP we have this this and let's
00:20:49.510000,00:20:49.520000,in CPP we have this this and let's
00:20:49.520000,00:20:51.950000,in CPP we have this this and let's create one more file and let's name this
00:20:51.950000,00:20:51.960000,create one more file and let's name this
00:20:51.960000,00:20:56.990000,create one more file and let's name this only the main main CPP or
00:20:56.990000,00:20:57,only the main main CPP or
00:20:57,00:21:01.190000,only the main main CPP or maincore implement 3. CPP because I
00:21:01.190000,00:21:01.200000,maincore implement 3. CPP because I
00:21:01.200000,00:21:03.230000,maincore implement 3. CPP because I guess I'm having main.
00:21:03.230000,00:21:03.240000,guess I'm having main.
00:21:03.240000,00:21:05.669000,guess I'm having main. CPP in this workspace so it will not
00:21:05.669000,00:21:05.679000,CPP in this workspace so it will not
00:21:05.679000,00:21:08.230000,CPP in this workspace so it will not work so mainor Implement 3. CPP or you
00:21:08.230000,00:21:08.240000,work so mainor Implement 3. CPP or you
00:21:08.240000,00:21:11.630000,work so mainor Implement 3. CPP or you just create another project of another
00:21:11.630000,00:21:11.640000,just create another project of another
00:21:11.640000,00:21:13.990000,just create another project of another folder for your project and keep all the
00:21:13.990000,00:21:14,folder for your project and keep all the
00:21:14,00:21:16.110000,folder for your project and keep all the files related to that project in that
00:21:16.110000,00:21:16.120000,files related to that project in that
00:21:16.120000,00:21:19.149000,files related to that project in that folder only main Implement so here we
00:21:19.149000,00:21:19.159000,folder only main Implement so here we
00:21:19.159000,00:21:20.070000,folder only main Implement so here we have
00:21:20.070000,00:21:20.080000,have
00:21:20.080000,00:21:24.909000,have just these things contrl C and just
00:21:24.909000,00:21:24.919000,just these things contrl C and just
00:21:24.919000,00:21:29.190000,just these things contrl C and just contrl V so just include this only
00:21:29.190000,00:21:29.200000,contrl V so just include this only
00:21:29.200000,00:21:31.430000,contrl V so just include this only once delete
00:21:31.430000,00:21:31.440000,once delete
00:21:31.440000,00:21:33.950000,once delete this although we have used those guards
00:21:33.950000,00:21:33.960000,this although we have used those guards
00:21:33.960000,00:21:36.390000,this although we have used those guards so you not get any error here I'm just
00:21:36.390000,00:21:36.400000,so you not get any error here I'm just
00:21:36.400000,00:21:39.470000,so you not get any error here I'm just creating account object I'm just
00:21:39.470000,00:21:39.480000,creating account object I'm just
00:21:39.480000,00:21:41.510000,creating account object I'm just accessing those things that's it so
00:21:41.510000,00:21:41.520000,accessing those things that's it so
00:21:41.520000,00:21:45.789000,accessing those things that's it so three files basically we have right so
00:21:45.789000,00:21:45.799000,three files basically we have right so
00:21:45.799000,00:21:48.510000,three files basically we have right so CPP file all the CPP file on of those
00:21:48.510000,00:21:48.520000,CPP file all the CPP file on of those
00:21:48.520000,00:21:51.549000,CPP file all the CPP file on of those project would be uh compiled and create
00:21:51.549000,00:21:51.559000,project would be uh compiled and create
00:21:51.559000,00:21:54.230000,project would be uh compiled and create their you know they'll be created those
00:21:54.230000,00:21:54.240000,their you know they'll be created those
00:21:54.240000,00:21:56.230000,their you know they'll be created those what we can say object file right and
00:21:56.230000,00:21:56.240000,what we can say object file right and
00:21:56.240000,00:21:58.549000,what we can say object file right and the Linker will link all these object
00:21:58.549000,00:21:58.559000,the Linker will link all these object
00:21:58.559000,00:22:01.750000,the Linker will link all these object object file right and then give you the
00:22:01.750000,00:22:01.760000,object file right and then give you the
00:22:01.760000,00:22:04.149000,object file right and then give you the output right you just have to run your
00:22:04.149000,00:22:04.159000,output right you just have to run your
00:22:04.159000,00:22:06.909000,output right you just have to run your main file there we have main function
00:22:06.909000,00:22:06.919000,main file there we have main function
00:22:06.919000,00:22:09.630000,main file there we have main function obviously to start compilation or to run
00:22:09.630000,00:22:09.640000,obviously to start compilation or to run
00:22:09.640000,00:22:11.950000,obviously to start compilation or to run the program the driver is main only so
00:22:11.950000,00:22:11.960000,the program the driver is main only so
00:22:11.960000,00:22:14.669000,the program the driver is main only so you will run this file only
00:22:14.669000,00:22:14.679000,you will run this file only
00:22:14.679000,00:22:18.269000,you will run this file only right so let me just show you I don't
00:22:18.269000,00:22:18.279000,right so let me just show you I don't
00:22:18.279000,00:22:21.110000,right so let me just show you I don't know I don't think so it will work okay
00:22:21.110000,00:22:21.120000,know I don't think so it will work okay
00:22:21.120000,00:22:24.070000,know I don't think so it will work okay let's show you otherwise we'll run it
00:22:24.070000,00:22:24.080000,let's show you otherwise we'll run it
00:22:24.080000,00:22:26.590000,let's show you otherwise we'll run it manually let's run this main file here
00:22:26.590000,00:22:26.600000,manually let's run this main file here
00:22:26.600000,00:22:29.029000,manually let's run this main file here we have main let's run the this and
00:22:29.029000,00:22:29.039000,we have main let's run the this and
00:22:29.039000,00:22:30.230000,we have main let's run the this and definitely you'll get error see
00:22:30.230000,00:22:30.240000,definitely you'll get error see
00:22:30.240000,00:22:32.110000,definitely you'll get error see undefined reference to account deposit
00:22:32.110000,00:22:32.120000,undefined reference to account deposit
00:22:32.120000,00:22:33.190000,undefined reference to account deposit and
00:22:33.190000,00:22:33.200000,and
00:22:33.200000,00:22:35.830000,and all okay you have undefined reference to
00:22:35.830000,00:22:35.840000,all okay you have undefined reference to
00:22:35.840000,00:22:38.510000,all okay you have undefined reference to this account 1 do
00:22:38.510000,00:22:38.520000,this account 1 do
00:22:38.520000,00:22:42.310000,this account 1 do deposit because this function is defined
00:22:42.310000,00:22:42.320000,deposit because this function is defined
00:22:42.320000,00:22:44.149000,deposit because this function is defined in this Implement 3.
00:22:44.149000,00:22:44.159000,in this Implement 3.
00:22:44.159000,00:22:47.630000,in this Implement 3. CPP so this Doo file object the Linker
00:22:47.630000,00:22:47.640000,CPP so this Doo file object the Linker
00:22:47.640000,00:22:51.669000,CPP so this Doo file object the Linker is not able to link these files okay
00:22:51.669000,00:22:51.679000,is not able to link these files okay
00:22:51.679000,00:22:54.430000,is not able to link these files okay let's run this manually and I'll figure
00:22:54.430000,00:22:54.440000,let's run this manually and I'll figure
00:22:54.440000,00:22:56.070000,let's run this manually and I'll figure out this and in the next video we'll see
00:22:56.070000,00:22:56.080000,out this and in the next video we'll see
00:22:56.080000,00:22:59.190000,out this and in the next video we'll see that thing also so one more way is
00:22:59.190000,00:22:59.200000,that thing also so one more way is
00:22:59.200000,00:23:02.230000,that thing also so one more way is let's run this okay it will give better
00:23:02.230000,00:23:02.240000,let's run this okay it will give better
00:23:02.240000,00:23:05.830000,let's run this okay it will give better we'll run this with the help of
00:23:05.830000,00:23:05.840000,we'll run this with the help of
00:23:05.840000,00:23:07.830000,we'll run this with the help of uh proper
00:23:07.830000,00:23:07.840000,uh proper
00:23:07.840000,00:23:10.789000,uh proper commands so the command is
00:23:10.789000,00:23:10.799000,commands so the command is
00:23:10.799000,00:23:14.470000,commands so the command is g++ and two two CPP file we have do CPP
00:23:14.470000,00:23:14.480000,g++ and two two CPP file we have do CPP
00:23:14.480000,00:23:16.350000,g++ and two two CPP file we have do CPP file right one
00:23:16.350000,00:23:16.360000,file right one
00:23:16.360000,00:23:20.350000,file right one is main
00:23:25.669000,00:23:25.679000,underscore Implement 3 CPP and the next
00:23:25.679000,00:23:28.750000,underscore Implement 3 CPP and the next is Implement 3 CPP
00:23:28.750000,00:23:28.760000,is Implement 3 CPP
00:23:28.760000,00:23:31.950000,is Implement 3 CPP I hope it work Implement 3. CPP I'm not
00:23:31.950000,00:23:31.960000,I hope it work Implement 3. CPP I'm not
00:23:31.960000,00:23:35.830000,I hope it work Implement 3. CPP I'm not sure see this is the command I hope you
00:23:35.830000,00:23:35.840000,sure see this is the command I hope you
00:23:35.840000,00:23:36.990000,sure see this is the command I hope you can see
00:23:36.990000,00:23:37,can see
00:23:37,00:23:39.549000,can see this okay let me
00:23:39.549000,00:23:39.559000,this okay let me
00:23:39.559000,00:23:41.230000,this okay let me just
00:23:41.230000,00:23:41.240000,just
00:23:41.240000,00:23:46.269000,just fine to CP file I'm going to compile so
00:23:46.269000,00:23:46.279000,fine to CP file I'm going to compile so
00:23:46.279000,00:23:47.430000,fine to CP file I'm going to compile so let's run
00:23:47.430000,00:23:47.440000,let's run
00:23:47.440000,00:23:52.260000,let's run this and yeah we got this definitely we
00:23:52.260000,00:23:52.270000,this and yeah we got this definitely we
00:23:52.270000,00:23:55.269000,this and yeah we got this definitely we [Music]
00:23:55.269000,00:23:55.279000,[Music]
00:23:55.279000,00:23:59.029000,[Music] have that a.exe file I don't know where
00:23:59.029000,00:23:59.039000,have that a.exe file I don't know where
00:23:59.039000,00:24:00.669000,have that a.exe file I don't know where it is but let me just run this how to
00:24:00.669000,00:24:00.679000,it is but let me just run this how to
00:24:00.679000,00:24:03.470000,it is but let me just run this how to run this this and
00:24:03.470000,00:24:03.480000,run this this and
00:24:03.480000,00:24:05.870000,run this this and a.exe
00:24:05.870000,00:24:05.880000,a.exe
00:24:05.880000,00:24:07.950000,a.exe see
00:24:07.950000,00:24:07.960000,see
00:24:07.960000,00:24:10.470000,"see 20,000 we are getting the correct outut"
00:24:10.470000,00:24:10.480000,"20,000 we are getting the correct outut"
00:24:10.480000,00:24:13.430000,"20,000 we are getting the correct outut right but manually uh we are you know"
00:24:13.430000,00:24:13.440000,right but manually uh we are you know
00:24:13.440000,00:24:17.149000,right but manually uh we are you know compiling and running this program
00:24:17.149000,00:24:17.159000,compiling and running this program
00:24:17.159000,00:24:19.470000,compiling and running this program because because of some error Linker is
00:24:19.470000,00:24:19.480000,because because of some error Linker is
00:24:19.480000,00:24:22.549000,because because of some error Linker is not able to link all the object file of
00:24:22.549000,00:24:22.559000,not able to link all the object file of
00:24:22.559000,00:24:25.830000,not able to link all the object file of all these CPP files but I'll figure out
00:24:25.830000,00:24:25.840000,all these CPP files but I'll figure out
00:24:25.840000,00:24:29.029000,"all these CPP files but I'll figure out this thing you got this 20 ,000 we got"
00:24:29.029000,00:24:29.039000,"this thing you got this 20 ,000 we got"
00:24:29.039000,00:24:32.070000,"this thing you got this 20 ,000 we got this one this is the correct"
00:24:32.070000,00:24:32.080000,this one this is the correct
00:24:32.080000,00:24:35.350000,this one this is the correct output so like this here we have three
00:24:35.350000,00:24:35.360000,output so like this here we have three
00:24:35.360000,00:24:39.070000,output so like this here we have three files one is file just having the
00:24:39.070000,00:24:39.080000,files one is file just having the
00:24:39.080000,00:24:43.430000,files one is file just having the Declaration of our class right or
00:24:43.430000,00:24:43.440000,Declaration of our class right or
00:24:43.440000,00:24:45.830000,Declaration of our class right or defining to uh this definition of two
00:24:45.830000,00:24:45.840000,defining to uh this definition of two
00:24:45.840000,00:24:48.990000,defining to uh this definition of two those get and set methods one is CP file
00:24:48.990000,00:24:49,those get and set methods one is CP file
00:24:49,00:24:51.190000,those get and set methods one is CP file that is having only a definition or
00:24:51.190000,00:24:51.200000,that is having only a definition or
00:24:51.200000,00:24:53.510000,that is having only a definition or implementation of those methods third
00:24:53.510000,00:24:53.520000,implementation of those methods third
00:24:53.520000,00:24:56.070000,implementation of those methods third one is our main file there we are just
00:24:56.070000,00:24:56.080000,one is our main file there we are just
00:24:56.080000,00:24:59.149000,one is our main file there we are just creating object and calling the
00:24:59.149000,00:24:59.159000,creating object and calling the
00:24:59.159000,00:25:01.870000,creating object and calling the all the class members or methods of that
00:25:01.870000,00:25:01.880000,all the class members or methods of that
00:25:01.880000,00:25:04.870000,all the class members or methods of that class right so when you will be working
00:25:04.870000,00:25:04.880000,class right so when you will be working
00:25:04.880000,00:25:07.190000,class right so when you will be working on large project now then you will do
00:25:07.190000,00:25:07.200000,on large project now then you will do
00:25:07.200000,00:25:09.510000,on large project now then you will do this method you will separate up your
00:25:09.510000,00:25:09.520000,this method you will separate up your
00:25:09.520000,00:25:11.110000,this method you will separate up your project in different different files
00:25:11.110000,00:25:11.120000,project in different different files
00:25:11.120000,00:25:12.549000,project in different different files there can be three four five six
00:25:12.549000,00:25:12.559000,there can be three four five six
00:25:12.559000,00:25:15.269000,there can be three four five six multiple files one would be file and
00:25:15.269000,00:25:15.279000,multiple files one would be file and
00:25:15.279000,00:25:17.789000,multiple files one would be file and other would be CP file and all and one
00:25:17.789000,00:25:17.799000,other would be CP file and all and one
00:25:17.799000,00:25:18.990000,other would be CP file and all and one is main
00:25:18.990000,00:25:19,is main
00:25:19,00:25:22.750000,is main file right I hope you got this the three
00:25:22.750000,00:25:22.760000,file right I hope you got this the three
00:25:22.760000,00:25:24.870000,file right I hope you got this the three uh methods inside the class outside the
00:25:24.870000,00:25:24.880000,uh methods inside the class outside the
00:25:24.880000,00:25:27.029000,uh methods inside the class outside the class and how to define how to separate
00:25:27.029000,00:25:27.039000,class and how to define how to separate
00:25:27.039000,00:25:28.830000,class and how to define how to separate the specification from the Imp mentation
00:25:28.830000,00:25:28.840000,the specification from the Imp mentation
00:25:28.840000,00:25:30.950000,the specification from the Imp mentation what are hash include guards and all I
00:25:30.950000,00:25:30.960000,what are hash include guards and all I
00:25:30.960000,00:25:33.549000,what are hash include guards and all I think video is lengthy a little bit so
00:25:33.549000,00:25:33.559000,think video is lengthy a little bit so
00:25:33.559000,00:25:36.909000,think video is lengthy a little bit so if you're watching till the end till now
00:25:36.909000,00:25:36.919000,if you're watching till the end till now
00:25:36.919000,00:25:38.110000,if you're watching till the end till now then please let me know in comment
00:25:38.110000,00:25:38.120000,then please let me know in comment
00:25:38.120000,00:25:40.430000,then please let me know in comment section and the target I'll keep I
00:25:40.430000,00:25:40.440000,section and the target I'll keep I
00:25:40.440000,00:25:42.230000,section and the target I'll keep I generally don't do this thing but just
00:25:42.230000,00:25:42.240000,generally don't do this thing but just
00:25:42.240000,00:25:44.950000,generally don't do this thing but just to keep me motivated I just uh keep the
00:25:44.950000,00:25:44.960000,to keep me motivated I just uh keep the
00:25:44.960000,00:25:47.750000,to keep me motivated I just uh keep the target of the likes on this video 500
00:25:47.750000,00:25:47.760000,target of the likes on this video 500
00:25:47.760000,00:25:50.310000,target of the likes on this video 500 only right so now that's it for this
00:25:50.310000,00:25:50.320000,only right so now that's it for this
00:25:50.320000,00:25:53.320000,only right so now that's it for this video
